solid Designed by EasyEDA Pro 
 facet normal -1.000000e+00  0.000000e+00  0.000000e+00
   outer loop
     vertex -1.681556e+00  1.293386e+02  1.800004e+01
     vertex -1.681556e+00  8.036258e+01  1.800004e+01
     vertex -1.681556e+00  8.036258e+01  2.300005e+01
   endloop
 endfacet
 facet normal -1.000000e+00  0.000000e+00  0.000000e+00
   outer loop
     vertex -1.681556e+00  1.293386e+02  1.800004e+01
     vertex -1.681556e+00  8.036258e+01  2.300005e+01
     vertex -1.681556e+00  1.293386e+02  2.300005e+01
   endloop
 endfacet
 facet normal -9.994170e-01 -3.414111e-02  0.000000e+00
   outer loop
     vertex -1.681556e+00  8.036258e+01  1.800004e+01
     vertex -1.676310e+00  8.020904e+01  1.800004e+01
     vertex -1.676310e+00  8.020904e+01  2.300005e+01
   endloop
 endfacet
 facet normal -9.994170e-01 -3.414111e-02  0.000000e+00
   outer loop
     vertex -1.681556e+00  8.036258e+01  1.800004e+01
     vertex -1.676310e+00  8.020904e+01  2.300005e+01
     vertex -1.681556e+00  8.036258e+01  2.300005e+01
   endloop
 endfacet
 facet normal -9.994170e-01  3.414111e-02  0.000000e+00
   outer loop
     vertex -1.676310e+00  1.294921e+02  1.800004e+01
     vertex -1.681556e+00  1.293386e+02  1.800004e+01
     vertex -1.681556e+00  1.293386e+02  2.300005e+01
   endloop
 endfacet
 facet normal -9.994170e-01  3.414111e-02  0.000000e+00
   outer loop
     vertex -1.676310e+00  1.294921e+02  1.800004e+01
     vertex -1.681556e+00  1.293386e+02  2.300005e+01
     vertex -1.676310e+00  1.294921e+02  2.300005e+01
   endloop
 endfacet
 facet normal  0.000000e+00  0.000000e+00 -1.000000e+00
   outer loop
     vertex  6.922454e+01  7.991892e+01  1.800004e+01
     vertex  7.039388e+01  7.882684e+01  1.800004e+01
     vertex  7.028524e+01  7.871820e+01  1.800004e+01
   endloop
 endfacet
 facet normal  0.000000e+00  0.000000e+00 -1.000000e+00
   outer loop
     vertex  6.919315e+01  7.988754e+01  1.800004e+01
     vertex  6.922454e+01  7.991892e+01  1.800004e+01
     vertex  7.028524e+01  7.871820e+01  1.800004e+01
   endloop
 endfacet
 facet normal  0.000000e+00 -0.000000e+00 -1.000000e+00
   outer loop
     vertex  6.925371e+01  7.995238e+01  1.800004e+01
     vertex  7.039388e+01  7.882684e+01  1.800004e+01
     vertex  6.922454e+01  7.991892e+01  1.800004e+01
   endloop
 endfacet
 facet normal  0.000000e+00  0.000000e+00 -1.000000e+00
   outer loop
     vertex  6.925371e+01  7.995238e+01  1.800004e+01
     vertex  7.058768e+01  7.906505e+01  1.800004e+01
     vertex  7.049485e+01  7.894263e+01  1.800004e+01
   endloop
 endfacet
 facet normal  0.000000e+00  0.000000e+00 -1.000000e+00
   outer loop
     vertex  6.925371e+01  7.995238e+01  1.800004e+01
     vertex  7.049485e+01  7.894263e+01  1.800004e+01
     vertex  7.039388e+01  7.882684e+01  1.800004e+01
   endloop
 endfacet
 facet normal  0.000000e+00  0.000000e+00 -1.000000e+00
   outer loop
     vertex  6.915970e+01  7.985837e+01  1.800004e+01
     vertex  6.919315e+01  7.988754e+01  1.800004e+01
     vertex  7.028524e+01  7.871820e+01  1.800004e+01
   endloop
 endfacet
 facet normal  0.000000e+00  0.000000e+00 -1.000000e+00
   outer loop
     vertex  6.915970e+01  7.985837e+01  1.800004e+01
     vertex  7.028524e+01  7.871820e+01  1.800004e+01
     vertex  7.016944e+01  7.861723e+01  1.800004e+01
   endloop
 endfacet
 facet normal  0.000000e+00  0.000000e+00 -1.000000e+00
   outer loop
     vertex  6.912433e+01  7.983155e+01  1.800004e+01
     vertex  6.915970e+01  7.985837e+01  1.800004e+01
     vertex  7.016944e+01  7.861723e+01  1.800004e+01
   endloop
 endfacet
 facet normal  0.000000e+00  0.000000e+00 -1.000000e+00
   outer loop
     vertex  6.912433e+01  7.983155e+01  1.800004e+01
     vertex  7.016944e+01  7.861723e+01  1.800004e+01
     vertex  7.004702e+01  7.852440e+01  1.800004e+01
   endloop
 endfacet
 facet normal  0.000000e+00 -0.000000e+00 -1.000000e+00
   outer loop
     vertex  6.928052e+01  7.998774e+01  1.800004e+01
     vertex  7.058768e+01  7.906505e+01  1.800004e+01
     vertex  6.925371e+01  7.995238e+01  1.800004e+01
   endloop
 endfacet
 facet normal  0.000000e+00  0.000000e+00 -1.000000e+00
   outer loop
     vertex  6.908722e+01  7.980721e+01  1.800004e+01
     vertex  7.004702e+01  7.852440e+01  1.800004e+01
     vertex  6.991856e+01  7.844014e+01  1.800004e+01
   endloop
 endfacet
 facet normal  0.000000e+00  0.000000e+00 -1.000000e+00
   outer loop
     vertex  6.908722e+01  7.980721e+01  1.800004e+01
     vertex  6.912433e+01  7.983155e+01  1.800004e+01
     vertex  7.004702e+01  7.852440e+01  1.800004e+01
   endloop
 endfacet
 facet normal  0.000000e+00 -0.000000e+00 -1.000000e+00
   outer loop
     vertex  6.930487e+01  8.002485e+01  1.800004e+01
     vertex  7.058768e+01  7.906505e+01  1.800004e+01
     vertex  6.928052e+01  7.998774e+01  1.800004e+01
   endloop
 endfacet
 facet normal  0.000000e+00  0.000000e+00 -1.000000e+00
   outer loop
     vertex  6.930487e+01  8.002485e+01  1.800004e+01
     vertex  7.067194e+01  7.919352e+01  1.800004e+01
     vertex  7.058768e+01  7.906505e+01  1.800004e+01
   endloop
 endfacet
 facet normal  0.000000e+00  0.000000e+00 -1.000000e+00
   outer loop
     vertex  6.932662e+01  8.006354e+01  1.800004e+01
     vertex  7.081322e+01  7.946618e+01  1.800004e+01
     vertex  7.074724e+01  7.932744e+01  1.800004e+01
   endloop
 endfacet
 facet normal  0.000000e+00  0.000000e+00 -1.000000e+00
   outer loop
     vertex  6.932662e+01  8.006354e+01  1.800004e+01
     vertex  7.074724e+01  7.932744e+01  1.800004e+01
     vertex  7.067194e+01  7.919352e+01  1.800004e+01
   endloop
 endfacet
 facet normal  0.000000e+00 -0.000000e+00 -1.000000e+00
   outer loop
     vertex  6.932662e+01  8.006354e+01  1.800004e+01
     vertex  7.067194e+01  7.919352e+01  1.800004e+01
     vertex  6.930487e+01  8.002485e+01  1.800004e+01
   endloop
 endfacet
 facet normal  0.000000e+00  0.000000e+00 -1.000000e+00
   outer loop
     vertex  6.904853e+01  7.978546e+01  1.800004e+01
     vertex  6.908722e+01  7.980721e+01  1.800004e+01
     vertex  6.991856e+01  7.844014e+01  1.800004e+01
   endloop
 endfacet
 facet normal  0.000000e+00  0.000000e+00 -1.000000e+00
   outer loop
     vertex  6.904853e+01  7.978546e+01  1.800004e+01
     vertex  6.991856e+01  7.844014e+01  1.800004e+01
     vertex  6.978464e+01  7.836484e+01  1.800004e+01
   endloop
 endfacet
 facet normal  0.000000e+00  0.000000e+00 -1.000000e+00
   outer loop
     vertex  6.904853e+01  7.978546e+01  1.800004e+01
     vertex  6.978464e+01  7.836484e+01  1.800004e+01
     vertex  6.964590e+01  7.829886e+01  1.800004e+01
   endloop
 endfacet
 facet normal  0.000000e+00  0.000000e+00 -1.000000e+00
   outer loop
     vertex  6.900845e+01  7.976640e+01  1.800004e+01
     vertex  6.904853e+01  7.978546e+01  1.800004e+01
     vertex  6.964590e+01  7.829886e+01  1.800004e+01
   endloop
 endfacet
 facet normal  0.000000e+00 -0.000000e+00 -1.000000e+00
   outer loop
     vertex  6.934568e+01  8.010362e+01  1.800004e+01
     vertex  7.081322e+01  7.946618e+01  1.800004e+01
     vertex  6.932662e+01  8.006354e+01  1.800004e+01
   endloop
 endfacet
 facet normal  0.000000e+00  0.000000e+00 -1.000000e+00
   outer loop
     vertex  6.936196e+01  8.014491e+01  1.800004e+01
     vertex  7.086958e+01  7.960910e+01  1.800004e+01
     vertex  7.081322e+01  7.946618e+01  1.800004e+01
   endloop
 endfacet
 facet normal  0.000000e+00 -0.000000e+00 -1.000000e+00
   outer loop
     vertex  6.936196e+01  8.014491e+01  1.800004e+01
     vertex  7.081322e+01  7.946618e+01  1.800004e+01
     vertex  6.934568e+01  8.010362e+01  1.800004e+01
   endloop
 endfacet
 facet normal  0.000000e+00  0.000000e+00 -1.000000e+00
   outer loop
     vertex  6.896716e+01  7.975011e+01  1.800004e+01
     vertex  6.900845e+01  7.976640e+01  1.800004e+01
     vertex  6.964590e+01  7.829886e+01  1.800004e+01
   endloop
 endfacet
 facet normal  0.000000e+00  0.000000e+00 -1.000000e+00
   outer loop
     vertex  6.896716e+01  7.975011e+01  1.800004e+01
     vertex  6.964590e+01  7.829886e+01  1.800004e+01
     vertex  6.950297e+01  7.824249e+01  1.800004e+01
   endloop
 endfacet
 facet normal  0.000000e+00  0.000000e+00 -1.000000e+00
   outer loop
     vertex  6.892486e+01  7.973669e+01  1.800004e+01
     vertex  6.896716e+01  7.975011e+01  1.800004e+01
     vertex  6.950297e+01  7.824249e+01  1.800004e+01
   endloop
 endfacet
 facet normal  0.000000e+00  0.000000e+00 -1.000000e+00
   outer loop
     vertex  6.892486e+01  7.973669e+01  1.800004e+01
     vertex  6.950297e+01  7.824249e+01  1.800004e+01
     vertex  6.935654e+01  7.819602e+01  1.800004e+01
   endloop
 endfacet
 facet normal  0.000000e+00  0.000000e+00 -1.000000e+00
   outer loop
     vertex  6.892486e+01  7.973669e+01  1.800004e+01
     vertex  6.935654e+01  7.819602e+01  1.800004e+01
     vertex  6.920727e+01  7.815964e+01  1.800004e+01
   endloop
 endfacet
 facet normal  0.000000e+00  0.000000e+00 -1.000000e+00
   outer loop
     vertex  6.937539e+01  8.018722e+01  1.800004e+01
     vertex  7.095243e+01  7.990481e+01  1.800004e+01
     vertex  7.091606e+01  7.975554e+01  1.800004e+01
   endloop
 endfacet
 facet normal  0.000000e+00  0.000000e+00 -1.000000e+00
   outer loop
     vertex  6.937539e+01  8.018722e+01  1.800004e+01
     vertex  7.091606e+01  7.975554e+01  1.800004e+01
     vertex  7.086958e+01  7.960910e+01  1.800004e+01
   endloop
 endfacet
 facet normal  0.000000e+00 -0.000000e+00 -1.000000e+00
   outer loop
     vertex  6.937539e+01  8.018722e+01  1.800004e+01
     vertex  7.086958e+01  7.960910e+01  1.800004e+01
     vertex  6.936196e+01  8.014491e+01  1.800004e+01
   endloop
 endfacet
 facet normal  0.000000e+00 -0.000000e+00 -1.000000e+00
   outer loop
     vertex  6.938590e+01  8.023034e+01  1.800004e+01
     vertex  7.095243e+01  7.990481e+01  1.800004e+01
     vertex  6.937539e+01  8.018722e+01  1.800004e+01
   endloop
 endfacet
 facet normal  0.000000e+00  0.000000e+00 -1.000000e+00
   outer loop
     vertex  6.938590e+01  8.023034e+01  1.800004e+01
     vertex  7.097854e+01  8.005621e+01  1.800004e+01
     vertex  7.095243e+01  7.990481e+01  1.800004e+01
   endloop
 endfacet
 facet normal  0.000000e+00  0.000000e+00 -1.000000e+00
   outer loop
     vertex  6.888174e+01  7.972618e+01  1.800004e+01
     vertex  6.892486e+01  7.973669e+01  1.800004e+01
     vertex  6.920727e+01  7.815964e+01  1.800004e+01
   endloop
 endfacet
 facet normal  0.000000e+00  0.000000e+00 -1.000000e+00
   outer loop
     vertex  6.888174e+01  7.972618e+01  1.800004e+01
     vertex  6.920727e+01  7.815964e+01  1.800004e+01
     vertex  6.905587e+01  7.813354e+01  1.800004e+01
   endloop
 endfacet
 facet normal  0.000000e+00  0.000000e+00 -1.000000e+00
   outer loop
     vertex  6.883800e+01  7.971864e+01  1.800004e+01
     vertex  6.888174e+01  7.972618e+01  1.800004e+01
     vertex  6.905587e+01  7.813354e+01  1.800004e+01
   endloop
 endfacet
 facet normal  0.000000e+00 -0.000000e+00 -1.000000e+00
   outer loop
     vertex  6.939344e+01  8.027408e+01  1.800004e+01
     vertex  7.097854e+01  8.005621e+01  1.800004e+01
     vertex  6.938590e+01  8.023034e+01  1.800004e+01
   endloop
 endfacet
 facet normal  0.000000e+00  0.000000e+00 -1.000000e+00
   outer loop
     vertex  6.939798e+01  8.031823e+01  1.800004e+01
     vertex  7.099950e+01  8.036258e+01  1.800004e+01
     vertex  7.099425e+01  8.020904e+01  1.800004e+01
   endloop
 endfacet
 facet normal  0.000000e+00  0.000000e+00 -1.000000e+00
   outer loop
     vertex  6.939798e+01  8.031823e+01  1.800004e+01
     vertex  7.099425e+01  8.020904e+01  1.800004e+01
     vertex  7.097854e+01  8.005621e+01  1.800004e+01
   endloop
 endfacet
 facet normal  0.000000e+00 -0.000000e+00 -1.000000e+00
   outer loop
     vertex  6.939798e+01  8.031823e+01  1.800004e+01
     vertex  7.097854e+01  8.005621e+01  1.800004e+01
     vertex  6.939344e+01  8.027408e+01  1.800004e+01
   endloop
 endfacet
 facet normal  0.000000e+00  0.000000e+00 -1.000000e+00
   outer loop
     vertex  6.879385e+01  7.971410e+01  1.800004e+01
     vertex  6.905587e+01  7.813354e+01  1.800004e+01
     vertex  6.890304e+01  7.811783e+01  1.800004e+01
   endloop
 endfacet
 facet normal  0.000000e+00 -0.000000e+00 -1.000000e+00
   outer loop
     vertex  6.879385e+01  7.971410e+01  1.800004e+01
     vertex  6.890304e+01  7.811783e+01  1.800004e+01
     vertex  6.874949e+01  7.811258e+01  1.800004e+01
   endloop
 endfacet
 facet normal  0.000000e+00  0.000000e+00 -1.000000e+00
   outer loop
     vertex  6.879385e+01  7.971410e+01  1.800004e+01
     vertex  6.883800e+01  7.971864e+01  1.800004e+01
     vertex  6.905587e+01  7.813354e+01  1.800004e+01
   endloop
 endfacet
 facet normal  0.000000e+00  0.000000e+00 -1.000000e+00
   outer loop
     vertex  6.874949e+01  7.971258e+01  1.800004e+01
     vertex  6.879385e+01  7.971410e+01  1.800004e+01
     vertex  6.874949e+01  7.811258e+01  1.800004e+01
   endloop
 endfacet
 facet normal  0.000000e+00 -0.000000e+00 -1.000000e+00
   outer loop
     vertex  6.939949e+01  8.036258e+01  1.800004e+01
     vertex  7.099950e+01  8.036258e+01  1.800004e+01
     vertex  6.939798e+01  8.031823e+01  1.800004e+01
   endloop
 endfacet
 facet normal  0.000000e+00 -0.000000e+00 -1.000000e+00
   outer loop
     vertex  7.099950e+01  1.293386e+02  1.800004e+01
     vertex  7.099950e+01  8.036258e+01  1.800004e+01
     vertex  6.939949e+01  8.036258e+01  1.800004e+01
   endloop
 endfacet
 facet normal  0.000000e+00  0.000000e+00 -1.000000e+00
   outer loop
     vertex  6.939949e+01  1.293386e+02  1.800004e+01
     vertex  7.099950e+01  1.293386e+02  1.800004e+01
     vertex  6.939949e+01  8.036258e+01  1.800004e+01
   endloop
 endfacet
 facet normal  0.000000e+00  0.000000e+00 -1.000000e+00
   outer loop
     vertex  6.939949e+01  1.293386e+02  1.800004e+01
     vertex  7.099425e+01  1.294921e+02  1.800004e+01
     vertex  7.099950e+01  1.293386e+02  1.800004e+01
   endloop
 endfacet
 facet normal  0.000000e+00  0.000000e+00 -1.000000e+00
   outer loop
     vertex  6.939798e+01  1.293829e+02  1.800004e+01
     vertex  7.099425e+01  1.294921e+02  1.800004e+01
     vertex  6.939949e+01  1.293386e+02  1.800004e+01
   endloop
 endfacet
 facet normal  0.000000e+00  0.000000e+00 -1.000000e+00
   outer loop
     vertex  6.939344e+01  1.294271e+02  1.800004e+01
     vertex  7.099425e+01  1.294921e+02  1.800004e+01
     vertex  6.939798e+01  1.293829e+02  1.800004e+01
   endloop
 endfacet
 facet normal  0.000000e+00  0.000000e+00 -1.000000e+00
   outer loop
     vertex  6.939344e+01  1.294271e+02  1.800004e+01
     vertex  7.097854e+01  1.296450e+02  1.800004e+01
     vertex  7.099425e+01  1.294921e+02  1.800004e+01
   endloop
 endfacet
 facet normal  0.000000e+00  0.000000e+00 -1.000000e+00
   outer loop
     vertex  6.938590e+01  1.294708e+02  1.800004e+01
     vertex  7.097854e+01  1.296450e+02  1.800004e+01
     vertex  6.939344e+01  1.294271e+02  1.800004e+01
   endloop
 endfacet
 facet normal  0.000000e+00  0.000000e+00 -1.000000e+00
   outer loop
     vertex  6.938590e+01  1.294708e+02  1.800004e+01
     vertex  7.095243e+01  1.297964e+02  1.800004e+01
     vertex  7.097854e+01  1.296450e+02  1.800004e+01
   endloop
 endfacet
 facet normal  0.000000e+00  0.000000e+00 -1.000000e+00
   outer loop
     vertex  6.937539e+01  1.295140e+02  1.800004e+01
     vertex  7.095243e+01  1.297964e+02  1.800004e+01
     vertex  6.938590e+01  1.294708e+02  1.800004e+01
   endloop
 endfacet
 facet normal  0.000000e+00  0.000000e+00 -1.000000e+00
   outer loop
     vertex  6.937539e+01  1.295140e+02  1.800004e+01
     vertex  7.086958e+01  1.300921e+02  1.800004e+01
     vertex  7.091606e+01  1.299456e+02  1.800004e+01
   endloop
 endfacet
 facet normal  0.000000e+00  0.000000e+00 -1.000000e+00
   outer loop
     vertex  6.937539e+01  1.295140e+02  1.800004e+01
     vertex  7.091606e+01  1.299456e+02  1.800004e+01
     vertex  7.095243e+01  1.297964e+02  1.800004e+01
   endloop
 endfacet
 facet normal  0.000000e+00  0.000000e+00 -1.000000e+00
   outer loop
     vertex  6.936196e+01  1.295563e+02  1.800004e+01
     vertex  7.086958e+01  1.300921e+02  1.800004e+01
     vertex  6.937539e+01  1.295140e+02  1.800004e+01
   endloop
 endfacet
 facet normal  0.000000e+00  0.000000e+00 -1.000000e+00
   outer loop
     vertex  6.934568e+01  1.295976e+02  1.800004e+01
     vertex  7.086958e+01  1.300921e+02  1.800004e+01
     vertex  6.936196e+01  1.295563e+02  1.800004e+01
   endloop
 endfacet
 facet normal  0.000000e+00  0.000000e+00 -1.000000e+00
   outer loop
     vertex  6.934568e+01  1.295976e+02  1.800004e+01
     vertex  7.081322e+01  1.302350e+02  1.800004e+01
     vertex  7.086958e+01  1.300921e+02  1.800004e+01
   endloop
 endfacet
 facet normal  0.000000e+00  0.000000e+00 -1.000000e+00
   outer loop
     vertex  6.932662e+01  1.296376e+02  1.800004e+01
     vertex  7.081322e+01  1.302350e+02  1.800004e+01
     vertex  6.934568e+01  1.295976e+02  1.800004e+01
   endloop
 endfacet
 facet normal  0.000000e+00  0.000000e+00 -1.000000e+00
   outer loop
     vertex  6.932662e+01  1.296376e+02  1.800004e+01
     vertex  7.074724e+01  1.303737e+02  1.800004e+01
     vertex  7.081322e+01  1.302350e+02  1.800004e+01
   endloop
 endfacet
 facet normal  0.000000e+00  0.000000e+00 -1.000000e+00
   outer loop
     vertex  6.930487e+01  1.296763e+02  1.800004e+01
     vertex  7.074724e+01  1.303737e+02  1.800004e+01
     vertex  6.932662e+01  1.296376e+02  1.800004e+01
   endloop
 endfacet
 facet normal  0.000000e+00  0.000000e+00 -1.000000e+00
   outer loop
     vertex  6.930487e+01  1.296763e+02  1.800004e+01
     vertex  7.067194e+01  1.305077e+02  1.800004e+01
     vertex  7.074724e+01  1.303737e+02  1.800004e+01
   endloop
 endfacet
 facet normal  0.000000e+00  0.000000e+00 -1.000000e+00
   outer loop
     vertex  6.928052e+01  1.297134e+02  1.800004e+01
     vertex  7.067194e+01  1.305077e+02  1.800004e+01
     vertex  6.930487e+01  1.296763e+02  1.800004e+01
   endloop
 endfacet
 facet normal  0.000000e+00  0.000000e+00 -1.000000e+00
   outer loop
     vertex  6.928052e+01  1.297134e+02  1.800004e+01
     vertex  7.058768e+01  1.306361e+02  1.800004e+01
     vertex  7.067194e+01  1.305077e+02  1.800004e+01
   endloop
 endfacet
 facet normal  0.000000e+00  0.000000e+00 -1.000000e+00
   outer loop
     vertex  6.925371e+01  1.297488e+02  1.800004e+01
     vertex  7.058768e+01  1.306361e+02  1.800004e+01
     vertex  6.928052e+01  1.297134e+02  1.800004e+01
   endloop
 endfacet
 facet normal  0.000000e+00  0.000000e+00 -1.000000e+00
   outer loop
     vertex  6.925371e+01  1.297488e+02  1.800004e+01
     vertex  7.039388e+01  1.308743e+02  1.800004e+01
     vertex  7.049485e+01  1.307585e+02  1.800004e+01
   endloop
 endfacet
 facet normal  0.000000e+00  0.000000e+00 -1.000000e+00
   outer loop
     vertex  6.925371e+01  1.297488e+02  1.800004e+01
     vertex  7.049485e+01  1.307585e+02  1.800004e+01
     vertex  7.058768e+01  1.306361e+02  1.800004e+01
   endloop
 endfacet
 facet normal  0.000000e+00  0.000000e+00 -1.000000e+00
   outer loop
     vertex  6.922454e+01  1.297822e+02  1.800004e+01
     vertex  7.039388e+01  1.308743e+02  1.800004e+01
     vertex  6.925371e+01  1.297488e+02  1.800004e+01
   endloop
 endfacet
 facet normal  0.000000e+00 -0.000000e+00 -1.000000e+00
   outer loop
     vertex  7.028524e+01  1.309830e+02  1.800004e+01
     vertex  7.039388e+01  1.308743e+02  1.800004e+01
     vertex  6.922454e+01  1.297822e+02  1.800004e+01
   endloop
 endfacet
 facet normal  0.000000e+00  0.000000e+00 -1.000000e+00
   outer loop
     vertex  7.028524e+01  1.309830e+02  1.800004e+01
     vertex  6.922454e+01  1.297822e+02  1.800004e+01
     vertex  6.919315e+01  1.298136e+02  1.800004e+01
   endloop
 endfacet
 facet normal  0.000000e+00  0.000000e+00 -1.000000e+00
   outer loop
     vertex  7.028524e+01  1.309830e+02  1.800004e+01
     vertex  6.919315e+01  1.298136e+02  1.800004e+01
     vertex  6.915970e+01  1.298428e+02  1.800004e+01
   endloop
 endfacet
 facet normal  0.000000e+00 -0.000000e+00 -1.000000e+00
   outer loop
     vertex  7.016944e+01  1.310839e+02  1.800004e+01
     vertex  7.028524e+01  1.309830e+02  1.800004e+01
     vertex  6.915970e+01  1.298428e+02  1.800004e+01
   endloop
 endfacet
 facet normal  0.000000e+00 -0.000000e+00 -1.000000e+00
   outer loop
     vertex  7.004702e+01  1.311768e+02  1.800004e+01
     vertex  7.016944e+01  1.310839e+02  1.800004e+01
     vertex  6.915970e+01  1.298428e+02  1.800004e+01
   endloop
 endfacet
 facet normal  0.000000e+00  0.000000e+00 -1.000000e+00
   outer loop
     vertex  7.004702e+01  1.311768e+02  1.800004e+01
     vertex  6.915970e+01  1.298428e+02  1.800004e+01
     vertex  6.912433e+01  1.298696e+02  1.800004e+01
   endloop
 endfacet
 facet normal  0.000000e+00 -0.000000e+00 -1.000000e+00
   outer loop
     vertex  6.991856e+01  1.312610e+02  1.800004e+01
     vertex  7.004702e+01  1.311768e+02  1.800004e+01
     vertex  6.912433e+01  1.298696e+02  1.800004e+01
   endloop
 endfacet
 facet normal  0.000000e+00  0.000000e+00 -1.000000e+00
   outer loop
     vertex  6.991856e+01  1.312610e+02  1.800004e+01
     vertex  6.912433e+01  1.298696e+02  1.800004e+01
     vertex  6.908722e+01  1.298940e+02  1.800004e+01
   endloop
 endfacet
 facet normal  0.000000e+00 -0.000000e+00 -1.000000e+00
   outer loop
     vertex  6.978464e+01  1.313363e+02  1.800004e+01
     vertex  6.991856e+01  1.312610e+02  1.800004e+01
     vertex  6.908722e+01  1.298940e+02  1.800004e+01
   endloop
 endfacet
 facet normal  0.000000e+00  0.000000e+00 -1.000000e+00
   outer loop
     vertex  6.978464e+01  1.313363e+02  1.800004e+01
     vertex  6.908722e+01  1.298940e+02  1.800004e+01
     vertex  6.904853e+01  1.299157e+02  1.800004e+01
   endloop
 endfacet
 facet normal  0.000000e+00 -0.000000e+00 -1.000000e+00
   outer loop
     vertex  6.964590e+01  1.314023e+02  1.800004e+01
     vertex  6.978464e+01  1.313363e+02  1.800004e+01
     vertex  6.904853e+01  1.299157e+02  1.800004e+01
   endloop
 endfacet
 facet normal  0.000000e+00  0.000000e+00 -1.000000e+00
   outer loop
     vertex  6.964590e+01  1.314023e+02  1.800004e+01
     vertex  6.904853e+01  1.299157e+02  1.800004e+01
     vertex  6.900845e+01  1.299348e+02  1.800004e+01
   endloop
 endfacet
 facet normal  0.000000e+00  0.000000e+00 -1.000000e+00
   outer loop
     vertex  6.950297e+01  1.314587e+02  1.800004e+01
     vertex  6.900845e+01  1.299348e+02  1.800004e+01
     vertex  6.896716e+01  1.299511e+02  1.800004e+01
   endloop
 endfacet
 facet normal  0.000000e+00 -0.000000e+00 -1.000000e+00
   outer loop
     vertex  6.950297e+01  1.314587e+02  1.800004e+01
     vertex  6.964590e+01  1.314023e+02  1.800004e+01
     vertex  6.900845e+01  1.299348e+02  1.800004e+01
   endloop
 endfacet
 facet normal  0.000000e+00  0.000000e+00 -1.000000e+00
   outer loop
     vertex  6.950297e+01  1.314587e+02  1.800004e+01
     vertex  6.896716e+01  1.299511e+02  1.800004e+01
     vertex  6.892486e+01  1.299645e+02  1.800004e+01
   endloop
 endfacet
 facet normal  0.000000e+00 -0.000000e+00 -1.000000e+00
   outer loop
     vertex  6.935654e+01  1.315052e+02  1.800004e+01
     vertex  6.950297e+01  1.314587e+02  1.800004e+01
     vertex  6.892486e+01  1.299645e+02  1.800004e+01
   endloop
 endfacet
 facet normal  0.000000e+00  0.000000e+00 -1.000000e+00
   outer loop
     vertex  6.920727e+01  1.315415e+02  1.800004e+01
     vertex  6.892486e+01  1.299645e+02  1.800004e+01
     vertex  6.888174e+01  1.299750e+02  1.800004e+01
   endloop
 endfacet
 facet normal  0.000000e+00 -0.000000e+00 -1.000000e+00
   outer loop
     vertex  6.920727e+01  1.315415e+02  1.800004e+01
     vertex  6.935654e+01  1.315052e+02  1.800004e+01
     vertex  6.892486e+01  1.299645e+02  1.800004e+01
   endloop
 endfacet
 facet normal  0.000000e+00 -0.000000e+00 -1.000000e+00
   outer loop
     vertex  6.905587e+01  1.315676e+02  1.800004e+01
     vertex  6.920727e+01  1.315415e+02  1.800004e+01
     vertex  6.888174e+01  1.299750e+02  1.800004e+01
   endloop
 endfacet
 facet normal  0.000000e+00  0.000000e+00 -1.000000e+00
   outer loop
     vertex  6.905587e+01  1.315676e+02  1.800004e+01
     vertex  6.888174e+01  1.299750e+02  1.800004e+01
     vertex  6.883800e+01  1.299825e+02  1.800004e+01
   endloop
 endfacet
 facet normal  0.000000e+00  0.000000e+00 -1.000000e+00
   outer loop
     vertex  6.890304e+01  1.315833e+02  1.800004e+01
     vertex  6.883800e+01  1.299825e+02  1.800004e+01
     vertex  6.879385e+01  1.299871e+02  1.800004e+01
   endloop
 endfacet
 facet normal  0.000000e+00  0.000000e+00 -1.000000e+00
   outer loop
     vertex  6.890304e+01  1.315833e+02  1.800004e+01
     vertex  6.879385e+01  1.299871e+02  1.800004e+01
     vertex  6.874949e+01  1.299886e+02  1.800004e+01
   endloop
 endfacet
 facet normal  0.000000e+00 -0.000000e+00 -1.000000e+00
   outer loop
     vertex  6.890304e+01  1.315833e+02  1.800004e+01
     vertex  6.905587e+01  1.315676e+02  1.800004e+01
     vertex  6.883800e+01  1.299825e+02  1.800004e+01
   endloop
 endfacet
 facet normal  0.000000e+00  0.000000e+00 -1.000000e+00
   outer loop
     vertex  6.874949e+01  1.315886e+02  1.800004e+01
     vertex  6.890304e+01  1.315833e+02  1.800004e+01
     vertex  6.874949e+01  1.299886e+02  1.800004e+01
   endloop
 endfacet
 facet normal  0.000000e+00  0.000000e+00 -1.000000e+00
   outer loop
     vertex  5.684481e-01  7.971258e+01  1.800004e+01
     vertex  6.874949e+01  7.811258e+01  1.800004e+01
     vertex  5.684481e-01  7.811258e+01  1.800004e+01
   endloop
 endfacet
 facet normal  0.000000e+00  0.000000e+00 -1.000000e+00
   outer loop
     vertex  5.684481e-01  7.971258e+01  1.800004e+01
     vertex  6.874949e+01  7.971258e+01  1.800004e+01
     vertex  6.874949e+01  7.811258e+01  1.800004e+01
   endloop
 endfacet
 facet normal  0.000000e+00 -0.000000e+00 -1.000000e+00
   outer loop
     vertex  5.240904e-01  7.971410e+01  1.800004e+01
     vertex  5.684481e-01  7.811258e+01  1.800004e+01
     vertex  4.149024e-01  7.811783e+01  1.800004e+01
   endloop
 endfacet
 facet normal  0.000000e+00  0.000000e+00 -1.000000e+00
   outer loop
     vertex  5.240904e-01  7.971410e+01  1.800004e+01
     vertex  5.684481e-01  7.971258e+01  1.800004e+01
     vertex  5.684481e-01  7.811258e+01  1.800004e+01
   endloop
 endfacet
 facet normal  0.000000e+00 -0.000000e+00 -1.000000e+00
   outer loop
     vertex  4.799396e-01  7.971864e+01  1.800004e+01
     vertex  5.240904e-01  7.971410e+01  1.800004e+01
     vertex  4.149024e-01  7.811783e+01  1.800004e+01
   endloop
 endfacet
 facet normal  0.000000e+00  0.000000e+00 -1.000000e+00
   outer loop
     vertex  4.799396e-01  7.971864e+01  1.800004e+01
     vertex  4.149024e-01  7.811783e+01  1.800004e+01
     vertex  2.620726e-01  7.813354e+01  1.800004e+01
   endloop
 endfacet
 facet normal  0.000000e+00 -0.000000e+00 -1.000000e+00
   outer loop
     vertex  4.362014e-01  7.972618e+01  1.800004e+01
     vertex  4.799396e-01  7.971864e+01  1.800004e+01
     vertex  2.620726e-01  7.813354e+01  1.800004e+01
   endloop
 endfacet
 facet normal  0.000000e+00  0.000000e+00 -1.000000e+00
   outer loop
     vertex  4.362014e-01  7.972618e+01  1.800004e+01
     vertex  2.620726e-01  7.813354e+01  1.800004e+01
     vertex  1.106713e-01  7.815964e+01  1.800004e+01
   endloop
 endfacet
 facet normal  0.000000e+00  0.000000e+00 -1.000000e+00
   outer loop
     vertex  3.930798e-01  7.973669e+01  1.800004e+01
     vertex  1.106713e-01  7.815964e+01  1.800004e+01
     vertex -3.859571e-02  7.819602e+01  1.800004e+01
   endloop
 endfacet
 facet normal  0.000000e+00 -0.000000e+00 -1.000000e+00
   outer loop
     vertex  3.930798e-01  7.973669e+01  1.800004e+01
     vertex  4.362014e-01  7.972618e+01  1.800004e+01
     vertex  1.106713e-01  7.815964e+01  1.800004e+01
   endloop
 endfacet
 facet normal  0.000000e+00 -0.000000e+00 -1.000000e+00
   outer loop
     vertex  3.507759e-01  7.975011e+01  1.800004e+01
     vertex  3.930798e-01  7.973669e+01  1.800004e+01
     vertex -3.859571e-02  7.819602e+01  1.800004e+01
   endloop
 endfacet
 facet normal  0.000000e+00  0.000000e+00 -1.000000e+00
   outer loop
     vertex  3.507759e-01  7.975011e+01  1.800004e+01
     vertex -3.859571e-02  7.819602e+01  1.800004e+01
     vertex -1.850323e-01  7.824249e+01  1.800004e+01
   endloop
 endfacet
 facet normal  0.000000e+00  0.000000e+00 -1.000000e+00
   outer loop
     vertex  3.507759e-01  7.975011e+01  1.800004e+01
     vertex -1.850323e-01  7.824249e+01  1.800004e+01
     vertex -3.279559e-01  7.829886e+01  1.800004e+01
   endloop
 endfacet
 facet normal  0.000000e+00 -0.000000e+00 -1.000000e+00
   outer loop
     vertex  3.094868e-01  7.976640e+01  1.800004e+01
     vertex  3.507759e-01  7.975011e+01  1.800004e+01
     vertex -3.279559e-01  7.829886e+01  1.800004e+01
   endloop
 endfacet
 facet normal  0.000000e+00  0.000000e+00 -1.000000e+00
   outer loop
     vertex  2.694052e-01  7.978546e+01  1.800004e+01
     vertex -3.279559e-01  7.829886e+01  1.800004e+01
     vertex -4.667000e-01  7.836484e+01  1.800004e+01
   endloop
 endfacet
 facet normal  0.000000e+00 -0.000000e+00 -1.000000e+00
   outer loop
     vertex  2.694052e-01  7.978546e+01  1.800004e+01
     vertex  3.094868e-01  7.976640e+01  1.800004e+01
     vertex -3.279559e-01  7.829886e+01  1.800004e+01
   endloop
 endfacet
 facet normal  0.000000e+00 -0.000000e+00 -1.000000e+00
   outer loop
     vertex  2.307178e-01  7.980721e+01  1.800004e+01
     vertex  2.694052e-01  7.978546e+01  1.800004e+01
     vertex -4.667000e-01  7.836484e+01  1.800004e+01
   endloop
 endfacet
 facet normal  0.000000e+00  0.000000e+00 -1.000000e+00
   outer loop
     vertex  2.307178e-01  7.980721e+01  1.800004e+01
     vertex -4.667000e-01  7.836484e+01  1.800004e+01
     vertex -6.006178e-01  7.844014e+01  1.800004e+01
   endloop
 endfacet
 facet normal  0.000000e+00  0.000000e+00 -1.000000e+00
   outer loop
     vertex  2.307178e-01  7.980721e+01  1.800004e+01
     vertex -6.006178e-01  7.844014e+01  1.800004e+01
     vertex -7.290849e-01  7.852440e+01  1.800004e+01
   endloop
 endfacet
 facet normal  0.000000e+00 -0.000000e+00 -1.000000e+00
   outer loop
     vertex  1.936051e-01  7.983155e+01  1.800004e+01
     vertex  2.307178e-01  7.980721e+01  1.800004e+01
     vertex -7.290849e-01  7.852440e+01  1.800004e+01
   endloop
 endfacet
 facet normal  0.000000e+00 -0.000000e+00 -1.000000e+00
   outer loop
     vertex  1.582401e-01  7.985837e+01  1.800004e+01
     vertex  1.936051e-01  7.983155e+01  1.800004e+01
     vertex -7.290849e-01  7.852440e+01  1.800004e+01
   endloop
 endfacet
 facet normal  0.000000e+00  0.000000e+00 -1.000000e+00
   outer loop
     vertex  1.582401e-01  7.985837e+01  1.800004e+01
     vertex -7.290849e-01  7.852440e+01  1.800004e+01
     vertex -8.515022e-01  7.861723e+01  1.800004e+01
   endloop
 endfacet
 facet normal  0.000000e+00  0.000000e+00 -1.000000e+00
   outer loop
     vertex  1.247876e-01  7.988754e+01  1.800004e+01
     vertex -8.515022e-01  7.861723e+01  1.800004e+01
     vertex -9.672991e-01  7.871820e+01  1.800004e+01
   endloop
 endfacet
 facet normal  0.000000e+00 -0.000000e+00 -1.000000e+00
   outer loop
     vertex  1.247876e-01  7.988754e+01  1.800004e+01
     vertex  1.582401e-01  7.985837e+01  1.800004e+01
     vertex -8.515022e-01  7.861723e+01  1.800004e+01
   endloop
 endfacet
 facet normal  0.000000e+00 -0.000000e+00 -1.000000e+00
   outer loop
     vertex  9.340375e-02  7.991892e+01  1.800004e+01
     vertex  1.247876e-01  7.988754e+01  1.800004e+01
     vertex -9.672991e-01  7.871820e+01  1.800004e+01
   endloop
 endfacet
 facet normal  0.000000e+00  0.000000e+00 -1.000000e+00
   outer loop
     vertex -1.075936e+00  7.882684e+01  1.800004e+01
     vertex  9.340375e-02  7.991892e+01  1.800004e+01
     vertex -9.672991e-01  7.871820e+01  1.800004e+01
   endloop
 endfacet
 facet normal  0.000000e+00  0.000000e+00 -1.000000e+00
   outer loop
     vertex -1.176905e+00  7.894263e+01  1.800004e+01
     vertex  6.423473e-02  7.995238e+01  1.800004e+01
     vertex  9.340375e-02  7.991892e+01  1.800004e+01
   endloop
 endfacet
 facet normal  0.000000e+00  0.000000e+00 -1.000000e+00
   outer loop
     vertex -1.176905e+00  7.894263e+01  1.800004e+01
     vertex  9.340375e-02  7.991892e+01  1.800004e+01
     vertex -1.075936e+00  7.882684e+01  1.800004e+01
   endloop
 endfacet
 facet normal  0.000000e+00  0.000000e+00 -1.000000e+00
   outer loop
     vertex -1.269737e+00  7.906505e+01  1.800004e+01
     vertex  1.307436e-02  8.002485e+01  1.800004e+01
     vertex  3.741659e-02  7.998774e+01  1.800004e+01
   endloop
 endfacet
 facet normal  0.000000e+00  0.000000e+00 -1.000000e+00
   outer loop
     vertex -1.269737e+00  7.906505e+01  1.800004e+01
     vertex  3.741659e-02  7.998774e+01  1.800004e+01
     vertex  6.423473e-02  7.995238e+01  1.800004e+01
   endloop
 endfacet
 facet normal  0.000000e+00  0.000000e+00 -1.000000e+00
   outer loop
     vertex -1.269737e+00  7.906505e+01  1.800004e+01
     vertex  6.423473e-02  7.995238e+01  1.800004e+01
     vertex -1.176905e+00  7.894263e+01  1.800004e+01
   endloop
 endfacet
 facet normal  0.000000e+00  0.000000e+00 -1.000000e+00
   outer loop
     vertex -1.353999e+00  7.919352e+01  1.800004e+01
     vertex  1.307436e-02  8.002485e+01  1.800004e+01
     vertex -1.269737e+00  7.906505e+01  1.800004e+01
   endloop
 endfacet
 facet normal  0.000000e+00  0.000000e+00 -1.000000e+00
   outer loop
     vertex -1.429297e+00  7.932744e+01  1.800004e+01
     vertex -2.774045e-02  8.010362e+01  1.800004e+01
     vertex -8.678463e-03  8.006354e+01  1.800004e+01
   endloop
 endfacet
 facet normal  0.000000e+00  0.000000e+00 -1.000000e+00
   outer loop
     vertex -1.429297e+00  7.932744e+01  1.800004e+01
     vertex -8.678463e-03  8.006354e+01  1.800004e+01
     vertex  1.307436e-02  8.002485e+01  1.800004e+01
   endloop
 endfacet
 facet normal  0.000000e+00  0.000000e+00 -1.000000e+00
   outer loop
     vertex -1.429297e+00  7.932744e+01  1.800004e+01
     vertex  1.307436e-02  8.002485e+01  1.800004e+01
     vertex -1.353999e+00  7.919352e+01  1.800004e+01
   endloop
 endfacet
 facet normal  0.000000e+00  0.000000e+00 -1.000000e+00
   outer loop
     vertex -1.495281e+00  7.946618e+01  1.800004e+01
     vertex -4.402274e-02  8.014491e+01  1.800004e+01
     vertex -2.774045e-02  8.010362e+01  1.800004e+01
   endloop
 endfacet
 facet normal  0.000000e+00  0.000000e+00 -1.000000e+00
   outer loop
     vertex -1.495281e+00  7.946618e+01  1.800004e+01
     vertex -2.774045e-02  8.010362e+01  1.800004e+01
     vertex -1.429297e+00  7.932744e+01  1.800004e+01
   endloop
 endfacet
 facet normal  0.000000e+00  0.000000e+00 -1.000000e+00
   outer loop
     vertex -1.551643e+00  7.960910e+01  1.800004e+01
     vertex -4.402274e-02  8.014491e+01  1.800004e+01
     vertex -1.495281e+00  7.946618e+01  1.800004e+01
   endloop
 endfacet
 facet normal  0.000000e+00  0.000000e+00 -1.000000e+00
   outer loop
     vertex -1.598120e+00  7.975554e+01  1.800004e+01
     vertex -5.744940e-02  8.018722e+01  1.800004e+01
     vertex -4.402274e-02  8.014491e+01  1.800004e+01
   endloop
 endfacet
 facet normal  0.000000e+00  0.000000e+00 -1.000000e+00
   outer loop
     vertex -1.598120e+00  7.975554e+01  1.800004e+01
     vertex -4.402274e-02  8.014491e+01  1.800004e+01
     vertex -1.551643e+00  7.960910e+01  1.800004e+01
   endloop
 endfacet
 facet normal  0.000000e+00  0.000000e+00 -1.000000e+00
   outer loop
     vertex -1.634495e+00  7.990481e+01  1.800004e+01
     vertex -6.795784e-02  8.023034e+01  1.800004e+01
     vertex -5.744940e-02  8.018722e+01  1.800004e+01
   endloop
 endfacet
 facet normal  0.000000e+00  0.000000e+00 -1.000000e+00
   outer loop
     vertex -1.634495e+00  7.990481e+01  1.800004e+01
     vertex -5.744940e-02  8.018722e+01  1.800004e+01
     vertex -1.598120e+00  7.975554e+01  1.800004e+01
   endloop
 endfacet
 facet normal  0.000000e+00  0.000000e+00 -1.000000e+00
   outer loop
     vertex -1.660599e+00  8.005621e+01  1.800004e+01
     vertex -6.795784e-02  8.023034e+01  1.800004e+01
     vertex -1.634495e+00  7.990481e+01  1.800004e+01
   endloop
 endfacet
 facet normal  0.000000e+00  0.000000e+00 -1.000000e+00
   outer loop
     vertex -1.660599e+00  8.005621e+01  1.800004e+01
     vertex -8.003791e-02  8.031823e+01  1.800004e+01
     vertex -7.549907e-02  8.027408e+01  1.800004e+01
   endloop
 endfacet
 facet normal  0.000000e+00  0.000000e+00 -1.000000e+00
   outer loop
     vertex -1.660599e+00  8.005621e+01  1.800004e+01
     vertex -7.549907e-02  8.027408e+01  1.800004e+01
     vertex -6.795784e-02  8.023034e+01  1.800004e+01
   endloop
 endfacet
 facet normal  0.000000e+00  0.000000e+00 -1.000000e+00
   outer loop
     vertex -1.676310e+00  8.020904e+01  1.800004e+01
     vertex -8.003791e-02  8.031823e+01  1.800004e+01
     vertex -1.660599e+00  8.005621e+01  1.800004e+01
   endloop
 endfacet
 facet normal  0.000000e+00  0.000000e+00 -1.000000e+00
   outer loop
     vertex -1.681556e+00  8.036258e+01  1.800004e+01
     vertex -8.003791e-02  8.031823e+01  1.800004e+01
     vertex -1.676310e+00  8.020904e+01  1.800004e+01
   endloop
 endfacet
 facet normal  0.000000e+00  0.000000e+00 -1.000000e+00
   outer loop
     vertex -1.681556e+00  8.036258e+01  1.800004e+01
     vertex -8.155321e-02  8.036258e+01  1.800004e+01
     vertex -8.003791e-02  8.031823e+01  1.800004e+01
   endloop
 endfacet
 facet normal  0.000000e+00  0.000000e+00 -1.000000e+00
   outer loop
     vertex -1.681556e+00  1.293386e+02  1.800004e+01
     vertex -8.155321e-02  8.036258e+01  1.800004e+01
     vertex -1.681556e+00  8.036258e+01  1.800004e+01
   endloop
 endfacet
 facet normal  0.000000e+00  0.000000e+00 -1.000000e+00
   outer loop
     vertex -1.681556e+00  1.293386e+02  1.800004e+01
     vertex -8.003791e-02  1.293829e+02  1.800004e+01
     vertex -8.155321e-02  1.293386e+02  1.800004e+01
   endloop
 endfacet
 facet normal  0.000000e+00  0.000000e+00 -1.000000e+00
   outer loop
     vertex -1.681556e+00  1.293386e+02  1.800004e+01
     vertex -8.155321e-02  1.293386e+02  1.800004e+01
     vertex -8.155321e-02  8.036258e+01  1.800004e+01
   endloop
 endfacet
 facet normal  0.000000e+00  0.000000e+00 -1.000000e+00
   outer loop
     vertex  5.684481e-01  1.315886e+02  1.800004e+01
     vertex  6.874949e+01  1.299886e+02  1.800004e+01
     vertex  5.684481e-01  1.299886e+02  1.800004e+01
   endloop
 endfacet
 facet normal  0.000000e+00 -0.000000e+00 -1.000000e+00
   outer loop
     vertex  5.684481e-01  1.315886e+02  1.800004e+01
     vertex  5.684481e-01  1.299886e+02  1.800004e+01
     vertex  5.240904e-01  1.299871e+02  1.800004e+01
   endloop
 endfacet
 facet normal  0.000000e+00  0.000000e+00 -1.000000e+00
   outer loop
     vertex  5.684481e-01  1.315886e+02  1.800004e+01
     vertex  6.874949e+01  1.315886e+02  1.800004e+01
     vertex  6.874949e+01  1.299886e+02  1.800004e+01
   endloop
 endfacet
 facet normal  0.000000e+00 -0.000000e+00 -1.000000e+00
   outer loop
     vertex -1.676310e+00  1.294921e+02  1.800004e+01
     vertex -8.003791e-02  1.293829e+02  1.800004e+01
     vertex -1.681556e+00  1.293386e+02  1.800004e+01
   endloop
 endfacet
 facet normal  0.000000e+00  0.000000e+00 -1.000000e+00
   outer loop
     vertex -1.676310e+00  1.294921e+02  1.800004e+01
     vertex -7.549907e-02  1.294271e+02  1.800004e+01
     vertex -8.003791e-02  1.293829e+02  1.800004e+01
   endloop
 endfacet
 facet normal  0.000000e+00  0.000000e+00 -1.000000e+00
   outer loop
     vertex  4.149024e-01  1.315833e+02  1.800004e+01
     vertex  5.684481e-01  1.315886e+02  1.800004e+01
     vertex  5.240904e-01  1.299871e+02  1.800004e+01
   endloop
 endfacet
 facet normal  0.000000e+00  0.000000e+00 -1.000000e+00
   outer loop
     vertex  2.620726e-01  1.315676e+02  1.800004e+01
     vertex  4.149024e-01  1.315833e+02  1.800004e+01
     vertex  5.240904e-01  1.299871e+02  1.800004e+01
   endloop
 endfacet
 facet normal  0.000000e+00  0.000000e+00 -1.000000e+00
   outer loop
     vertex  2.620726e-01  1.315676e+02  1.800004e+01
     vertex  5.240904e-01  1.299871e+02  1.800004e+01
     vertex  4.799396e-01  1.299825e+02  1.800004e+01
   endloop
 endfacet
 facet normal  0.000000e+00  0.000000e+00 -1.000000e+00
   outer loop
     vertex  2.620726e-01  1.315676e+02  1.800004e+01
     vertex  4.799396e-01  1.299825e+02  1.800004e+01
     vertex  4.362014e-01  1.299750e+02  1.800004e+01
   endloop
 endfacet
 facet normal  0.000000e+00 -0.000000e+00 -1.000000e+00
   outer loop
     vertex -1.660599e+00  1.296450e+02  1.800004e+01
     vertex -7.549907e-02  1.294271e+02  1.800004e+01
     vertex -1.676310e+00  1.294921e+02  1.800004e+01
   endloop
 endfacet
 facet normal  0.000000e+00 -0.000000e+00 -1.000000e+00
   outer loop
     vertex -1.634495e+00  1.297964e+02  1.800004e+01
     vertex -7.549907e-02  1.294271e+02  1.800004e+01
     vertex -1.660599e+00  1.296450e+02  1.800004e+01
   endloop
 endfacet
 facet normal  0.000000e+00  0.000000e+00 -1.000000e+00
   outer loop
     vertex -1.634495e+00  1.297964e+02  1.800004e+01
     vertex -6.795784e-02  1.294708e+02  1.800004e+01
     vertex -7.549907e-02  1.294271e+02  1.800004e+01
   endloop
 endfacet
 facet normal  0.000000e+00  0.000000e+00 -1.000000e+00
   outer loop
     vertex  1.106713e-01  1.315415e+02  1.800004e+01
     vertex  2.620726e-01  1.315676e+02  1.800004e+01
     vertex  4.362014e-01  1.299750e+02  1.800004e+01
   endloop
 endfacet
 facet normal  0.000000e+00 -0.000000e+00 -1.000000e+00
   outer loop
     vertex -1.598120e+00  1.299456e+02  1.800004e+01
     vertex -6.795784e-02  1.294708e+02  1.800004e+01
     vertex -1.634495e+00  1.297964e+02  1.800004e+01
   endloop
 endfacet
 facet normal  0.000000e+00  0.000000e+00 -1.000000e+00
   outer loop
     vertex -1.598120e+00  1.299456e+02  1.800004e+01
     vertex -4.402274e-02  1.295563e+02  1.800004e+01
     vertex -5.744940e-02  1.295140e+02  1.800004e+01
   endloop
 endfacet
 facet normal  0.000000e+00  0.000000e+00 -1.000000e+00
   outer loop
     vertex -1.598120e+00  1.299456e+02  1.800004e+01
     vertex -5.744940e-02  1.295140e+02  1.800004e+01
     vertex -6.795784e-02  1.294708e+02  1.800004e+01
   endloop
 endfacet
 facet normal  0.000000e+00  0.000000e+00 -1.000000e+00
   outer loop
     vertex -3.859571e-02  1.315052e+02  1.800004e+01
     vertex  1.106713e-01  1.315415e+02  1.800004e+01
     vertex  4.362014e-01  1.299750e+02  1.800004e+01
   endloop
 endfacet
 facet normal  0.000000e+00  0.000000e+00 -1.000000e+00
   outer loop
     vertex -3.859571e-02  1.315052e+02  1.800004e+01
     vertex  4.362014e-01  1.299750e+02  1.800004e+01
     vertex  3.930798e-01  1.299645e+02  1.800004e+01
   endloop
 endfacet
 facet normal  0.000000e+00  0.000000e+00 -1.000000e+00
   outer loop
     vertex -3.859571e-02  1.315052e+02  1.800004e+01
     vertex  3.930798e-01  1.299645e+02  1.800004e+01
     vertex  3.507759e-01  1.299511e+02  1.800004e+01
   endloop
 endfacet
 facet normal  0.000000e+00  0.000000e+00 -1.000000e+00
   outer loop
     vertex -1.850323e-01  1.314587e+02  1.800004e+01
     vertex  3.507759e-01  1.299511e+02  1.800004e+01
     vertex  3.094868e-01  1.299348e+02  1.800004e+01
   endloop
 endfacet
 facet normal  0.000000e+00  0.000000e+00 -1.000000e+00
   outer loop
     vertex -1.850323e-01  1.314587e+02  1.800004e+01
     vertex -3.859571e-02  1.315052e+02  1.800004e+01
     vertex  3.507759e-01  1.299511e+02  1.800004e+01
   endloop
 endfacet
 facet normal  0.000000e+00 -0.000000e+00 -1.000000e+00
   outer loop
     vertex -1.551643e+00  1.300921e+02  1.800004e+01
     vertex -4.402274e-02  1.295563e+02  1.800004e+01
     vertex -1.598120e+00  1.299456e+02  1.800004e+01
   endloop
 endfacet
 facet normal  0.000000e+00  0.000000e+00 -1.000000e+00
   outer loop
     vertex -3.279559e-01  1.314023e+02  1.800004e+01
     vertex -1.850323e-01  1.314587e+02  1.800004e+01
     vertex  3.094868e-01  1.299348e+02  1.800004e+01
   endloop
 endfacet
 facet normal  0.000000e+00 -0.000000e+00 -1.000000e+00
   outer loop
     vertex -1.495281e+00  1.302350e+02  1.800004e+01
     vertex -4.402274e-02  1.295563e+02  1.800004e+01
     vertex -1.551643e+00  1.300921e+02  1.800004e+01
   endloop
 endfacet
 facet normal  0.000000e+00  0.000000e+00 -1.000000e+00
   outer loop
     vertex -1.495281e+00  1.302350e+02  1.800004e+01
     vertex -8.678463e-03  1.296376e+02  1.800004e+01
     vertex -2.774045e-02  1.295976e+02  1.800004e+01
   endloop
 endfacet
 facet normal  0.000000e+00  0.000000e+00 -1.000000e+00
   outer loop
     vertex -1.495281e+00  1.302350e+02  1.800004e+01
     vertex -2.774045e-02  1.295976e+02  1.800004e+01
     vertex -4.402274e-02  1.295563e+02  1.800004e+01
   endloop
 endfacet
 facet normal  0.000000e+00  0.000000e+00 -1.000000e+00
   outer loop
     vertex -4.667000e-01  1.313363e+02  1.800004e+01
     vertex -3.279559e-01  1.314023e+02  1.800004e+01
     vertex  3.094868e-01  1.299348e+02  1.800004e+01
   endloop
 endfacet
 facet normal  0.000000e+00  0.000000e+00 -1.000000e+00
   outer loop
     vertex -4.667000e-01  1.313363e+02  1.800004e+01
     vertex  3.094868e-01  1.299348e+02  1.800004e+01
     vertex  2.694052e-01  1.299157e+02  1.800004e+01
   endloop
 endfacet
 facet normal  0.000000e+00 -0.000000e+00 -1.000000e+00
   outer loop
     vertex -1.429297e+00  1.303737e+02  1.800004e+01
     vertex -8.678463e-03  1.296376e+02  1.800004e+01
     vertex -1.495281e+00  1.302350e+02  1.800004e+01
   endloop
 endfacet
 facet normal  0.000000e+00  0.000000e+00 -1.000000e+00
   outer loop
     vertex -1.429297e+00  1.303737e+02  1.800004e+01
     vertex  1.307436e-02  1.296763e+02  1.800004e+01
     vertex -8.678463e-03  1.296376e+02  1.800004e+01
   endloop
 endfacet
 facet normal  0.000000e+00 -0.000000e+00 -1.000000e+00
   outer loop
     vertex -1.353999e+00  1.305077e+02  1.800004e+01
     vertex  1.307436e-02  1.296763e+02  1.800004e+01
     vertex -1.429297e+00  1.303737e+02  1.800004e+01
   endloop
 endfacet
 facet normal  0.000000e+00  0.000000e+00 -1.000000e+00
   outer loop
     vertex -6.006178e-01  1.312610e+02  1.800004e+01
     vertex -4.667000e-01  1.313363e+02  1.800004e+01
     vertex  2.694052e-01  1.299157e+02  1.800004e+01
   endloop
 endfacet
 facet normal  0.000000e+00  0.000000e+00 -1.000000e+00
   outer loop
     vertex -6.006178e-01  1.312610e+02  1.800004e+01
     vertex  2.694052e-01  1.299157e+02  1.800004e+01
     vertex  2.307178e-01  1.298940e+02  1.800004e+01
   endloop
 endfacet
 facet normal  0.000000e+00 -0.000000e+00 -1.000000e+00
   outer loop
     vertex -1.269737e+00  1.306361e+02  1.800004e+01
     vertex  1.307436e-02  1.296763e+02  1.800004e+01
     vertex -1.353999e+00  1.305077e+02  1.800004e+01
   endloop
 endfacet
 facet normal  0.000000e+00  0.000000e+00 -1.000000e+00
   outer loop
     vertex -1.269737e+00  1.306361e+02  1.800004e+01
     vertex  3.741659e-02  1.297134e+02  1.800004e+01
     vertex  1.307436e-02  1.296763e+02  1.800004e+01
   endloop
 endfacet
 facet normal  0.000000e+00  0.000000e+00 -1.000000e+00
   outer loop
     vertex -7.290849e-01  1.311768e+02  1.800004e+01
     vertex  2.307178e-01  1.298940e+02  1.800004e+01
     vertex  1.936051e-01  1.298696e+02  1.800004e+01
   endloop
 endfacet
 facet normal  0.000000e+00  0.000000e+00 -1.000000e+00
   outer loop
     vertex -7.290849e-01  1.311768e+02  1.800004e+01
     vertex -6.006178e-01  1.312610e+02  1.800004e+01
     vertex  2.307178e-01  1.298940e+02  1.800004e+01
   endloop
 endfacet
 facet normal  0.000000e+00  0.000000e+00 -1.000000e+00
   outer loop
     vertex -8.515022e-01  1.310839e+02  1.800004e+01
     vertex -7.290849e-01  1.311768e+02  1.800004e+01
     vertex  1.936051e-01  1.298696e+02  1.800004e+01
   endloop
 endfacet
 facet normal  0.000000e+00  0.000000e+00 -1.000000e+00
   outer loop
     vertex -8.515022e-01  1.310839e+02  1.800004e+01
     vertex  1.936051e-01  1.298696e+02  1.800004e+01
     vertex  1.582401e-01  1.298428e+02  1.800004e+01
   endloop
 endfacet
 facet normal  0.000000e+00 -0.000000e+00 -1.000000e+00
   outer loop
     vertex -1.176905e+00  1.307585e+02  1.800004e+01
     vertex  3.741659e-02  1.297134e+02  1.800004e+01
     vertex -1.269737e+00  1.306361e+02  1.800004e+01
   endloop
 endfacet
 facet normal  0.000000e+00  0.000000e+00 -1.000000e+00
   outer loop
     vertex -1.176905e+00  1.307585e+02  1.800004e+01
     vertex  9.340375e-02  1.297822e+02  1.800004e+01
     vertex  6.423473e-02  1.297488e+02  1.800004e+01
   endloop
 endfacet
 facet normal  0.000000e+00  0.000000e+00 -1.000000e+00
   outer loop
     vertex -1.176905e+00  1.307585e+02  1.800004e+01
     vertex  6.423473e-02  1.297488e+02  1.800004e+01
     vertex  3.741659e-02  1.297134e+02  1.800004e+01
   endloop
 endfacet
 facet normal  0.000000e+00  0.000000e+00 -1.000000e+00
   outer loop
     vertex -9.672991e-01  1.309830e+02  1.800004e+01
     vertex -8.515022e-01  1.310839e+02  1.800004e+01
     vertex  1.582401e-01  1.298428e+02  1.800004e+01
   endloop
 endfacet
 facet normal  0.000000e+00  0.000000e+00 -1.000000e+00
   outer loop
     vertex -9.672991e-01  1.309830e+02  1.800004e+01
     vertex  1.582401e-01  1.298428e+02  1.800004e+01
     vertex  1.247876e-01  1.298136e+02  1.800004e+01
   endloop
 endfacet
 facet normal  0.000000e+00 -0.000000e+00 -1.000000e+00
   outer loop
     vertex -1.075936e+00  1.308743e+02  1.800004e+01
     vertex  9.340375e-02  1.297822e+02  1.800004e+01
     vertex -1.176905e+00  1.307585e+02  1.800004e+01
   endloop
 endfacet
 facet normal  0.000000e+00  0.000000e+00 -1.000000e+00
   outer loop
     vertex -1.075936e+00  1.308743e+02  1.800004e+01
     vertex -9.672991e-01  1.309830e+02  1.800004e+01
     vertex  1.247876e-01  1.298136e+02  1.800004e+01
   endloop
 endfacet
 facet normal  0.000000e+00  0.000000e+00 -1.000000e+00
   outer loop
     vertex -1.075936e+00  1.308743e+02  1.800004e+01
     vertex  1.247876e-01  1.298136e+02  1.800004e+01
     vertex  9.340375e-02  1.297822e+02  1.800004e+01
   endloop
 endfacet
 facet normal  0.000000e+00  0.000000e+00  1.000000e+00
   outer loop
     vertex  7.058768e+01  7.906505e+01  2.300005e+01
     vertex  7.039388e+01  7.882684e+01  2.300005e+01
     vertex  7.049485e+01  7.894263e+01  2.300005e+01
   endloop
 endfacet
 facet normal  0.000000e+00  0.000000e+00  1.000000e+00
   outer loop
     vertex  7.004702e+01  7.852440e+01  2.300005e+01
     vertex  7.016944e+01  7.861723e+01  2.300005e+01
     vertex  7.028524e+01  7.871820e+01  2.300005e+01
   endloop
 endfacet
 facet normal  0.000000e+00  0.000000e+00  1.000000e+00
   outer loop
     vertex  7.074724e+01  7.932744e+01  2.300005e+01
     vertex  7.039388e+01  7.882684e+01  2.300005e+01
     vertex  7.058768e+01  7.906505e+01  2.300005e+01
   endloop
 endfacet
 facet normal  0.000000e+00  0.000000e+00  1.000000e+00
   outer loop
     vertex  7.074724e+01  7.932744e+01  2.300005e+01
     vertex  7.058768e+01  7.906505e+01  2.300005e+01
     vertex  7.067194e+01  7.919352e+01  2.300005e+01
   endloop
 endfacet
 facet normal  0.000000e+00  0.000000e+00  1.000000e+00
   outer loop
     vertex  6.978464e+01  7.836484e+01  2.300005e+01
     vertex  7.039388e+01  7.882684e+01  2.300005e+01
     vertex  7.074724e+01  7.932744e+01  2.300005e+01
   endloop
 endfacet
 facet normal  0.000000e+00  0.000000e+00  1.000000e+00
   outer loop
     vertex  6.978464e+01  7.836484e+01  2.300005e+01
     vertex  7.004702e+01  7.852440e+01  2.300005e+01
     vertex  7.028524e+01  7.871820e+01  2.300005e+01
   endloop
 endfacet
 facet normal  0.000000e+00  0.000000e+00  1.000000e+00
   outer loop
     vertex  6.978464e+01  7.836484e+01  2.300005e+01
     vertex  7.028524e+01  7.871820e+01  2.300005e+01
     vertex  7.039388e+01  7.882684e+01  2.300005e+01
   endloop
 endfacet
 facet normal  0.000000e+00  0.000000e+00  1.000000e+00
   outer loop
     vertex  6.978464e+01  7.836484e+01  2.300005e+01
     vertex  6.991856e+01  7.844014e+01  2.300005e+01
     vertex  7.004702e+01  7.852440e+01  2.300005e+01
   endloop
 endfacet
 facet normal  0.000000e+00  0.000000e+00  1.000000e+00
   outer loop
     vertex  7.086958e+01  7.960910e+01  2.300005e+01
     vertex  7.074724e+01  7.932744e+01  2.300005e+01
     vertex  7.081322e+01  7.946618e+01  2.300005e+01
   endloop
 endfacet
 facet normal  0.000000e+00  0.000000e+00  1.000000e+00
   outer loop
     vertex  6.950297e+01  7.824249e+01  2.300005e+01
     vertex  6.964590e+01  7.829886e+01  2.300005e+01
     vertex  6.978464e+01  7.836484e+01  2.300005e+01
   endloop
 endfacet
 facet normal  0.000000e+00  0.000000e+00  1.000000e+00
   outer loop
     vertex  7.091606e+01  7.975554e+01  2.300005e+01
     vertex  7.074724e+01  7.932744e+01  2.300005e+01
     vertex  7.086958e+01  7.960910e+01  2.300005e+01
   endloop
 endfacet
 facet normal  0.000000e+00  0.000000e+00  1.000000e+00
   outer loop
     vertex  6.935654e+01  7.819602e+01  2.300005e+01
     vertex  6.950297e+01  7.824249e+01  2.300005e+01
     vertex  6.978464e+01  7.836484e+01  2.300005e+01
   endloop
 endfacet
 facet normal  0.000000e+00  0.000000e+00  1.000000e+00
   outer loop
     vertex  7.099950e+01  8.036258e+01  2.300005e+01
     vertex  7.074724e+01  7.932744e+01  2.300005e+01
     vertex  7.091606e+01  7.975554e+01  2.300005e+01
   endloop
 endfacet
 facet normal  0.000000e+00  0.000000e+00  1.000000e+00
   outer loop
     vertex  7.099950e+01  8.036258e+01  2.300005e+01
     vertex  7.097854e+01  8.005621e+01  2.300005e+01
     vertex  7.099425e+01  8.020904e+01  2.300005e+01
   endloop
 endfacet
 facet normal  0.000000e+00  0.000000e+00  1.000000e+00
   outer loop
     vertex  7.099950e+01  8.036258e+01  2.300005e+01
     vertex  7.095243e+01  7.990481e+01  2.300005e+01
     vertex  7.097854e+01  8.005621e+01  2.300005e+01
   endloop
 endfacet
 facet normal  0.000000e+00  0.000000e+00  1.000000e+00
   outer loop
     vertex  7.099950e+01  8.036258e+01  2.300005e+01
     vertex  7.091606e+01  7.975554e+01  2.300005e+01
     vertex  7.095243e+01  7.990481e+01  2.300005e+01
   endloop
 endfacet
 facet normal  0.000000e+00  0.000000e+00  1.000000e+00
   outer loop
     vertex  6.874949e+01  7.811258e+01  2.300005e+01
     vertex  6.978464e+01  7.836484e+01  2.300005e+01
     vertex  7.074724e+01  7.932744e+01  2.300005e+01
   endloop
 endfacet
 facet normal  0.000000e+00  0.000000e+00  1.000000e+00
   outer loop
     vertex  6.874949e+01  7.811258e+01  2.300005e+01
     vertex  6.935654e+01  7.819602e+01  2.300005e+01
     vertex  6.978464e+01  7.836484e+01  2.300005e+01
   endloop
 endfacet
 facet normal  0.000000e+00  0.000000e+00  1.000000e+00
   outer loop
     vertex  6.874949e+01  7.811258e+01  2.300005e+01
     vertex  7.074724e+01  7.932744e+01  2.300005e+01
     vertex  7.099950e+01  8.036258e+01  2.300005e+01
   endloop
 endfacet
 facet normal  0.000000e+00  0.000000e+00  1.000000e+00
   outer loop
     vertex  6.874949e+01  7.811258e+01  2.300005e+01
     vertex  6.920727e+01  7.815964e+01  2.300005e+01
     vertex  6.935654e+01  7.819602e+01  2.300005e+01
   endloop
 endfacet
 facet normal  0.000000e+00  0.000000e+00  1.000000e+00
   outer loop
     vertex  6.874949e+01  7.811258e+01  2.300005e+01
     vertex  6.905587e+01  7.813354e+01  2.300005e+01
     vertex  6.920727e+01  7.815964e+01  2.300005e+01
   endloop
 endfacet
 facet normal  0.000000e+00  0.000000e+00  1.000000e+00
   outer loop
     vertex  6.874949e+01  7.811258e+01  2.300005e+01
     vertex  6.890304e+01  7.811783e+01  2.300005e+01
     vertex  6.905587e+01  7.813354e+01  2.300005e+01
   endloop
 endfacet
 facet normal  0.000000e+00  0.000000e+00  1.000000e+00
   outer loop
     vertex  4.873011e+01  9.078023e+01  2.300005e+01
     vertex  6.874949e+01  7.811258e+01  2.300005e+01
     vertex  7.099950e+01  8.036258e+01  2.300005e+01
   endloop
 endfacet
 facet normal  0.000000e+00  0.000000e+00  1.000000e+00
   outer loop
     vertex  7.099950e+01  1.293386e+02  2.300005e+01
     vertex  4.873011e+01  9.078023e+01  2.300005e+01
     vertex  7.099950e+01  8.036258e+01  2.300005e+01
   endloop
 endfacet
 facet normal  0.000000e+00  0.000000e+00  1.000000e+00
   outer loop
     vertex  7.091606e+01  1.299456e+02  2.300005e+01
     vertex  7.097854e+01  1.296450e+02  2.300005e+01
     vertex  7.095243e+01  1.297964e+02  2.300005e+01
   endloop
 endfacet
 facet normal  0.000000e+00  0.000000e+00  1.000000e+00
   outer loop
     vertex  7.091606e+01  1.299456e+02  2.300005e+01
     vertex  7.099425e+01  1.294921e+02  2.300005e+01
     vertex  7.097854e+01  1.296450e+02  2.300005e+01
   endloop
 endfacet
 facet normal  0.000000e+00  0.000000e+00  1.000000e+00
   outer loop
     vertex  7.086958e+01  1.300921e+02  2.300005e+01
     vertex  7.099425e+01  1.294921e+02  2.300005e+01
     vertex  7.091606e+01  1.299456e+02  2.300005e+01
   endloop
 endfacet
 facet normal  0.000000e+00  0.000000e+00  1.000000e+00
   outer loop
     vertex  7.074724e+01  1.303737e+02  2.300005e+01
     vertex  7.086958e+01  1.300921e+02  2.300005e+01
     vertex  7.081322e+01  1.302350e+02  2.300005e+01
   endloop
 endfacet
 facet normal  0.000000e+00  0.000000e+00  1.000000e+00
   outer loop
     vertex  7.074724e+01  1.303737e+02  2.300005e+01
     vertex  7.099950e+01  1.293386e+02  2.300005e+01
     vertex  7.099425e+01  1.294921e+02  2.300005e+01
   endloop
 endfacet
 facet normal  0.000000e+00  0.000000e+00  1.000000e+00
   outer loop
     vertex  7.074724e+01  1.303737e+02  2.300005e+01
     vertex  7.099425e+01  1.294921e+02  2.300005e+01
     vertex  7.086958e+01  1.300921e+02  2.300005e+01
   endloop
 endfacet
 facet normal  0.000000e+00  0.000000e+00  1.000000e+00
   outer loop
     vertex  7.049485e+01  1.307585e+02  2.300005e+01
     vertex  7.067194e+01  1.305077e+02  2.300005e+01
     vertex  7.058768e+01  1.306361e+02  2.300005e+01
   endloop
 endfacet
 facet normal  0.000000e+00  0.000000e+00  1.000000e+00
   outer loop
     vertex  7.049485e+01  1.307585e+02  2.300005e+01
     vertex  7.074724e+01  1.303737e+02  2.300005e+01
     vertex  7.067194e+01  1.305077e+02  2.300005e+01
   endloop
 endfacet
 facet normal  0.000000e+00  0.000000e+00  1.000000e+00
   outer loop
     vertex  7.049485e+01  1.307585e+02  2.300005e+01
     vertex  7.099950e+01  1.293386e+02  2.300005e+01
     vertex  7.074724e+01  1.303737e+02  2.300005e+01
   endloop
 endfacet
 facet normal  0.000000e+00  0.000000e+00  1.000000e+00
   outer loop
     vertex  7.016944e+01  1.310839e+02  2.300005e+01
     vertex  7.039388e+01  1.308743e+02  2.300005e+01
     vertex  7.028524e+01  1.309830e+02  2.300005e+01
   endloop
 endfacet
 facet normal  0.000000e+00  0.000000e+00  1.000000e+00
   outer loop
     vertex  7.016944e+01  1.310839e+02  2.300005e+01
     vertex  7.049485e+01  1.307585e+02  2.300005e+01
     vertex  7.039388e+01  1.308743e+02  2.300005e+01
   endloop
 endfacet
 facet normal  0.000000e+00  0.000000e+00  1.000000e+00
   outer loop
     vertex  7.016944e+01  1.310839e+02  2.300005e+01
     vertex  7.099950e+01  1.293386e+02  2.300005e+01
     vertex  7.049485e+01  1.307585e+02  2.300005e+01
   endloop
 endfacet
 facet normal  0.000000e+00  0.000000e+00  1.000000e+00
   outer loop
     vertex  7.004702e+01  1.311768e+02  2.300005e+01
     vertex  7.099950e+01  1.293386e+02  2.300005e+01
     vertex  7.016944e+01  1.310839e+02  2.300005e+01
   endloop
 endfacet
 facet normal  0.000000e+00  0.000000e+00  1.000000e+00
   outer loop
     vertex  6.978464e+01  1.313363e+02  2.300005e+01
     vertex  7.004702e+01  1.311768e+02  2.300005e+01
     vertex  6.991856e+01  1.312610e+02  2.300005e+01
   endloop
 endfacet
 facet normal  0.000000e+00  0.000000e+00  1.000000e+00
   outer loop
     vertex  6.978464e+01  1.313363e+02  2.300005e+01
     vertex  7.099950e+01  1.293386e+02  2.300005e+01
     vertex  7.004702e+01  1.311768e+02  2.300005e+01
   endloop
 endfacet
 facet normal  0.000000e+00  0.000000e+00  1.000000e+00
   outer loop
     vertex  6.950297e+01  1.314587e+02  2.300005e+01
     vertex  6.978464e+01  1.313363e+02  2.300005e+01
     vertex  6.964590e+01  1.314023e+02  2.300005e+01
   endloop
 endfacet
 facet normal  0.000000e+00  0.000000e+00  1.000000e+00
   outer loop
     vertex  6.935654e+01  1.315052e+02  2.300005e+01
     vertex  6.978464e+01  1.313363e+02  2.300005e+01
     vertex  6.950297e+01  1.314587e+02  2.300005e+01
   endloop
 endfacet
 facet normal  0.000000e+00  0.000000e+00  1.000000e+00
   outer loop
     vertex  6.905587e+01  1.315676e+02  2.300005e+01
     vertex  6.935654e+01  1.315052e+02  2.300005e+01
     vertex  6.920727e+01  1.315415e+02  2.300005e+01
   endloop
 endfacet
 facet normal  0.000000e+00  0.000000e+00  1.000000e+00
   outer loop
     vertex  6.905587e+01  1.315676e+02  2.300005e+01
     vertex  7.099950e+01  1.293386e+02  2.300005e+01
     vertex  6.978464e+01  1.313363e+02  2.300005e+01
   endloop
 endfacet
 facet normal  0.000000e+00  0.000000e+00  1.000000e+00
   outer loop
     vertex  6.905587e+01  1.315676e+02  2.300005e+01
     vertex  6.978464e+01  1.313363e+02  2.300005e+01
     vertex  6.935654e+01  1.315052e+02  2.300005e+01
   endloop
 endfacet
 facet normal  0.000000e+00  0.000000e+00  1.000000e+00
   outer loop
     vertex  6.874949e+01  1.315886e+02  2.300005e+01
     vertex  6.905587e+01  1.315676e+02  2.300005e+01
     vertex  6.890304e+01  1.315833e+02  2.300005e+01
   endloop
 endfacet
 facet normal  0.000000e+00  0.000000e+00  1.000000e+00
   outer loop
     vertex  6.874949e+01  1.315886e+02  2.300005e+01
     vertex  7.099950e+01  1.293386e+02  2.300005e+01
     vertex  6.905587e+01  1.315676e+02  2.300005e+01
   endloop
 endfacet
 facet normal  0.000000e+00  0.000000e+00  1.000000e+00
   outer loop
     vertex  4.873011e+01  1.189803e+02  2.300005e+01
     vertex  7.099950e+01  1.293386e+02  2.300005e+01
     vertex  6.874949e+01  1.315886e+02  2.300005e+01
   endloop
 endfacet
 facet normal -0.000000e+00  0.000000e+00  1.000000e+00
   outer loop
     vertex  4.873011e+01  1.189803e+02  2.300005e+01
     vertex  4.873011e+01  9.078023e+01  2.300005e+01
     vertex  7.099950e+01  1.293386e+02  2.300005e+01
   endloop
 endfacet
 facet normal  0.000000e+00  0.000000e+00  1.000000e+00
   outer loop
     vertex  5.684481e-01  7.811258e+01  2.300005e+01
     vertex  6.874949e+01  7.811258e+01  2.300005e+01
     vertex  4.873011e+01  9.078023e+01  2.300005e+01
   endloop
 endfacet
 facet normal  0.000000e+00  0.000000e+00  1.000000e+00
   outer loop
     vertex  5.684481e-01  7.811258e+01  2.300005e+01
     vertex  4.873011e+01  9.078023e+01  2.300005e+01
     vertex  2.053005e+01  9.078023e+01  2.300005e+01
   endloop
 endfacet
 facet normal  0.000000e+00  0.000000e+00  1.000000e+00
   outer loop
     vertex -3.859571e-02  7.819602e+01  2.300005e+01
     vertex  4.149024e-01  7.811783e+01  2.300005e+01
     vertex  5.684481e-01  7.811258e+01  2.300005e+01
   endloop
 endfacet
 facet normal  0.000000e+00  0.000000e+00  1.000000e+00
   outer loop
     vertex -3.859571e-02  7.819602e+01  2.300005e+01
     vertex  2.620726e-01  7.813354e+01  2.300005e+01
     vertex  4.149024e-01  7.811783e+01  2.300005e+01
   endloop
 endfacet
 facet normal  0.000000e+00  0.000000e+00  1.000000e+00
   outer loop
     vertex -3.859571e-02  7.819602e+01  2.300005e+01
     vertex  1.106713e-01  7.815964e+01  2.300005e+01
     vertex  2.620726e-01  7.813354e+01  2.300005e+01
   endloop
 endfacet
 facet normal  0.000000e+00  0.000000e+00  1.000000e+00
   outer loop
     vertex -1.850323e-01  7.824249e+01  2.300005e+01
     vertex -3.859571e-02  7.819602e+01  2.300005e+01
     vertex  5.684481e-01  7.811258e+01  2.300005e+01
   endloop
 endfacet
 facet normal  0.000000e+00  0.000000e+00  1.000000e+00
   outer loop
     vertex -4.667000e-01  7.836484e+01  2.300005e+01
     vertex -1.850323e-01  7.824249e+01  2.300005e+01
     vertex  5.684481e-01  7.811258e+01  2.300005e+01
   endloop
 endfacet
 facet normal  0.000000e+00  0.000000e+00  1.000000e+00
   outer loop
     vertex -4.667000e-01  7.836484e+01  2.300005e+01
     vertex -3.279559e-01  7.829886e+01  2.300005e+01
     vertex -1.850323e-01  7.824249e+01  2.300005e+01
   endloop
 endfacet
 facet normal  0.000000e+00  0.000000e+00  1.000000e+00
   outer loop
     vertex -8.515022e-01  7.861723e+01  2.300005e+01
     vertex -4.667000e-01  7.836484e+01  2.300005e+01
     vertex  5.684481e-01  7.811258e+01  2.300005e+01
   endloop
 endfacet
 facet normal  0.000000e+00  0.000000e+00  1.000000e+00
   outer loop
     vertex -8.515022e-01  7.861723e+01  2.300005e+01
     vertex -6.006178e-01  7.844014e+01  2.300005e+01
     vertex -4.667000e-01  7.836484e+01  2.300005e+01
   endloop
 endfacet
 facet normal  0.000000e+00  0.000000e+00  1.000000e+00
   outer loop
     vertex -8.515022e-01  7.861723e+01  2.300005e+01
     vertex -7.290849e-01  7.852440e+01  2.300005e+01
     vertex -6.006178e-01  7.844014e+01  2.300005e+01
   endloop
 endfacet
 facet normal  0.000000e+00  0.000000e+00  1.000000e+00
   outer loop
     vertex -9.672991e-01  7.871820e+01  2.300005e+01
     vertex -8.515022e-01  7.861723e+01  2.300005e+01
     vertex  5.684481e-01  7.811258e+01  2.300005e+01
   endloop
 endfacet
 facet normal  0.000000e+00  0.000000e+00  1.000000e+00
   outer loop
     vertex -1.353999e+00  7.919352e+01  2.300005e+01
     vertex -1.075936e+00  7.882684e+01  2.300005e+01
     vertex -9.672991e-01  7.871820e+01  2.300005e+01
   endloop
 endfacet
 facet normal  0.000000e+00  0.000000e+00  1.000000e+00
   outer loop
     vertex -1.353999e+00  7.919352e+01  2.300005e+01
     vertex -1.176905e+00  7.894263e+01  2.300005e+01
     vertex -1.075936e+00  7.882684e+01  2.300005e+01
   endloop
 endfacet
 facet normal  0.000000e+00  0.000000e+00  1.000000e+00
   outer loop
     vertex -1.353999e+00  7.919352e+01  2.300005e+01
     vertex -1.269737e+00  7.906505e+01  2.300005e+01
     vertex -1.176905e+00  7.894263e+01  2.300005e+01
   endloop
 endfacet
 facet normal  0.000000e+00  0.000000e+00  1.000000e+00
   outer loop
     vertex -1.495281e+00  7.946618e+01  2.300005e+01
     vertex -1.353999e+00  7.919352e+01  2.300005e+01
     vertex -9.672991e-01  7.871820e+01  2.300005e+01
   endloop
 endfacet
 facet normal  0.000000e+00  0.000000e+00  1.000000e+00
   outer loop
     vertex -1.495281e+00  7.946618e+01  2.300005e+01
     vertex -1.429297e+00  7.932744e+01  2.300005e+01
     vertex -1.353999e+00  7.919352e+01  2.300005e+01
   endloop
 endfacet
 facet normal  0.000000e+00  0.000000e+00  1.000000e+00
   outer loop
     vertex -1.598120e+00  7.975554e+01  2.300005e+01
     vertex -9.672991e-01  7.871820e+01  2.300005e+01
     vertex  5.684481e-01  7.811258e+01  2.300005e+01
   endloop
 endfacet
 facet normal  0.000000e+00  0.000000e+00  1.000000e+00
   outer loop
     vertex -1.598120e+00  7.975554e+01  2.300005e+01
     vertex -1.495281e+00  7.946618e+01  2.300005e+01
     vertex -9.672991e-01  7.871820e+01  2.300005e+01
   endloop
 endfacet
 facet normal  0.000000e+00  0.000000e+00  1.000000e+00
   outer loop
     vertex -1.598120e+00  7.975554e+01  2.300005e+01
     vertex -1.551643e+00  7.960910e+01  2.300005e+01
     vertex -1.495281e+00  7.946618e+01  2.300005e+01
   endloop
 endfacet
 facet normal  0.000000e+00  0.000000e+00  1.000000e+00
   outer loop
     vertex -1.634495e+00  7.990481e+01  2.300005e+01
     vertex -1.598120e+00  7.975554e+01  2.300005e+01
     vertex  5.684481e-01  7.811258e+01  2.300005e+01
   endloop
 endfacet
 facet normal  0.000000e+00  0.000000e+00  1.000000e+00
   outer loop
     vertex -1.676310e+00  8.020904e+01  2.300005e+01
     vertex -1.634495e+00  7.990481e+01  2.300005e+01
     vertex  5.684481e-01  7.811258e+01  2.300005e+01
   endloop
 endfacet
 facet normal  0.000000e+00  0.000000e+00  1.000000e+00
   outer loop
     vertex -1.676310e+00  8.020904e+01  2.300005e+01
     vertex -1.660599e+00  8.005621e+01  2.300005e+01
     vertex -1.634495e+00  7.990481e+01  2.300005e+01
   endloop
 endfacet
 facet normal -0.000000e+00  0.000000e+00  1.000000e+00
   outer loop
     vertex -1.681556e+00  8.036258e+01  2.300005e+01
     vertex  5.684481e-01  7.811258e+01  2.300005e+01
     vertex  2.053005e+01  9.078023e+01  2.300005e+01
   endloop
 endfacet
 facet normal  0.000000e+00  0.000000e+00  1.000000e+00
   outer loop
     vertex -1.681556e+00  8.036258e+01  2.300005e+01
     vertex -1.676310e+00  8.020904e+01  2.300005e+01
     vertex  5.684481e-01  7.811258e+01  2.300005e+01
   endloop
 endfacet
 facet normal  0.000000e+00  0.000000e+00  1.000000e+00
   outer loop
     vertex -1.681556e+00  1.293386e+02  2.300005e+01
     vertex -1.681556e+00  8.036258e+01  2.300005e+01
     vertex  2.053005e+01  9.078023e+01  2.300005e+01
   endloop
 endfacet
 facet normal -0.000000e+00  0.000000e+00  1.000000e+00
   outer loop
     vertex -1.681556e+00  1.293386e+02  2.300005e+01
     vertex  2.053005e+01  1.189803e+02  2.300005e+01
     vertex  5.684481e-01  1.315886e+02  2.300005e+01
   endloop
 endfacet
 facet normal  0.000000e+00  0.000000e+00  1.000000e+00
   outer loop
     vertex -1.681556e+00  1.293386e+02  2.300005e+01
     vertex  2.053005e+01  9.078023e+01  2.300005e+01
     vertex  2.053005e+01  1.189803e+02  2.300005e+01
   endloop
 endfacet
 facet normal  0.000000e+00  0.000000e+00  1.000000e+00
   outer loop
     vertex  1.106713e-01  1.315415e+02  2.300005e+01
     vertex  4.149024e-01  1.315833e+02  2.300005e+01
     vertex  2.620726e-01  1.315676e+02  2.300005e+01
   endloop
 endfacet
 facet normal  0.000000e+00  0.000000e+00  1.000000e+00
   outer loop
     vertex  1.106713e-01  1.315415e+02  2.300005e+01
     vertex  5.684481e-01  1.315886e+02  2.300005e+01
     vertex  4.149024e-01  1.315833e+02  2.300005e+01
   endloop
 endfacet
 facet normal  0.000000e+00  0.000000e+00  1.000000e+00
   outer loop
     vertex -1.634495e+00  1.297964e+02  2.300005e+01
     vertex -1.676310e+00  1.294921e+02  2.300005e+01
     vertex -1.681556e+00  1.293386e+02  2.300005e+01
   endloop
 endfacet
 facet normal  0.000000e+00  0.000000e+00  1.000000e+00
   outer loop
     vertex -1.634495e+00  1.297964e+02  2.300005e+01
     vertex -1.660599e+00  1.296450e+02  2.300005e+01
     vertex -1.676310e+00  1.294921e+02  2.300005e+01
   endloop
 endfacet
 facet normal  0.000000e+00  0.000000e+00  1.000000e+00
   outer loop
     vertex -1.551643e+00  1.300921e+02  2.300005e+01
     vertex -1.598120e+00  1.299456e+02  2.300005e+01
     vertex -1.634495e+00  1.297964e+02  2.300005e+01
   endloop
 endfacet
 facet normal -0.000000e+00  0.000000e+00  1.000000e+00
   outer loop
     vertex -1.551643e+00  1.300921e+02  2.300005e+01
     vertex -1.681556e+00  1.293386e+02  2.300005e+01
     vertex  5.684481e-01  1.315886e+02  2.300005e+01
   endloop
 endfacet
 facet normal  0.000000e+00  0.000000e+00  1.000000e+00
   outer loop
     vertex -1.551643e+00  1.300921e+02  2.300005e+01
     vertex -1.634495e+00  1.297964e+02  2.300005e+01
     vertex -1.681556e+00  1.293386e+02  2.300005e+01
   endloop
 endfacet
 facet normal  0.000000e+00  0.000000e+00  1.000000e+00
   outer loop
     vertex -1.551643e+00  1.300921e+02  2.300005e+01
     vertex  5.684481e-01  1.315886e+02  2.300005e+01
     vertex  1.106713e-01  1.315415e+02  2.300005e+01
   endloop
 endfacet
 facet normal  0.000000e+00  0.000000e+00  1.000000e+00
   outer loop
     vertex -3.279559e-01  1.314023e+02  2.300005e+01
     vertex -3.859571e-02  1.315052e+02  2.300005e+01
     vertex -1.850323e-01  1.314587e+02  2.300005e+01
   endloop
 endfacet
 facet normal  0.000000e+00  0.000000e+00  1.000000e+00
   outer loop
     vertex -6.006178e-01  1.312610e+02  2.300005e+01
     vertex -3.279559e-01  1.314023e+02  2.300005e+01
     vertex -4.667000e-01  1.313363e+02  2.300005e+01
   endloop
 endfacet
 facet normal  0.000000e+00  0.000000e+00  1.000000e+00
   outer loop
     vertex -1.353999e+00  1.305077e+02  2.300005e+01
     vertex -1.429297e+00  1.303737e+02  2.300005e+01
     vertex -1.495281e+00  1.302350e+02  2.300005e+01
   endloop
 endfacet
 facet normal  0.000000e+00  0.000000e+00  1.000000e+00
   outer loop
     vertex -7.290849e-01  1.311768e+02  2.300005e+01
     vertex  1.106713e-01  1.315415e+02  2.300005e+01
     vertex -3.859571e-02  1.315052e+02  2.300005e+01
   endloop
 endfacet
 facet normal  0.000000e+00  0.000000e+00  1.000000e+00
   outer loop
     vertex -7.290849e-01  1.311768e+02  2.300005e+01
     vertex -3.859571e-02  1.315052e+02  2.300005e+01
     vertex -3.279559e-01  1.314023e+02  2.300005e+01
   endloop
 endfacet
 facet normal  0.000000e+00  0.000000e+00  1.000000e+00
   outer loop
     vertex -7.290849e-01  1.311768e+02  2.300005e+01
     vertex -3.279559e-01  1.314023e+02  2.300005e+01
     vertex -6.006178e-01  1.312610e+02  2.300005e+01
   endloop
 endfacet
 facet normal  0.000000e+00  0.000000e+00  1.000000e+00
   outer loop
     vertex -1.176905e+00  1.307585e+02  2.300005e+01
     vertex -1.269737e+00  1.306361e+02  2.300005e+01
     vertex -1.353999e+00  1.305077e+02  2.300005e+01
   endloop
 endfacet
 facet normal  0.000000e+00  0.000000e+00  1.000000e+00
   outer loop
     vertex -1.176905e+00  1.307585e+02  2.300005e+01
     vertex -1.353999e+00  1.305077e+02  2.300005e+01
     vertex -1.495281e+00  1.302350e+02  2.300005e+01
   endloop
 endfacet
 facet normal  0.000000e+00  0.000000e+00  1.000000e+00
   outer loop
     vertex -9.672991e-01  1.309830e+02  2.300005e+01
     vertex -7.290849e-01  1.311768e+02  2.300005e+01
     vertex -8.515022e-01  1.310839e+02  2.300005e+01
   endloop
 endfacet
 facet normal  0.000000e+00  0.000000e+00  1.000000e+00
   outer loop
     vertex -1.075936e+00  1.308743e+02  2.300005e+01
     vertex -1.495281e+00  1.302350e+02  2.300005e+01
     vertex -1.551643e+00  1.300921e+02  2.300005e+01
   endloop
 endfacet
 facet normal -0.000000e+00  0.000000e+00  1.000000e+00
   outer loop
     vertex -1.075936e+00  1.308743e+02  2.300005e+01
     vertex -1.551643e+00  1.300921e+02  2.300005e+01
     vertex  1.106713e-01  1.315415e+02  2.300005e+01
   endloop
 endfacet
 facet normal  0.000000e+00  0.000000e+00  1.000000e+00
   outer loop
     vertex -1.075936e+00  1.308743e+02  2.300005e+01
     vertex -1.176905e+00  1.307585e+02  2.300005e+01
     vertex -1.495281e+00  1.302350e+02  2.300005e+01
   endloop
 endfacet
 facet normal  0.000000e+00  0.000000e+00  1.000000e+00
   outer loop
     vertex -1.075936e+00  1.308743e+02  2.300005e+01
     vertex  1.106713e-01  1.315415e+02  2.300005e+01
     vertex -7.290849e-01  1.311768e+02  2.300005e+01
   endloop
 endfacet
 facet normal  0.000000e+00  0.000000e+00  1.000000e+00
   outer loop
     vertex -1.075936e+00  1.308743e+02  2.300005e+01
     vertex -7.290849e-01  1.311768e+02  2.300005e+01
     vertex -9.672991e-01  1.309830e+02  2.300005e+01
   endloop
 endfacet
 facet normal -0.000000e+00  0.000000e+00  1.000000e+00
   outer loop
     vertex  5.684481e-01  1.315886e+02  2.300005e+01
     vertex  4.873011e+01  1.189803e+02  2.300005e+01
     vertex  6.874949e+01  1.315886e+02  2.300005e+01
   endloop
 endfacet
 facet normal  0.000000e+00  0.000000e+00  1.000000e+00
   outer loop
     vertex  5.684481e-01  1.315886e+02  2.300005e+01
     vertex  2.053005e+01  1.189803e+02  2.300005e+01
     vertex  4.873011e+01  1.189803e+02  2.300005e+01
   endloop
 endfacet
 facet normal -9.947573e-01 -1.022641e-01  0.000000e+00
   outer loop
     vertex -1.676310e+00  8.020904e+01  1.800004e+01
     vertex -1.660599e+00  8.005621e+01  1.800004e+01
     vertex -1.660599e+00  8.005621e+01  2.300005e+01
   endloop
 endfacet
 facet normal -9.947573e-01 -1.022641e-01  0.000000e+00
   outer loop
     vertex -1.676310e+00  8.020904e+01  1.800004e+01
     vertex -1.660599e+00  8.005621e+01  2.300005e+01
     vertex -1.676310e+00  8.020904e+01  2.300005e+01
   endloop
 endfacet
 facet normal -9.947573e-01  1.022641e-01  0.000000e+00
   outer loop
     vertex -1.660599e+00  1.296450e+02  1.800004e+01
     vertex -1.676310e+00  1.294921e+02  1.800004e+01
     vertex -1.676310e+00  1.294921e+02  2.300005e+01
   endloop
 endfacet
 facet normal -9.947573e-01  1.022641e-01  0.000000e+00
   outer loop
     vertex -1.660599e+00  1.296450e+02  1.800004e+01
     vertex -1.676310e+00  1.294921e+02  2.300005e+01
     vertex -1.660599e+00  1.296450e+02  2.300005e+01
   endloop
 endfacet
 facet normal -9.854595e-01 -1.699104e-01  0.000000e+00
   outer loop
     vertex -1.660599e+00  8.005621e+01  1.800004e+01
     vertex -1.634495e+00  7.990481e+01  1.800004e+01
     vertex -1.634495e+00  7.990481e+01  2.300005e+01
   endloop
 endfacet
 facet normal -9.854595e-01 -1.699104e-01  0.000000e+00
   outer loop
     vertex -1.660599e+00  8.005621e+01  1.800004e+01
     vertex -1.634495e+00  7.990481e+01  2.300005e+01
     vertex -1.660599e+00  8.005621e+01  2.300005e+01
   endloop
 endfacet
 facet normal -9.854595e-01  1.699104e-01  0.000000e+00
   outer loop
     vertex -1.634495e+00  1.297964e+02  1.800004e+01
     vertex -1.660599e+00  1.296450e+02  1.800004e+01
     vertex -1.660599e+00  1.296450e+02  2.300005e+01
   endloop
 endfacet
 facet normal -9.854595e-01  1.699104e-01  0.000000e+00
   outer loop
     vertex -1.634495e+00  1.297964e+02  1.800004e+01
     vertex -1.660599e+00  1.296450e+02  2.300005e+01
     vertex -1.634495e+00  1.297964e+02  2.300005e+01
   endloop
 endfacet
 facet normal -9.715671e-01 -2.367644e-01  0.000000e+00
   outer loop
     vertex -1.634495e+00  7.990481e+01  1.800004e+01
     vertex -1.598120e+00  7.975554e+01  1.800004e+01
     vertex -1.598120e+00  7.975554e+01  2.300005e+01
   endloop
 endfacet
 facet normal -9.715671e-01 -2.367644e-01  0.000000e+00
   outer loop
     vertex -1.634495e+00  7.990481e+01  1.800004e+01
     vertex -1.598120e+00  7.975554e+01  2.300005e+01
     vertex -1.634495e+00  7.990481e+01  2.300005e+01
   endloop
 endfacet
 facet normal -9.715671e-01  2.367644e-01  0.000000e+00
   outer loop
     vertex -1.598120e+00  1.299456e+02  1.800004e+01
     vertex -1.634495e+00  1.297964e+02  1.800004e+01
     vertex -1.634495e+00  1.297964e+02  2.300005e+01
   endloop
 endfacet
 facet normal -9.715671e-01  2.367644e-01  0.000000e+00
   outer loop
     vertex -1.598120e+00  1.299456e+02  1.800004e+01
     vertex -1.634495e+00  1.297964e+02  2.300005e+01
     vertex -1.598120e+00  1.299456e+02  2.300005e+01
   endloop
 endfacet
 facet normal -9.531448e-01 -3.025146e-01  0.000000e+00
   outer loop
     vertex -1.598120e+00  7.975554e+01  1.800004e+01
     vertex -1.551643e+00  7.960910e+01  1.800004e+01
     vertex -1.551643e+00  7.960910e+01  2.300005e+01
   endloop
 endfacet
 facet normal -9.531448e-01 -3.025146e-01  0.000000e+00
   outer loop
     vertex -1.598120e+00  7.975554e+01  1.800004e+01
     vertex -1.551643e+00  7.960910e+01  2.300005e+01
     vertex -1.598120e+00  7.975554e+01  2.300005e+01
   endloop
 endfacet
 facet normal -9.531448e-01  3.025146e-01  0.000000e+00
   outer loop
     vertex -1.551643e+00  1.300921e+02  1.800004e+01
     vertex -1.598120e+00  1.299456e+02  1.800004e+01
     vertex -1.598120e+00  1.299456e+02  2.300005e+01
   endloop
 endfacet
 facet normal -9.531448e-01  3.025146e-01  0.000000e+00
   outer loop
     vertex -1.551643e+00  1.300921e+02  1.800004e+01
     vertex -1.598120e+00  1.299456e+02  2.300005e+01
     vertex -1.551643e+00  1.300921e+02  2.300005e+01
   endloop
 endfacet
 facet normal -9.302784e-01 -3.668542e-01  0.000000e+00
   outer loop
     vertex -1.551643e+00  7.960910e+01  1.800004e+01
     vertex -1.495281e+00  7.946618e+01  1.800004e+01
     vertex -1.495281e+00  7.946618e+01  2.300005e+01
   endloop
 endfacet
 facet normal -9.302784e-01 -3.668542e-01  0.000000e+00
   outer loop
     vertex -1.551643e+00  7.960910e+01  1.800004e+01
     vertex -1.495281e+00  7.946618e+01  2.300005e+01
     vertex -1.551643e+00  7.960910e+01  2.300005e+01
   endloop
 endfacet
 facet normal -9.302784e-01  3.668542e-01  0.000000e+00
   outer loop
     vertex -1.495281e+00  1.302350e+02  1.800004e+01
     vertex -1.551643e+00  1.300921e+02  1.800004e+01
     vertex -1.551643e+00  1.300921e+02  2.300005e+01
   endloop
 endfacet
 facet normal -9.302784e-01  3.668542e-01  0.000000e+00
   outer loop
     vertex -1.495281e+00  1.302350e+02  1.800004e+01
     vertex -1.551643e+00  1.300921e+02  2.300005e+01
     vertex -1.495281e+00  1.302350e+02  2.300005e+01
   endloop
 endfacet
 facet normal -9.030747e-01 -4.294834e-01  0.000000e+00
   outer loop
     vertex -1.495281e+00  7.946618e+01  1.800004e+01
     vertex -1.429297e+00  7.932744e+01  1.800004e+01
     vertex -1.429297e+00  7.932744e+01  2.300005e+01
   endloop
 endfacet
 facet normal -9.030747e-01 -4.294834e-01  0.000000e+00
   outer loop
     vertex -1.495281e+00  7.946618e+01  1.800004e+01
     vertex -1.429297e+00  7.932744e+01  2.300005e+01
     vertex -1.495281e+00  7.946618e+01  2.300005e+01
   endloop
 endfacet
 facet normal -9.030747e-01  4.294834e-01  0.000000e+00
   outer loop
     vertex -1.429297e+00  1.303737e+02  1.800004e+01
     vertex -1.495281e+00  1.302350e+02  1.800004e+01
     vertex -1.495281e+00  1.302350e+02  2.300005e+01
   endloop
 endfacet
 facet normal -9.030747e-01  4.294834e-01  0.000000e+00
   outer loop
     vertex -1.429297e+00  1.303737e+02  1.800004e+01
     vertex -1.495281e+00  1.302350e+02  2.300005e+01
     vertex -1.429297e+00  1.303737e+02  2.300005e+01
   endloop
 endfacet
 facet normal -8.716605e-01 -4.901102e-01  0.000000e+00
   outer loop
     vertex -1.429297e+00  7.932744e+01  1.800004e+01
     vertex -1.353999e+00  7.919352e+01  1.800004e+01
     vertex -1.353999e+00  7.919352e+01  2.300005e+01
   endloop
 endfacet
 facet normal -8.716605e-01 -4.901102e-01  0.000000e+00
   outer loop
     vertex -1.429297e+00  7.932744e+01  1.800004e+01
     vertex -1.353999e+00  7.919352e+01  2.300005e+01
     vertex -1.429297e+00  7.932744e+01  2.300005e+01
   endloop
 endfacet
 facet normal -8.716605e-01  4.901102e-01  0.000000e+00
   outer loop
     vertex -1.353999e+00  1.305077e+02  1.800004e+01
     vertex -1.429297e+00  1.303737e+02  1.800004e+01
     vertex -1.429297e+00  1.303737e+02  2.300005e+01
   endloop
 endfacet
 facet normal -8.716605e-01  4.901102e-01  0.000000e+00
   outer loop
     vertex -1.353999e+00  1.305077e+02  1.800004e+01
     vertex -1.429297e+00  1.303737e+02  2.300005e+01
     vertex -1.353999e+00  1.305077e+02  2.300005e+01
   endloop
 endfacet
 facet normal -8.361821e-01 -5.484519e-01  0.000000e+00
   outer loop
     vertex -1.353999e+00  7.919352e+01  1.800004e+01
     vertex -1.269737e+00  7.906505e+01  1.800004e+01
     vertex -1.269737e+00  7.906505e+01  2.300005e+01
   endloop
 endfacet
 facet normal -8.361821e-01 -5.484519e-01  0.000000e+00
   outer loop
     vertex -1.353999e+00  7.919352e+01  1.800004e+01
     vertex -1.269737e+00  7.906505e+01  2.300005e+01
     vertex -1.353999e+00  7.919352e+01  2.300005e+01
   endloop
 endfacet
 facet normal -8.361821e-01  5.484519e-01  0.000000e+00
   outer loop
     vertex -1.269737e+00  1.306361e+02  1.800004e+01
     vertex -1.353999e+00  1.305077e+02  1.800004e+01
     vertex -1.353999e+00  1.305077e+02  2.300005e+01
   endloop
 endfacet
 facet normal -8.361821e-01  5.484519e-01  0.000000e+00
   outer loop
     vertex -1.269737e+00  1.306361e+02  1.800004e+01
     vertex -1.353999e+00  1.305077e+02  2.300005e+01
     vertex -1.269737e+00  1.306361e+02  2.300005e+01
   endloop
 endfacet
 facet normal -7.968051e-01 -6.042364e-01  0.000000e+00
   outer loop
     vertex -1.269737e+00  7.906505e+01  1.800004e+01
     vertex -1.176905e+00  7.894263e+01  1.800004e+01
     vertex -1.176905e+00  7.894263e+01  2.300005e+01
   endloop
 endfacet
 facet normal -7.968051e-01 -6.042364e-01  0.000000e+00
   outer loop
     vertex -1.269737e+00  7.906505e+01  1.800004e+01
     vertex -1.176905e+00  7.894263e+01  2.300005e+01
     vertex -1.269737e+00  7.906505e+01  2.300005e+01
   endloop
 endfacet
 facet normal -7.968051e-01  6.042364e-01  0.000000e+00
   outer loop
     vertex -1.176905e+00  1.307585e+02  1.800004e+01
     vertex -1.269737e+00  1.306361e+02  1.800004e+01
     vertex -1.269737e+00  1.306361e+02  2.300005e+01
   endloop
 endfacet
 facet normal -7.968051e-01  6.042364e-01  0.000000e+00
   outer loop
     vertex -1.176905e+00  1.307585e+02  1.800004e+01
     vertex -1.269737e+00  1.306361e+02  2.300005e+01
     vertex -1.176905e+00  1.307585e+02  2.300005e+01
   endloop
 endfacet
 facet normal -7.537130e-01 -6.572037e-01  0.000000e+00
   outer loop
     vertex -1.176905e+00  7.894263e+01  1.800004e+01
     vertex -1.075936e+00  7.882684e+01  1.800004e+01
     vertex -1.075936e+00  7.882684e+01  2.300005e+01
   endloop
 endfacet
 facet normal -7.537130e-01 -6.572037e-01  0.000000e+00
   outer loop
     vertex -1.176905e+00  7.894263e+01  1.800004e+01
     vertex -1.075936e+00  7.882684e+01  2.300005e+01
     vertex -1.176905e+00  7.894263e+01  2.300005e+01
   endloop
 endfacet
 facet normal -7.537130e-01  6.572037e-01  0.000000e+00
   outer loop
     vertex -1.075936e+00  1.308743e+02  1.800004e+01
     vertex -1.176905e+00  1.307585e+02  1.800004e+01
     vertex -1.176905e+00  1.307585e+02  2.300005e+01
   endloop
 endfacet
 facet normal -7.537130e-01  6.572037e-01  0.000000e+00
   outer loop
     vertex -1.075936e+00  1.308743e+02  1.800004e+01
     vertex -1.176905e+00  1.307585e+02  2.300005e+01
     vertex -1.075936e+00  1.308743e+02  2.300005e+01
   endloop
 endfacet
 facet normal -7.071068e-01 -7.071068e-01  0.000000e+00
   outer loop
     vertex -1.075936e+00  7.882684e+01  1.800004e+01
     vertex -9.672991e-01  7.871820e+01  1.800004e+01
     vertex -9.672991e-01  7.871820e+01  2.300005e+01
   endloop
 endfacet
 facet normal -7.071068e-01 -7.071068e-01  0.000000e+00
   outer loop
     vertex -1.075936e+00  7.882684e+01  1.800004e+01
     vertex -9.672991e-01  7.871820e+01  2.300005e+01
     vertex -1.075936e+00  7.882684e+01  2.300005e+01
   endloop
 endfacet
 facet normal -7.071068e-01  7.071068e-01  0.000000e+00
   outer loop
     vertex -9.672991e-01  1.309830e+02  1.800004e+01
     vertex -1.075936e+00  1.308743e+02  1.800004e+01
     vertex -1.075936e+00  1.308743e+02  2.300005e+01
   endloop
 endfacet
 facet normal -7.071068e-01  7.071068e-01  0.000000e+00
   outer loop
     vertex -9.672991e-01  1.309830e+02  1.800004e+01
     vertex -1.075936e+00  1.308743e+02  2.300005e+01
     vertex -9.672991e-01  1.309830e+02  2.300005e+01
   endloop
 endfacet
 facet normal -6.572037e-01 -7.537130e-01  0.000000e+00
   outer loop
     vertex -9.672991e-01  7.871820e+01  1.800004e+01
     vertex -8.515022e-01  7.861723e+01  1.800004e+01
     vertex -8.515022e-01  7.861723e+01  2.300005e+01
   endloop
 endfacet
 facet normal -6.572037e-01 -7.537130e-01  0.000000e+00
   outer loop
     vertex -9.672991e-01  7.871820e+01  1.800004e+01
     vertex -8.515022e-01  7.861723e+01  2.300005e+01
     vertex -9.672991e-01  7.871820e+01  2.300005e+01
   endloop
 endfacet
 facet normal -6.572037e-01  7.537130e-01  0.000000e+00
   outer loop
     vertex -8.515022e-01  1.310839e+02  1.800004e+01
     vertex -9.672991e-01  1.309830e+02  1.800004e+01
     vertex -9.672991e-01  1.309830e+02  2.300005e+01
   endloop
 endfacet
 facet normal -6.572037e-01  7.537130e-01  0.000000e+00
   outer loop
     vertex -8.515022e-01  1.310839e+02  1.800004e+01
     vertex -9.672991e-01  1.309830e+02  2.300005e+01
     vertex -8.515022e-01  1.310839e+02  2.300005e+01
   endloop
 endfacet
 facet normal -6.042364e-01 -7.968051e-01  0.000000e+00
   outer loop
     vertex -8.515022e-01  7.861723e+01  1.800004e+01
     vertex -7.290849e-01  7.852440e+01  1.800004e+01
     vertex -7.290849e-01  7.852440e+01  2.300005e+01
   endloop
 endfacet
 facet normal -6.042364e-01 -7.968051e-01  0.000000e+00
   outer loop
     vertex -8.515022e-01  7.861723e+01  1.800004e+01
     vertex -7.290849e-01  7.852440e+01  2.300005e+01
     vertex -8.515022e-01  7.861723e+01  2.300005e+01
   endloop
 endfacet
 facet normal -6.042364e-01  7.968051e-01  0.000000e+00
   outer loop
     vertex -7.290849e-01  1.311768e+02  1.800004e+01
     vertex -8.515022e-01  1.310839e+02  1.800004e+01
     vertex -8.515022e-01  1.310839e+02  2.300005e+01
   endloop
 endfacet
 facet normal -6.042364e-01  7.968051e-01  0.000000e+00
   outer loop
     vertex -7.290849e-01  1.311768e+02  1.800004e+01
     vertex -8.515022e-01  1.310839e+02  2.300005e+01
     vertex -7.290849e-01  1.311768e+02  2.300005e+01
   endloop
 endfacet
 facet normal -5.484519e-01 -8.361821e-01  0.000000e+00
   outer loop
     vertex -7.290849e-01  7.852440e+01  1.800004e+01
     vertex -6.006178e-01  7.844014e+01  1.800004e+01
     vertex -6.006178e-01  7.844014e+01  2.300005e+01
   endloop
 endfacet
 facet normal -5.484519e-01 -8.361821e-01  0.000000e+00
   outer loop
     vertex -7.290849e-01  7.852440e+01  1.800004e+01
     vertex -6.006178e-01  7.844014e+01  2.300005e+01
     vertex -7.290849e-01  7.852440e+01  2.300005e+01
   endloop
 endfacet
 facet normal -5.484519e-01  8.361821e-01  0.000000e+00
   outer loop
     vertex -6.006178e-01  1.312610e+02  1.800004e+01
     vertex -7.290849e-01  1.311768e+02  1.800004e+01
     vertex -7.290849e-01  1.311768e+02  2.300005e+01
   endloop
 endfacet
 facet normal -5.484519e-01  8.361821e-01  0.000000e+00
   outer loop
     vertex -6.006178e-01  1.312610e+02  1.800004e+01
     vertex -7.290849e-01  1.311768e+02  2.300005e+01
     vertex -6.006178e-01  1.312610e+02  2.300005e+01
   endloop
 endfacet
 facet normal -4.901102e-01 -8.716605e-01  0.000000e+00
   outer loop
     vertex -6.006178e-01  7.844014e+01  1.800004e+01
     vertex -4.667000e-01  7.836484e+01  1.800004e+01
     vertex -4.667000e-01  7.836484e+01  2.300005e+01
   endloop
 endfacet
 facet normal -4.901102e-01 -8.716605e-01  0.000000e+00
   outer loop
     vertex -6.006178e-01  7.844014e+01  1.800004e+01
     vertex -4.667000e-01  7.836484e+01  2.300005e+01
     vertex -6.006178e-01  7.844014e+01  2.300005e+01
   endloop
 endfacet
 facet normal -4.901102e-01  8.716605e-01  0.000000e+00
   outer loop
     vertex -4.667000e-01  1.313363e+02  1.800004e+01
     vertex -6.006178e-01  1.312610e+02  1.800004e+01
     vertex -6.006178e-01  1.312610e+02  2.300005e+01
   endloop
 endfacet
 facet normal -4.901102e-01  8.716605e-01  0.000000e+00
   outer loop
     vertex -4.667000e-01  1.313363e+02  1.800004e+01
     vertex -6.006178e-01  1.312610e+02  2.300005e+01
     vertex -4.667000e-01  1.313363e+02  2.300005e+01
   endloop
 endfacet
 facet normal -4.294834e-01 -9.030747e-01  0.000000e+00
   outer loop
     vertex -4.667000e-01  7.836484e+01  1.800004e+01
     vertex -3.279559e-01  7.829886e+01  1.800004e+01
     vertex -3.279559e-01  7.829886e+01  2.300005e+01
   endloop
 endfacet
 facet normal -4.294834e-01 -9.030747e-01  0.000000e+00
   outer loop
     vertex -4.667000e-01  7.836484e+01  1.800004e+01
     vertex -3.279559e-01  7.829886e+01  2.300005e+01
     vertex -4.667000e-01  7.836484e+01  2.300005e+01
   endloop
 endfacet
 facet normal -4.294834e-01  9.030747e-01  0.000000e+00
   outer loop
     vertex -3.279559e-01  1.314023e+02  1.800004e+01
     vertex -4.667000e-01  1.313363e+02  1.800004e+01
     vertex -4.667000e-01  1.313363e+02  2.300005e+01
   endloop
 endfacet
 facet normal -4.294834e-01  9.030747e-01  0.000000e+00
   outer loop
     vertex -3.279559e-01  1.314023e+02  1.800004e+01
     vertex -4.667000e-01  1.313363e+02  2.300005e+01
     vertex -3.279559e-01  1.314023e+02  2.300005e+01
   endloop
 endfacet
 facet normal -3.668542e-01 -9.302784e-01  0.000000e+00
   outer loop
     vertex -3.279559e-01  7.829886e+01  1.800004e+01
     vertex -1.850323e-01  7.824249e+01  1.800004e+01
     vertex -1.850323e-01  7.824249e+01  2.300005e+01
   endloop
 endfacet
 facet normal -3.668542e-01 -9.302784e-01  0.000000e+00
   outer loop
     vertex -3.279559e-01  7.829886e+01  1.800004e+01
     vertex -1.850323e-01  7.824249e+01  2.300005e+01
     vertex -3.279559e-01  7.829886e+01  2.300005e+01
   endloop
 endfacet
 facet normal -3.668542e-01  9.302784e-01  0.000000e+00
   outer loop
     vertex -1.850323e-01  1.314587e+02  1.800004e+01
     vertex -3.279559e-01  1.314023e+02  1.800004e+01
     vertex -3.279559e-01  1.314023e+02  2.300005e+01
   endloop
 endfacet
 facet normal -3.668542e-01  9.302784e-01  0.000000e+00
   outer loop
     vertex -1.850323e-01  1.314587e+02  1.800004e+01
     vertex -3.279559e-01  1.314023e+02  2.300005e+01
     vertex -1.850323e-01  1.314587e+02  2.300005e+01
   endloop
 endfacet
 facet normal -3.025146e-01 -9.531448e-01  0.000000e+00
   outer loop
     vertex -1.850323e-01  7.824249e+01  1.800004e+01
     vertex -3.859571e-02  7.819602e+01  1.800004e+01
     vertex -3.859571e-02  7.819602e+01  2.300005e+01
   endloop
 endfacet
 facet normal -3.025146e-01 -9.531448e-01  0.000000e+00
   outer loop
     vertex -1.850323e-01  7.824249e+01  1.800004e+01
     vertex -3.859571e-02  7.819602e+01  2.300005e+01
     vertex -1.850323e-01  7.824249e+01  2.300005e+01
   endloop
 endfacet
 facet normal -3.025146e-01  9.531448e-01  0.000000e+00
   outer loop
     vertex -3.859571e-02  1.315052e+02  1.800004e+01
     vertex -1.850323e-01  1.314587e+02  1.800004e+01
     vertex -1.850323e-01  1.314587e+02  2.300005e+01
   endloop
 endfacet
 facet normal -3.025146e-01  9.531448e-01  0.000000e+00
   outer loop
     vertex -3.859571e-02  1.315052e+02  1.800004e+01
     vertex -1.850323e-01  1.314587e+02  2.300005e+01
     vertex -3.859571e-02  1.315052e+02  2.300005e+01
   endloop
 endfacet
 facet normal -2.367644e-01 -9.715671e-01  0.000000e+00
   outer loop
     vertex -3.859571e-02  7.819602e+01  1.800004e+01
     vertex  1.106713e-01  7.815964e+01  1.800004e+01
     vertex  1.106713e-01  7.815964e+01  2.300005e+01
   endloop
 endfacet
 facet normal -2.367644e-01 -9.715671e-01  0.000000e+00
   outer loop
     vertex -3.859571e-02  7.819602e+01  1.800004e+01
     vertex  1.106713e-01  7.815964e+01  2.300005e+01
     vertex -3.859571e-02  7.819602e+01  2.300005e+01
   endloop
 endfacet
 facet normal -2.367644e-01  9.715671e-01  0.000000e+00
   outer loop
     vertex  1.106713e-01  1.315415e+02  1.800004e+01
     vertex -3.859571e-02  1.315052e+02  1.800004e+01
     vertex -3.859571e-02  1.315052e+02  2.300005e+01
   endloop
 endfacet
 facet normal -2.367644e-01  9.715671e-01  0.000000e+00
   outer loop
     vertex  1.106713e-01  1.315415e+02  1.800004e+01
     vertex -3.859571e-02  1.315052e+02  2.300005e+01
     vertex  1.106713e-01  1.315415e+02  2.300005e+01
   endloop
 endfacet
 facet normal -1.699104e-01 -9.854595e-01  0.000000e+00
   outer loop
     vertex  1.106713e-01  7.815964e+01  1.800004e+01
     vertex  2.620726e-01  7.813354e+01  1.800004e+01
     vertex  2.620726e-01  7.813354e+01  2.300005e+01
   endloop
 endfacet
 facet normal -1.699104e-01 -9.854595e-01  0.000000e+00
   outer loop
     vertex  1.106713e-01  7.815964e+01  1.800004e+01
     vertex  2.620726e-01  7.813354e+01  2.300005e+01
     vertex  1.106713e-01  7.815964e+01  2.300005e+01
   endloop
 endfacet
 facet normal -1.699104e-01  9.854595e-01  0.000000e+00
   outer loop
     vertex  2.620726e-01  1.315676e+02  1.800004e+01
     vertex  1.106713e-01  1.315415e+02  1.800004e+01
     vertex  1.106713e-01  1.315415e+02  2.300005e+01
   endloop
 endfacet
 facet normal -1.699104e-01  9.854595e-01  0.000000e+00
   outer loop
     vertex  2.620726e-01  1.315676e+02  1.800004e+01
     vertex  1.106713e-01  1.315415e+02  2.300005e+01
     vertex  2.620726e-01  1.315676e+02  2.300005e+01
   endloop
 endfacet
 facet normal -1.022641e-01 -9.947573e-01  0.000000e+00
   outer loop
     vertex  2.620726e-01  7.813354e+01  1.800004e+01
     vertex  4.149024e-01  7.811783e+01  1.800004e+01
     vertex  4.149024e-01  7.811783e+01  2.300005e+01
   endloop
 endfacet
 facet normal -1.022641e-01 -9.947573e-01  0.000000e+00
   outer loop
     vertex  2.620726e-01  7.813354e+01  1.800004e+01
     vertex  4.149024e-01  7.811783e+01  2.300005e+01
     vertex  2.620726e-01  7.813354e+01  2.300005e+01
   endloop
 endfacet
 facet normal -1.022641e-01  9.947573e-01  0.000000e+00
   outer loop
     vertex  4.149024e-01  1.315833e+02  1.800004e+01
     vertex  2.620726e-01  1.315676e+02  1.800004e+01
     vertex  2.620726e-01  1.315676e+02  2.300005e+01
   endloop
 endfacet
 facet normal -1.022641e-01  9.947573e-01  0.000000e+00
   outer loop
     vertex  4.149024e-01  1.315833e+02  1.800004e+01
     vertex  2.620726e-01  1.315676e+02  2.300005e+01
     vertex  4.149024e-01  1.315833e+02  2.300005e+01
   endloop
 endfacet
 facet normal -3.414111e-02 -9.994170e-01  0.000000e+00
   outer loop
     vertex  4.149024e-01  7.811783e+01  1.800004e+01
     vertex  5.684481e-01  7.811258e+01  1.800004e+01
     vertex  5.684481e-01  7.811258e+01  2.300005e+01
   endloop
 endfacet
 facet normal -3.414111e-02 -9.994170e-01  0.000000e+00
   outer loop
     vertex  4.149024e-01  7.811783e+01  1.800004e+01
     vertex  5.684481e-01  7.811258e+01  2.300005e+01
     vertex  4.149024e-01  7.811783e+01  2.300005e+01
   endloop
 endfacet
 facet normal -3.414111e-02  9.994170e-01  0.000000e+00
   outer loop
     vertex  5.684481e-01  1.315886e+02  1.800004e+01
     vertex  4.149024e-01  1.315833e+02  1.800004e+01
     vertex  4.149024e-01  1.315833e+02  2.300005e+01
   endloop
 endfacet
 facet normal -3.414111e-02  9.994170e-01  0.000000e+00
   outer loop
     vertex  5.684481e-01  1.315886e+02  1.800004e+01
     vertex  4.149024e-01  1.315833e+02  2.300005e+01
     vertex  5.684481e-01  1.315886e+02  2.300005e+01
   endloop
 endfacet
 facet normal  0.000000e+00 -1.000000e+00  0.000000e+00
   outer loop
     vertex  5.684481e-01  7.811258e+01  1.800004e+01
     vertex  6.874949e+01  7.811258e+01  1.800004e+01
     vertex  6.874949e+01  7.811258e+01  2.300005e+01
   endloop
 endfacet
 facet normal  0.000000e+00 -1.000000e+00  0.000000e+00
   outer loop
     vertex  5.684481e-01  7.811258e+01  1.800004e+01
     vertex  6.874949e+01  7.811258e+01  2.300005e+01
     vertex  5.684481e-01  7.811258e+01  2.300005e+01
   endloop
 endfacet
 facet normal  0.000000e+00  1.000000e+00  0.000000e+00
   outer loop
     vertex  6.874949e+01  1.315886e+02  1.800004e+01
     vertex  5.684481e-01  1.315886e+02  1.800004e+01
     vertex  5.684481e-01  1.315886e+02  2.300005e+01
   endloop
 endfacet
 facet normal  0.000000e+00  1.000000e+00 -0.000000e+00
   outer loop
     vertex  6.874949e+01  1.315886e+02  1.800004e+01
     vertex  5.684481e-01  1.315886e+02  2.300005e+01
     vertex  6.874949e+01  1.315886e+02  2.300005e+01
   endloop
 endfacet
 facet normal  3.414111e-02 -9.994170e-01  0.000000e+00
   outer loop
     vertex  6.874949e+01  7.811258e+01  1.800004e+01
     vertex  6.890304e+01  7.811783e+01  1.800004e+01
     vertex  6.890304e+01  7.811783e+01  2.300005e+01
   endloop
 endfacet
 facet normal  3.414111e-02 -9.994170e-01  0.000000e+00
   outer loop
     vertex  6.874949e+01  7.811258e+01  1.800004e+01
     vertex  6.890304e+01  7.811783e+01  2.300005e+01
     vertex  6.874949e+01  7.811258e+01  2.300005e+01
   endloop
 endfacet
 facet normal  3.414111e-02  9.994170e-01  0.000000e+00
   outer loop
     vertex  6.890304e+01  1.315833e+02  1.800004e+01
     vertex  6.874949e+01  1.315886e+02  1.800004e+01
     vertex  6.874949e+01  1.315886e+02  2.300005e+01
   endloop
 endfacet
 facet normal  3.414111e-02  9.994170e-01 -0.000000e+00
   outer loop
     vertex  6.890304e+01  1.315833e+02  1.800004e+01
     vertex  6.874949e+01  1.315886e+02  2.300005e+01
     vertex  6.890304e+01  1.315833e+02  2.300005e+01
   endloop
 endfacet
 facet normal  1.022641e-01 -9.947573e-01  0.000000e+00
   outer loop
     vertex  6.890304e+01  7.811783e+01  1.800004e+01
     vertex  6.905587e+01  7.813354e+01  1.800004e+01
     vertex  6.905587e+01  7.813354e+01  2.300005e+01
   endloop
 endfacet
 facet normal  1.022641e-01 -9.947573e-01  0.000000e+00
   outer loop
     vertex  6.890304e+01  7.811783e+01  1.800004e+01
     vertex  6.905587e+01  7.813354e+01  2.300005e+01
     vertex  6.890304e+01  7.811783e+01  2.300005e+01
   endloop
 endfacet
 facet normal  1.022641e-01  9.947573e-01  0.000000e+00
   outer loop
     vertex  6.905587e+01  1.315676e+02  1.800004e+01
     vertex  6.890304e+01  1.315833e+02  1.800004e+01
     vertex  6.890304e+01  1.315833e+02  2.300005e+01
   endloop
 endfacet
 facet normal  1.022641e-01  9.947573e-01 -0.000000e+00
   outer loop
     vertex  6.905587e+01  1.315676e+02  1.800004e+01
     vertex  6.890304e+01  1.315833e+02  2.300005e+01
     vertex  6.905587e+01  1.315676e+02  2.300005e+01
   endloop
 endfacet
 facet normal  1.699104e-01 -9.854595e-01  0.000000e+00
   outer loop
     vertex  6.905587e+01  7.813354e+01  1.800004e+01
     vertex  6.920727e+01  7.815964e+01  1.800004e+01
     vertex  6.920727e+01  7.815964e+01  2.300005e+01
   endloop
 endfacet
 facet normal  1.699104e-01 -9.854595e-01  0.000000e+00
   outer loop
     vertex  6.905587e+01  7.813354e+01  1.800004e+01
     vertex  6.920727e+01  7.815964e+01  2.300005e+01
     vertex  6.905587e+01  7.813354e+01  2.300005e+01
   endloop
 endfacet
 facet normal  1.699104e-01  9.854595e-01  0.000000e+00
   outer loop
     vertex  6.920727e+01  1.315415e+02  1.800004e+01
     vertex  6.905587e+01  1.315676e+02  1.800004e+01
     vertex  6.905587e+01  1.315676e+02  2.300005e+01
   endloop
 endfacet
 facet normal  1.699104e-01  9.854595e-01 -0.000000e+00
   outer loop
     vertex  6.920727e+01  1.315415e+02  1.800004e+01
     vertex  6.905587e+01  1.315676e+02  2.300005e+01
     vertex  6.920727e+01  1.315415e+02  2.300005e+01
   endloop
 endfacet
 facet normal  2.367644e-01 -9.715671e-01  0.000000e+00
   outer loop
     vertex  6.920727e+01  7.815964e+01  1.800004e+01
     vertex  6.935654e+01  7.819602e+01  1.800004e+01
     vertex  6.935654e+01  7.819602e+01  2.300005e+01
   endloop
 endfacet
 facet normal  2.367644e-01 -9.715671e-01  0.000000e+00
   outer loop
     vertex  6.920727e+01  7.815964e+01  1.800004e+01
     vertex  6.935654e+01  7.819602e+01  2.300005e+01
     vertex  6.920727e+01  7.815964e+01  2.300005e+01
   endloop
 endfacet
 facet normal  2.367644e-01  9.715671e-01  0.000000e+00
   outer loop
     vertex  6.935654e+01  1.315052e+02  1.800004e+01
     vertex  6.920727e+01  1.315415e+02  1.800004e+01
     vertex  6.920727e+01  1.315415e+02  2.300005e+01
   endloop
 endfacet
 facet normal  2.367644e-01  9.715671e-01 -0.000000e+00
   outer loop
     vertex  6.935654e+01  1.315052e+02  1.800004e+01
     vertex  6.920727e+01  1.315415e+02  2.300005e+01
     vertex  6.935654e+01  1.315052e+02  2.300005e+01
   endloop
 endfacet
 facet normal  3.025146e-01 -9.531448e-01  0.000000e+00
   outer loop
     vertex  6.935654e+01  7.819602e+01  1.800004e+01
     vertex  6.950297e+01  7.824249e+01  1.800004e+01
     vertex  6.950297e+01  7.824249e+01  2.300005e+01
   endloop
 endfacet
 facet normal  3.025146e-01 -9.531448e-01  0.000000e+00
   outer loop
     vertex  6.935654e+01  7.819602e+01  1.800004e+01
     vertex  6.950297e+01  7.824249e+01  2.300005e+01
     vertex  6.935654e+01  7.819602e+01  2.300005e+01
   endloop
 endfacet
 facet normal  3.025146e-01  9.531448e-01  0.000000e+00
   outer loop
     vertex  6.950297e+01  1.314587e+02  1.800004e+01
     vertex  6.935654e+01  1.315052e+02  1.800004e+01
     vertex  6.935654e+01  1.315052e+02  2.300005e+01
   endloop
 endfacet
 facet normal  3.025146e-01  9.531448e-01 -0.000000e+00
   outer loop
     vertex  6.950297e+01  1.314587e+02  1.800004e+01
     vertex  6.935654e+01  1.315052e+02  2.300005e+01
     vertex  6.950297e+01  1.314587e+02  2.300005e+01
   endloop
 endfacet
 facet normal  3.668542e-01 -9.302784e-01  0.000000e+00
   outer loop
     vertex  6.950297e+01  7.824249e+01  1.800004e+01
     vertex  6.964590e+01  7.829886e+01  1.800004e+01
     vertex  6.964590e+01  7.829886e+01  2.300005e+01
   endloop
 endfacet
 facet normal  3.668542e-01 -9.302784e-01  0.000000e+00
   outer loop
     vertex  6.950297e+01  7.824249e+01  1.800004e+01
     vertex  6.964590e+01  7.829886e+01  2.300005e+01
     vertex  6.950297e+01  7.824249e+01  2.300005e+01
   endloop
 endfacet
 facet normal  3.668542e-01  9.302784e-01  0.000000e+00
   outer loop
     vertex  6.964590e+01  1.314023e+02  1.800004e+01
     vertex  6.950297e+01  1.314587e+02  1.800004e+01
     vertex  6.950297e+01  1.314587e+02  2.300005e+01
   endloop
 endfacet
 facet normal  3.668542e-01  9.302784e-01 -0.000000e+00
   outer loop
     vertex  6.964590e+01  1.314023e+02  1.800004e+01
     vertex  6.950297e+01  1.314587e+02  2.300005e+01
     vertex  6.964590e+01  1.314023e+02  2.300005e+01
   endloop
 endfacet
 facet normal  4.294834e-01 -9.030747e-01  0.000000e+00
   outer loop
     vertex  6.964590e+01  7.829886e+01  1.800004e+01
     vertex  6.978464e+01  7.836484e+01  1.800004e+01
     vertex  6.978464e+01  7.836484e+01  2.300005e+01
   endloop
 endfacet
 facet normal  4.294834e-01 -9.030747e-01  0.000000e+00
   outer loop
     vertex  6.964590e+01  7.829886e+01  1.800004e+01
     vertex  6.978464e+01  7.836484e+01  2.300005e+01
     vertex  6.964590e+01  7.829886e+01  2.300005e+01
   endloop
 endfacet
 facet normal  4.294834e-01  9.030747e-01  0.000000e+00
   outer loop
     vertex  6.978464e+01  1.313363e+02  1.800004e+01
     vertex  6.964590e+01  1.314023e+02  1.800004e+01
     vertex  6.964590e+01  1.314023e+02  2.300005e+01
   endloop
 endfacet
 facet normal  4.294834e-01  9.030747e-01 -0.000000e+00
   outer loop
     vertex  6.978464e+01  1.313363e+02  1.800004e+01
     vertex  6.964590e+01  1.314023e+02  2.300005e+01
     vertex  6.978464e+01  1.313363e+02  2.300005e+01
   endloop
 endfacet
 facet normal  4.901102e-01 -8.716605e-01  0.000000e+00
   outer loop
     vertex  6.978464e+01  7.836484e+01  1.800004e+01
     vertex  6.991856e+01  7.844014e+01  1.800004e+01
     vertex  6.991856e+01  7.844014e+01  2.300005e+01
   endloop
 endfacet
 facet normal  4.901102e-01 -8.716605e-01  0.000000e+00
   outer loop
     vertex  6.978464e+01  7.836484e+01  1.800004e+01
     vertex  6.991856e+01  7.844014e+01  2.300005e+01
     vertex  6.978464e+01  7.836484e+01  2.300005e+01
   endloop
 endfacet
 facet normal  4.901102e-01  8.716605e-01  0.000000e+00
   outer loop
     vertex  6.991856e+01  1.312610e+02  1.800004e+01
     vertex  6.978464e+01  1.313363e+02  1.800004e+01
     vertex  6.978464e+01  1.313363e+02  2.300005e+01
   endloop
 endfacet
 facet normal  4.901102e-01  8.716605e-01 -0.000000e+00
   outer loop
     vertex  6.991856e+01  1.312610e+02  1.800004e+01
     vertex  6.978464e+01  1.313363e+02  2.300005e+01
     vertex  6.991856e+01  1.312610e+02  2.300005e+01
   endloop
 endfacet
 facet normal  5.484519e-01 -8.361821e-01  0.000000e+00
   outer loop
     vertex  6.991856e+01  7.844014e+01  1.800004e+01
     vertex  7.004702e+01  7.852440e+01  1.800004e+01
     vertex  7.004702e+01  7.852440e+01  2.300005e+01
   endloop
 endfacet
 facet normal  5.484519e-01 -8.361821e-01  0.000000e+00
   outer loop
     vertex  6.991856e+01  7.844014e+01  1.800004e+01
     vertex  7.004702e+01  7.852440e+01  2.300005e+01
     vertex  6.991856e+01  7.844014e+01  2.300005e+01
   endloop
 endfacet
 facet normal  5.484519e-01  8.361821e-01  0.000000e+00
   outer loop
     vertex  7.004702e+01  1.311768e+02  1.800004e+01
     vertex  6.991856e+01  1.312610e+02  1.800004e+01
     vertex  6.991856e+01  1.312610e+02  2.300005e+01
   endloop
 endfacet
 facet normal  5.484519e-01  8.361821e-01 -0.000000e+00
   outer loop
     vertex  7.004702e+01  1.311768e+02  1.800004e+01
     vertex  6.991856e+01  1.312610e+02  2.300005e+01
     vertex  7.004702e+01  1.311768e+02  2.300005e+01
   endloop
 endfacet
 facet normal  6.042364e-01 -7.968051e-01  0.000000e+00
   outer loop
     vertex  7.004702e+01  7.852440e+01  1.800004e+01
     vertex  7.016944e+01  7.861723e+01  1.800004e+01
     vertex  7.016944e+01  7.861723e+01  2.300005e+01
   endloop
 endfacet
 facet normal  6.042364e-01 -7.968051e-01  0.000000e+00
   outer loop
     vertex  7.004702e+01  7.852440e+01  1.800004e+01
     vertex  7.016944e+01  7.861723e+01  2.300005e+01
     vertex  7.004702e+01  7.852440e+01  2.300005e+01
   endloop
 endfacet
 facet normal  6.042364e-01  7.968051e-01  0.000000e+00
   outer loop
     vertex  7.016944e+01  1.310839e+02  1.800004e+01
     vertex  7.004702e+01  1.311768e+02  1.800004e+01
     vertex  7.004702e+01  1.311768e+02  2.300005e+01
   endloop
 endfacet
 facet normal  6.042364e-01  7.968051e-01 -0.000000e+00
   outer loop
     vertex  7.016944e+01  1.310839e+02  1.800004e+01
     vertex  7.004702e+01  1.311768e+02  2.300005e+01
     vertex  7.016944e+01  1.310839e+02  2.300005e+01
   endloop
 endfacet
 facet normal  6.572037e-01 -7.537130e-01  0.000000e+00
   outer loop
     vertex  7.016944e+01  7.861723e+01  1.800004e+01
     vertex  7.028524e+01  7.871820e+01  1.800004e+01
     vertex  7.028524e+01  7.871820e+01  2.300005e+01
   endloop
 endfacet
 facet normal  6.572037e-01 -7.537130e-01  0.000000e+00
   outer loop
     vertex  7.016944e+01  7.861723e+01  1.800004e+01
     vertex  7.028524e+01  7.871820e+01  2.300005e+01
     vertex  7.016944e+01  7.861723e+01  2.300005e+01
   endloop
 endfacet
 facet normal  6.572037e-01  7.537130e-01  0.000000e+00
   outer loop
     vertex  7.028524e+01  1.309830e+02  1.800004e+01
     vertex  7.016944e+01  1.310839e+02  1.800004e+01
     vertex  7.016944e+01  1.310839e+02  2.300005e+01
   endloop
 endfacet
 facet normal  6.572037e-01  7.537130e-01 -0.000000e+00
   outer loop
     vertex  7.028524e+01  1.309830e+02  1.800004e+01
     vertex  7.016944e+01  1.310839e+02  2.300005e+01
     vertex  7.028524e+01  1.309830e+02  2.300005e+01
   endloop
 endfacet
 facet normal  7.071068e-01 -7.071068e-01  0.000000e+00
   outer loop
     vertex  7.028524e+01  7.871820e+01  1.800004e+01
     vertex  7.039388e+01  7.882684e+01  1.800004e+01
     vertex  7.039388e+01  7.882684e+01  2.300005e+01
   endloop
 endfacet
 facet normal  7.071068e-01 -7.071068e-01  0.000000e+00
   outer loop
     vertex  7.028524e+01  7.871820e+01  1.800004e+01
     vertex  7.039388e+01  7.882684e+01  2.300005e+01
     vertex  7.028524e+01  7.871820e+01  2.300005e+01
   endloop
 endfacet
 facet normal  7.071068e-01  7.071068e-01  0.000000e+00
   outer loop
     vertex  7.039388e+01  1.308743e+02  1.800004e+01
     vertex  7.028524e+01  1.309830e+02  1.800004e+01
     vertex  7.028524e+01  1.309830e+02  2.300005e+01
   endloop
 endfacet
 facet normal  7.071068e-01  7.071068e-01 -0.000000e+00
   outer loop
     vertex  7.039388e+01  1.308743e+02  1.800004e+01
     vertex  7.028524e+01  1.309830e+02  2.300005e+01
     vertex  7.039388e+01  1.308743e+02  2.300005e+01
   endloop
 endfacet
 facet normal  7.537130e-01 -6.572037e-01  0.000000e+00
   outer loop
     vertex  7.039388e+01  7.882684e+01  1.800004e+01
     vertex  7.049485e+01  7.894263e+01  1.800004e+01
     vertex  7.049485e+01  7.894263e+01  2.300005e+01
   endloop
 endfacet
 facet normal  7.537130e-01 -6.572037e-01  0.000000e+00
   outer loop
     vertex  7.039388e+01  7.882684e+01  1.800004e+01
     vertex  7.049485e+01  7.894263e+01  2.300005e+01
     vertex  7.039388e+01  7.882684e+01  2.300005e+01
   endloop
 endfacet
 facet normal  7.537130e-01  6.572037e-01  0.000000e+00
   outer loop
     vertex  7.049485e+01  1.307585e+02  1.800004e+01
     vertex  7.039388e+01  1.308743e+02  1.800004e+01
     vertex  7.039388e+01  1.308743e+02  2.300005e+01
   endloop
 endfacet
 facet normal  7.537130e-01  6.572037e-01 -0.000000e+00
   outer loop
     vertex  7.049485e+01  1.307585e+02  1.800004e+01
     vertex  7.039388e+01  1.308743e+02  2.300005e+01
     vertex  7.049485e+01  1.307585e+02  2.300005e+01
   endloop
 endfacet
 facet normal  7.968051e-01 -6.042364e-01  0.000000e+00
   outer loop
     vertex  7.049485e+01  7.894263e+01  1.800004e+01
     vertex  7.058768e+01  7.906505e+01  1.800004e+01
     vertex  7.058768e+01  7.906505e+01  2.300005e+01
   endloop
 endfacet
 facet normal  7.968051e-01 -6.042364e-01  0.000000e+00
   outer loop
     vertex  7.049485e+01  7.894263e+01  1.800004e+01
     vertex  7.058768e+01  7.906505e+01  2.300005e+01
     vertex  7.049485e+01  7.894263e+01  2.300005e+01
   endloop
 endfacet
 facet normal  7.968051e-01  6.042364e-01  0.000000e+00
   outer loop
     vertex  7.058768e+01  1.306361e+02  1.800004e+01
     vertex  7.049485e+01  1.307585e+02  1.800004e+01
     vertex  7.049485e+01  1.307585e+02  2.300005e+01
   endloop
 endfacet
 facet normal  7.968051e-01  6.042364e-01 -0.000000e+00
   outer loop
     vertex  7.058768e+01  1.306361e+02  1.800004e+01
     vertex  7.049485e+01  1.307585e+02  2.300005e+01
     vertex  7.058768e+01  1.306361e+02  2.300005e+01
   endloop
 endfacet
 facet normal  8.361821e-01 -5.484519e-01  0.000000e+00
   outer loop
     vertex  7.058768e+01  7.906505e+01  1.800004e+01
     vertex  7.067194e+01  7.919352e+01  1.800004e+01
     vertex  7.067194e+01  7.919352e+01  2.300005e+01
   endloop
 endfacet
 facet normal  8.361821e-01 -5.484519e-01  0.000000e+00
   outer loop
     vertex  7.058768e+01  7.906505e+01  1.800004e+01
     vertex  7.067194e+01  7.919352e+01  2.300005e+01
     vertex  7.058768e+01  7.906505e+01  2.300005e+01
   endloop
 endfacet
 facet normal  8.361821e-01  5.484519e-01  0.000000e+00
   outer loop
     vertex  7.067194e+01  1.305077e+02  1.800004e+01
     vertex  7.058768e+01  1.306361e+02  1.800004e+01
     vertex  7.058768e+01  1.306361e+02  2.300005e+01
   endloop
 endfacet
 facet normal  8.361821e-01  5.484519e-01 -0.000000e+00
   outer loop
     vertex  7.067194e+01  1.305077e+02  1.800004e+01
     vertex  7.058768e+01  1.306361e+02  2.300005e+01
     vertex  7.067194e+01  1.305077e+02  2.300005e+01
   endloop
 endfacet
 facet normal  8.716605e-01 -4.901102e-01  0.000000e+00
   outer loop
     vertex  7.067194e+01  7.919352e+01  1.800004e+01
     vertex  7.074724e+01  7.932744e+01  1.800004e+01
     vertex  7.074724e+01  7.932744e+01  2.300005e+01
   endloop
 endfacet
 facet normal  8.716605e-01 -4.901102e-01  0.000000e+00
   outer loop
     vertex  7.067194e+01  7.919352e+01  1.800004e+01
     vertex  7.074724e+01  7.932744e+01  2.300005e+01
     vertex  7.067194e+01  7.919352e+01  2.300005e+01
   endloop
 endfacet
 facet normal  8.716605e-01  4.901102e-01  0.000000e+00
   outer loop
     vertex  7.074724e+01  1.303737e+02  1.800004e+01
     vertex  7.067194e+01  1.305077e+02  1.800004e+01
     vertex  7.067194e+01  1.305077e+02  2.300005e+01
   endloop
 endfacet
 facet normal  8.716605e-01  4.901102e-01 -0.000000e+00
   outer loop
     vertex  7.074724e+01  1.303737e+02  1.800004e+01
     vertex  7.067194e+01  1.305077e+02  2.300005e+01
     vertex  7.074724e+01  1.303737e+02  2.300005e+01
   endloop
 endfacet
 facet normal  9.030747e-01 -4.294834e-01  0.000000e+00
   outer loop
     vertex  7.074724e+01  7.932744e+01  1.800004e+01
     vertex  7.081322e+01  7.946618e+01  1.800004e+01
     vertex  7.081322e+01  7.946618e+01  2.300005e+01
   endloop
 endfacet
 facet normal  9.030747e-01 -4.294834e-01  0.000000e+00
   outer loop
     vertex  7.074724e+01  7.932744e+01  1.800004e+01
     vertex  7.081322e+01  7.946618e+01  2.300005e+01
     vertex  7.074724e+01  7.932744e+01  2.300005e+01
   endloop
 endfacet
 facet normal  9.030747e-01  4.294834e-01  0.000000e+00
   outer loop
     vertex  7.081322e+01  1.302350e+02  1.800004e+01
     vertex  7.074724e+01  1.303737e+02  1.800004e+01
     vertex  7.074724e+01  1.303737e+02  2.300005e+01
   endloop
 endfacet
 facet normal  9.030747e-01  4.294834e-01 -0.000000e+00
   outer loop
     vertex  7.081322e+01  1.302350e+02  1.800004e+01
     vertex  7.074724e+01  1.303737e+02  2.300005e+01
     vertex  7.081322e+01  1.302350e+02  2.300005e+01
   endloop
 endfacet
 facet normal  9.302784e-01 -3.668542e-01  0.000000e+00
   outer loop
     vertex  7.081322e+01  7.946618e+01  1.800004e+01
     vertex  7.086958e+01  7.960910e+01  1.800004e+01
     vertex  7.086958e+01  7.960910e+01  2.300005e+01
   endloop
 endfacet
 facet normal  9.302784e-01 -3.668542e-01  0.000000e+00
   outer loop
     vertex  7.081322e+01  7.946618e+01  1.800004e+01
     vertex  7.086958e+01  7.960910e+01  2.300005e+01
     vertex  7.081322e+01  7.946618e+01  2.300005e+01
   endloop
 endfacet
 facet normal  9.302784e-01  3.668542e-01  0.000000e+00
   outer loop
     vertex  7.086958e+01  1.300921e+02  1.800004e+01
     vertex  7.081322e+01  1.302350e+02  1.800004e+01
     vertex  7.081322e+01  1.302350e+02  2.300005e+01
   endloop
 endfacet
 facet normal  9.302784e-01  3.668542e-01 -0.000000e+00
   outer loop
     vertex  7.086958e+01  1.300921e+02  1.800004e+01
     vertex  7.081322e+01  1.302350e+02  2.300005e+01
     vertex  7.086958e+01  1.300921e+02  2.300005e+01
   endloop
 endfacet
 facet normal  9.531448e-01 -3.025146e-01  0.000000e+00
   outer loop
     vertex  7.086958e+01  7.960910e+01  1.800004e+01
     vertex  7.091606e+01  7.975554e+01  1.800004e+01
     vertex  7.091606e+01  7.975554e+01  2.300005e+01
   endloop
 endfacet
 facet normal  9.531448e-01 -3.025146e-01  0.000000e+00
   outer loop
     vertex  7.086958e+01  7.960910e+01  1.800004e+01
     vertex  7.091606e+01  7.975554e+01  2.300005e+01
     vertex  7.086958e+01  7.960910e+01  2.300005e+01
   endloop
 endfacet
 facet normal  9.531448e-01  3.025146e-01  0.000000e+00
   outer loop
     vertex  7.091606e+01  1.299456e+02  1.800004e+01
     vertex  7.086958e+01  1.300921e+02  1.800004e+01
     vertex  7.086958e+01  1.300921e+02  2.300005e+01
   endloop
 endfacet
 facet normal  9.531448e-01  3.025146e-01 -0.000000e+00
   outer loop
     vertex  7.091606e+01  1.299456e+02  1.800004e+01
     vertex  7.086958e+01  1.300921e+02  2.300005e+01
     vertex  7.091606e+01  1.299456e+02  2.300005e+01
   endloop
 endfacet
 facet normal  9.715671e-01 -2.367644e-01  0.000000e+00
   outer loop
     vertex  7.091606e+01  7.975554e+01  1.800004e+01
     vertex  7.095243e+01  7.990481e+01  1.800004e+01
     vertex  7.095243e+01  7.990481e+01  2.300005e+01
   endloop
 endfacet
 facet normal  9.715671e-01 -2.367644e-01  0.000000e+00
   outer loop
     vertex  7.091606e+01  7.975554e+01  1.800004e+01
     vertex  7.095243e+01  7.990481e+01  2.300005e+01
     vertex  7.091606e+01  7.975554e+01  2.300005e+01
   endloop
 endfacet
 facet normal  9.715671e-01  2.367644e-01  0.000000e+00
   outer loop
     vertex  7.095243e+01  1.297964e+02  1.800004e+01
     vertex  7.091606e+01  1.299456e+02  1.800004e+01
     vertex  7.091606e+01  1.299456e+02  2.300005e+01
   endloop
 endfacet
 facet normal  9.715671e-01  2.367644e-01 -0.000000e+00
   outer loop
     vertex  7.095243e+01  1.297964e+02  1.800004e+01
     vertex  7.091606e+01  1.299456e+02  2.300005e+01
     vertex  7.095243e+01  1.297964e+02  2.300005e+01
   endloop
 endfacet
 facet normal  9.854595e-01 -1.699104e-01  0.000000e+00
   outer loop
     vertex  7.095243e+01  7.990481e+01  1.800004e+01
     vertex  7.097854e+01  8.005621e+01  1.800004e+01
     vertex  7.097854e+01  8.005621e+01  2.300005e+01
   endloop
 endfacet
 facet normal  9.854595e-01 -1.699104e-01  0.000000e+00
   outer loop
     vertex  7.095243e+01  7.990481e+01  1.800004e+01
     vertex  7.097854e+01  8.005621e+01  2.300005e+01
     vertex  7.095243e+01  7.990481e+01  2.300005e+01
   endloop
 endfacet
 facet normal  9.854595e-01  1.699104e-01  0.000000e+00
   outer loop
     vertex  7.097854e+01  1.296450e+02  1.800004e+01
     vertex  7.095243e+01  1.297964e+02  1.800004e+01
     vertex  7.095243e+01  1.297964e+02  2.300005e+01
   endloop
 endfacet
 facet normal  9.854595e-01  1.699104e-01 -0.000000e+00
   outer loop
     vertex  7.097854e+01  1.296450e+02  1.800004e+01
     vertex  7.095243e+01  1.297964e+02  2.300005e+01
     vertex  7.097854e+01  1.296450e+02  2.300005e+01
   endloop
 endfacet
 facet normal  9.947573e-01 -1.022641e-01  0.000000e+00
   outer loop
     vertex  7.097854e+01  8.005621e+01  1.800004e+01
     vertex  7.099425e+01  8.020904e+01  1.800004e+01
     vertex  7.099425e+01  8.020904e+01  2.300005e+01
   endloop
 endfacet
 facet normal  9.947573e-01 -1.022641e-01  0.000000e+00
   outer loop
     vertex  7.097854e+01  8.005621e+01  1.800004e+01
     vertex  7.099425e+01  8.020904e+01  2.300005e+01
     vertex  7.097854e+01  8.005621e+01  2.300005e+01
   endloop
 endfacet
 facet normal  9.947573e-01  1.022641e-01  0.000000e+00
   outer loop
     vertex  7.099425e+01  1.294921e+02  1.800004e+01
     vertex  7.097854e+01  1.296450e+02  1.800004e+01
     vertex  7.097854e+01  1.296450e+02  2.300005e+01
   endloop
 endfacet
 facet normal  9.947573e-01  1.022641e-01 -0.000000e+00
   outer loop
     vertex  7.099425e+01  1.294921e+02  1.800004e+01
     vertex  7.097854e+01  1.296450e+02  2.300005e+01
     vertex  7.099425e+01  1.294921e+02  2.300005e+01
   endloop
 endfacet
 facet normal  9.994170e-01 -3.414111e-02  0.000000e+00
   outer loop
     vertex  7.099425e+01  8.020904e+01  1.800004e+01
     vertex  7.099950e+01  8.036258e+01  1.800004e+01
     vertex  7.099950e+01  8.036258e+01  2.300005e+01
   endloop
 endfacet
 facet normal  9.994170e-01 -3.414111e-02  0.000000e+00
   outer loop
     vertex  7.099425e+01  8.020904e+01  1.800004e+01
     vertex  7.099950e+01  8.036258e+01  2.300005e+01
     vertex  7.099425e+01  8.020904e+01  2.300005e+01
   endloop
 endfacet
 facet normal  9.994170e-01  3.414111e-02  0.000000e+00
   outer loop
     vertex  7.099950e+01  1.293386e+02  1.800004e+01
     vertex  7.099425e+01  1.294921e+02  1.800004e+01
     vertex  7.099425e+01  1.294921e+02  2.300005e+01
   endloop
 endfacet
 facet normal  9.994170e-01  3.414111e-02 -0.000000e+00
   outer loop
     vertex  7.099950e+01  1.293386e+02  1.800004e+01
     vertex  7.099425e+01  1.294921e+02  2.300005e+01
     vertex  7.099950e+01  1.293386e+02  2.300005e+01
   endloop
 endfacet
 facet normal  1.000000e+00  0.000000e+00  0.000000e+00
   outer loop
     vertex  7.099950e+01  8.036258e+01  1.800004e+01
     vertex  7.099950e+01  1.293386e+02  1.800004e+01
     vertex  7.099950e+01  1.293386e+02  2.300005e+01
   endloop
 endfacet
 facet normal  1.000000e+00  0.000000e+00  0.000000e+00
   outer loop
     vertex  7.099950e+01  8.036258e+01  1.800004e+01
     vertex  7.099950e+01  1.293386e+02  2.300005e+01
     vertex  7.099950e+01  8.036258e+01  2.300005e+01
   endloop
 endfacet
 facet normal -1.000000e+00  8.500768e-19  0.000000e+00
   outer loop
     vertex -8.155321e-02  1.293386e+02  1.550003e+01
     vertex -8.155321e-02  8.036258e+01  1.550003e+01
     vertex -8.155321e-02  8.036258e+01  1.800004e+01
   endloop
 endfacet
 facet normal -1.000000e+00  8.500768e-19  0.000000e+00
   outer loop
     vertex -8.155321e-02  1.293386e+02  1.550003e+01
     vertex -8.155321e-02  8.036258e+01  1.800004e+01
     vertex -8.155321e-02  1.293386e+02  1.800004e+01
   endloop
 endfacet
 facet normal -9.994170e-01  3.414111e-02  0.000000e+00
   outer loop
     vertex -8.003791e-02  1.293829e+02  1.550003e+01
     vertex -8.155321e-02  1.293386e+02  1.550003e+01
     vertex -8.155321e-02  1.293386e+02  1.800004e+01
   endloop
 endfacet
 facet normal -9.994170e-01  3.414111e-02  0.000000e+00
   outer loop
     vertex -8.003791e-02  1.293829e+02  1.550003e+01
     vertex -8.155321e-02  1.293386e+02  1.800004e+01
     vertex -8.003791e-02  1.293829e+02  1.800004e+01
   endloop
 endfacet
 facet normal -9.947573e-01  1.022641e-01  0.000000e+00
   outer loop
     vertex -7.549907e-02  1.294271e+02  1.550003e+01
     vertex -8.003791e-02  1.293829e+02  1.550003e+01
     vertex -8.003791e-02  1.293829e+02  1.800004e+01
   endloop
 endfacet
 facet normal -9.947573e-01  1.022641e-01  0.000000e+00
   outer loop
     vertex -7.549907e-02  1.294271e+02  1.550003e+01
     vertex -8.003791e-02  1.293829e+02  1.800004e+01
     vertex -7.549907e-02  1.294271e+02  1.800004e+01
   endloop
 endfacet
 facet normal -9.854595e-01  1.699104e-01  0.000000e+00
   outer loop
     vertex -6.795784e-02  1.294708e+02  1.550003e+01
     vertex -7.549907e-02  1.294271e+02  1.550003e+01
     vertex -7.549907e-02  1.294271e+02  1.800004e+01
   endloop
 endfacet
 facet normal -9.854595e-01  1.699104e-01  0.000000e+00
   outer loop
     vertex -6.795784e-02  1.294708e+02  1.550003e+01
     vertex -7.549907e-02  1.294271e+02  1.800004e+01
     vertex -6.795784e-02  1.294708e+02  1.800004e+01
   endloop
 endfacet
 facet normal -9.715671e-01  2.367644e-01  0.000000e+00
   outer loop
     vertex -5.744940e-02  1.295140e+02  1.550003e+01
     vertex -6.795784e-02  1.294708e+02  1.550003e+01
     vertex -6.795784e-02  1.294708e+02  1.800004e+01
   endloop
 endfacet
 facet normal -9.715671e-01  2.367644e-01  0.000000e+00
   outer loop
     vertex -5.744940e-02  1.295140e+02  1.550003e+01
     vertex -6.795784e-02  1.294708e+02  1.800004e+01
     vertex -5.744940e-02  1.295140e+02  1.800004e+01
   endloop
 endfacet
 facet normal -9.531448e-01  3.025146e-01  0.000000e+00
   outer loop
     vertex -4.402274e-02  1.295563e+02  1.550003e+01
     vertex -5.744940e-02  1.295140e+02  1.550003e+01
     vertex -5.744940e-02  1.295140e+02  1.800004e+01
   endloop
 endfacet
 facet normal -9.531448e-01  3.025146e-01  0.000000e+00
   outer loop
     vertex -4.402274e-02  1.295563e+02  1.550003e+01
     vertex -5.744940e-02  1.295140e+02  1.800004e+01
     vertex -4.402274e-02  1.295563e+02  1.800004e+01
   endloop
 endfacet
 facet normal -9.302784e-01  3.668542e-01  0.000000e+00
   outer loop
     vertex -2.774045e-02  1.295976e+02  1.550003e+01
     vertex -4.402274e-02  1.295563e+02  1.550003e+01
     vertex -4.402274e-02  1.295563e+02  1.800004e+01
   endloop
 endfacet
 facet normal -9.302784e-01  3.668542e-01  0.000000e+00
   outer loop
     vertex -2.774045e-02  1.295976e+02  1.550003e+01
     vertex -4.402274e-02  1.295563e+02  1.800004e+01
     vertex -2.774045e-02  1.295976e+02  1.800004e+01
   endloop
 endfacet
 facet normal -9.030747e-01  4.294834e-01  0.000000e+00
   outer loop
     vertex -8.678463e-03  1.296376e+02  1.550003e+01
     vertex -2.774045e-02  1.295976e+02  1.550003e+01
     vertex -2.774045e-02  1.295976e+02  1.800004e+01
   endloop
 endfacet
 facet normal -9.030747e-01  4.294834e-01  0.000000e+00
   outer loop
     vertex -8.678463e-03  1.296376e+02  1.550003e+01
     vertex -2.774045e-02  1.295976e+02  1.800004e+01
     vertex -8.678463e-03  1.296376e+02  1.800004e+01
   endloop
 endfacet
 facet normal -8.716605e-01  4.901102e-01  0.000000e+00
   outer loop
     vertex  1.307436e-02  1.296763e+02  1.550003e+01
     vertex -8.678463e-03  1.296376e+02  1.550003e+01
     vertex -8.678463e-03  1.296376e+02  1.800004e+01
   endloop
 endfacet
 facet normal -8.716605e-01  4.901102e-01  0.000000e+00
   outer loop
     vertex  1.307436e-02  1.296763e+02  1.550003e+01
     vertex -8.678463e-03  1.296376e+02  1.800004e+01
     vertex  1.307436e-02  1.296763e+02  1.800004e+01
   endloop
 endfacet
 facet normal -8.361821e-01  5.484519e-01  0.000000e+00
   outer loop
     vertex  3.741659e-02  1.297134e+02  1.550003e+01
     vertex  1.307436e-02  1.296763e+02  1.550003e+01
     vertex  1.307436e-02  1.296763e+02  1.800004e+01
   endloop
 endfacet
 facet normal -8.361821e-01  5.484519e-01  0.000000e+00
   outer loop
     vertex  3.741659e-02  1.297134e+02  1.550003e+01
     vertex  1.307436e-02  1.296763e+02  1.800004e+01
     vertex  3.741659e-02  1.297134e+02  1.800004e+01
   endloop
 endfacet
 facet normal -7.968051e-01  6.042364e-01  0.000000e+00
   outer loop
     vertex  6.423473e-02  1.297488e+02  1.550003e+01
     vertex  3.741659e-02  1.297134e+02  1.550003e+01
     vertex  3.741659e-02  1.297134e+02  1.800004e+01
   endloop
 endfacet
 facet normal -7.968051e-01  6.042364e-01  0.000000e+00
   outer loop
     vertex  6.423473e-02  1.297488e+02  1.550003e+01
     vertex  3.741659e-02  1.297134e+02  1.800004e+01
     vertex  6.423473e-02  1.297488e+02  1.800004e+01
   endloop
 endfacet
 facet normal -7.537130e-01  6.572037e-01  0.000000e+00
   outer loop
     vertex  9.340375e-02  1.297822e+02  1.550003e+01
     vertex  6.423473e-02  1.297488e+02  1.550003e+01
     vertex  6.423473e-02  1.297488e+02  1.800004e+01
   endloop
 endfacet
 facet normal -7.537130e-01  6.572037e-01  0.000000e+00
   outer loop
     vertex  9.340375e-02  1.297822e+02  1.550003e+01
     vertex  6.423473e-02  1.297488e+02  1.800004e+01
     vertex  9.340375e-02  1.297822e+02  1.800004e+01
   endloop
 endfacet
 facet normal -7.071068e-01  7.071068e-01  0.000000e+00
   outer loop
     vertex  1.247876e-01  1.298136e+02  1.550003e+01
     vertex  9.340375e-02  1.297822e+02  1.550003e+01
     vertex  9.340375e-02  1.297822e+02  1.800004e+01
   endloop
 endfacet
 facet normal -7.071068e-01  7.071068e-01  0.000000e+00
   outer loop
     vertex  1.247876e-01  1.298136e+02  1.550003e+01
     vertex  9.340375e-02  1.297822e+02  1.800004e+01
     vertex  1.247876e-01  1.298136e+02  1.800004e+01
   endloop
 endfacet
 facet normal -6.572037e-01  7.537130e-01  0.000000e+00
   outer loop
     vertex  1.582401e-01  1.298428e+02  1.550003e+01
     vertex  1.247876e-01  1.298136e+02  1.550003e+01
     vertex  1.247876e-01  1.298136e+02  1.800004e+01
   endloop
 endfacet
 facet normal -6.572037e-01  7.537130e-01  0.000000e+00
   outer loop
     vertex  1.582401e-01  1.298428e+02  1.550003e+01
     vertex  1.247876e-01  1.298136e+02  1.800004e+01
     vertex  1.582401e-01  1.298428e+02  1.800004e+01
   endloop
 endfacet
 facet normal -6.042364e-01  7.968051e-01  0.000000e+00
   outer loop
     vertex  1.936051e-01  1.298696e+02  1.550003e+01
     vertex  1.582401e-01  1.298428e+02  1.550003e+01
     vertex  1.582401e-01  1.298428e+02  1.800004e+01
   endloop
 endfacet
 facet normal -6.042364e-01  7.968051e-01  0.000000e+00
   outer loop
     vertex  1.936051e-01  1.298696e+02  1.550003e+01
     vertex  1.582401e-01  1.298428e+02  1.800004e+01
     vertex  1.936051e-01  1.298696e+02  1.800004e+01
   endloop
 endfacet
 facet normal -5.484519e-01  8.361821e-01  0.000000e+00
   outer loop
     vertex  2.307178e-01  1.298940e+02  1.550003e+01
     vertex  1.936051e-01  1.298696e+02  1.550003e+01
     vertex  1.936051e-01  1.298696e+02  1.800004e+01
   endloop
 endfacet
 facet normal -5.484519e-01  8.361821e-01  0.000000e+00
   outer loop
     vertex  2.307178e-01  1.298940e+02  1.550003e+01
     vertex  1.936051e-01  1.298696e+02  1.800004e+01
     vertex  2.307178e-01  1.298940e+02  1.800004e+01
   endloop
 endfacet
 facet normal -4.901102e-01  8.716605e-01  0.000000e+00
   outer loop
     vertex  2.694052e-01  1.299157e+02  1.550003e+01
     vertex  2.307178e-01  1.298940e+02  1.550003e+01
     vertex  2.307178e-01  1.298940e+02  1.800004e+01
   endloop
 endfacet
 facet normal -4.901102e-01  8.716605e-01  0.000000e+00
   outer loop
     vertex  2.694052e-01  1.299157e+02  1.550003e+01
     vertex  2.307178e-01  1.298940e+02  1.800004e+01
     vertex  2.694052e-01  1.299157e+02  1.800004e+01
   endloop
 endfacet
 facet normal -4.294834e-01  9.030747e-01  0.000000e+00
   outer loop
     vertex  3.094868e-01  1.299348e+02  1.550003e+01
     vertex  2.694052e-01  1.299157e+02  1.550003e+01
     vertex  2.694052e-01  1.299157e+02  1.800004e+01
   endloop
 endfacet
 facet normal -4.294834e-01  9.030747e-01  0.000000e+00
   outer loop
     vertex  3.094868e-01  1.299348e+02  1.550003e+01
     vertex  2.694052e-01  1.299157e+02  1.800004e+01
     vertex  3.094868e-01  1.299348e+02  1.800004e+01
   endloop
 endfacet
 facet normal -3.668542e-01  9.302784e-01  0.000000e+00
   outer loop
     vertex  3.507759e-01  1.299511e+02  1.550003e+01
     vertex  3.094868e-01  1.299348e+02  1.550003e+01
     vertex  3.094868e-01  1.299348e+02  1.800004e+01
   endloop
 endfacet
 facet normal -3.668542e-01  9.302784e-01  0.000000e+00
   outer loop
     vertex  3.507759e-01  1.299511e+02  1.550003e+01
     vertex  3.094868e-01  1.299348e+02  1.800004e+01
     vertex  3.507759e-01  1.299511e+02  1.800004e+01
   endloop
 endfacet
 facet normal -3.025146e-01  9.531448e-01  0.000000e+00
   outer loop
     vertex  3.930798e-01  1.299645e+02  1.550003e+01
     vertex  3.507759e-01  1.299511e+02  1.550003e+01
     vertex  3.507759e-01  1.299511e+02  1.800004e+01
   endloop
 endfacet
 facet normal -3.025146e-01  9.531448e-01  0.000000e+00
   outer loop
     vertex  3.930798e-01  1.299645e+02  1.550003e+01
     vertex  3.507759e-01  1.299511e+02  1.800004e+01
     vertex  3.930798e-01  1.299645e+02  1.800004e+01
   endloop
 endfacet
 facet normal -2.367644e-01  9.715671e-01  0.000000e+00
   outer loop
     vertex  4.362014e-01  1.299750e+02  1.550003e+01
     vertex  3.930798e-01  1.299645e+02  1.550003e+01
     vertex  3.930798e-01  1.299645e+02  1.800004e+01
   endloop
 endfacet
 facet normal -2.367644e-01  9.715671e-01  0.000000e+00
   outer loop
     vertex  4.362014e-01  1.299750e+02  1.550003e+01
     vertex  3.930798e-01  1.299645e+02  1.800004e+01
     vertex  4.362014e-01  1.299750e+02  1.800004e+01
   endloop
 endfacet
 facet normal -1.699104e-01  9.854595e-01  0.000000e+00
   outer loop
     vertex  4.799396e-01  1.299825e+02  1.550003e+01
     vertex  4.362014e-01  1.299750e+02  1.550003e+01
     vertex  4.362014e-01  1.299750e+02  1.800004e+01
   endloop
 endfacet
 facet normal -1.699104e-01  9.854595e-01  0.000000e+00
   outer loop
     vertex  4.799396e-01  1.299825e+02  1.550003e+01
     vertex  4.362014e-01  1.299750e+02  1.800004e+01
     vertex  4.799396e-01  1.299825e+02  1.800004e+01
   endloop
 endfacet
 facet normal -1.022641e-01  9.947573e-01  0.000000e+00
   outer loop
     vertex  5.240904e-01  1.299871e+02  1.550003e+01
     vertex  4.799396e-01  1.299825e+02  1.550003e+01
     vertex  4.799396e-01  1.299825e+02  1.800004e+01
   endloop
 endfacet
 facet normal -1.022641e-01  9.947573e-01  0.000000e+00
   outer loop
     vertex  5.240904e-01  1.299871e+02  1.550003e+01
     vertex  4.799396e-01  1.299825e+02  1.800004e+01
     vertex  5.240904e-01  1.299871e+02  1.800004e+01
   endloop
 endfacet
 facet normal -3.414111e-02  9.994170e-01  0.000000e+00
   outer loop
     vertex  5.684481e-01  1.299886e+02  1.550003e+01
     vertex  5.240904e-01  1.299871e+02  1.550003e+01
     vertex  5.240904e-01  1.299871e+02  1.800004e+01
   endloop
 endfacet
 facet normal -3.414111e-02  9.994170e-01  0.000000e+00
   outer loop
     vertex  5.684481e-01  1.299886e+02  1.550003e+01
     vertex  5.240904e-01  1.299871e+02  1.800004e+01
     vertex  5.684481e-01  1.299886e+02  1.800004e+01
   endloop
 endfacet
 facet normal  0.000000e+00  1.000000e+00  0.000000e+00
   outer loop
     vertex  6.874949e+01  1.299886e+02  1.800004e+01
     vertex  5.684481e-01  1.299886e+02  1.550003e+01
     vertex  5.684481e-01  1.299886e+02  1.800004e+01
   endloop
 endfacet
 facet normal  0.000000e+00  1.000000e+00 -0.000000e+00
   outer loop
     vertex  6.874949e+01  1.299886e+02  1.550003e+01
     vertex  5.684481e-01  1.299886e+02  1.550003e+01
     vertex  6.874949e+01  1.299886e+02  1.800004e+01
   endloop
 endfacet
 facet normal  3.414111e-02  9.994170e-01  0.000000e+00
   outer loop
     vertex  6.879385e+01  1.299871e+02  1.550003e+01
     vertex  6.874949e+01  1.299886e+02  1.550003e+01
     vertex  6.874949e+01  1.299886e+02  1.800004e+01
   endloop
 endfacet
 facet normal  3.414111e-02  9.994170e-01 -0.000000e+00
   outer loop
     vertex  6.879385e+01  1.299871e+02  1.550003e+01
     vertex  6.874949e+01  1.299886e+02  1.800004e+01
     vertex  6.879385e+01  1.299871e+02  1.800004e+01
   endloop
 endfacet
 facet normal  1.022641e-01  9.947573e-01  0.000000e+00
   outer loop
     vertex  6.883800e+01  1.299825e+02  1.550003e+01
     vertex  6.879385e+01  1.299871e+02  1.550003e+01
     vertex  6.879385e+01  1.299871e+02  1.800004e+01
   endloop
 endfacet
 facet normal  1.022641e-01  9.947573e-01 -0.000000e+00
   outer loop
     vertex  6.883800e+01  1.299825e+02  1.550003e+01
     vertex  6.879385e+01  1.299871e+02  1.800004e+01
     vertex  6.883800e+01  1.299825e+02  1.800004e+01
   endloop
 endfacet
 facet normal  1.699104e-01  9.854595e-01  0.000000e+00
   outer loop
     vertex  6.888174e+01  1.299750e+02  1.550003e+01
     vertex  6.883800e+01  1.299825e+02  1.550003e+01
     vertex  6.883800e+01  1.299825e+02  1.800004e+01
   endloop
 endfacet
 facet normal  1.699104e-01  9.854595e-01 -0.000000e+00
   outer loop
     vertex  6.888174e+01  1.299750e+02  1.550003e+01
     vertex  6.883800e+01  1.299825e+02  1.800004e+01
     vertex  6.888174e+01  1.299750e+02  1.800004e+01
   endloop
 endfacet
 facet normal  2.367644e-01  9.715671e-01  0.000000e+00
   outer loop
     vertex  6.892486e+01  1.299645e+02  1.550003e+01
     vertex  6.888174e+01  1.299750e+02  1.550003e+01
     vertex  6.888174e+01  1.299750e+02  1.800004e+01
   endloop
 endfacet
 facet normal  2.367644e-01  9.715671e-01 -0.000000e+00
   outer loop
     vertex  6.892486e+01  1.299645e+02  1.550003e+01
     vertex  6.888174e+01  1.299750e+02  1.800004e+01
     vertex  6.892486e+01  1.299645e+02  1.800004e+01
   endloop
 endfacet
 facet normal  3.025146e-01  9.531448e-01  0.000000e+00
   outer loop
     vertex  6.896716e+01  1.299511e+02  1.550003e+01
     vertex  6.892486e+01  1.299645e+02  1.550003e+01
     vertex  6.892486e+01  1.299645e+02  1.800004e+01
   endloop
 endfacet
 facet normal  3.025146e-01  9.531448e-01 -0.000000e+00
   outer loop
     vertex  6.896716e+01  1.299511e+02  1.550003e+01
     vertex  6.892486e+01  1.299645e+02  1.800004e+01
     vertex  6.896716e+01  1.299511e+02  1.800004e+01
   endloop
 endfacet
 facet normal  3.668542e-01  9.302784e-01  0.000000e+00
   outer loop
     vertex  6.900845e+01  1.299348e+02  1.550003e+01
     vertex  6.896716e+01  1.299511e+02  1.550003e+01
     vertex  6.896716e+01  1.299511e+02  1.800004e+01
   endloop
 endfacet
 facet normal  3.668542e-01  9.302784e-01 -0.000000e+00
   outer loop
     vertex  6.900845e+01  1.299348e+02  1.550003e+01
     vertex  6.896716e+01  1.299511e+02  1.800004e+01
     vertex  6.900845e+01  1.299348e+02  1.800004e+01
   endloop
 endfacet
 facet normal  4.294834e-01  9.030747e-01  0.000000e+00
   outer loop
     vertex  6.904853e+01  1.299157e+02  1.550003e+01
     vertex  6.900845e+01  1.299348e+02  1.550003e+01
     vertex  6.900845e+01  1.299348e+02  1.800004e+01
   endloop
 endfacet
 facet normal  4.294834e-01  9.030747e-01 -0.000000e+00
   outer loop
     vertex  6.904853e+01  1.299157e+02  1.550003e+01
     vertex  6.900845e+01  1.299348e+02  1.800004e+01
     vertex  6.904853e+01  1.299157e+02  1.800004e+01
   endloop
 endfacet
 facet normal  4.901102e-01  8.716605e-01  0.000000e+00
   outer loop
     vertex  6.908722e+01  1.298940e+02  1.550003e+01
     vertex  6.904853e+01  1.299157e+02  1.550003e+01
     vertex  6.904853e+01  1.299157e+02  1.800004e+01
   endloop
 endfacet
 facet normal  4.901102e-01  8.716605e-01 -0.000000e+00
   outer loop
     vertex  6.908722e+01  1.298940e+02  1.550003e+01
     vertex  6.904853e+01  1.299157e+02  1.800004e+01
     vertex  6.908722e+01  1.298940e+02  1.800004e+01
   endloop
 endfacet
 facet normal  5.484519e-01  8.361821e-01  0.000000e+00
   outer loop
     vertex  6.912433e+01  1.298696e+02  1.550003e+01
     vertex  6.908722e+01  1.298940e+02  1.550003e+01
     vertex  6.908722e+01  1.298940e+02  1.800004e+01
   endloop
 endfacet
 facet normal  5.484519e-01  8.361821e-01 -0.000000e+00
   outer loop
     vertex  6.912433e+01  1.298696e+02  1.550003e+01
     vertex  6.908722e+01  1.298940e+02  1.800004e+01
     vertex  6.912433e+01  1.298696e+02  1.800004e+01
   endloop
 endfacet
 facet normal  6.042364e-01  7.968051e-01  0.000000e+00
   outer loop
     vertex  6.915970e+01  1.298428e+02  1.550003e+01
     vertex  6.912433e+01  1.298696e+02  1.550003e+01
     vertex  6.912433e+01  1.298696e+02  1.800004e+01
   endloop
 endfacet
 facet normal  6.042364e-01  7.968051e-01 -0.000000e+00
   outer loop
     vertex  6.915970e+01  1.298428e+02  1.550003e+01
     vertex  6.912433e+01  1.298696e+02  1.800004e+01
     vertex  6.915970e+01  1.298428e+02  1.800004e+01
   endloop
 endfacet
 facet normal  6.572037e-01  7.537130e-01  0.000000e+00
   outer loop
     vertex  6.919315e+01  1.298136e+02  1.550003e+01
     vertex  6.915970e+01  1.298428e+02  1.550003e+01
     vertex  6.915970e+01  1.298428e+02  1.800004e+01
   endloop
 endfacet
 facet normal  6.572037e-01  7.537130e-01 -0.000000e+00
   outer loop
     vertex  6.919315e+01  1.298136e+02  1.550003e+01
     vertex  6.915970e+01  1.298428e+02  1.800004e+01
     vertex  6.919315e+01  1.298136e+02  1.800004e+01
   endloop
 endfacet
 facet normal  7.071068e-01  7.071068e-01  0.000000e+00
   outer loop
     vertex  6.922454e+01  1.297822e+02  1.550003e+01
     vertex  6.919315e+01  1.298136e+02  1.550003e+01
     vertex  6.919315e+01  1.298136e+02  1.800004e+01
   endloop
 endfacet
 facet normal  7.071068e-01  7.071068e-01 -0.000000e+00
   outer loop
     vertex  6.922454e+01  1.297822e+02  1.550003e+01
     vertex  6.919315e+01  1.298136e+02  1.800004e+01
     vertex  6.922454e+01  1.297822e+02  1.800004e+01
   endloop
 endfacet
 facet normal  7.537130e-01  6.572037e-01  0.000000e+00
   outer loop
     vertex  6.925371e+01  1.297488e+02  1.550003e+01
     vertex  6.922454e+01  1.297822e+02  1.550003e+01
     vertex  6.922454e+01  1.297822e+02  1.800004e+01
   endloop
 endfacet
 facet normal  7.537130e-01  6.572037e-01 -0.000000e+00
   outer loop
     vertex  6.925371e+01  1.297488e+02  1.550003e+01
     vertex  6.922454e+01  1.297822e+02  1.800004e+01
     vertex  6.925371e+01  1.297488e+02  1.800004e+01
   endloop
 endfacet
 facet normal  7.968051e-01  6.042364e-01  0.000000e+00
   outer loop
     vertex  6.928052e+01  1.297134e+02  1.550003e+01
     vertex  6.925371e+01  1.297488e+02  1.550003e+01
     vertex  6.925371e+01  1.297488e+02  1.800004e+01
   endloop
 endfacet
 facet normal  7.968051e-01  6.042364e-01 -0.000000e+00
   outer loop
     vertex  6.928052e+01  1.297134e+02  1.550003e+01
     vertex  6.925371e+01  1.297488e+02  1.800004e+01
     vertex  6.928052e+01  1.297134e+02  1.800004e+01
   endloop
 endfacet
 facet normal  8.361821e-01  5.484519e-01  0.000000e+00
   outer loop
     vertex  6.930487e+01  1.296763e+02  1.550003e+01
     vertex  6.928052e+01  1.297134e+02  1.550003e+01
     vertex  6.928052e+01  1.297134e+02  1.800004e+01
   endloop
 endfacet
 facet normal  8.361821e-01  5.484519e-01 -0.000000e+00
   outer loop
     vertex  6.930487e+01  1.296763e+02  1.550003e+01
     vertex  6.928052e+01  1.297134e+02  1.800004e+01
     vertex  6.930487e+01  1.296763e+02  1.800004e+01
   endloop
 endfacet
 facet normal  8.716605e-01  4.901102e-01  0.000000e+00
   outer loop
     vertex  6.932662e+01  1.296376e+02  1.550003e+01
     vertex  6.930487e+01  1.296763e+02  1.550003e+01
     vertex  6.930487e+01  1.296763e+02  1.800004e+01
   endloop
 endfacet
 facet normal  8.716605e-01  4.901102e-01 -0.000000e+00
   outer loop
     vertex  6.932662e+01  1.296376e+02  1.550003e+01
     vertex  6.930487e+01  1.296763e+02  1.800004e+01
     vertex  6.932662e+01  1.296376e+02  1.800004e+01
   endloop
 endfacet
 facet normal  9.030747e-01  4.294834e-01  0.000000e+00
   outer loop
     vertex  6.934568e+01  1.295976e+02  1.550003e+01
     vertex  6.932662e+01  1.296376e+02  1.550003e+01
     vertex  6.932662e+01  1.296376e+02  1.800004e+01
   endloop
 endfacet
 facet normal  9.030747e-01  4.294834e-01 -0.000000e+00
   outer loop
     vertex  6.934568e+01  1.295976e+02  1.550003e+01
     vertex  6.932662e+01  1.296376e+02  1.800004e+01
     vertex  6.934568e+01  1.295976e+02  1.800004e+01
   endloop
 endfacet
 facet normal  9.302784e-01  3.668542e-01  0.000000e+00
   outer loop
     vertex  6.936196e+01  1.295563e+02  1.550003e+01
     vertex  6.934568e+01  1.295976e+02  1.550003e+01
     vertex  6.934568e+01  1.295976e+02  1.800004e+01
   endloop
 endfacet
 facet normal  9.302784e-01  3.668542e-01 -0.000000e+00
   outer loop
     vertex  6.936196e+01  1.295563e+02  1.550003e+01
     vertex  6.934568e+01  1.295976e+02  1.800004e+01
     vertex  6.936196e+01  1.295563e+02  1.800004e+01
   endloop
 endfacet
 facet normal  9.531448e-01  3.025146e-01  0.000000e+00
   outer loop
     vertex  6.937539e+01  1.295140e+02  1.550003e+01
     vertex  6.936196e+01  1.295563e+02  1.550003e+01
     vertex  6.936196e+01  1.295563e+02  1.800004e+01
   endloop
 endfacet
 facet normal  9.531448e-01  3.025146e-01 -0.000000e+00
   outer loop
     vertex  6.937539e+01  1.295140e+02  1.550003e+01
     vertex  6.936196e+01  1.295563e+02  1.800004e+01
     vertex  6.937539e+01  1.295140e+02  1.800004e+01
   endloop
 endfacet
 facet normal  9.715671e-01  2.367644e-01  0.000000e+00
   outer loop
     vertex  6.938590e+01  1.294708e+02  1.550003e+01
     vertex  6.937539e+01  1.295140e+02  1.550003e+01
     vertex  6.937539e+01  1.295140e+02  1.800004e+01
   endloop
 endfacet
 facet normal  9.715671e-01  2.367644e-01 -0.000000e+00
   outer loop
     vertex  6.938590e+01  1.294708e+02  1.550003e+01
     vertex  6.937539e+01  1.295140e+02  1.800004e+01
     vertex  6.938590e+01  1.294708e+02  1.800004e+01
   endloop
 endfacet
 facet normal  9.854595e-01  1.699104e-01  0.000000e+00
   outer loop
     vertex  6.939344e+01  1.294271e+02  1.550003e+01
     vertex  6.938590e+01  1.294708e+02  1.550003e+01
     vertex  6.938590e+01  1.294708e+02  1.800004e+01
   endloop
 endfacet
 facet normal  9.854595e-01  1.699104e-01 -0.000000e+00
   outer loop
     vertex  6.939344e+01  1.294271e+02  1.550003e+01
     vertex  6.938590e+01  1.294708e+02  1.800004e+01
     vertex  6.939344e+01  1.294271e+02  1.800004e+01
   endloop
 endfacet
 facet normal  9.947573e-01  1.022641e-01  0.000000e+00
   outer loop
     vertex  6.939798e+01  1.293829e+02  1.550003e+01
     vertex  6.939344e+01  1.294271e+02  1.550003e+01
     vertex  6.939344e+01  1.294271e+02  1.800004e+01
   endloop
 endfacet
 facet normal  9.947573e-01  1.022641e-01 -0.000000e+00
   outer loop
     vertex  6.939798e+01  1.293829e+02  1.550003e+01
     vertex  6.939344e+01  1.294271e+02  1.800004e+01
     vertex  6.939798e+01  1.293829e+02  1.800004e+01
   endloop
 endfacet
 facet normal  9.994170e-01  3.414111e-02  0.000000e+00
   outer loop
     vertex  6.939949e+01  1.293386e+02  1.550003e+01
     vertex  6.939798e+01  1.293829e+02  1.550003e+01
     vertex  6.939798e+01  1.293829e+02  1.800004e+01
   endloop
 endfacet
 facet normal  9.994170e-01  3.414111e-02 -0.000000e+00
   outer loop
     vertex  6.939949e+01  1.293386e+02  1.550003e+01
     vertex  6.939798e+01  1.293829e+02  1.800004e+01
     vertex  6.939949e+01  1.293386e+02  1.800004e+01
   endloop
 endfacet
 facet normal  1.000000e+00  0.000000e+00  0.000000e+00
   outer loop
     vertex  6.939949e+01  8.036258e+01  1.550003e+01
     vertex  6.939949e+01  1.293386e+02  1.550003e+01
     vertex  6.939949e+01  1.293386e+02  1.800004e+01
   endloop
 endfacet
 facet normal  1.000000e+00  0.000000e+00  0.000000e+00
   outer loop
     vertex  6.939949e+01  8.036258e+01  1.550003e+01
     vertex  6.939949e+01  1.293386e+02  1.800004e+01
     vertex  6.939949e+01  8.036258e+01  1.800004e+01
   endloop
 endfacet
 facet normal  9.994170e-01 -3.414111e-02  0.000000e+00
   outer loop
     vertex  6.939798e+01  8.031823e+01  1.550003e+01
     vertex  6.939949e+01  8.036258e+01  1.550003e+01
     vertex  6.939949e+01  8.036258e+01  1.800004e+01
   endloop
 endfacet
 facet normal  9.994170e-01 -3.414111e-02  0.000000e+00
   outer loop
     vertex  6.939798e+01  8.031823e+01  1.550003e+01
     vertex  6.939949e+01  8.036258e+01  1.800004e+01
     vertex  6.939798e+01  8.031823e+01  1.800004e+01
   endloop
 endfacet
 facet normal  9.947573e-01 -1.022641e-01  0.000000e+00
   outer loop
     vertex  6.939344e+01  8.027408e+01  1.550003e+01
     vertex  6.939798e+01  8.031823e+01  1.550003e+01
     vertex  6.939798e+01  8.031823e+01  1.800004e+01
   endloop
 endfacet
 facet normal  9.947573e-01 -1.022641e-01  0.000000e+00
   outer loop
     vertex  6.939344e+01  8.027408e+01  1.550003e+01
     vertex  6.939798e+01  8.031823e+01  1.800004e+01
     vertex  6.939344e+01  8.027408e+01  1.800004e+01
   endloop
 endfacet
 facet normal  9.854595e-01 -1.699104e-01  0.000000e+00
   outer loop
     vertex  6.938590e+01  8.023034e+01  1.550003e+01
     vertex  6.939344e+01  8.027408e+01  1.550003e+01
     vertex  6.939344e+01  8.027408e+01  1.800004e+01
   endloop
 endfacet
 facet normal  9.854595e-01 -1.699104e-01  0.000000e+00
   outer loop
     vertex  6.938590e+01  8.023034e+01  1.550003e+01
     vertex  6.939344e+01  8.027408e+01  1.800004e+01
     vertex  6.938590e+01  8.023034e+01  1.800004e+01
   endloop
 endfacet
 facet normal  9.715671e-01 -2.367644e-01  0.000000e+00
   outer loop
     vertex  6.937539e+01  8.018722e+01  1.550003e+01
     vertex  6.938590e+01  8.023034e+01  1.550003e+01
     vertex  6.938590e+01  8.023034e+01  1.800004e+01
   endloop
 endfacet
 facet normal  9.715671e-01 -2.367644e-01  0.000000e+00
   outer loop
     vertex  6.937539e+01  8.018722e+01  1.550003e+01
     vertex  6.938590e+01  8.023034e+01  1.800004e+01
     vertex  6.937539e+01  8.018722e+01  1.800004e+01
   endloop
 endfacet
 facet normal  9.531448e-01 -3.025146e-01  0.000000e+00
   outer loop
     vertex  6.936196e+01  8.014491e+01  1.550003e+01
     vertex  6.937539e+01  8.018722e+01  1.550003e+01
     vertex  6.937539e+01  8.018722e+01  1.800004e+01
   endloop
 endfacet
 facet normal  9.531448e-01 -3.025146e-01  0.000000e+00
   outer loop
     vertex  6.936196e+01  8.014491e+01  1.550003e+01
     vertex  6.937539e+01  8.018722e+01  1.800004e+01
     vertex  6.936196e+01  8.014491e+01  1.800004e+01
   endloop
 endfacet
 facet normal  9.302784e-01 -3.668542e-01  0.000000e+00
   outer loop
     vertex  6.934568e+01  8.010362e+01  1.550003e+01
     vertex  6.936196e+01  8.014491e+01  1.550003e+01
     vertex  6.936196e+01  8.014491e+01  1.800004e+01
   endloop
 endfacet
 facet normal  9.302784e-01 -3.668542e-01  0.000000e+00
   outer loop
     vertex  6.934568e+01  8.010362e+01  1.550003e+01
     vertex  6.936196e+01  8.014491e+01  1.800004e+01
     vertex  6.934568e+01  8.010362e+01  1.800004e+01
   endloop
 endfacet
 facet normal  9.030747e-01 -4.294834e-01  0.000000e+00
   outer loop
     vertex  6.932662e+01  8.006354e+01  1.550003e+01
     vertex  6.934568e+01  8.010362e+01  1.550003e+01
     vertex  6.934568e+01  8.010362e+01  1.800004e+01
   endloop
 endfacet
 facet normal  9.030747e-01 -4.294834e-01  0.000000e+00
   outer loop
     vertex  6.932662e+01  8.006354e+01  1.550003e+01
     vertex  6.934568e+01  8.010362e+01  1.800004e+01
     vertex  6.932662e+01  8.006354e+01  1.800004e+01
   endloop
 endfacet
 facet normal  8.716605e-01 -4.901102e-01  0.000000e+00
   outer loop
     vertex  6.930487e+01  8.002485e+01  1.550003e+01
     vertex  6.932662e+01  8.006354e+01  1.550003e+01
     vertex  6.932662e+01  8.006354e+01  1.800004e+01
   endloop
 endfacet
 facet normal  8.716605e-01 -4.901102e-01  0.000000e+00
   outer loop
     vertex  6.930487e+01  8.002485e+01  1.550003e+01
     vertex  6.932662e+01  8.006354e+01  1.800004e+01
     vertex  6.930487e+01  8.002485e+01  1.800004e+01
   endloop
 endfacet
 facet normal  8.361821e-01 -5.484519e-01  0.000000e+00
   outer loop
     vertex  6.928052e+01  7.998774e+01  1.550003e+01
     vertex  6.930487e+01  8.002485e+01  1.550003e+01
     vertex  6.930487e+01  8.002485e+01  1.800004e+01
   endloop
 endfacet
 facet normal  8.361821e-01 -5.484519e-01  0.000000e+00
   outer loop
     vertex  6.928052e+01  7.998774e+01  1.550003e+01
     vertex  6.930487e+01  8.002485e+01  1.800004e+01
     vertex  6.928052e+01  7.998774e+01  1.800004e+01
   endloop
 endfacet
 facet normal  7.968051e-01 -6.042364e-01  0.000000e+00
   outer loop
     vertex  6.925371e+01  7.995238e+01  1.550003e+01
     vertex  6.928052e+01  7.998774e+01  1.550003e+01
     vertex  6.928052e+01  7.998774e+01  1.800004e+01
   endloop
 endfacet
 facet normal  7.968051e-01 -6.042364e-01  0.000000e+00
   outer loop
     vertex  6.925371e+01  7.995238e+01  1.550003e+01
     vertex  6.928052e+01  7.998774e+01  1.800004e+01
     vertex  6.925371e+01  7.995238e+01  1.800004e+01
   endloop
 endfacet
 facet normal  7.537130e-01 -6.572037e-01  0.000000e+00
   outer loop
     vertex  6.922454e+01  7.991892e+01  1.550003e+01
     vertex  6.925371e+01  7.995238e+01  1.550003e+01
     vertex  6.925371e+01  7.995238e+01  1.800004e+01
   endloop
 endfacet
 facet normal  7.537130e-01 -6.572037e-01  0.000000e+00
   outer loop
     vertex  6.922454e+01  7.991892e+01  1.550003e+01
     vertex  6.925371e+01  7.995238e+01  1.800004e+01
     vertex  6.922454e+01  7.991892e+01  1.800004e+01
   endloop
 endfacet
 facet normal  7.071068e-01 -7.071068e-01  0.000000e+00
   outer loop
     vertex  6.919315e+01  7.988754e+01  1.550003e+01
     vertex  6.922454e+01  7.991892e+01  1.550003e+01
     vertex  6.922454e+01  7.991892e+01  1.800004e+01
   endloop
 endfacet
 facet normal  7.071068e-01 -7.071068e-01  0.000000e+00
   outer loop
     vertex  6.919315e+01  7.988754e+01  1.550003e+01
     vertex  6.922454e+01  7.991892e+01  1.800004e+01
     vertex  6.919315e+01  7.988754e+01  1.800004e+01
   endloop
 endfacet
 facet normal  6.572037e-01 -7.537130e-01  0.000000e+00
   outer loop
     vertex  6.915970e+01  7.985837e+01  1.550003e+01
     vertex  6.919315e+01  7.988754e+01  1.550003e+01
     vertex  6.919315e+01  7.988754e+01  1.800004e+01
   endloop
 endfacet
 facet normal  6.572037e-01 -7.537130e-01  0.000000e+00
   outer loop
     vertex  6.915970e+01  7.985837e+01  1.550003e+01
     vertex  6.919315e+01  7.988754e+01  1.800004e+01
     vertex  6.915970e+01  7.985837e+01  1.800004e+01
   endloop
 endfacet
 facet normal  6.042364e-01 -7.968051e-01  0.000000e+00
   outer loop
     vertex  6.912433e+01  7.983155e+01  1.550003e+01
     vertex  6.915970e+01  7.985837e+01  1.550003e+01
     vertex  6.915970e+01  7.985837e+01  1.800004e+01
   endloop
 endfacet
 facet normal  6.042364e-01 -7.968051e-01  0.000000e+00
   outer loop
     vertex  6.912433e+01  7.983155e+01  1.550003e+01
     vertex  6.915970e+01  7.985837e+01  1.800004e+01
     vertex  6.912433e+01  7.983155e+01  1.800004e+01
   endloop
 endfacet
 facet normal  5.484519e-01 -8.361821e-01  0.000000e+00
   outer loop
     vertex  6.908722e+01  7.980721e+01  1.550003e+01
     vertex  6.912433e+01  7.983155e+01  1.550003e+01
     vertex  6.912433e+01  7.983155e+01  1.800004e+01
   endloop
 endfacet
 facet normal  5.484519e-01 -8.361821e-01  0.000000e+00
   outer loop
     vertex  6.908722e+01  7.980721e+01  1.550003e+01
     vertex  6.912433e+01  7.983155e+01  1.800004e+01
     vertex  6.908722e+01  7.980721e+01  1.800004e+01
   endloop
 endfacet
 facet normal  4.901102e-01 -8.716605e-01  0.000000e+00
   outer loop
     vertex  6.904853e+01  7.978546e+01  1.550003e+01
     vertex  6.908722e+01  7.980721e+01  1.550003e+01
     vertex  6.908722e+01  7.980721e+01  1.800004e+01
   endloop
 endfacet
 facet normal  4.901102e-01 -8.716605e-01  0.000000e+00
   outer loop
     vertex  6.904853e+01  7.978546e+01  1.550003e+01
     vertex  6.908722e+01  7.980721e+01  1.800004e+01
     vertex  6.904853e+01  7.978546e+01  1.800004e+01
   endloop
 endfacet
 facet normal  4.294834e-01 -9.030747e-01  0.000000e+00
   outer loop
     vertex  6.900845e+01  7.976640e+01  1.550003e+01
     vertex  6.904853e+01  7.978546e+01  1.550003e+01
     vertex  6.904853e+01  7.978546e+01  1.800004e+01
   endloop
 endfacet
 facet normal  4.294834e-01 -9.030747e-01  0.000000e+00
   outer loop
     vertex  6.900845e+01  7.976640e+01  1.550003e+01
     vertex  6.904853e+01  7.978546e+01  1.800004e+01
     vertex  6.900845e+01  7.976640e+01  1.800004e+01
   endloop
 endfacet
 facet normal  3.668542e-01 -9.302784e-01  0.000000e+00
   outer loop
     vertex  6.896716e+01  7.975011e+01  1.550003e+01
     vertex  6.900845e+01  7.976640e+01  1.550003e+01
     vertex  6.900845e+01  7.976640e+01  1.800004e+01
   endloop
 endfacet
 facet normal  3.668542e-01 -9.302784e-01  0.000000e+00
   outer loop
     vertex  6.896716e+01  7.975011e+01  1.550003e+01
     vertex  6.900845e+01  7.976640e+01  1.800004e+01
     vertex  6.896716e+01  7.975011e+01  1.800004e+01
   endloop
 endfacet
 facet normal  3.025146e-01 -9.531448e-01  0.000000e+00
   outer loop
     vertex  6.892486e+01  7.973669e+01  1.550003e+01
     vertex  6.896716e+01  7.975011e+01  1.550003e+01
     vertex  6.896716e+01  7.975011e+01  1.800004e+01
   endloop
 endfacet
 facet normal  3.025146e-01 -9.531448e-01  0.000000e+00
   outer loop
     vertex  6.892486e+01  7.973669e+01  1.550003e+01
     vertex  6.896716e+01  7.975011e+01  1.800004e+01
     vertex  6.892486e+01  7.973669e+01  1.800004e+01
   endloop
 endfacet
 facet normal  2.367644e-01 -9.715671e-01  0.000000e+00
   outer loop
     vertex  6.888174e+01  7.972618e+01  1.550003e+01
     vertex  6.892486e+01  7.973669e+01  1.550003e+01
     vertex  6.892486e+01  7.973669e+01  1.800004e+01
   endloop
 endfacet
 facet normal  2.367644e-01 -9.715671e-01  0.000000e+00
   outer loop
     vertex  6.888174e+01  7.972618e+01  1.550003e+01
     vertex  6.892486e+01  7.973669e+01  1.800004e+01
     vertex  6.888174e+01  7.972618e+01  1.800004e+01
   endloop
 endfacet
 facet normal  1.699104e-01 -9.854595e-01  0.000000e+00
   outer loop
     vertex  6.883800e+01  7.971864e+01  1.550003e+01
     vertex  6.888174e+01  7.972618e+01  1.550003e+01
     vertex  6.888174e+01  7.972618e+01  1.800004e+01
   endloop
 endfacet
 facet normal  1.699104e-01 -9.854595e-01  0.000000e+00
   outer loop
     vertex  6.883800e+01  7.971864e+01  1.550003e+01
     vertex  6.888174e+01  7.972618e+01  1.800004e+01
     vertex  6.883800e+01  7.971864e+01  1.800004e+01
   endloop
 endfacet
 facet normal  1.022641e-01 -9.947573e-01  0.000000e+00
   outer loop
     vertex  6.879385e+01  7.971410e+01  1.550003e+01
     vertex  6.883800e+01  7.971864e+01  1.550003e+01
     vertex  6.883800e+01  7.971864e+01  1.800004e+01
   endloop
 endfacet
 facet normal  1.022641e-01 -9.947573e-01  0.000000e+00
   outer loop
     vertex  6.879385e+01  7.971410e+01  1.550003e+01
     vertex  6.883800e+01  7.971864e+01  1.800004e+01
     vertex  6.879385e+01  7.971410e+01  1.800004e+01
   endloop
 endfacet
 facet normal  3.414111e-02 -9.994170e-01  0.000000e+00
   outer loop
     vertex  6.874949e+01  7.971258e+01  1.550003e+01
     vertex  6.879385e+01  7.971410e+01  1.550003e+01
     vertex  6.879385e+01  7.971410e+01  1.800004e+01
   endloop
 endfacet
 facet normal  3.414111e-02 -9.994170e-01  0.000000e+00
   outer loop
     vertex  6.874949e+01  7.971258e+01  1.550003e+01
     vertex  6.879385e+01  7.971410e+01  1.800004e+01
     vertex  6.874949e+01  7.971258e+01  1.800004e+01
   endloop
 endfacet
 facet normal  0.000000e+00 -1.000000e+00  0.000000e+00
   outer loop
     vertex  5.684481e-01  7.971258e+01  1.800004e+01
     vertex  6.874949e+01  7.971258e+01  1.550003e+01
     vertex  6.874949e+01  7.971258e+01  1.800004e+01
   endloop
 endfacet
 facet normal  0.000000e+00 -1.000000e+00  0.000000e+00
   outer loop
     vertex  5.684481e-01  7.971258e+01  1.550003e+01
     vertex  6.874949e+01  7.971258e+01  1.550003e+01
     vertex  5.684481e-01  7.971258e+01  1.800004e+01
   endloop
 endfacet
 facet normal -3.414111e-02 -9.994170e-01  0.000000e+00
   outer loop
     vertex  5.240904e-01  7.971410e+01  1.550003e+01
     vertex  5.684481e-01  7.971258e+01  1.550003e+01
     vertex  5.684481e-01  7.971258e+01  1.800004e+01
   endloop
 endfacet
 facet normal -3.414111e-02 -9.994170e-01  0.000000e+00
   outer loop
     vertex  5.240904e-01  7.971410e+01  1.550003e+01
     vertex  5.684481e-01  7.971258e+01  1.800004e+01
     vertex  5.240904e-01  7.971410e+01  1.800004e+01
   endloop
 endfacet
 facet normal -1.022641e-01 -9.947573e-01  0.000000e+00
   outer loop
     vertex  4.799396e-01  7.971864e+01  1.550003e+01
     vertex  5.240904e-01  7.971410e+01  1.550003e+01
     vertex  5.240904e-01  7.971410e+01  1.800004e+01
   endloop
 endfacet
 facet normal -1.022641e-01 -9.947573e-01  0.000000e+00
   outer loop
     vertex  4.799396e-01  7.971864e+01  1.550003e+01
     vertex  5.240904e-01  7.971410e+01  1.800004e+01
     vertex  4.799396e-01  7.971864e+01  1.800004e+01
   endloop
 endfacet
 facet normal -1.699104e-01 -9.854595e-01  0.000000e+00
   outer loop
     vertex  4.362014e-01  7.972618e+01  1.550003e+01
     vertex  4.799396e-01  7.971864e+01  1.550003e+01
     vertex  4.799396e-01  7.971864e+01  1.800004e+01
   endloop
 endfacet
 facet normal -1.699104e-01 -9.854595e-01  0.000000e+00
   outer loop
     vertex  4.362014e-01  7.972618e+01  1.550003e+01
     vertex  4.799396e-01  7.971864e+01  1.800004e+01
     vertex  4.362014e-01  7.972618e+01  1.800004e+01
   endloop
 endfacet
 facet normal -2.367644e-01 -9.715671e-01  0.000000e+00
   outer loop
     vertex  3.930798e-01  7.973669e+01  1.550003e+01
     vertex  4.362014e-01  7.972618e+01  1.550003e+01
     vertex  4.362014e-01  7.972618e+01  1.800004e+01
   endloop
 endfacet
 facet normal -2.367644e-01 -9.715671e-01  0.000000e+00
   outer loop
     vertex  3.930798e-01  7.973669e+01  1.550003e+01
     vertex  4.362014e-01  7.972618e+01  1.800004e+01
     vertex  3.930798e-01  7.973669e+01  1.800004e+01
   endloop
 endfacet
 facet normal -3.025146e-01 -9.531448e-01  0.000000e+00
   outer loop
     vertex  3.507759e-01  7.975011e+01  1.550003e+01
     vertex  3.930798e-01  7.973669e+01  1.550003e+01
     vertex  3.930798e-01  7.973669e+01  1.800004e+01
   endloop
 endfacet
 facet normal -3.025146e-01 -9.531448e-01  0.000000e+00
   outer loop
     vertex  3.507759e-01  7.975011e+01  1.550003e+01
     vertex  3.930798e-01  7.973669e+01  1.800004e+01
     vertex  3.507759e-01  7.975011e+01  1.800004e+01
   endloop
 endfacet
 facet normal -3.668542e-01 -9.302784e-01  0.000000e+00
   outer loop
     vertex  3.094868e-01  7.976640e+01  1.550003e+01
     vertex  3.507759e-01  7.975011e+01  1.550003e+01
     vertex  3.507759e-01  7.975011e+01  1.800004e+01
   endloop
 endfacet
 facet normal -3.668542e-01 -9.302784e-01  0.000000e+00
   outer loop
     vertex  3.094868e-01  7.976640e+01  1.550003e+01
     vertex  3.507759e-01  7.975011e+01  1.800004e+01
     vertex  3.094868e-01  7.976640e+01  1.800004e+01
   endloop
 endfacet
 facet normal -4.294834e-01 -9.030747e-01  0.000000e+00
   outer loop
     vertex  2.694052e-01  7.978546e+01  1.550003e+01
     vertex  3.094868e-01  7.976640e+01  1.550003e+01
     vertex  3.094868e-01  7.976640e+01  1.800004e+01
   endloop
 endfacet
 facet normal -4.294834e-01 -9.030747e-01  0.000000e+00
   outer loop
     vertex  2.694052e-01  7.978546e+01  1.550003e+01
     vertex  3.094868e-01  7.976640e+01  1.800004e+01
     vertex  2.694052e-01  7.978546e+01  1.800004e+01
   endloop
 endfacet
 facet normal -4.901102e-01 -8.716605e-01  0.000000e+00
   outer loop
     vertex  2.307178e-01  7.980721e+01  1.550003e+01
     vertex  2.694052e-01  7.978546e+01  1.550003e+01
     vertex  2.694052e-01  7.978546e+01  1.800004e+01
   endloop
 endfacet
 facet normal -4.901102e-01 -8.716605e-01  0.000000e+00
   outer loop
     vertex  2.307178e-01  7.980721e+01  1.550003e+01
     vertex  2.694052e-01  7.978546e+01  1.800004e+01
     vertex  2.307178e-01  7.980721e+01  1.800004e+01
   endloop
 endfacet
 facet normal -5.484519e-01 -8.361821e-01  0.000000e+00
   outer loop
     vertex  1.936051e-01  7.983155e+01  1.550003e+01
     vertex  2.307178e-01  7.980721e+01  1.550003e+01
     vertex  2.307178e-01  7.980721e+01  1.800004e+01
   endloop
 endfacet
 facet normal -5.484519e-01 -8.361821e-01  0.000000e+00
   outer loop
     vertex  1.936051e-01  7.983155e+01  1.550003e+01
     vertex  2.307178e-01  7.980721e+01  1.800004e+01
     vertex  1.936051e-01  7.983155e+01  1.800004e+01
   endloop
 endfacet
 facet normal -6.042364e-01 -7.968051e-01  0.000000e+00
   outer loop
     vertex  1.582401e-01  7.985837e+01  1.550003e+01
     vertex  1.936051e-01  7.983155e+01  1.550003e+01
     vertex  1.936051e-01  7.983155e+01  1.800004e+01
   endloop
 endfacet
 facet normal -6.042364e-01 -7.968051e-01  0.000000e+00
   outer loop
     vertex  1.582401e-01  7.985837e+01  1.550003e+01
     vertex  1.936051e-01  7.983155e+01  1.800004e+01
     vertex  1.582401e-01  7.985837e+01  1.800004e+01
   endloop
 endfacet
 facet normal -6.572037e-01 -7.537130e-01  0.000000e+00
   outer loop
     vertex  1.247876e-01  7.988754e+01  1.550003e+01
     vertex  1.582401e-01  7.985837e+01  1.550003e+01
     vertex  1.582401e-01  7.985837e+01  1.800004e+01
   endloop
 endfacet
 facet normal -6.572037e-01 -7.537130e-01  0.000000e+00
   outer loop
     vertex  1.247876e-01  7.988754e+01  1.550003e+01
     vertex  1.582401e-01  7.985837e+01  1.800004e+01
     vertex  1.247876e-01  7.988754e+01  1.800004e+01
   endloop
 endfacet
 facet normal -7.071068e-01 -7.071068e-01  0.000000e+00
   outer loop
     vertex  9.340375e-02  7.991892e+01  1.550003e+01
     vertex  1.247876e-01  7.988754e+01  1.550003e+01
     vertex  1.247876e-01  7.988754e+01  1.800004e+01
   endloop
 endfacet
 facet normal -7.071068e-01 -7.071068e-01  0.000000e+00
   outer loop
     vertex  9.340375e-02  7.991892e+01  1.550003e+01
     vertex  1.247876e-01  7.988754e+01  1.800004e+01
     vertex  9.340375e-02  7.991892e+01  1.800004e+01
   endloop
 endfacet
 facet normal -7.537130e-01 -6.572037e-01  0.000000e+00
   outer loop
     vertex  6.423473e-02  7.995238e+01  1.550003e+01
     vertex  9.340375e-02  7.991892e+01  1.550003e+01
     vertex  9.340375e-02  7.991892e+01  1.800004e+01
   endloop
 endfacet
 facet normal -7.537130e-01 -6.572037e-01  0.000000e+00
   outer loop
     vertex  6.423473e-02  7.995238e+01  1.550003e+01
     vertex  9.340375e-02  7.991892e+01  1.800004e+01
     vertex  6.423473e-02  7.995238e+01  1.800004e+01
   endloop
 endfacet
 facet normal -7.968051e-01 -6.042364e-01  0.000000e+00
   outer loop
     vertex  3.741659e-02  7.998774e+01  1.550003e+01
     vertex  6.423473e-02  7.995238e+01  1.550003e+01
     vertex  6.423473e-02  7.995238e+01  1.800004e+01
   endloop
 endfacet
 facet normal -7.968051e-01 -6.042364e-01  0.000000e+00
   outer loop
     vertex  3.741659e-02  7.998774e+01  1.550003e+01
     vertex  6.423473e-02  7.995238e+01  1.800004e+01
     vertex  3.741659e-02  7.998774e+01  1.800004e+01
   endloop
 endfacet
 facet normal -8.361821e-01 -5.484519e-01  0.000000e+00
   outer loop
     vertex  1.307436e-02  8.002485e+01  1.550003e+01
     vertex  3.741659e-02  7.998774e+01  1.550003e+01
     vertex  3.741659e-02  7.998774e+01  1.800004e+01
   endloop
 endfacet
 facet normal -8.361821e-01 -5.484519e-01  0.000000e+00
   outer loop
     vertex  1.307436e-02  8.002485e+01  1.550003e+01
     vertex  3.741659e-02  7.998774e+01  1.800004e+01
     vertex  1.307436e-02  8.002485e+01  1.800004e+01
   endloop
 endfacet
 facet normal -8.716605e-01 -4.901102e-01  0.000000e+00
   outer loop
     vertex -8.678463e-03  8.006354e+01  1.550003e+01
     vertex  1.307436e-02  8.002485e+01  1.550003e+01
     vertex  1.307436e-02  8.002485e+01  1.800004e+01
   endloop
 endfacet
 facet normal -8.716605e-01 -4.901102e-01  0.000000e+00
   outer loop
     vertex -8.678463e-03  8.006354e+01  1.550003e+01
     vertex  1.307436e-02  8.002485e+01  1.800004e+01
     vertex -8.678463e-03  8.006354e+01  1.800004e+01
   endloop
 endfacet
 facet normal -9.030747e-01 -4.294834e-01  0.000000e+00
   outer loop
     vertex -2.774045e-02  8.010362e+01  1.550003e+01
     vertex -8.678463e-03  8.006354e+01  1.550003e+01
     vertex -8.678463e-03  8.006354e+01  1.800004e+01
   endloop
 endfacet
 facet normal -9.030747e-01 -4.294834e-01  0.000000e+00
   outer loop
     vertex -2.774045e-02  8.010362e+01  1.550003e+01
     vertex -8.678463e-03  8.006354e+01  1.800004e+01
     vertex -2.774045e-02  8.010362e+01  1.800004e+01
   endloop
 endfacet
 facet normal -9.302784e-01 -3.668542e-01  0.000000e+00
   outer loop
     vertex -4.402274e-02  8.014491e+01  1.550003e+01
     vertex -2.774045e-02  8.010362e+01  1.550003e+01
     vertex -2.774045e-02  8.010362e+01  1.800004e+01
   endloop
 endfacet
 facet normal -9.302784e-01 -3.668542e-01  0.000000e+00
   outer loop
     vertex -4.402274e-02  8.014491e+01  1.550003e+01
     vertex -2.774045e-02  8.010362e+01  1.800004e+01
     vertex -4.402274e-02  8.014491e+01  1.800004e+01
   endloop
 endfacet
 facet normal -9.531448e-01 -3.025146e-01  0.000000e+00
   outer loop
     vertex -5.744940e-02  8.018722e+01  1.550003e+01
     vertex -4.402274e-02  8.014491e+01  1.550003e+01
     vertex -4.402274e-02  8.014491e+01  1.800004e+01
   endloop
 endfacet
 facet normal -9.531448e-01 -3.025146e-01  0.000000e+00
   outer loop
     vertex -5.744940e-02  8.018722e+01  1.550003e+01
     vertex -4.402274e-02  8.014491e+01  1.800004e+01
     vertex -5.744940e-02  8.018722e+01  1.800004e+01
   endloop
 endfacet
 facet normal -9.715671e-01 -2.367644e-01  0.000000e+00
   outer loop
     vertex -6.795784e-02  8.023034e+01  1.550003e+01
     vertex -5.744940e-02  8.018722e+01  1.550003e+01
     vertex -5.744940e-02  8.018722e+01  1.800004e+01
   endloop
 endfacet
 facet normal -9.715671e-01 -2.367644e-01  0.000000e+00
   outer loop
     vertex -6.795784e-02  8.023034e+01  1.550003e+01
     vertex -5.744940e-02  8.018722e+01  1.800004e+01
     vertex -6.795784e-02  8.023034e+01  1.800004e+01
   endloop
 endfacet
 facet normal -9.854595e-01 -1.699104e-01  0.000000e+00
   outer loop
     vertex -7.549907e-02  8.027408e+01  1.550003e+01
     vertex -6.795784e-02  8.023034e+01  1.550003e+01
     vertex -6.795784e-02  8.023034e+01  1.800004e+01
   endloop
 endfacet
 facet normal -9.854595e-01 -1.699104e-01  0.000000e+00
   outer loop
     vertex -7.549907e-02  8.027408e+01  1.550003e+01
     vertex -6.795784e-02  8.023034e+01  1.800004e+01
     vertex -7.549907e-02  8.027408e+01  1.800004e+01
   endloop
 endfacet
 facet normal -9.947573e-01 -1.022641e-01  0.000000e+00
   outer loop
     vertex -8.003791e-02  8.031823e+01  1.550003e+01
     vertex -7.549907e-02  8.027408e+01  1.550003e+01
     vertex -7.549907e-02  8.027408e+01  1.800004e+01
   endloop
 endfacet
 facet normal -9.947573e-01 -1.022641e-01  0.000000e+00
   outer loop
     vertex -8.003791e-02  8.031823e+01  1.550003e+01
     vertex -7.549907e-02  8.027408e+01  1.800004e+01
     vertex -8.003791e-02  8.031823e+01  1.800004e+01
   endloop
 endfacet
 facet normal -9.994170e-01 -3.414111e-02  0.000000e+00
   outer loop
     vertex -8.155321e-02  8.036258e+01  1.550003e+01
     vertex -8.003791e-02  8.031823e+01  1.550003e+01
     vertex -8.003791e-02  8.031823e+01  1.800004e+01
   endloop
 endfacet
 facet normal -9.994170e-01 -3.414111e-02  0.000000e+00
   outer loop
     vertex -8.155321e-02  8.036258e+01  1.550003e+01
     vertex -8.003791e-02  8.031823e+01  1.800004e+01
     vertex -8.155321e-02  8.036258e+01  1.800004e+01
   endloop
 endfacet
 facet normal  0.000000e+00  0.000000e+00 -1.000000e+00
   outer loop
     vertex  6.912433e+01  7.983155e+01  1.550003e+01
     vertex  6.919315e+01  7.988754e+01  1.550003e+01
     vertex  6.915970e+01  7.985837e+01  1.550003e+01
   endloop
 endfacet
 facet normal  0.000000e+00  0.000000e+00 -1.000000e+00
   outer loop
     vertex  6.928052e+01  7.998774e+01  1.550003e+01
     vertex  6.925371e+01  7.995238e+01  1.550003e+01
     vertex  6.922454e+01  7.991892e+01  1.550003e+01
   endloop
 endfacet
 facet normal  0.000000e+00  0.000000e+00 -1.000000e+00
   outer loop
     vertex  6.908722e+01  7.980721e+01  1.550003e+01
     vertex  6.919315e+01  7.988754e+01  1.550003e+01
     vertex  6.912433e+01  7.983155e+01  1.550003e+01
   endloop
 endfacet
 facet normal  0.000000e+00  0.000000e+00 -1.000000e+00
   outer loop
     vertex  6.930487e+01  8.002485e+01  1.550003e+01
     vertex  6.928052e+01  7.998774e+01  1.550003e+01
     vertex  6.922454e+01  7.991892e+01  1.550003e+01
   endloop
 endfacet
 facet normal  0.000000e+00  0.000000e+00 -1.000000e+00
   outer loop
     vertex  6.930487e+01  8.002485e+01  1.550003e+01
     vertex  6.919315e+01  7.988754e+01  1.550003e+01
     vertex  6.908722e+01  7.980721e+01  1.550003e+01
   endloop
 endfacet
 facet normal  0.000000e+00  0.000000e+00 -1.000000e+00
   outer loop
     vertex  6.930487e+01  8.002485e+01  1.550003e+01
     vertex  6.922454e+01  7.991892e+01  1.550003e+01
     vertex  6.919315e+01  7.988754e+01  1.550003e+01
   endloop
 endfacet
 facet normal  0.000000e+00  0.000000e+00 -1.000000e+00
   outer loop
     vertex  6.900845e+01  7.976640e+01  1.550003e+01
     vertex  6.908722e+01  7.980721e+01  1.550003e+01
     vertex  6.904853e+01  7.978546e+01  1.550003e+01
   endloop
 endfacet
 facet normal  0.000000e+00  0.000000e+00 -1.000000e+00
   outer loop
     vertex  6.934568e+01  8.010362e+01  1.550003e+01
     vertex  6.932662e+01  8.006354e+01  1.550003e+01
     vertex  6.930487e+01  8.002485e+01  1.550003e+01
   endloop
 endfacet
 facet normal  0.000000e+00  0.000000e+00 -1.000000e+00
   outer loop
     vertex  6.888174e+01  7.972618e+01  1.550003e+01
     vertex  6.908722e+01  7.980721e+01  1.550003e+01
     vertex  6.900845e+01  7.976640e+01  1.550003e+01
   endloop
 endfacet
 facet normal  0.000000e+00  0.000000e+00 -1.000000e+00
   outer loop
     vertex  6.888174e+01  7.972618e+01  1.550003e+01
     vertex  6.900845e+01  7.976640e+01  1.550003e+01
     vertex  6.896716e+01  7.975011e+01  1.550003e+01
   endloop
 endfacet
 facet normal  0.000000e+00  0.000000e+00 -1.000000e+00
   outer loop
     vertex  6.888174e+01  7.972618e+01  1.550003e+01
     vertex  6.896716e+01  7.975011e+01  1.550003e+01
     vertex  6.892486e+01  7.973669e+01  1.550003e+01
   endloop
 endfacet
 facet normal  0.000000e+00  0.000000e+00 -1.000000e+00
   outer loop
     vertex  6.938590e+01  8.023034e+01  1.550003e+01
     vertex  6.930487e+01  8.002485e+01  1.550003e+01
     vertex  6.908722e+01  7.980721e+01  1.550003e+01
   endloop
 endfacet
 facet normal  0.000000e+00  0.000000e+00 -1.000000e+00
   outer loop
     vertex  6.938590e+01  8.023034e+01  1.550003e+01
     vertex  6.934568e+01  8.010362e+01  1.550003e+01
     vertex  6.930487e+01  8.002485e+01  1.550003e+01
   endloop
 endfacet
 facet normal  0.000000e+00  0.000000e+00 -1.000000e+00
   outer loop
     vertex  6.938590e+01  8.023034e+01  1.550003e+01
     vertex  6.908722e+01  7.980721e+01  1.550003e+01
     vertex  6.888174e+01  7.972618e+01  1.550003e+01
   endloop
 endfacet
 facet normal  0.000000e+00  0.000000e+00 -1.000000e+00
   outer loop
     vertex  6.938590e+01  8.023034e+01  1.550003e+01
     vertex  6.937539e+01  8.018722e+01  1.550003e+01
     vertex  6.936196e+01  8.014491e+01  1.550003e+01
   endloop
 endfacet
 facet normal  0.000000e+00  0.000000e+00 -1.000000e+00
   outer loop
     vertex  6.938590e+01  8.023034e+01  1.550003e+01
     vertex  6.936196e+01  8.014491e+01  1.550003e+01
     vertex  6.934568e+01  8.010362e+01  1.550003e+01
   endloop
 endfacet
 facet normal  0.000000e+00  0.000000e+00 -1.000000e+00
   outer loop
     vertex  6.874949e+01  7.971258e+01  1.550003e+01
     vertex  6.888174e+01  7.972618e+01  1.550003e+01
     vertex  6.883800e+01  7.971864e+01  1.550003e+01
   endloop
 endfacet
 facet normal  0.000000e+00  0.000000e+00 -1.000000e+00
   outer loop
     vertex  6.874949e+01  7.971258e+01  1.550003e+01
     vertex  6.883800e+01  7.971864e+01  1.550003e+01
     vertex  6.879385e+01  7.971410e+01  1.550003e+01
   endloop
 endfacet
 facet normal  0.000000e+00  0.000000e+00 -1.000000e+00
   outer loop
     vertex  6.939949e+01  8.036258e+01  1.550003e+01
     vertex  6.938590e+01  8.023034e+01  1.550003e+01
     vertex  6.888174e+01  7.972618e+01  1.550003e+01
   endloop
 endfacet
 facet normal  0.000000e+00  0.000000e+00 -1.000000e+00
   outer loop
     vertex  6.939949e+01  8.036258e+01  1.550003e+01
     vertex  6.888174e+01  7.972618e+01  1.550003e+01
     vertex  6.874949e+01  7.971258e+01  1.550003e+01
   endloop
 endfacet
 facet normal  0.000000e+00  0.000000e+00 -1.000000e+00
   outer loop
     vertex  6.939949e+01  8.036258e+01  1.550003e+01
     vertex  6.939798e+01  8.031823e+01  1.550003e+01
     vertex  6.939344e+01  8.027408e+01  1.550003e+01
   endloop
 endfacet
 facet normal  0.000000e+00  0.000000e+00 -1.000000e+00
   outer loop
     vertex  6.939949e+01  8.036258e+01  1.550003e+01
     vertex  6.939344e+01  8.027408e+01  1.550003e+01
     vertex  6.938590e+01  8.023034e+01  1.550003e+01
   endloop
 endfacet
 facet normal  0.000000e+00  0.000000e+00 -1.000000e+00
   outer loop
     vertex  6.789949e+01  8.121258e+01  1.550003e+01
     vertex  6.939949e+01  8.036258e+01  1.550003e+01
     vertex  6.874949e+01  7.971258e+01  1.550003e+01
   endloop
 endfacet
 facet normal  0.000000e+00  0.000000e+00 -1.000000e+00
   outer loop
     vertex  6.938590e+01  1.294708e+02  1.550003e+01
     vertex  6.939344e+01  1.294271e+02  1.550003e+01
     vertex  6.939798e+01  1.293829e+02  1.550003e+01
   endloop
 endfacet
 facet normal  0.000000e+00  0.000000e+00 -1.000000e+00
   outer loop
     vertex  6.938590e+01  1.294708e+02  1.550003e+01
     vertex  6.939798e+01  1.293829e+02  1.550003e+01
     vertex  6.939949e+01  1.293386e+02  1.550003e+01
   endloop
 endfacet
 facet normal  0.000000e+00  0.000000e+00 -1.000000e+00
   outer loop
     vertex  6.934568e+01  1.295976e+02  1.550003e+01
     vertex  6.936196e+01  1.295563e+02  1.550003e+01
     vertex  6.937539e+01  1.295140e+02  1.550003e+01
   endloop
 endfacet
 facet normal  0.000000e+00  0.000000e+00 -1.000000e+00
   outer loop
     vertex  6.934568e+01  1.295976e+02  1.550003e+01
     vertex  6.937539e+01  1.295140e+02  1.550003e+01
     vertex  6.938590e+01  1.294708e+02  1.550003e+01
   endloop
 endfacet
 facet normal  0.000000e+00  0.000000e+00 -1.000000e+00
   outer loop
     vertex  6.934568e+01  1.295976e+02  1.550003e+01
     vertex  6.938590e+01  1.294708e+02  1.550003e+01
     vertex  6.939949e+01  1.293386e+02  1.550003e+01
   endloop
 endfacet
 facet normal  0.000000e+00  0.000000e+00 -1.000000e+00
   outer loop
     vertex  6.932662e+01  1.296376e+02  1.550003e+01
     vertex  6.934568e+01  1.295976e+02  1.550003e+01
     vertex  6.939949e+01  1.293386e+02  1.550003e+01
   endloop
 endfacet
 facet normal  0.000000e+00  0.000000e+00 -1.000000e+00
   outer loop
     vertex  6.925371e+01  1.297488e+02  1.550003e+01
     vertex  6.928052e+01  1.297134e+02  1.550003e+01
     vertex  6.930487e+01  1.296763e+02  1.550003e+01
   endloop
 endfacet
 facet normal  0.000000e+00  0.000000e+00 -1.000000e+00
   outer loop
     vertex  6.922454e+01  1.297822e+02  1.550003e+01
     vertex  6.925371e+01  1.297488e+02  1.550003e+01
     vertex  6.930487e+01  1.296763e+02  1.550003e+01
   endloop
 endfacet
 facet normal  0.000000e+00  0.000000e+00 -1.000000e+00
   outer loop
     vertex  6.789949e+01  1.284886e+02  1.550003e+01
     vertex  6.939949e+01  1.293386e+02  1.550003e+01
     vertex  6.939949e+01  8.036258e+01  1.550003e+01
   endloop
 endfacet
 facet normal  0.000000e+00  0.000000e+00 -1.000000e+00
   outer loop
     vertex  6.789949e+01  1.284886e+02  1.550003e+01
     vertex  6.939949e+01  8.036258e+01  1.550003e+01
     vertex  6.789949e+01  8.121258e+01  1.550003e+01
   endloop
 endfacet
 facet normal  0.000000e+00  0.000000e+00 -1.000000e+00
   outer loop
     vertex  6.919315e+01  1.298136e+02  1.550003e+01
     vertex  6.922454e+01  1.297822e+02  1.550003e+01
     vertex  6.930487e+01  1.296763e+02  1.550003e+01
   endloop
 endfacet
 facet normal  0.000000e+00  0.000000e+00 -1.000000e+00
   outer loop
     vertex  6.912433e+01  1.298696e+02  1.550003e+01
     vertex  6.915970e+01  1.298428e+02  1.550003e+01
     vertex  6.919315e+01  1.298136e+02  1.550003e+01
   endloop
 endfacet
 facet normal  0.000000e+00  0.000000e+00 -1.000000e+00
   outer loop
     vertex  6.912433e+01  1.298696e+02  1.550003e+01
     vertex  6.930487e+01  1.296763e+02  1.550003e+01
     vertex  6.932662e+01  1.296376e+02  1.550003e+01
   endloop
 endfacet
 facet normal  0.000000e+00  0.000000e+00 -1.000000e+00
   outer loop
     vertex  6.912433e+01  1.298696e+02  1.550003e+01
     vertex  6.919315e+01  1.298136e+02  1.550003e+01
     vertex  6.930487e+01  1.296763e+02  1.550003e+01
   endloop
 endfacet
 facet normal  0.000000e+00  0.000000e+00 -1.000000e+00
   outer loop
     vertex  6.900845e+01  1.299348e+02  1.550003e+01
     vertex  6.904853e+01  1.299157e+02  1.550003e+01
     vertex  6.908722e+01  1.298940e+02  1.550003e+01
   endloop
 endfacet
 facet normal  0.000000e+00  0.000000e+00 -1.000000e+00
   outer loop
     vertex  6.900845e+01  1.299348e+02  1.550003e+01
     vertex  6.908722e+01  1.298940e+02  1.550003e+01
     vertex  6.912433e+01  1.298696e+02  1.550003e+01
   endloop
 endfacet
 facet normal  0.000000e+00  0.000000e+00 -1.000000e+00
   outer loop
     vertex  6.900845e+01  1.299348e+02  1.550003e+01
     vertex  6.912433e+01  1.298696e+02  1.550003e+01
     vertex  6.932662e+01  1.296376e+02  1.550003e+01
   endloop
 endfacet
 facet normal  0.000000e+00  0.000000e+00 -1.000000e+00
   outer loop
     vertex  6.896716e+01  1.299511e+02  1.550003e+01
     vertex  6.900845e+01  1.299348e+02  1.550003e+01
     vertex  6.932662e+01  1.296376e+02  1.550003e+01
   endloop
 endfacet
 facet normal  0.000000e+00  0.000000e+00 -1.000000e+00
   outer loop
     vertex  6.888174e+01  1.299750e+02  1.550003e+01
     vertex  6.892486e+01  1.299645e+02  1.550003e+01
     vertex  6.896716e+01  1.299511e+02  1.550003e+01
   endloop
 endfacet
 facet normal  0.000000e+00  0.000000e+00 -1.000000e+00
   outer loop
     vertex  6.883800e+01  1.299825e+02  1.550003e+01
     vertex  6.888174e+01  1.299750e+02  1.550003e+01
     vertex  6.896716e+01  1.299511e+02  1.550003e+01
   endloop
 endfacet
 facet normal  0.000000e+00  0.000000e+00 -1.000000e+00
   outer loop
     vertex  6.879385e+01  1.299871e+02  1.550003e+01
     vertex  6.883800e+01  1.299825e+02  1.550003e+01
     vertex  6.896716e+01  1.299511e+02  1.550003e+01
   endloop
 endfacet
 facet normal  0.000000e+00  0.000000e+00 -1.000000e+00
   outer loop
     vertex  6.874949e+01  1.299886e+02  1.550003e+01
     vertex  6.879385e+01  1.299871e+02  1.550003e+01
     vertex  6.896716e+01  1.299511e+02  1.550003e+01
   endloop
 endfacet
 facet normal  0.000000e+00 -0.000000e+00 -1.000000e+00
   outer loop
     vertex  6.874949e+01  1.299886e+02  1.550003e+01
     vertex  6.939949e+01  1.293386e+02  1.550003e+01
     vertex  6.789949e+01  1.284886e+02  1.550003e+01
   endloop
 endfacet
 facet normal  0.000000e+00  0.000000e+00 -1.000000e+00
   outer loop
     vertex  6.874949e+01  1.299886e+02  1.550003e+01
     vertex  6.932662e+01  1.296376e+02  1.550003e+01
     vertex  6.939949e+01  1.293386e+02  1.550003e+01
   endloop
 endfacet
 facet normal  0.000000e+00  0.000000e+00 -1.000000e+00
   outer loop
     vertex  6.874949e+01  1.299886e+02  1.550003e+01
     vertex  6.896716e+01  1.299511e+02  1.550003e+01
     vertex  6.932662e+01  1.296376e+02  1.550003e+01
   endloop
 endfacet
 facet normal  0.000000e+00  0.000000e+00 -1.000000e+00
   outer loop
     vertex  4.362014e-01  7.972618e+01  1.550003e+01
     vertex  5.240904e-01  7.971410e+01  1.550003e+01
     vertex  4.799396e-01  7.971864e+01  1.550003e+01
   endloop
 endfacet
 facet normal  0.000000e+00  0.000000e+00 -1.000000e+00
   outer loop
     vertex  3.930798e-01  7.973669e+01  1.550003e+01
     vertex  5.240904e-01  7.971410e+01  1.550003e+01
     vertex  4.362014e-01  7.972618e+01  1.550003e+01
   endloop
 endfacet
 facet normal  0.000000e+00  0.000000e+00 -1.000000e+00
   outer loop
     vertex  3.930798e-01  7.973669e+01  1.550003e+01
     vertex  5.684481e-01  7.971258e+01  1.550003e+01
     vertex  5.240904e-01  7.971410e+01  1.550003e+01
   endloop
 endfacet
 facet normal  0.000000e+00  0.000000e+00 -1.000000e+00
   outer loop
     vertex  3.094868e-01  7.976640e+01  1.550003e+01
     vertex  3.930798e-01  7.973669e+01  1.550003e+01
     vertex  3.507759e-01  7.975011e+01  1.550003e+01
   endloop
 endfacet
 facet normal  0.000000e+00  0.000000e+00 -1.000000e+00
   outer loop
     vertex  2.307178e-01  7.980721e+01  1.550003e+01
     vertex  5.684481e-01  7.971258e+01  1.550003e+01
     vertex  3.930798e-01  7.973669e+01  1.550003e+01
   endloop
 endfacet
 facet normal  0.000000e+00  0.000000e+00 -1.000000e+00
   outer loop
     vertex  2.307178e-01  7.980721e+01  1.550003e+01
     vertex  3.930798e-01  7.973669e+01  1.550003e+01
     vertex  3.094868e-01  7.976640e+01  1.550003e+01
   endloop
 endfacet
 facet normal  0.000000e+00  0.000000e+00 -1.000000e+00
   outer loop
     vertex  2.307178e-01  7.980721e+01  1.550003e+01
     vertex  3.094868e-01  7.976640e+01  1.550003e+01
     vertex  2.694052e-01  7.978546e+01  1.550003e+01
   endloop
 endfacet
 facet normal  0.000000e+00  0.000000e+00 -1.000000e+00
   outer loop
     vertex  1.582401e-01  7.985837e+01  1.550003e+01
     vertex  5.684481e-01  7.971258e+01  1.550003e+01
     vertex  2.307178e-01  7.980721e+01  1.550003e+01
   endloop
 endfacet
 facet normal  0.000000e+00  0.000000e+00 -1.000000e+00
   outer loop
     vertex  1.582401e-01  7.985837e+01  1.550003e+01
     vertex  2.307178e-01  7.980721e+01  1.550003e+01
     vertex  1.936051e-01  7.983155e+01  1.550003e+01
   endloop
 endfacet
 facet normal  0.000000e+00  0.000000e+00 -1.000000e+00
   outer loop
     vertex  1.418447e+00  8.121258e+01  1.550003e+01
     vertex  6.789949e+01  8.121258e+01  1.550003e+01
     vertex  6.874949e+01  7.971258e+01  1.550003e+01
   endloop
 endfacet
 facet normal  0.000000e+00 -0.000000e+00 -1.000000e+00
   outer loop
     vertex  1.418447e+00  8.121258e+01  1.550003e+01
     vertex  6.874949e+01  7.971258e+01  1.550003e+01
     vertex  5.684481e-01  7.971258e+01  1.550003e+01
   endloop
 endfacet
 facet normal  0.000000e+00  0.000000e+00 -1.000000e+00
   outer loop
     vertex  9.340375e-02  7.991892e+01  1.550003e+01
     vertex  5.684481e-01  7.971258e+01  1.550003e+01
     vertex  1.582401e-01  7.985837e+01  1.550003e+01
   endloop
 endfacet
 facet normal  0.000000e+00  0.000000e+00 -1.000000e+00
   outer loop
     vertex  9.340375e-02  7.991892e+01  1.550003e+01
     vertex  1.582401e-01  7.985837e+01  1.550003e+01
     vertex  1.247876e-01  7.988754e+01  1.550003e+01
   endloop
 endfacet
 facet normal  0.000000e+00  0.000000e+00 -1.000000e+00
   outer loop
     vertex  6.423473e-02  7.995238e+01  1.550003e+01
     vertex  5.684481e-01  7.971258e+01  1.550003e+01
     vertex  9.340375e-02  7.991892e+01  1.550003e+01
   endloop
 endfacet
 facet normal  0.000000e+00  0.000000e+00 -1.000000e+00
   outer loop
     vertex -8.678463e-03  8.006354e+01  1.550003e+01
     vertex  5.684481e-01  7.971258e+01  1.550003e+01
     vertex  6.423473e-02  7.995238e+01  1.550003e+01
   endloop
 endfacet
 facet normal  0.000000e+00  0.000000e+00 -1.000000e+00
   outer loop
     vertex -8.678463e-03  8.006354e+01  1.550003e+01
     vertex  6.423473e-02  7.995238e+01  1.550003e+01
     vertex  3.741659e-02  7.998774e+01  1.550003e+01
   endloop
 endfacet
 facet normal  0.000000e+00  0.000000e+00 -1.000000e+00
   outer loop
     vertex -8.678463e-03  8.006354e+01  1.550003e+01
     vertex  3.741659e-02  7.998774e+01  1.550003e+01
     vertex  1.307436e-02  8.002485e+01  1.550003e+01
   endloop
 endfacet
 facet normal  0.000000e+00  0.000000e+00 -1.000000e+00
   outer loop
     vertex -4.402274e-02  8.014491e+01  1.550003e+01
     vertex -8.678463e-03  8.006354e+01  1.550003e+01
     vertex -2.774045e-02  8.010362e+01  1.550003e+01
   endloop
 endfacet
 facet normal  0.000000e+00  0.000000e+00 -1.000000e+00
   outer loop
     vertex -5.744940e-02  8.018722e+01  1.550003e+01
     vertex -8.678463e-03  8.006354e+01  1.550003e+01
     vertex -4.402274e-02  8.014491e+01  1.550003e+01
   endloop
 endfacet
 facet normal  0.000000e+00  0.000000e+00 -1.000000e+00
   outer loop
     vertex -6.795784e-02  8.023034e+01  1.550003e+01
     vertex  5.684481e-01  7.971258e+01  1.550003e+01
     vertex -8.678463e-03  8.006354e+01  1.550003e+01
   endloop
 endfacet
 facet normal  0.000000e+00  0.000000e+00 -1.000000e+00
   outer loop
     vertex -6.795784e-02  8.023034e+01  1.550003e+01
     vertex -8.678463e-03  8.006354e+01  1.550003e+01
     vertex -5.744940e-02  8.018722e+01  1.550003e+01
   endloop
 endfacet
 facet normal  0.000000e+00  0.000000e+00 -1.000000e+00
   outer loop
     vertex -8.155321e-02  8.036258e+01  1.550003e+01
     vertex  1.418447e+00  8.121258e+01  1.550003e+01
     vertex  5.684481e-01  7.971258e+01  1.550003e+01
   endloop
 endfacet
 facet normal  0.000000e+00  0.000000e+00 -1.000000e+00
   outer loop
     vertex -8.155321e-02  8.036258e+01  1.550003e+01
     vertex  5.684481e-01  7.971258e+01  1.550003e+01
     vertex -6.795784e-02  8.023034e+01  1.550003e+01
   endloop
 endfacet
 facet normal  0.000000e+00  0.000000e+00 -1.000000e+00
   outer loop
     vertex -8.155321e-02  8.036258e+01  1.550003e+01
     vertex -6.795784e-02  8.023034e+01  1.550003e+01
     vertex -7.549907e-02  8.027408e+01  1.550003e+01
   endloop
 endfacet
 facet normal  0.000000e+00  0.000000e+00 -1.000000e+00
   outer loop
     vertex -8.155321e-02  8.036258e+01  1.550003e+01
     vertex -7.549907e-02  8.027408e+01  1.550003e+01
     vertex -8.003791e-02  8.031823e+01  1.550003e+01
   endloop
 endfacet
 facet normal  0.000000e+00  0.000000e+00 -1.000000e+00
   outer loop
     vertex  1.418447e+00  1.284886e+02  1.550003e+01
     vertex  6.874949e+01  1.299886e+02  1.550003e+01
     vertex  6.789949e+01  1.284886e+02  1.550003e+01
   endloop
 endfacet
 facet normal  0.000000e+00 -0.000000e+00 -1.000000e+00
   outer loop
     vertex  1.418447e+00  1.284886e+02  1.550003e+01
     vertex  1.418447e+00  8.121258e+01  1.550003e+01
     vertex -8.155321e-02  8.036258e+01  1.550003e+01
   endloop
 endfacet
 facet normal  0.000000e+00  0.000000e+00 -1.000000e+00
   outer loop
     vertex  5.684481e-01  1.299886e+02  1.550003e+01
     vertex  6.874949e+01  1.299886e+02  1.550003e+01
     vertex  1.418447e+00  1.284886e+02  1.550003e+01
   endloop
 endfacet
 facet normal  0.000000e+00  0.000000e+00 -1.000000e+00
   outer loop
     vertex -8.155321e-02  1.293386e+02  1.550003e+01
     vertex  5.684481e-01  1.299886e+02  1.550003e+01
     vertex  1.418447e+00  1.284886e+02  1.550003e+01
   endloop
 endfacet
 facet normal  0.000000e+00 -0.000000e+00 -1.000000e+00
   outer loop
     vertex -8.155321e-02  1.293386e+02  1.550003e+01
     vertex  1.418447e+00  1.284886e+02  1.550003e+01
     vertex -8.155321e-02  8.036258e+01  1.550003e+01
   endloop
 endfacet
 facet normal  0.000000e+00  0.000000e+00 -1.000000e+00
   outer loop
     vertex -7.549907e-02  1.294271e+02  1.550003e+01
     vertex -8.155321e-02  1.293386e+02  1.550003e+01
     vertex -8.003791e-02  1.293829e+02  1.550003e+01
   endloop
 endfacet
 facet normal  0.000000e+00  0.000000e+00 -1.000000e+00
   outer loop
     vertex -6.795784e-02  1.294708e+02  1.550003e+01
     vertex  4.362014e-01  1.299750e+02  1.550003e+01
     vertex  4.799396e-01  1.299825e+02  1.550003e+01
   endloop
 endfacet
 facet normal  0.000000e+00  0.000000e+00 -1.000000e+00
   outer loop
     vertex -6.795784e-02  1.294708e+02  1.550003e+01
     vertex  4.799396e-01  1.299825e+02  1.550003e+01
     vertex  5.240904e-01  1.299871e+02  1.550003e+01
   endloop
 endfacet
 facet normal  0.000000e+00  0.000000e+00 -1.000000e+00
   outer loop
     vertex -6.795784e-02  1.294708e+02  1.550003e+01
     vertex  5.240904e-01  1.299871e+02  1.550003e+01
     vertex  5.684481e-01  1.299886e+02  1.550003e+01
   endloop
 endfacet
 facet normal  0.000000e+00 -0.000000e+00 -1.000000e+00
   outer loop
     vertex -6.795784e-02  1.294708e+02  1.550003e+01
     vertex  5.684481e-01  1.299886e+02  1.550003e+01
     vertex -8.155321e-02  1.293386e+02  1.550003e+01
   endloop
 endfacet
 facet normal  0.000000e+00  0.000000e+00 -1.000000e+00
   outer loop
     vertex -6.795784e-02  1.294708e+02  1.550003e+01
     vertex -8.155321e-02  1.293386e+02  1.550003e+01
     vertex -7.549907e-02  1.294271e+02  1.550003e+01
   endloop
 endfacet
 facet normal  0.000000e+00  0.000000e+00 -1.000000e+00
   outer loop
     vertex -4.402274e-02  1.295563e+02  1.550003e+01
     vertex -6.795784e-02  1.294708e+02  1.550003e+01
     vertex -5.744940e-02  1.295140e+02  1.550003e+01
   endloop
 endfacet
 facet normal  0.000000e+00  0.000000e+00 -1.000000e+00
   outer loop
     vertex  3.507759e-01  1.299511e+02  1.550003e+01
     vertex  3.930798e-01  1.299645e+02  1.550003e+01
     vertex  4.362014e-01  1.299750e+02  1.550003e+01
   endloop
 endfacet
 facet normal  0.000000e+00 -0.000000e+00 -1.000000e+00
   outer loop
     vertex  3.507759e-01  1.299511e+02  1.550003e+01
     vertex  4.362014e-01  1.299750e+02  1.550003e+01
     vertex -6.795784e-02  1.294708e+02  1.550003e+01
   endloop
 endfacet
 facet normal  0.000000e+00  0.000000e+00 -1.000000e+00
   outer loop
     vertex  3.507759e-01  1.299511e+02  1.550003e+01
     vertex -6.795784e-02  1.294708e+02  1.550003e+01
     vertex -4.402274e-02  1.295563e+02  1.550003e+01
   endloop
 endfacet
 facet normal  0.000000e+00  0.000000e+00 -1.000000e+00
   outer loop
     vertex  2.307178e-01  1.298940e+02  1.550003e+01
     vertex  2.694052e-01  1.299157e+02  1.550003e+01
     vertex  3.094868e-01  1.299348e+02  1.550003e+01
   endloop
 endfacet
 facet normal  0.000000e+00  0.000000e+00 -1.000000e+00
   outer loop
     vertex  1.307436e-02  1.296763e+02  1.550003e+01
     vertex -2.774045e-02  1.295976e+02  1.550003e+01
     vertex -8.678463e-03  1.296376e+02  1.550003e+01
   endloop
 endfacet
 facet normal  0.000000e+00  0.000000e+00 -1.000000e+00
   outer loop
     vertex  3.741659e-02  1.297134e+02  1.550003e+01
     vertex -2.774045e-02  1.295976e+02  1.550003e+01
     vertex  1.307436e-02  1.296763e+02  1.550003e+01
   endloop
 endfacet
 facet normal  0.000000e+00  0.000000e+00 -1.000000e+00
   outer loop
     vertex  1.936051e-01  1.298696e+02  1.550003e+01
     vertex  3.094868e-01  1.299348e+02  1.550003e+01
     vertex  3.507759e-01  1.299511e+02  1.550003e+01
   endloop
 endfacet
 facet normal  0.000000e+00  0.000000e+00 -1.000000e+00
   outer loop
     vertex  1.936051e-01  1.298696e+02  1.550003e+01
     vertex  2.307178e-01  1.298940e+02  1.550003e+01
     vertex  3.094868e-01  1.299348e+02  1.550003e+01
   endloop
 endfacet
 facet normal  0.000000e+00  0.000000e+00 -1.000000e+00
   outer loop
     vertex  1.582401e-01  1.298428e+02  1.550003e+01
     vertex  1.936051e-01  1.298696e+02  1.550003e+01
     vertex  3.507759e-01  1.299511e+02  1.550003e+01
   endloop
 endfacet
 facet normal  0.000000e+00  0.000000e+00 -1.000000e+00
   outer loop
     vertex  1.247876e-01  1.298136e+02  1.550003e+01
     vertex -4.402274e-02  1.295563e+02  1.550003e+01
     vertex -2.774045e-02  1.295976e+02  1.550003e+01
   endloop
 endfacet
 facet normal  0.000000e+00 -0.000000e+00 -1.000000e+00
   outer loop
     vertex  1.247876e-01  1.298136e+02  1.550003e+01
     vertex  3.507759e-01  1.299511e+02  1.550003e+01
     vertex -4.402274e-02  1.295563e+02  1.550003e+01
   endloop
 endfacet
 facet normal  0.000000e+00  0.000000e+00 -1.000000e+00
   outer loop
     vertex  1.247876e-01  1.298136e+02  1.550003e+01
     vertex  1.582401e-01  1.298428e+02  1.550003e+01
     vertex  3.507759e-01  1.299511e+02  1.550003e+01
   endloop
 endfacet
 facet normal  0.000000e+00  0.000000e+00 -1.000000e+00
   outer loop
     vertex  9.340375e-02  1.297822e+02  1.550003e+01
     vertex  3.741659e-02  1.297134e+02  1.550003e+01
     vertex  6.423473e-02  1.297488e+02  1.550003e+01
   endloop
 endfacet
 facet normal  0.000000e+00  0.000000e+00 -1.000000e+00
   outer loop
     vertex  9.340375e-02  1.297822e+02  1.550003e+01
     vertex -2.774045e-02  1.295976e+02  1.550003e+01
     vertex  3.741659e-02  1.297134e+02  1.550003e+01
   endloop
 endfacet
 facet normal  0.000000e+00 -0.000000e+00 -1.000000e+00
   outer loop
     vertex  9.340375e-02  1.297822e+02  1.550003e+01
     vertex  1.247876e-01  1.298136e+02  1.550003e+01
     vertex -2.774045e-02  1.295976e+02  1.550003e+01
   endloop
 endfacet
 facet normal  1.000000e+00  0.000000e+00  0.000000e+00
   outer loop
     vertex  2.053005e+01  1.189803e+02  2.090004e+01
     vertex  2.053005e+01  9.078023e+01  2.300005e+01
     vertex  2.053005e+01  9.078023e+01  2.090004e+01
   endloop
 endfacet
 facet normal  1.000000e+00  0.000000e+00 -0.000000e+00
   outer loop
     vertex  2.053005e+01  1.189803e+02  2.090004e+01
     vertex  2.053005e+01  1.189803e+02  2.300005e+01
     vertex  2.053005e+01  9.078023e+01  2.300005e+01
   endloop
 endfacet
 facet normal  0.000000e+00 -1.000000e+00  0.000000e+00
   outer loop
     vertex  4.873011e+01  1.189803e+02  2.090004e+01
     vertex  2.053005e+01  1.189803e+02  2.300005e+01
     vertex  2.053005e+01  1.189803e+02  2.090004e+01
   endloop
 endfacet
 facet normal  0.000000e+00 -1.000000e+00  0.000000e+00
   outer loop
     vertex  4.873011e+01  1.189803e+02  2.090004e+01
     vertex  4.873011e+01  1.189803e+02  2.300005e+01
     vertex  2.053005e+01  1.189803e+02  2.300005e+01
   endloop
 endfacet
 facet normal -1.000000e+00  0.000000e+00  0.000000e+00
   outer loop
     vertex  4.873011e+01  9.078023e+01  2.090004e+01
     vertex  4.873011e+01  1.189803e+02  2.300005e+01
     vertex  4.873011e+01  1.189803e+02  2.090004e+01
   endloop
 endfacet
 facet normal -1.000000e+00  0.000000e+00  0.000000e+00
   outer loop
     vertex  4.873011e+01  9.078023e+01  2.090004e+01
     vertex  4.873011e+01  9.078023e+01  2.300005e+01
     vertex  4.873011e+01  1.189803e+02  2.300005e+01
   endloop
 endfacet
 facet normal  0.000000e+00  1.000000e+00  0.000000e+00
   outer loop
     vertex  2.053005e+01  9.078023e+01  2.090004e+01
     vertex  4.873011e+01  9.078023e+01  2.300005e+01
     vertex  4.873011e+01  9.078023e+01  2.090004e+01
   endloop
 endfacet
 facet normal  0.000000e+00  1.000000e+00  0.000000e+00
   outer loop
     vertex  2.053005e+01  9.078023e+01  2.090004e+01
     vertex  2.053005e+01  9.078023e+01  2.300005e+01
     vertex  4.873011e+01  9.078023e+01  2.300005e+01
   endloop
 endfacet
 facet normal  0.000000e+00  1.000000e+00  0.000000e+00
   outer loop
     vertex  1.418447e+00  8.121258e+01  1.550003e+01
     vertex  6.789949e+01  8.121258e+01  1.900004e+01
     vertex  6.789949e+01  8.121258e+01  1.550003e+01
   endloop
 endfacet
 facet normal  0.000000e+00  1.000000e+00  0.000000e+00
   outer loop
     vertex  1.418447e+00  8.121258e+01  1.550003e+01
     vertex  1.418447e+00  8.121258e+01  1.900004e+01
     vertex  6.789949e+01  8.121258e+01  1.900004e+01
   endloop
 endfacet
 facet normal  1.000000e+00  0.000000e+00  0.000000e+00
   outer loop
     vertex  1.418447e+00  1.284886e+02  1.550003e+01
     vertex  1.418447e+00  8.121258e+01  1.900004e+01
     vertex  1.418447e+00  8.121258e+01  1.550003e+01
   endloop
 endfacet
 facet normal  1.000000e+00  0.000000e+00 -0.000000e+00
   outer loop
     vertex  1.418447e+00  1.284886e+02  1.550003e+01
     vertex  1.418447e+00  1.284886e+02  1.900004e+01
     vertex  1.418447e+00  8.121258e+01  1.900004e+01
   endloop
 endfacet
 facet normal  0.000000e+00 -1.000000e+00  0.000000e+00
   outer loop
     vertex  6.789949e+01  1.284886e+02  1.550003e+01
     vertex  1.418447e+00  1.284886e+02  1.900004e+01
     vertex  1.418447e+00  1.284886e+02  1.550003e+01
   endloop
 endfacet
 facet normal  0.000000e+00 -1.000000e+00  0.000000e+00
   outer loop
     vertex  6.789949e+01  1.284886e+02  1.550003e+01
     vertex  6.789949e+01  1.284886e+02  1.900004e+01
     vertex  1.418447e+00  1.284886e+02  1.900004e+01
   endloop
 endfacet
 facet normal -1.000000e+00  0.000000e+00  0.000000e+00
   outer loop
     vertex  6.789949e+01  8.121258e+01  1.550003e+01
     vertex  6.789949e+01  1.284886e+02  1.900004e+01
     vertex  6.789949e+01  1.284886e+02  1.550003e+01
   endloop
 endfacet
 facet normal -1.000000e+00  0.000000e+00  0.000000e+00
   outer loop
     vertex  6.789949e+01  8.121258e+01  1.550003e+01
     vertex  6.789949e+01  8.121258e+01  1.900004e+01
     vertex  6.789949e+01  1.284886e+02  1.900004e+01
   endloop
 endfacet
 facet normal -8.943824e-15 -1.617359e-14 -1.000000e+00
   outer loop
     vertex  4.644281e+01  9.329756e+01  1.900004e+01
     vertex  6.789949e+01  8.121258e+01  1.900004e+01
     vertex  4.631298e+01  9.314970e+01  1.900004e+01
   endloop
 endfacet
 facet normal  0.000000e+00  0.000000e+00 -1.000000e+00
   outer loop
     vertex  4.615504e+01  9.302909e+01  1.900004e+01
     vertex  4.631298e+01  9.314970e+01  1.900004e+01
     vertex  6.789949e+01  8.121258e+01  1.900004e+01
   endloop
 endfacet
 facet normal  1.248870e-16 -7.224287e-17 -1.000000e+00
   outer loop
     vertex  4.654038e+01  9.346622e+01  1.900004e+01
     vertex  6.789949e+01  8.121258e+01  1.900004e+01
     vertex  4.644281e+01  9.329756e+01  1.900004e+01
   endloop
 endfacet
 facet normal  0.000000e+00  0.000000e+00 -1.000000e+00
   outer loop
     vertex  4.599349e+01  9.294859e+01  1.900004e+01
     vertex  4.615504e+01  9.302909e+01  1.900004e+01
     vertex  6.789949e+01  8.121258e+01  1.900004e+01
   endloop
 endfacet
 facet normal  1.389954e-16 -4.765075e-17 -1.000000e+00
   outer loop
     vertex  4.660293e+01  9.364868e+01  1.900004e+01
     vertex  6.789949e+01  8.121258e+01  1.900004e+01
     vertex  4.654038e+01  9.346622e+01  1.900004e+01
   endloop
 endfacet
 facet normal  0.000000e+00  0.000000e+00 -1.000000e+00
   outer loop
     vertex  4.581860e+01  9.289816e+01  1.900004e+01
     vertex  4.599349e+01  9.294859e+01  1.900004e+01
     vertex  6.789949e+01  8.121258e+01  1.900004e+01
   endloop
 endfacet
 facet normal  1.513298e-16 -2.652837e-17 -1.000000e+00
   outer loop
     vertex  4.662368e+01  9.376708e+01  1.900004e+01
     vertex  6.789949e+01  8.121258e+01  1.900004e+01
     vertex  4.660293e+01  9.364868e+01  1.900004e+01
   endloop
 endfacet
 facet normal  0.000000e+00  0.000000e+00 -1.000000e+00
   outer loop
     vertex  4.563586e+01  9.288025e+01  1.900004e+01
     vertex  4.581860e+01  9.289816e+01  1.900004e+01
     vertex  6.789949e+01  8.121258e+01  1.900004e+01
   endloop
 endfacet
 facet normal  1.808701e-14  3.036867e-14 -1.000000e+00
   outer loop
     vertex  4.663011e+01  9.388024e+01  1.900004e+01
     vertex  6.789949e+01  8.121258e+01  1.900004e+01
     vertex  4.662368e+01  9.376708e+01  1.900004e+01
   endloop
 endfacet
 facet normal -5.779757e-15 -2.525710e-14 -1.000000e+00
   outer loop
     vertex  4.445799e+01  9.490966e+01  1.900004e+01
     vertex  4.514214e+01  9.475310e+01  1.900004e+01
     vertex  4.498880e+01  9.464753e+01  1.900004e+01
   endloop
 endfacet
 facet normal  4.493675e-15 -4.453671e-15 -1.000000e+00
   outer loop
     vertex  4.445799e+01  9.490966e+01  1.900004e+01
     vertex  4.498880e+01  9.464753e+01  1.900004e+01
     vertex  4.485711e+01  9.451465e+01  1.900004e+01
   endloop
 endfacet
 facet normal  5.332915e-15 -3.605710e-15 -1.000000e+00
   outer loop
     vertex  4.445799e+01  9.490966e+01  1.900004e+01
     vertex  4.485711e+01  9.451465e+01  1.900004e+01
     vertex  4.475338e+01  9.436124e+01  1.900004e+01
   endloop
 endfacet
 facet normal  1.449343e-14  1.953929e-14 -1.000000e+00
   outer loop
     vertex  4.497482e+01  9.544696e+01  1.900004e+01
     vertex  4.550440e+01  9.487231e+01  1.900004e+01
     vertex  4.531656e+01  9.482981e+01  1.900004e+01
   endloop
 endfacet
 facet normal -2.045073e-14  1.886764e-16 -1.000000e+00
   outer loop
     vertex  4.497482e+01  9.544696e+01  1.900004e+01
     vertex  4.531656e+01  9.482981e+01  1.900004e+01
     vertex  4.514214e+01  9.475310e+01  1.900004e+01
   endloop
 endfacet
 facet normal  1.240137e-15  5.419303e-15 -1.000000e+00
   outer loop
     vertex  4.497482e+01  9.544696e+01  1.900004e+01
     vertex  4.514214e+01  9.475310e+01  1.900004e+01
     vertex  4.445799e+01  9.490966e+01  1.900004e+01
   endloop
 endfacet
 facet normal  4.026848e-15 -4.309168e-15 -1.000000e+00
   outer loop
     vertex  4.391290e+01  9.440028e+01  1.900004e+01
     vertex  4.445799e+01  9.490966e+01  1.900004e+01
     vertex  4.475338e+01  9.436124e+01  1.900004e+01
   endloop
 endfacet
 facet normal  4.143381e-15 -1.800487e-15 -1.000000e+00
   outer loop
     vertex  4.391290e+01  9.440028e+01  1.900004e+01
     vertex  4.475338e+01  9.436124e+01  1.900004e+01
     vertex  4.468026e+01  9.419296e+01  1.900004e+01
   endloop
 endfacet
 facet normal  9.455946e-15  1.786349e-14 -1.000000e+00
   outer loop
     vertex  4.391290e+01  9.440028e+01  1.900004e+01
     vertex  4.468026e+01  9.419296e+01  1.900004e+01
     vertex  4.463932e+01  9.401575e+01  1.900004e+01
   endloop
 endfacet
 facet normal -1.019088e-14 -1.925188e-14 -1.000000e+00
   outer loop
     vertex  4.391290e+01  9.440028e+01  1.900004e+01
     vertex  4.463932e+01  9.401575e+01  1.900004e+01
     vertex  4.463110e+01  9.383556e+01  1.900004e+01
   endloop
 endfacet
 facet normal -2.367512e-14 -1.179701e-14 -1.000000e+00
   outer loop
     vertex  4.546196e+01  9.601059e+01  1.900004e+01
     vertex  4.607797e+01  9.477434e+01  1.900004e+01
     vertex  4.589262e+01  9.484517e+01  1.900004e+01
   endloop
 endfacet
 facet normal  1.900832e-14  3.975633e-15 -1.000000e+00
   outer loop
     vertex  4.546196e+01  9.601059e+01  1.900004e+01
     vertex  4.589262e+01  9.484517e+01  1.900004e+01
     vertex  4.569887e+01  9.487787e+01  1.900004e+01
   endloop
 endfacet
 facet normal  0.000000e+00  0.000000e+00 -1.000000e+00
   outer loop
     vertex  4.546196e+01  9.601059e+01  1.900004e+01
     vertex  4.569887e+01  9.487787e+01  1.900004e+01
     vertex  4.550440e+01  9.487231e+01  1.900004e+01
   endloop
 endfacet
 facet normal -6.991308e-15 -2.606648e-16 -1.000000e+00
   outer loop
     vertex  4.546196e+01  9.601059e+01  1.900004e+01
     vertex  4.550440e+01  9.487231e+01  1.900004e+01
     vertex  4.497482e+01  9.544696e+01  1.900004e+01
   endloop
 endfacet
 facet normal  2.553957e-15 -3.043088e-15 -1.000000e+00
   outer loop
     vertex  4.334103e+01  9.392032e+01  1.900004e+01
     vertex  4.391290e+01  9.440028e+01  1.900004e+01
     vertex  4.463110e+01  9.383556e+01  1.900004e+01
   endloop
 endfacet
 facet normal  3.979674e-15  1.865672e-14 -1.000000e+00
   outer loop
     vertex  4.334103e+01  9.392032e+01  1.900004e+01
     vertex  4.463110e+01  9.383556e+01  1.900004e+01
     vertex  4.465962e+01  9.363906e+01  1.900004e+01
   endloop
 endfacet
 facet normal  0.000000e+00  0.000000e+00 -1.000000e+00
   outer loop
     vertex  4.334103e+01  9.392032e+01  1.900004e+01
     vertex  4.465962e+01  9.363906e+01  1.900004e+01
     vertex  4.472557e+01  9.345382e+01  1.900004e+01
   endloop
 endfacet
 facet normal -3.290683e-14 -7.218259e-15 -1.000000e+00
   outer loop
     vertex  4.591812e+01  9.659890e+01  1.900004e+01
     vertex  4.636593e+01  9.455741e+01  1.900004e+01
     vertex  4.623120e+01  9.467941e+01  1.900004e+01
   endloop
 endfacet
 facet normal  0.000000e+00 -0.000000e+00 -1.000000e+00
   outer loop
     vertex  4.591812e+01  9.659890e+01  1.900004e+01
     vertex  4.607797e+01  9.477434e+01  1.900004e+01
     vertex  4.546196e+01  9.601059e+01  1.900004e+01
   endloop
 endfacet
 facet normal  2.451576e-14  2.147867e-15 -1.000000e+00
   outer loop
     vertex  4.591812e+01  9.659890e+01  1.900004e+01
     vertex  4.623120e+01  9.467941e+01  1.900004e+01
     vertex  4.607797e+01  9.477434e+01  1.900004e+01
   endloop
 endfacet
 facet normal  0.000000e+00  0.000000e+00 -1.000000e+00
   outer loop
     vertex  4.274395e+01  9.347123e+01  1.900004e+01
     vertex  4.334103e+01  9.392032e+01  1.900004e+01
     vertex  4.472557e+01  9.345382e+01  1.900004e+01
   endloop
 endfacet
 facet normal  0.000000e+00  0.000000e+00 -1.000000e+00
   outer loop
     vertex  4.274395e+01  9.347123e+01  1.900004e+01
     vertex  4.472557e+01  9.345382e+01  1.900004e+01
     vertex  4.482534e+01  9.328664e+01  1.900004e+01
   endloop
 endfacet
 facet normal  0.000000e+00  0.000000e+00 -1.000000e+00
   outer loop
     vertex  4.274395e+01  9.347123e+01  1.900004e+01
     vertex  4.482534e+01  9.328664e+01  1.900004e+01
     vertex  4.495416e+01  9.314328e+01  1.900004e+01
   endloop
 endfacet
 facet normal  3.231137e-14  2.907425e-16 -1.000000e+00
   outer loop
     vertex  4.634206e+01  9.721016e+01  1.900004e+01
     vertex  4.647719e+01  9.441169e+01  1.900004e+01
     vertex  4.636593e+01  9.455741e+01  1.900004e+01
   endloop
 endfacet
 facet normal  0.000000e+00 -0.000000e+00 -1.000000e+00
   outer loop
     vertex  4.634206e+01  9.721016e+01  1.900004e+01
     vertex  4.636593e+01  9.455741e+01  1.900004e+01
     vertex  4.591812e+01  9.659890e+01  1.900004e+01
   endloop
 endfacet
 facet normal -1.204869e-15 -1.595675e-15 -1.000000e+00
   outer loop
     vertex  4.212331e+01  9.305434e+01  1.900004e+01
     vertex  4.495416e+01  9.314328e+01  1.900004e+01
     vertex  4.510635e+01  9.302836e+01  1.900004e+01
   endloop
 endfacet
 facet normal -1.035708e-15 -6.980096e-15 -1.000000e+00
   outer loop
     vertex  4.212331e+01  9.305434e+01  1.900004e+01
     vertex  4.274395e+01  9.347123e+01  1.900004e+01
     vertex  4.495416e+01  9.314328e+01  1.900004e+01
   endloop
 endfacet
 facet normal  0.000000e+00  0.000000e+00 -1.000000e+00
   outer loop
     vertex  4.673265e+01  9.784261e+01  1.900004e+01
     vertex  4.656061e+01  9.424651e+01  1.900004e+01
     vertex  4.647719e+01  9.441169e+01  1.900004e+01
   endloop
 endfacet
 facet normal  1.034256e-14 -7.700939e-16 -1.000000e+00
   outer loop
     vertex  4.673265e+01  9.784261e+01  1.900004e+01
     vertex  4.647719e+01  9.441169e+01  1.900004e+01
     vertex  4.634206e+01  9.721016e+01  1.900004e+01
   endloop
 endfacet
 facet normal  2.770878e-15 -3.804416e-14 -1.000000e+00
   outer loop
     vertex  4.148084e+01  9.267092e+01  1.900004e+01
     vertex  4.510635e+01  9.302836e+01  1.900004e+01
     vertex  4.527092e+01  9.294697e+01  1.900004e+01
   endloop
 endfacet
 facet normal -1.173842e-15  1.966927e-15 -1.000000e+00
   outer loop
     vertex  4.148084e+01  9.267092e+01  1.900004e+01
     vertex  4.212331e+01  9.305434e+01  1.900004e+01
     vertex  4.510635e+01  9.302836e+01  1.900004e+01
   endloop
 endfacet
 facet normal  0.000000e+00  0.000000e+00 -1.000000e+00
   outer loop
     vertex  4.708888e+01  9.849440e+01  1.900004e+01
     vertex  4.661224e+01  9.406841e+01  1.900004e+01
     vertex  4.656061e+01  9.424651e+01  1.900004e+01
   endloop
 endfacet
 facet normal  0.000000e+00  0.000000e+00 -1.000000e+00
   outer loop
     vertex  4.708888e+01  9.849440e+01  1.900004e+01
     vertex  4.656061e+01  9.424651e+01  1.900004e+01
     vertex  4.673265e+01  9.784261e+01  1.900004e+01
   endloop
 endfacet
 facet normal  6.396193e-15 -4.742049e-14 -1.000000e+00
   outer loop
     vertex  4.088546e+01  9.235544e+01  1.900004e+01
     vertex  4.527092e+01  9.294697e+01  1.900004e+01
     vertex  4.545121e+01  9.289636e+01  1.900004e+01
   endloop
 endfacet
 facet normal  0.000000e+00  0.000000e+00 -1.000000e+00
   outer loop
     vertex  4.088546e+01  9.235544e+01  1.900004e+01
     vertex  4.148084e+01  9.267092e+01  1.900004e+01
     vertex  4.527092e+01  9.294697e+01  1.900004e+01
   endloop
 endfacet
 facet normal -2.772822e-15 -2.632315e-16 -1.000000e+00
   outer loop
     vertex  4.740980e+01  9.916365e+01  1.900004e+01
     vertex  4.663011e+01  9.388024e+01  1.900004e+01
     vertex  4.661224e+01  9.406841e+01  1.900004e+01
   endloop
 endfacet
 facet normal -1.427650e-14  1.537435e-15 -1.000000e+00
   outer loop
     vertex  4.740980e+01  9.916365e+01  1.900004e+01
     vertex  4.661224e+01  9.406841e+01  1.900004e+01
     vertex  4.708888e+01  9.849440e+01  1.900004e+01
   endloop
 endfacet
 facet normal -1.220421e-14  8.062569e-14 -1.000000e+00
   outer loop
     vertex  4.027524e+01  9.206882e+01  1.900004e+01
     vertex  4.545121e+01  9.289636e+01  1.900004e+01
     vertex  4.563586e+01  9.288025e+01  1.900004e+01
   endloop
 endfacet
 facet normal  1.040591e-15 -2.215419e-15 -1.000000e+00
   outer loop
     vertex  4.027524e+01  9.206882e+01  1.900004e+01
     vertex  4.088546e+01  9.235544e+01  1.900004e+01
     vertex  4.545121e+01  9.289636e+01  1.900004e+01
   endloop
 endfacet
 facet normal  2.184151e-14 -3.895660e-15 -1.000000e+00
   outer loop
     vertex  4.769460e+01  9.984844e+01  1.900004e+01
     vertex  4.663011e+01  9.388024e+01  1.900004e+01
     vertex  4.740980e+01  9.916365e+01  1.900004e+01
   endloop
 endfacet
 facet normal  0.000000e+00 -0.000000e+00 -1.000000e+00
   outer loop
     vertex  4.769460e+01  9.984844e+01  1.900004e+01
     vertex  6.789949e+01  8.121258e+01  1.900004e+01
     vertex  4.663011e+01  9.388024e+01  1.900004e+01
   endloop
 endfacet
 facet normal -3.306305e-15  2.184273e-14 -1.000000e+00
   outer loop
     vertex  3.965156e+01  9.181176e+01  1.900004e+01
     vertex  4.027524e+01  9.206882e+01  1.900004e+01
     vertex  4.563586e+01  9.288025e+01  1.900004e+01
   endloop
 endfacet
 facet normal  6.785324e-15 -3.467778e-14 -1.000000e+00
   outer loop
     vertex  3.901584e+01  9.158493e+01  1.900004e+01
     vertex  3.965156e+01  9.181176e+01  1.900004e+01
     vertex  4.563586e+01  9.288025e+01  1.900004e+01
   endloop
 endfacet
 facet normal  0.000000e+00  0.000000e+00 -1.000000e+00
   outer loop
     vertex  3.901584e+01  9.158493e+01  1.900004e+01
     vertex  4.563586e+01  9.288025e+01  1.900004e+01
     vertex  6.789949e+01  8.121258e+01  1.900004e+01
   endloop
 endfacet
 facet normal  0.000000e+00 -0.000000e+00 -1.000000e+00
   outer loop
     vertex  4.794255e+01  1.005468e+02  1.900004e+01
     vertex  6.789949e+01  8.121258e+01  1.900004e+01
     vertex  4.769460e+01  9.984844e+01  1.900004e+01
   endloop
 endfacet
 facet normal  0.000000e+00  0.000000e+00 -1.000000e+00
   outer loop
     vertex  3.836955e+01  9.138889e+01  1.900004e+01
     vertex  3.901584e+01  9.158493e+01  1.900004e+01
     vertex  6.789949e+01  8.121258e+01  1.900004e+01
   endloop
 endfacet
 facet normal -3.766274e-15 -3.887580e-15 -1.000000e+00
   outer loop
     vertex  4.815305e+01  1.012567e+02  1.900004e+01
     vertex  6.789949e+01  8.121258e+01  1.900004e+01
     vertex  4.794255e+01  1.005468e+02  1.900004e+01
   endloop
 endfacet
 facet normal  3.134531e-15  9.095888e-15 -1.000000e+00
   outer loop
     vertex  3.771417e+01  9.122415e+01  1.900004e+01
     vertex  3.836955e+01  9.138889e+01  1.900004e+01
     vertex  6.789949e+01  8.121258e+01  1.900004e+01
   endloop
 endfacet
 facet normal  1.446930e-16 -3.470052e-17 -1.000000e+00
   outer loop
     vertex  4.832560e+01  1.019762e+02  1.900004e+01
     vertex  6.789949e+01  8.121258e+01  1.900004e+01
     vertex  4.815305e+01  1.012567e+02  1.900004e+01
   endloop
 endfacet
 facet normal -3.294898e-15 -1.028912e-14 -1.000000e+00
   outer loop
     vertex  3.705120e+01  9.109117e+01  1.900004e+01
     vertex  3.771417e+01  9.122415e+01  1.900004e+01
     vertex  6.789949e+01  8.121258e+01  1.900004e+01
   endloop
 endfacet
 facet normal  1.517811e-16 -2.801857e-17 -1.000000e+00
   outer loop
     vertex  4.845980e+01  1.027032e+02  1.900004e+01
     vertex  6.789949e+01  8.121258e+01  1.900004e+01
     vertex  4.832560e+01  1.019762e+02  1.900004e+01
   endloop
 endfacet
 facet normal  3.610430e-15  1.127445e-14 -1.000000e+00
   outer loop
     vertex  3.638217e+01  9.099030e+01  1.900004e+01
     vertex  3.705120e+01  9.109117e+01  1.900004e+01
     vertex  6.789949e+01  8.121258e+01  1.900004e+01
   endloop
 endfacet
 facet normal  1.597159e-16 -2.084102e-17 -1.000000e+00
   outer loop
     vertex  4.855537e+01  1.034356e+02  1.900004e+01
     vertex  6.789949e+01  8.121258e+01  1.900004e+01
     vertex  4.845980e+01  1.027032e+02  1.900004e+01
   endloop
 endfacet
 facet normal  2.781820e-17 -2.736793e-16 -1.000000e+00
   outer loop
     vertex  3.570864e+01  9.092184e+01  1.900004e+01
     vertex  3.638217e+01  9.099030e+01  1.900004e+01
     vertex  6.789949e+01  8.121258e+01  1.900004e+01
   endloop
 endfacet
 facet normal  1.686757e-16 -1.304189e-17 -1.000000e+00
   outer loop
     vertex  4.861193e+01  1.041671e+02  1.900004e+01
     vertex  6.789949e+01  8.121258e+01  1.900004e+01
     vertex  4.855537e+01  1.034356e+02  1.900004e+01
   endloop
 endfacet
 facet normal -4.450806e-15 -1.512247e-14 -1.000000e+00
   outer loop
     vertex  3.503217e+01  9.088601e+01  1.900004e+01
     vertex  3.570864e+01  9.092184e+01  1.900004e+01
     vertex  6.789949e+01  8.121258e+01  1.900004e+01
   endloop
 endfacet
 facet normal  5.933265e-15  4.830655e-15 -1.000000e+00
   outer loop
     vertex  4.863011e+01  1.048803e+02  1.900004e+01
     vertex  6.789949e+01  8.121258e+01  1.900004e+01
     vertex  4.861193e+01  1.041671e+02  1.900004e+01
   endloop
 endfacet
 facet normal  0.000000e+00  0.000000e+00 -1.000000e+00
   outer loop
     vertex  3.435434e+01  9.088295e+01  1.900004e+01
     vertex  3.503217e+01  9.088601e+01  1.900004e+01
     vertex  6.789949e+01  8.121258e+01  1.900004e+01
   endloop
 endfacet
 facet normal -6.191801e-15  5.053817e-15 -1.000000e+00
   outer loop
     vertex  6.789949e+01  1.284886e+02  1.900004e+01
     vertex  4.863011e+01  1.048803e+02  1.900004e+01
     vertex  4.861346e+01  1.055628e+02  1.900004e+01
   endloop
 endfacet
 facet normal  5.380060e-15 -4.680882e-15 -1.000000e+00
   outer loop
     vertex  6.789949e+01  1.284886e+02  1.900004e+01
     vertex  4.861346e+01  1.055628e+02  1.900004e+01
     vertex  4.856172e+01  1.062624e+02  1.900004e+01
   endloop
 endfacet
 facet normal  0.000000e+00  0.000000e+00 -1.000000e+00
   outer loop
     vertex  6.789949e+01  1.284886e+02  1.900004e+01
     vertex  4.856172e+01  1.062624e+02  1.900004e+01
     vertex  4.847792e+01  1.069389e+02  1.900004e+01
   endloop
 endfacet
 facet normal  0.000000e+00  0.000000e+00 -1.000000e+00
   outer loop
     vertex  6.789949e+01  1.284886e+02  1.900004e+01
     vertex  4.847792e+01  1.069389e+02  1.900004e+01
     vertex  4.836139e+01  1.076101e+02  1.900004e+01
   endloop
 endfacet
 facet normal  0.000000e+00  0.000000e+00 -1.000000e+00
   outer loop
     vertex  6.789949e+01  1.284886e+02  1.900004e+01
     vertex  4.836139e+01  1.076101e+02  1.900004e+01
     vertex  4.821247e+01  1.082743e+02  1.900004e+01
   endloop
 endfacet
 facet normal  0.000000e+00 -0.000000e+00 -1.000000e+00
   outer loop
     vertex  6.789949e+01  1.284886e+02  1.900004e+01
     vertex  6.789949e+01  8.121258e+01  1.900004e+01
     vertex  4.863011e+01  1.048803e+02  1.900004e+01
   endloop
 endfacet
 facet normal -4.335020e-15  4.221946e-15 -1.000000e+00
   outer loop
     vertex  4.803157e+01  1.089300e+02  1.900004e+01
     vertex  6.789949e+01  1.284886e+02  1.900004e+01
     vertex  4.821247e+01  1.082743e+02  1.900004e+01
   endloop
 endfacet
 facet normal  8.047728e-15 -8.356671e-15 -1.000000e+00
   outer loop
     vertex  4.781920e+01  1.095758e+02  1.900004e+01
     vertex  6.789949e+01  1.284886e+02  1.900004e+01
     vertex  4.803157e+01  1.089300e+02  1.900004e+01
   endloop
 endfacet
 facet normal -3.745580e-15  4.164644e-15 -1.000000e+00
   outer loop
     vertex  4.757590e+01  1.102100e+02  1.900004e+01
     vertex  6.789949e+01  1.284886e+02  1.900004e+01
     vertex  4.781920e+01  1.095758e+02  1.900004e+01
   endloop
 endfacet
 facet normal -1.995959e-15 -1.390649e-15 -1.000000e+00
   outer loop
     vertex  4.631298e+01  1.151497e+02  1.900004e+01
     vertex  4.630715e+01  1.126034e+02  1.900004e+01
     vertex  4.592005e+01  1.131590e+02  1.900004e+01
   endloop
 endfacet
 facet normal -1.323868e-15 -1.999156e-15 -1.000000e+00
   outer loop
     vertex  2.431293e+01  9.314970e+01  1.900004e+01
     vertex  2.659539e+01  9.341533e+01  1.900004e+01
     vertex  2.721055e+01  9.300796e+01  1.900004e+01
   endloop
 endfacet
 facet normal -1.946335e-15 -1.220640e-15 -1.000000e+00
   outer loop
     vertex  4.644281e+01  1.152976e+02  1.900004e+01
     vertex  4.666714e+01  1.120294e+02  1.900004e+01
     vertex  4.630715e+01  1.126034e+02  1.900004e+01
   endloop
 endfacet
 facet normal  1.593144e-15 -1.398871e-15 -1.000000e+00
   outer loop
     vertex  4.644281e+01  1.152976e+02  1.900004e+01
     vertex  4.630715e+01  1.126034e+02  1.900004e+01
     vertex  4.631298e+01  1.151497e+02  1.900004e+01
   endloop
 endfacet
 facet normal  1.380810e-15 -2.523920e-14 -1.000000e+00
   outer loop
     vertex  2.444277e+01  9.329756e+01  1.900004e+01
     vertex  2.659539e+01  9.341533e+01  1.900004e+01
     vertex  2.431293e+01  9.314970e+01  1.900004e+01
   endloop
 endfacet
 facet normal  0.000000e+00  0.000000e+00 -1.000000e+00
   outer loop
     vertex  2.444277e+01  9.329756e+01  1.900004e+01
     vertex  2.600204e+01  9.385494e+01  1.900004e+01
     vertex  2.659539e+01  9.341533e+01  1.900004e+01
   endloop
 endfacet
 facet normal  1.604624e-15 -2.101318e-15 -1.000000e+00
   outer loop
     vertex  4.615504e+01  1.150291e+02  1.900004e+01
     vertex  4.631298e+01  1.151497e+02  1.900004e+01
     vertex  4.592005e+01  1.131590e+02  1.900004e+01
   endloop
 endfacet
 facet normal -1.152273e-15  1.508947e-15 -1.000000e+00
   outer loop
     vertex  2.415500e+01  9.302909e+01  1.900004e+01
     vertex  2.431293e+01  9.314970e+01  1.900004e+01
     vertex  2.721055e+01  9.300796e+01  1.900004e+01
   endloop
 endfacet
 facet normal  0.000000e+00  0.000000e+00 -1.000000e+00
   outer loop
     vertex  4.654038e+01  1.154663e+02  1.900004e+01
     vertex  4.699914e+01  1.114382e+02  1.900004e+01
     vertex  4.666714e+01  1.120294e+02  1.900004e+01
   endloop
 endfacet
 facet normal  3.423204e-14  1.262589e-15 -1.000000e+00
   outer loop
     vertex  4.654038e+01  1.154663e+02  1.900004e+01
     vertex  4.666714e+01  1.120294e+02  1.900004e+01
     vertex  4.644281e+01  1.152976e+02  1.900004e+01
   endloop
 endfacet
 facet normal -9.492538e-15  2.655577e-14 -1.000000e+00
   outer loop
     vertex  2.454033e+01  9.346622e+01  1.900004e+01
     vertex  2.600204e+01  9.385494e+01  1.900004e+01
     vertex  2.444277e+01  9.329756e+01  1.900004e+01
   endloop
 endfacet
 facet normal -2.444273e-15 -1.884847e-15 -1.000000e+00
   outer loop
     vertex  4.599349e+01  1.149486e+02  1.900004e+01
     vertex  4.592005e+01  1.131590e+02  1.900004e+01
     vertex  4.550681e+01  1.136949e+02  1.900004e+01
   endloop
 endfacet
 facet normal  1.009795e-15 -2.026576e-15 -1.000000e+00
   outer loop
     vertex  4.599349e+01  1.149486e+02  1.900004e+01
     vertex  4.615504e+01  1.150291e+02  1.900004e+01
     vertex  4.592005e+01  1.131590e+02  1.900004e+01
   endloop
 endfacet
 facet normal -1.146793e-15  2.301519e-15 -1.000000e+00
   outer loop
     vertex  2.399344e+01  9.294859e+01  1.900004e+01
     vertex  2.415500e+01  9.302909e+01  1.900004e+01
     vertex  2.721055e+01  9.300796e+01  1.900004e+01
   endloop
 endfacet
 facet normal -9.013697e-16 -1.099690e-14 -1.000000e+00
   outer loop
     vertex  2.399344e+01  9.294859e+01  1.900004e+01
     vertex  2.721055e+01  9.300796e+01  1.900004e+01
     vertex  2.784798e+01  9.263265e+01  1.900004e+01
   endloop
 endfacet
 facet normal  0.000000e+00  0.000000e+00 -1.000000e+00
   outer loop
     vertex  4.660293e+01  1.156487e+02  1.900004e+01
     vertex  4.730231e+01  1.108313e+02  1.900004e+01
     vertex  4.699914e+01  1.114382e+02  1.900004e+01
   endloop
 endfacet
 facet normal  0.000000e+00 -0.000000e+00 -1.000000e+00
   outer loop
     vertex  4.660293e+01  1.156487e+02  1.900004e+01
     vertex  4.699914e+01  1.114382e+02  1.900004e+01
     vertex  4.654038e+01  1.154663e+02  1.900004e+01
   endloop
 endfacet
 facet normal -2.674328e-15  9.168199e-16 -1.000000e+00
   outer loop
     vertex  2.460288e+01  9.364868e+01  1.900004e+01
     vertex  2.600204e+01  9.385494e+01  1.900004e+01
     vertex  2.454033e+01  9.346622e+01  1.900004e+01
   endloop
 endfacet
 facet normal -2.195477e-14  5.688671e-15 -1.000000e+00
   outer loop
     vertex  4.581860e+01  1.148982e+02  1.900004e+01
     vertex  4.599349e+01  1.149486e+02  1.900004e+01
     vertex  4.550681e+01  1.136949e+02  1.900004e+01
   endloop
 endfacet
 facet normal  4.496008e-15  5.485224e-14 -1.000000e+00
   outer loop
     vertex  2.381855e+01  9.289816e+01  1.900004e+01
     vertex  2.399344e+01  9.294859e+01  1.900004e+01
     vertex  2.784798e+01  9.263265e+01  1.900004e+01
   endloop
 endfacet
 facet normal  1.008980e-15  1.931760e-15 -1.000000e+00
   outer loop
     vertex  2.381855e+01  9.289816e+01  1.900004e+01
     vertex  2.784798e+01  9.263265e+01  1.900004e+01
     vertex  2.845300e+01  9.231664e+01  1.900004e+01
   endloop
 endfacet
 facet normal  1.052620e-15  2.279555e-15 -1.000000e+00
   outer loop
     vertex  2.381855e+01  9.289816e+01  1.900004e+01
     vertex  2.845300e+01  9.231664e+01  1.900004e+01
     vertex  2.907223e+01  9.203070e+01  1.900004e+01
   endloop
 endfacet
 facet normal  0.000000e+00  0.000000e+00 -1.000000e+00
   outer loop
     vertex  4.662368e+01  1.157671e+02  1.900004e+01
     vertex  4.757590e+01  1.102100e+02  1.900004e+01
     vertex  4.730231e+01  1.108313e+02  1.900004e+01
   endloop
 endfacet
 facet normal  0.000000e+00 -0.000000e+00 -1.000000e+00
   outer loop
     vertex  4.662368e+01  1.157671e+02  1.900004e+01
     vertex  4.730231e+01  1.108313e+02  1.900004e+01
     vertex  4.660293e+01  1.156487e+02  1.900004e+01
   endloop
 endfacet
 facet normal  1.934349e-15 -3.034693e-14 -1.000000e+00
   outer loop
     vertex  2.462364e+01  9.376708e+01  1.900004e+01
     vertex  2.600204e+01  9.385494e+01  1.900004e+01
     vertex  2.460288e+01  9.364868e+01  1.900004e+01
   endloop
 endfacet
 facet normal  0.000000e+00  0.000000e+00 -1.000000e+00
   outer loop
     vertex  2.462364e+01  9.376708e+01  1.900004e+01
     vertex  2.543222e+01  9.432563e+01  1.900004e+01
     vertex  2.600204e+01  9.385494e+01  1.900004e+01
   endloop
 endfacet
 facet normal -1.194805e-14 -7.645804e-14 -1.000000e+00
   outer loop
     vertex  2.363581e+01  9.288025e+01  1.900004e+01
     vertex  2.381855e+01  9.289816e+01  1.900004e+01
     vertex  2.907223e+01  9.203070e+01  1.900004e+01
   endloop
 endfacet
 facet normal  0.000000e+00  0.000000e+00 -1.000000e+00
   outer loop
     vertex  2.363581e+01  9.288025e+01  1.900004e+01
     vertex  2.907223e+01  9.203070e+01  1.900004e+01
     vertex  2.970416e+01  9.177545e+01  1.900004e+01
   endloop
 endfacet
 facet normal  6.047204e-15  3.321544e-14 -1.000000e+00
   outer loop
     vertex  2.363581e+01  9.288025e+01  1.900004e+01
     vertex  2.970416e+01  9.177545e+01  1.900004e+01
     vertex  3.034730e+01  9.155140e+01  1.900004e+01
   endloop
 endfacet
 facet normal  7.185192e-15 -7.822133e-16 -1.000000e+00
   outer loop
     vertex  4.563586e+01  1.148803e+02  1.900004e+01
     vertex  4.550681e+01  1.136949e+02  1.900004e+01
     vertex  4.506842e+01  1.142099e+02  1.900004e+01
   endloop
 endfacet
 facet normal  0.000000e+00 -0.000000e+00 -1.000000e+00
   outer loop
     vertex  4.563586e+01  1.148803e+02  1.900004e+01
     vertex  4.581860e+01  1.148982e+02  1.900004e+01
     vertex  4.550681e+01  1.136949e+02  1.900004e+01
   endloop
 endfacet
 facet normal  0.000000e+00  0.000000e+00 -1.000000e+00
   outer loop
     vertex  4.663011e+01  1.158803e+02  1.900004e+01
     vertex  6.789949e+01  1.284886e+02  1.900004e+01
     vertex  4.757590e+01  1.102100e+02  1.900004e+01
   endloop
 endfacet
 facet normal  0.000000e+00 -0.000000e+00 -1.000000e+00
   outer loop
     vertex  4.663011e+01  1.158803e+02  1.900004e+01
     vertex  4.757590e+01  1.102100e+02  1.900004e+01
     vertex  4.662368e+01  1.157671e+02  1.900004e+01
   endloop
 endfacet
 facet normal -2.257230e-14  3.267659e-14 -1.000000e+00
   outer loop
     vertex  2.463006e+01  9.388024e+01  1.900004e+01
     vertex  2.543222e+01  9.432563e+01  1.900004e+01
     vertex  2.462364e+01  9.376708e+01  1.900004e+01
   endloop
 endfacet
 facet normal  4.306735e-16  4.934738e-15 -1.000000e+00
   outer loop
     vertex  4.545121e+01  1.148964e+02  1.900004e+01
     vertex  4.563586e+01  1.148803e+02  1.900004e+01
     vertex  4.506842e+01  1.142099e+02  1.900004e+01
   endloop
 endfacet
 facet normal  0.000000e+00  0.000000e+00 -1.000000e+00
   outer loop
     vertex  4.661224e+01  1.160685e+02  1.900004e+01
     vertex  6.789949e+01  1.284886e+02  1.900004e+01
     vertex  4.663011e+01  1.158803e+02  1.900004e+01
   endloop
 endfacet
 facet normal -4.207157e-15 -3.993969e-16 -1.000000e+00
   outer loop
     vertex  2.461220e+01  9.406841e+01  1.900004e+01
     vertex  2.543222e+01  9.432563e+01  1.900004e+01
     vertex  2.463006e+01  9.388024e+01  1.900004e+01
   endloop
 endfacet
 facet normal  1.255874e-15  4.474632e-15 -1.000000e+00
   outer loop
     vertex  4.527092e+01  1.149470e+02  1.900004e+01
     vertex  4.545121e+01  1.148964e+02  1.900004e+01
     vertex  4.506842e+01  1.142099e+02  1.900004e+01
   endloop
 endfacet
 facet normal  0.000000e+00  0.000000e+00 -1.000000e+00
   outer loop
     vertex  4.656061e+01  1.162466e+02  1.900004e+01
     vertex  6.789949e+01  1.284886e+02  1.900004e+01
     vertex  4.661224e+01  1.160685e+02  1.900004e+01
   endloop
 endfacet
 facet normal -3.971325e-15 -1.151229e-15 -1.000000e+00
   outer loop
     vertex  2.456057e+01  9.424651e+01  1.900004e+01
     vertex  2.543222e+01  9.432563e+01  1.900004e+01
     vertex  2.461220e+01  9.406841e+01  1.900004e+01
   endloop
 endfacet
 facet normal  0.000000e+00  0.000000e+00 -1.000000e+00
   outer loop
     vertex  4.647719e+01  1.164117e+02  1.900004e+01
     vertex  6.789949e+01  1.284886e+02  1.900004e+01
     vertex  4.656061e+01  1.162466e+02  1.900004e+01
   endloop
 endfacet
 facet normal -4.295793e-15  2.423618e-15 -1.000000e+00
   outer loop
     vertex  2.488760e+01  9.482617e+01  1.900004e+01
     vertex  2.543222e+01  9.432563e+01  1.900004e+01
     vertex  2.456057e+01  9.424651e+01  1.900004e+01
   endloop
 endfacet
 facet normal  0.000000e+00  0.000000e+00 -1.000000e+00
   outer loop
     vertex  2.488760e+01  9.482617e+01  1.900004e+01
     vertex  2.456057e+01  9.424651e+01  1.900004e+01
     vertex  2.447715e+01  9.441169e+01  1.900004e+01
   endloop
 endfacet
 facet normal  0.000000e+00  0.000000e+00 -1.000000e+00
   outer loop
     vertex  4.460596e+01  1.147028e+02  1.900004e+01
     vertex  4.510635e+01  1.150284e+02  1.900004e+01
     vertex  4.527092e+01  1.149470e+02  1.900004e+01
   endloop
 endfacet
 facet normal -1.968570e-15  5.360419e-15 -1.000000e+00
   outer loop
     vertex  4.460596e+01  1.147028e+02  1.900004e+01
     vertex  4.527092e+01  1.149470e+02  1.900004e+01
     vertex  4.506842e+01  1.142099e+02  1.900004e+01
   endloop
 endfacet
 facet normal  0.000000e+00 -0.000000e+00 -1.000000e+00
   outer loop
     vertex  4.495416e+01  1.151433e+02  1.900004e+01
     vertex  4.510635e+01  1.150284e+02  1.900004e+01
     vertex  4.460596e+01  1.147028e+02  1.900004e+01
   endloop
 endfacet
 facet normal  0.000000e+00  0.000000e+00 -1.000000e+00
   outer loop
     vertex  4.636593e+01  1.165575e+02  1.900004e+01
     vertex  6.789949e+01  1.284886e+02  1.900004e+01
     vertex  4.647719e+01  1.164117e+02  1.900004e+01
   endloop
 endfacet
 facet normal  1.390126e-14 -1.376624e-14 -1.000000e+00
   outer loop
     vertex  2.436588e+01  9.455741e+01  1.900004e+01
     vertex  2.488760e+01  9.482617e+01  1.900004e+01
     vertex  2.447715e+01  9.441169e+01  1.900004e+01
   endloop
 endfacet
 facet normal  1.001005e-14 -1.806635e-14 -1.000000e+00
   outer loop
     vertex  4.623120e+01  1.166795e+02  1.900004e+01
     vertex  6.789949e+01  1.284886e+02  1.900004e+01
     vertex  4.636593e+01  1.165575e+02  1.900004e+01
   endloop
 endfacet
 facet normal  4.340540e-15  4.793201e-15 -1.000000e+00
   outer loop
     vertex  2.423116e+01  9.467941e+01  1.900004e+01
     vertex  2.488760e+01  9.482617e+01  1.900004e+01
     vertex  2.436588e+01  9.455741e+01  1.900004e+01
   endloop
 endfacet
 facet normal  1.467270e-14 -1.159772e-14 -1.000000e+00
   outer loop
     vertex  4.482534e+01  1.152867e+02  1.900004e+01
     vertex  4.495416e+01  1.151433e+02  1.900004e+01
     vertex  4.460596e+01  1.147028e+02  1.900004e+01
   endloop
 endfacet
 facet normal -1.076376e-14  2.005100e-14 -1.000000e+00
   outer loop
     vertex  4.607797e+01  1.167744e+02  1.900004e+01
     vertex  6.789949e+01  1.284886e+02  1.900004e+01
     vertex  4.623120e+01  1.166795e+02  1.900004e+01
   endloop
 endfacet
 facet normal  1.119687e-14 -2.085781e-14 -1.000000e+00
   outer loop
     vertex  4.589262e+01  1.168452e+02  1.900004e+01
     vertex  6.789949e+01  1.284886e+02  1.900004e+01
     vertex  4.607797e+01  1.167744e+02  1.900004e+01
   endloop
 endfacet
 facet normal  4.440432e-15  4.346381e-15 -1.000000e+00
   outer loop
     vertex  2.436976e+01  9.535521e+01  1.900004e+01
     vertex  2.488760e+01  9.482617e+01  1.900004e+01
     vertex  2.423116e+01  9.467941e+01  1.900004e+01
   endloop
 endfacet
 facet normal  2.889578e-15  4.664439e-15 -1.000000e+00
   outer loop
     vertex  2.436976e+01  9.535521e+01  1.900004e+01
     vertex  2.423116e+01  9.467941e+01  1.900004e+01
     vertex  2.407793e+01  9.477434e+01  1.900004e+01
   endloop
 endfacet
 facet normal -1.411941e-14  1.320969e-14 -1.000000e+00
   outer loop
     vertex  2.436976e+01  9.535521e+01  1.900004e+01
     vertex  2.407793e+01  9.477434e+01  1.900004e+01
     vertex  2.389257e+01  9.484517e+01  1.900004e+01
   endloop
 endfacet
 facet normal -4.318368e-15 -4.462234e-15 -1.000000e+00
   outer loop
     vertex  4.412055e+01  1.151726e+02  1.900004e+01
     vertex  4.482534e+01  1.152867e+02  1.900004e+01
     vertex  4.460596e+01  1.147028e+02  1.900004e+01
   endloop
 endfacet
 facet normal -5.038039e-15 -1.793782e-15 -1.000000e+00
   outer loop
     vertex  4.412055e+01  1.151726e+02  1.900004e+01
     vertex  4.465962e+01  1.156391e+02  1.900004e+01
     vertex  4.472557e+01  1.154539e+02  1.900004e+01
   endloop
 endfacet
 facet normal -4.596698e-15 -2.743060e-15 -1.000000e+00
   outer loop
     vertex  4.412055e+01  1.151726e+02  1.900004e+01
     vertex  4.472557e+01  1.154539e+02  1.900004e+01
     vertex  4.482534e+01  1.152867e+02  1.900004e+01
   endloop
 endfacet
 facet normal  3.904812e-17  2.313235e-16 -1.000000e+00
   outer loop
     vertex  4.569887e+01  1.168779e+02  1.900004e+01
     vertex  6.789949e+01  1.284886e+02  1.900004e+01
     vertex  4.589262e+01  1.168452e+02  1.900004e+01
   endloop
 endfacet
 facet normal  1.583625e-14 -1.481591e-14 -1.000000e+00
   outer loop
     vertex  2.369883e+01  9.487787e+01  1.900004e+01
     vertex  2.436976e+01  9.535521e+01  1.900004e+01
     vertex  2.389257e+01  9.484517e+01  1.900004e+01
   endloop
 endfacet
 facet normal -5.854987e-15 -8.497912e-16 -1.000000e+00
   outer loop
     vertex  4.463110e+01  1.158356e+02  1.900004e+01
     vertex  4.465962e+01  1.156391e+02  1.900004e+01
     vertex  4.412055e+01  1.151726e+02  1.900004e+01
   endloop
 endfacet
 facet normal  1.370531e-15 -6.413613e-15 -1.000000e+00
   outer loop
     vertex  4.361334e+01  1.156181e+02  1.900004e+01
     vertex  4.463110e+01  1.158356e+02  1.900004e+01
     vertex  4.412055e+01  1.151726e+02  1.900004e+01
   endloop
 endfacet
 facet normal  1.233771e-14 -2.289733e-14 -1.000000e+00
   outer loop
     vertex  4.361334e+01  1.156181e+02  1.900004e+01
     vertex  4.468026e+01  1.161930e+02  1.900004e+01
     vertex  4.463932e+01  1.160158e+02  1.900004e+01
   endloop
 endfacet
 facet normal -4.254883e-15  1.991139e-14 -1.000000e+00
   outer loop
     vertex  4.361334e+01  1.156181e+02  1.900004e+01
     vertex  4.463932e+01  1.160158e+02  1.900004e+01
     vertex  4.463110e+01  1.158356e+02  1.900004e+01
   endloop
 endfacet
 facet normal  8.845610e-15 -4.990225e-15 -1.000000e+00
   outer loop
     vertex  2.388023e+01  9.591135e+01  1.900004e+01
     vertex  2.436976e+01  9.535521e+01  1.900004e+01
     vertex  2.369883e+01  9.487787e+01  1.900004e+01
   endloop
 endfacet
 facet normal -1.826200e-14 -2.322832e-16 -1.000000e+00
   outer loop
     vertex  2.388023e+01  9.591135e+01  1.900004e+01
     vertex  2.369883e+01  9.487787e+01  1.900004e+01
     vertex  2.350436e+01  9.487231e+01  1.900004e+01
   endloop
 endfacet
 facet normal  1.684863e-15 -7.447952e-15 -1.000000e+00
   outer loop
     vertex  2.388023e+01  9.591135e+01  1.900004e+01
     vertex  2.350436e+01  9.487231e+01  1.900004e+01
     vertex  2.331652e+01  9.482981e+01  1.900004e+01
   endloop
 endfacet
 facet normal -2.716394e-15  5.041304e-15 -1.000000e+00
   outer loop
     vertex  4.308556e+01  1.160385e+02  1.900004e+01
     vertex  4.468026e+01  1.161930e+02  1.900004e+01
     vertex  4.361334e+01  1.156181e+02  1.900004e+01
   endloop
 endfacet
 facet normal -7.608098e-15  2.830153e-14 -1.000000e+00
   outer loop
     vertex  4.308556e+01  1.160385e+02  1.900004e+01
     vertex  4.485711e+01  1.165147e+02  1.900004e+01
     vertex  4.475338e+01  1.163613e+02  1.900004e+01
   endloop
 endfacet
 facet normal -2.325779e-15  1.010656e-15 -1.000000e+00
   outer loop
     vertex  4.308556e+01  1.160385e+02  1.900004e+01
     vertex  4.475338e+01  1.163613e+02  1.900004e+01
     vertex  4.468026e+01  1.161930e+02  1.900004e+01
   endloop
 endfacet
 facet normal -1.432190e-14  8.949460e-16 -1.000000e+00
   outer loop
     vertex  2.342045e+01  9.649306e+01  1.900004e+01
     vertex  2.388023e+01  9.591135e+01  1.900004e+01
     vertex  2.331652e+01  9.482981e+01  1.900004e+01
   endloop
 endfacet
 facet normal  2.094332e-14 -1.308705e-15 -1.000000e+00
   outer loop
     vertex  2.342045e+01  9.649306e+01  1.900004e+01
     vertex  2.331652e+01  9.482981e+01  1.900004e+01
     vertex  2.314209e+01  9.475310e+01  1.900004e+01
   endloop
 endfacet
 facet normal -2.761743e-14  6.460103e-15 -1.000000e+00
   outer loop
     vertex  2.342045e+01  9.649306e+01  1.900004e+01
     vertex  2.314209e+01  9.475310e+01  1.900004e+01
     vertex  2.298876e+01  9.464753e+01  1.900004e+01
   endloop
 endfacet
 facet normal  0.000000e+00  0.000000e+00 -1.000000e+00
   outer loop
     vertex  4.253847e+01  1.164327e+02  1.900004e+01
     vertex  4.485711e+01  1.165147e+02  1.900004e+01
     vertex  4.308556e+01  1.160385e+02  1.900004e+01
   endloop
 endfacet
 facet normal  0.000000e+00  0.000000e+00 -1.000000e+00
   outer loop
     vertex  4.253847e+01  1.164327e+02  1.900004e+01
     vertex  4.498880e+01  1.166476e+02  1.900004e+01
     vertex  4.485711e+01  1.165147e+02  1.900004e+01
   endloop
 endfacet
 facet normal  0.000000e+00  0.000000e+00 -1.000000e+00
   outer loop
     vertex  2.299180e+01  9.709879e+01  1.900004e+01
     vertex  2.298876e+01  9.464753e+01  1.900004e+01
     vertex  2.285706e+01  9.451465e+01  1.900004e+01
   endloop
 endfacet
 facet normal  0.000000e+00  0.000000e+00 -1.000000e+00
   outer loop
     vertex  2.299180e+01  9.709879e+01  1.900004e+01
     vertex  2.285706e+01  9.451465e+01  1.900004e+01
     vertex  2.275333e+01  9.436124e+01  1.900004e+01
   endloop
 endfacet
 facet normal  0.000000e+00 -0.000000e+00 -1.000000e+00
   outer loop
     vertex  2.299180e+01  9.709879e+01  1.900004e+01
     vertex  2.342045e+01  9.649306e+01  1.900004e+01
     vertex  2.298876e+01  9.464753e+01  1.900004e+01
   endloop
 endfacet
 facet normal  0.000000e+00  0.000000e+00 -1.000000e+00
   outer loop
     vertex  4.197337e+01  1.167999e+02  1.900004e+01
     vertex  4.498880e+01  1.166476e+02  1.900004e+01
     vertex  4.253847e+01  1.164327e+02  1.900004e+01
   endloop
 endfacet
 facet normal -1.583359e-15 -3.135199e-14 -1.000000e+00
   outer loop
     vertex  4.197337e+01  1.167999e+02  1.900004e+01
     vertex  4.514214e+01  1.167531e+02  1.900004e+01
     vertex  4.498880e+01  1.166476e+02  1.900004e+01
   endloop
 endfacet
 facet normal  2.192647e-15 -9.528045e-16 -1.000000e+00
   outer loop
     vertex  2.259556e+01  9.772686e+01  1.900004e+01
     vertex  2.275333e+01  9.436124e+01  1.900004e+01
     vertex  2.268021e+01  9.419296e+01  1.900004e+01
   endloop
 endfacet
 facet normal  7.878238e-15 -6.862801e-16 -1.000000e+00
   outer loop
     vertex  2.259556e+01  9.772686e+01  1.900004e+01
     vertex  2.299180e+01  9.709879e+01  1.900004e+01
     vertex  2.275333e+01  9.436124e+01  1.900004e+01
   endloop
 endfacet
 facet normal -1.308555e-15 -1.271120e-14 -1.000000e+00
   outer loop
     vertex  4.139159e+01  1.171392e+02  1.900004e+01
     vertex  4.514214e+01  1.167531e+02  1.900004e+01
     vertex  4.197337e+01  1.167999e+02  1.900004e+01
   endloop
 endfacet
 facet normal  0.000000e+00  0.000000e+00 -1.000000e+00
   outer loop
     vertex  4.139159e+01  1.171392e+02  1.900004e+01
     vertex  4.531656e+01  1.168299e+02  1.900004e+01
     vertex  4.514214e+01  1.167531e+02  1.900004e+01
   endloop
 endfacet
 facet normal -1.211421e-14 -1.295502e-15 -1.000000e+00
   outer loop
     vertex  2.223292e+01  9.837555e+01  1.900004e+01
     vertex  2.259556e+01  9.772686e+01  1.900004e+01
     vertex  2.268021e+01  9.419296e+01  1.900004e+01
   endloop
 endfacet
 facet normal  0.000000e+00  0.000000e+00 -1.000000e+00
   outer loop
     vertex  2.223292e+01  9.837555e+01  1.900004e+01
     vertex  2.268021e+01  9.419296e+01  1.900004e+01
     vertex  2.263928e+01  9.401575e+01  1.900004e+01
   endloop
 endfacet
 facet normal  9.616482e-16  1.219975e-14 -1.000000e+00
   outer loop
     vertex  4.072731e+01  1.174828e+02  1.900004e+01
     vertex  4.531656e+01  1.168299e+02  1.900004e+01
     vertex  4.139159e+01  1.171392e+02  1.900004e+01
   endloop
 endfacet
 facet normal  6.827453e-15  5.342681e-14 -1.000000e+00
   outer loop
     vertex  4.072731e+01  1.174828e+02  1.900004e+01
     vertex  4.550440e+01  1.168724e+02  1.900004e+01
     vertex  4.531656e+01  1.168299e+02  1.900004e+01
   endloop
 endfacet
 facet normal  1.337015e-14  1.246168e-15 -1.000000e+00
   outer loop
     vertex  2.190499e+01  9.904307e+01  1.900004e+01
     vertex  2.223292e+01  9.837555e+01  1.900004e+01
     vertex  2.263928e+01  9.401575e+01  1.900004e+01
   endloop
 endfacet
 facet normal  0.000000e+00  0.000000e+00 -1.000000e+00
   outer loop
     vertex  4.004612e+01  1.177902e+02  1.900004e+01
     vertex  4.550440e+01  1.168724e+02  1.900004e+01
     vertex  4.072731e+01  1.174828e+02  1.900004e+01
   endloop
 endfacet
 facet normal -1.561239e-14 -9.284158e-14 -1.000000e+00
   outer loop
     vertex  4.004612e+01  1.177902e+02  1.900004e+01
     vertex  4.569887e+01  1.168779e+02  1.900004e+01
     vertex  4.550440e+01  1.168724e+02  1.900004e+01
   endloop
 endfacet
 facet normal -2.516165e-15 -1.074194e-15 -1.000000e+00
   outer loop
     vertex  2.161276e+01  9.972757e+01  1.900004e+01
     vertex  2.190499e+01  9.904307e+01  1.900004e+01
     vertex  2.263928e+01  9.401575e+01  1.900004e+01
   endloop
 endfacet
 facet normal  2.759839e-15 -1.259991e-16 -1.000000e+00
   outer loop
     vertex  2.161276e+01  9.972757e+01  1.900004e+01
     vertex  2.263928e+01  9.401575e+01  1.900004e+01
     vertex  2.263105e+01  9.383556e+01  1.900004e+01
   endloop
 endfacet
 facet normal -1.075136e-15 -2.767441e-15 -1.000000e+00
   outer loop
     vertex  3.935001e+01  1.180607e+02  1.900004e+01
     vertex  4.569887e+01  1.168779e+02  1.900004e+01
     vertex  4.004612e+01  1.177902e+02  1.900004e+01
   endloop
 endfacet
 facet normal -3.705768e-16  1.014562e-15 -1.000000e+00
   outer loop
     vertex  3.935001e+01  1.180607e+02  1.900004e+01
     vertex  6.789949e+01  1.284886e+02  1.900004e+01
     vertex  4.569887e+01  1.168779e+02  1.900004e+01
   endloop
 endfacet
 facet normal  0.000000e+00  0.000000e+00 -1.000000e+00
   outer loop
     vertex  3.864097e+01  1.182934e+02  1.900004e+01
     vertex  6.789949e+01  1.284886e+02  1.900004e+01
     vertex  3.935001e+01  1.180607e+02  1.900004e+01
   endloop
 endfacet
 facet normal  3.253499e-16 -5.467424e-16 -1.000000e+00
   outer loop
     vertex  1.418447e+00  8.121258e+01  1.900004e+01
     vertex  2.161276e+01  9.972757e+01  1.900004e+01
     vertex  2.263105e+01  9.383556e+01  1.900004e+01
   endloop
 endfacet
 facet normal  0.000000e+00  0.000000e+00 -1.000000e+00
   outer loop
     vertex  1.418447e+00  8.121258e+01  1.900004e+01
     vertex  2.263105e+01  9.383556e+01  1.900004e+01
     vertex  2.265957e+01  9.363906e+01  1.900004e+01
   endloop
 endfacet
 facet normal -9.286178e-15  1.587328e-14 -1.000000e+00
   outer loop
     vertex  1.418447e+00  8.121258e+01  1.900004e+01
     vertex  2.265957e+01  9.363906e+01  1.900004e+01
     vertex  2.272553e+01  9.345382e+01  1.900004e+01
   endloop
 endfacet
 facet normal  8.967374e-15 -1.589882e-14 -1.000000e+00
   outer loop
     vertex  1.418447e+00  8.121258e+01  1.900004e+01
     vertex  2.272553e+01  9.345382e+01  1.900004e+01
     vertex  2.282529e+01  9.328664e+01  1.900004e+01
   endloop
 endfacet
 facet normal -9.276436e-15  1.644678e-14 -1.000000e+00
   outer loop
     vertex  1.418447e+00  8.121258e+01  1.900004e+01
     vertex  2.282529e+01  9.328664e+01  1.900004e+01
     vertex  2.295411e+01  9.314328e+01  1.900004e+01
   endloop
 endfacet
 facet normal -9.974171e-15  1.770623e-14 -1.000000e+00
   outer loop
     vertex  1.418447e+00  8.121258e+01  1.900004e+01
     vertex  2.295411e+01  9.314328e+01  1.900004e+01
     vertex  2.310630e+01  9.302836e+01  1.900004e+01
   endloop
 endfacet
 facet normal  2.247451e-14 -4.185330e-14 -1.000000e+00
   outer loop
     vertex  1.418447e+00  8.121258e+01  1.900004e+01
     vertex  2.310630e+01  9.302836e+01  1.900004e+01
     vertex  2.327087e+01  9.294697e+01  1.900004e+01
   endloop
 endfacet
 facet normal  0.000000e+00  0.000000e+00 -1.000000e+00
   outer loop
     vertex  1.418447e+00  8.121258e+01  1.900004e+01
     vertex  2.327087e+01  9.294697e+01  1.900004e+01
     vertex  2.345116e+01  9.289636e+01  1.900004e+01
   endloop
 endfacet
 facet normal  0.000000e+00  0.000000e+00 -1.000000e+00
   outer loop
     vertex  1.418447e+00  8.121258e+01  1.900004e+01
     vertex  2.345116e+01  9.289636e+01  1.900004e+01
     vertex  2.363581e+01  9.288025e+01  1.900004e+01
   endloop
 endfacet
 facet normal -1.317810e-16 -4.814942e-17 -1.000000e+00
   outer loop
     vertex  1.418447e+00  8.121258e+01  1.900004e+01
     vertex  2.135715e+01  1.004272e+02  1.900004e+01
     vertex  2.161276e+01  9.972757e+01  1.900004e+01
   endloop
 endfacet
 facet normal  5.909950e-15 -1.688016e-14 -1.000000e+00
   outer loop
     vertex  1.418447e+00  8.121258e+01  1.900004e+01
     vertex  3.034730e+01  9.155140e+01  1.900004e+01
     vertex  3.100010e+01  9.135902e+01  1.900004e+01
   endloop
 endfacet
 facet normal -3.844152e-16  7.319966e-16 -1.000000e+00
   outer loop
     vertex  1.418447e+00  8.121258e+01  1.900004e+01
     vertex  2.363581e+01  9.288025e+01  1.900004e+01
     vertex  3.034730e+01  9.155140e+01  1.900004e+01
   endloop
 endfacet
 facet normal -3.098850e-15  9.384759e-15 -1.000000e+00
   outer loop
     vertex  1.418447e+00  8.121258e+01  1.900004e+01
     vertex  3.100010e+01  9.135902e+01  1.900004e+01
     vertex  3.166101e+01  9.119869e+01  1.900004e+01
   endloop
 endfacet
 facet normal  0.000000e+00  0.000000e+00 -1.000000e+00
   outer loop
     vertex  1.418447e+00  8.121258e+01  1.900004e+01
     vertex  3.166101e+01  9.119869e+01  1.900004e+01
     vertex  3.232847e+01  9.107072e+01  1.900004e+01
   endloop
 endfacet
 facet normal  0.000000e+00  0.000000e+00 -1.000000e+00
   outer loop
     vertex  1.418447e+00  8.121258e+01  1.900004e+01
     vertex  3.232847e+01  9.107072e+01  1.900004e+01
     vertex  3.300090e+01  9.097535e+01  1.900004e+01
   endloop
 endfacet
 facet normal  0.000000e+00  0.000000e+00 -1.000000e+00
   outer loop
     vertex  1.418447e+00  8.121258e+01  1.900004e+01
     vertex  3.300090e+01  9.097535e+01  1.900004e+01
     vertex  3.367672e+01  9.091273e+01  1.900004e+01
   endloop
 endfacet
 facet normal  0.000000e+00  0.000000e+00 -1.000000e+00
   outer loop
     vertex  1.418447e+00  8.121258e+01  1.900004e+01
     vertex  3.367672e+01  9.091273e+01  1.900004e+01
     vertex  3.435434e+01  9.088295e+01  1.900004e+01
   endloop
 endfacet
 facet normal  0.000000e+00  0.000000e+00 -1.000000e+00
   outer loop
     vertex  1.418447e+00  8.121258e+01  1.900004e+01
     vertex  3.435434e+01  9.088295e+01  1.900004e+01
     vertex  6.789949e+01  8.121258e+01  1.900004e+01
   endloop
 endfacet
 facet normal -1.375900e-16 -4.212154e-17 -1.000000e+00
   outer loop
     vertex  2.113896e+01  1.011399e+02  1.900004e+01
     vertex  2.135715e+01  1.004272e+02  1.900004e+01
     vertex  1.418447e+00  8.121258e+01  1.900004e+01
   endloop
 endfacet
 facet normal  2.779429e-15 -7.976538e-15 -1.000000e+00
   outer loop
     vertex  3.792106e+01  1.184880e+02  1.900004e+01
     vertex  6.789949e+01  1.284886e+02  1.900004e+01
     vertex  3.864097e+01  1.182934e+02  1.900004e+01
   endloop
 endfacet
 facet normal -4.107343e-15  3.886441e-15 -1.000000e+00
   outer loop
     vertex  2.095890e+01  1.018637e+02  1.900004e+01
     vertex  2.113896e+01  1.011399e+02  1.900004e+01
     vertex  1.418447e+00  8.121258e+01  1.900004e+01
   endloop
 endfacet
 facet normal -2.924556e-15  9.122082e-15 -1.000000e+00
   outer loop
     vertex  3.719234e+01  1.186438e+02  1.900004e+01
     vertex  6.789949e+01  1.284886e+02  1.900004e+01
     vertex  3.792106e+01  1.184880e+02  1.900004e+01
   endloop
 endfacet
 facet normal  4.255517e-15 -4.026646e-15 -1.000000e+00
   outer loop
     vertex  2.081756e+01  1.025966e+02  1.900004e+01
     vertex  2.095890e+01  1.018637e+02  1.900004e+01
     vertex  1.418447e+00  8.121258e+01  1.900004e+01
   endloop
 endfacet
 facet normal  3.230743e-15 -1.007712e-14 -1.000000e+00
   outer loop
     vertex  3.645690e+01  1.187606e+02  1.900004e+01
     vertex  6.789949e+01  1.284886e+02  1.900004e+01
     vertex  3.719234e+01  1.186438e+02  1.900004e+01
   endloop
 endfacet
 facet normal -1.589520e-16 -2.194097e-17 -1.000000e+00
   outer loop
     vertex  2.071542e+01  1.033366e+02  1.900004e+01
     vertex  2.081756e+01  1.025966e+02  1.900004e+01
     vertex  1.418447e+00  8.121258e+01  1.900004e+01
   endloop
 endfacet
 facet normal -1.679368e-16 -1.410423e-17 -1.000000e+00
   outer loop
     vertex  2.065286e+01  1.040814e+02  1.900004e+01
     vertex  2.071542e+01  1.033366e+02  1.900004e+01
     vertex  1.418447e+00  8.121258e+01  1.900004e+01
   endloop
 endfacet
 facet normal -5.630789e-15  4.580562e-15 -1.000000e+00
   outer loop
     vertex  2.063015e+01  1.048291e+02  1.900004e+01
     vertex  2.065286e+01  1.040814e+02  1.900004e+01
     vertex  1.418447e+00  8.121258e+01  1.900004e+01
   endloop
 endfacet
 facet normal  0.000000e+00 -0.000000e+00 -1.000000e+00
   outer loop
     vertex  2.444277e+01  1.152976e+02  1.900004e+01
     vertex  2.457737e+01  1.146242e+02  1.900004e+01
     vertex  2.431293e+01  1.151497e+02  1.900004e+01
   endloop
 endfacet
 facet normal  6.118949e-15  1.223060e-15 -1.000000e+00
   outer loop
     vertex  2.444277e+01  1.152976e+02  1.900004e+01
     vertex  2.506266e+01  1.151011e+02  1.900004e+01
     vertex  2.457737e+01  1.146242e+02  1.900004e+01
   endloop
 endfacet
 facet normal -1.625053e-14 -8.176443e-15 -1.000000e+00
   outer loop
     vertex  2.415500e+01  1.150291e+02  1.900004e+01
     vertex  2.431293e+01  1.151497e+02  1.900004e+01
     vertex  2.457737e+01  1.146242e+02  1.900004e+01
   endloop
 endfacet
 facet normal  1.048632e-14  1.499868e-14 -1.000000e+00
   outer loop
     vertex  2.454033e+01  1.154663e+02  1.900004e+01
     vertex  2.506266e+01  1.151011e+02  1.900004e+01
     vertex  2.444277e+01  1.152976e+02  1.900004e+01
   endloop
 endfacet
 facet normal -2.876439e-15  5.772775e-15 -1.000000e+00
   outer loop
     vertex  2.399344e+01  1.149486e+02  1.900004e+01
     vertex  2.415500e+01  1.150291e+02  1.900004e+01
     vertex  2.457737e+01  1.146242e+02  1.900004e+01
   endloop
 endfacet
 facet normal -6.632918e-15 -9.877037e-16 -1.000000e+00
   outer loop
     vertex  2.399344e+01  1.149486e+02  1.900004e+01
     vertex  2.457737e+01  1.146242e+02  1.900004e+01
     vertex  2.411615e+01  1.141246e+02  1.900004e+01
   endloop
 endfacet
 facet normal -1.098116e-14 -1.570645e-14 -1.000000e+00
   outer loop
     vertex  2.460288e+01  1.156487e+02  1.900004e+01
     vertex  2.506266e+01  1.151011e+02  1.900004e+01
     vertex  2.454033e+01  1.154663e+02  1.900004e+01
   endloop
 endfacet
 facet normal  3.307592e-15 -3.710352e-15 -1.000000e+00
   outer loop
     vertex  2.460288e+01  1.156487e+02  1.900004e+01
     vertex  2.557091e+01  1.155542e+02  1.900004e+01
     vertex  2.506266e+01  1.151011e+02  1.900004e+01
   endloop
 endfacet
 facet normal  1.947785e-14  2.900434e-15 -1.000000e+00
   outer loop
     vertex  2.381855e+01  1.148982e+02  1.900004e+01
     vertex  2.399344e+01  1.149486e+02  1.900004e+01
     vertex  2.411615e+01  1.141246e+02  1.900004e+01
   endloop
 endfacet
 facet normal  3.608267e-15 -6.325355e-16 -1.000000e+00
   outer loop
     vertex  2.462364e+01  1.157671e+02  1.900004e+01
     vertex  2.557091e+01  1.155542e+02  1.900004e+01
     vertex  2.460288e+01  1.156487e+02  1.900004e+01
   endloop
 endfacet
 facet normal -1.830114e-14 -1.163268e-14 -1.000000e+00
   outer loop
     vertex  2.363581e+01  1.148803e+02  1.900004e+01
     vertex  2.381855e+01  1.148982e+02  1.900004e+01
     vertex  2.411615e+01  1.141246e+02  1.900004e+01
   endloop
 endfacet
 facet normal  1.067240e-14  3.078954e-14 -1.000000e+00
   outer loop
     vertex  2.463006e+01  1.158803e+02  1.900004e+01
     vertex  2.557091e+01  1.155542e+02  1.900004e+01
     vertex  2.462364e+01  1.157671e+02  1.900004e+01
   endloop
 endfacet
 facet normal -2.037076e-14 -1.294818e-14 -1.000000e+00
   outer loop
     vertex  2.345116e+01  1.148964e+02  1.900004e+01
     vertex  2.363581e+01  1.148803e+02  1.900004e+01
     vertex  2.411615e+01  1.141246e+02  1.900004e+01
   endloop
 endfacet
 facet normal -2.709795e-15  2.268390e-15 -1.000000e+00
   outer loop
     vertex  2.345116e+01  1.148964e+02  1.900004e+01
     vertex  2.411615e+01  1.141246e+02  1.900004e+01
     vertex  2.368000e+01  1.136036e+02  1.900004e+01
   endloop
 endfacet
 facet normal  0.000000e+00  0.000000e+00 -1.000000e+00
   outer loop
     vertex  2.461220e+01  1.160685e+02  1.900004e+01
     vertex  2.557091e+01  1.155542e+02  1.900004e+01
     vertex  2.463006e+01  1.158803e+02  1.900004e+01
   endloop
 endfacet
 facet normal  0.000000e+00  0.000000e+00 -1.000000e+00
   outer loop
     vertex  2.461220e+01  1.160685e+02  1.900004e+01
     vertex  2.610098e+01  1.159823e+02  1.900004e+01
     vertex  2.557091e+01  1.155542e+02  1.900004e+01
   endloop
 endfacet
 facet normal  2.154723e-14  6.562095e-15 -1.000000e+00
   outer loop
     vertex  2.327087e+01  1.149470e+02  1.900004e+01
     vertex  2.345116e+01  1.148964e+02  1.900004e+01
     vertex  2.368000e+01  1.136036e+02  1.900004e+01
   endloop
 endfacet
 facet normal  0.000000e+00  0.000000e+00 -1.000000e+00
   outer loop
     vertex  2.456057e+01  1.162466e+02  1.900004e+01
     vertex  2.610098e+01  1.159823e+02  1.900004e+01
     vertex  2.461220e+01  1.160685e+02  1.900004e+01
   endloop
 endfacet
 facet normal  5.083207e-14  1.548064e-14 -1.000000e+00
   outer loop
     vertex  2.310630e+01  1.150284e+02  1.900004e+01
     vertex  2.327087e+01  1.149470e+02  1.900004e+01
     vertex  2.368000e+01  1.136036e+02  1.900004e+01
   endloop
 endfacet
 facet normal  4.297601e-15 -3.256489e-15 -1.000000e+00
   outer loop
     vertex  2.310630e+01  1.150284e+02  1.900004e+01
     vertex  2.368000e+01  1.136036e+02  1.900004e+01
     vertex  2.326992e+01  1.130624e+02  1.900004e+01
   endloop
 endfacet
 facet normal  0.000000e+00  0.000000e+00 -1.000000e+00
   outer loop
     vertex  2.447715e+01  1.164117e+02  1.900004e+01
     vertex  2.610098e+01  1.159823e+02  1.900004e+01
     vertex  2.456057e+01  1.162466e+02  1.900004e+01
   endloop
 endfacet
 facet normal  1.715264e-15  6.485857e-15 -1.000000e+00
   outer loop
     vertex  2.447715e+01  1.164117e+02  1.900004e+01
     vertex  2.665167e+01  1.163844e+02  1.900004e+01
     vertex  2.610098e+01  1.159823e+02  1.900004e+01
   endloop
 endfacet
 facet normal -2.782116e-14 -5.929512e-15 -1.000000e+00
   outer loop
     vertex  2.295411e+01  1.151433e+02  1.900004e+01
     vertex  2.310630e+01  1.150284e+02  1.900004e+01
     vertex  2.326992e+01  1.130624e+02  1.900004e+01
   endloop
 endfacet
 facet normal  2.042624e-15 -1.397285e-15 -1.000000e+00
   outer loop
     vertex  2.295411e+01  1.151433e+02  1.900004e+01
     vertex  2.326992e+01  1.130624e+02  1.900004e+01
     vertex  2.288680e+01  1.125023e+02  1.900004e+01
   endloop
 endfacet
 facet normal  1.340382e-15 -2.335706e-14 -1.000000e+00
   outer loop
     vertex  2.436588e+01  1.165575e+02  1.900004e+01
     vertex  2.665167e+01  1.163844e+02  1.900004e+01
     vertex  2.447715e+01  1.164117e+02  1.900004e+01
   endloop
 endfacet
 facet normal  1.502715e-15 -1.175477e-14 -1.000000e+00
   outer loop
     vertex  2.423116e+01  1.166795e+02  1.900004e+01
     vertex  2.722173e+01  1.167595e+02  1.900004e+01
     vertex  2.665167e+01  1.163844e+02  1.900004e+01
   endloop
 endfacet
 facet normal  3.392088e-15  3.745838e-15 -1.000000e+00
   outer loop
     vertex  2.423116e+01  1.166795e+02  1.900004e+01
     vertex  2.665167e+01  1.163844e+02  1.900004e+01
     vertex  2.436588e+01  1.165575e+02  1.900004e+01
   endloop
 endfacet
 facet normal -1.455740e-15 -1.308120e-15 -1.000000e+00
   outer loop
     vertex  2.282529e+01  1.152867e+02  1.900004e+01
     vertex  2.295411e+01  1.151433e+02  1.900004e+01
     vertex  2.288680e+01  1.125023e+02  1.900004e+01
   endloop
 endfacet
 facet normal -4.406510e-17 -9.328319e-15 -1.000000e+00
   outer loop
     vertex  2.407793e+01  1.167744e+02  1.900004e+01
     vertex  2.786513e+01  1.171373e+02  1.900004e+01
     vertex  2.722173e+01  1.167595e+02  1.900004e+01
   endloop
 endfacet
 facet normal  1.781521e-16  3.771375e-14 -1.000000e+00
   outer loop
     vertex  2.407793e+01  1.167744e+02  1.900004e+01
     vertex  2.722173e+01  1.167595e+02  1.900004e+01
     vertex  2.423116e+01  1.166795e+02  1.900004e+01
   endloop
 endfacet
 facet normal -2.220394e-15 -1.325011e-15 -1.000000e+00
   outer loop
     vertex  2.272553e+01  1.154539e+02  1.900004e+01
     vertex  2.282529e+01  1.152867e+02  1.900004e+01
     vertex  2.288680e+01  1.125023e+02  1.900004e+01
   endloop
 endfacet
 facet normal  1.797082e-15 -1.105493e-15 -1.000000e+00
   outer loop
     vertex  2.272553e+01  1.154539e+02  1.900004e+01
     vertex  2.288680e+01  1.125023e+02  1.900004e+01
     vertex  2.253149e+01  1.119247e+02  1.900004e+01
   endloop
 endfacet
 facet normal  2.032450e-15 -1.118434e-15 -1.000000e+00
   outer loop
     vertex  2.272553e+01  1.154539e+02  1.900004e+01
     vertex  2.253149e+01  1.119247e+02  1.900004e+01
     vertex  2.220476e+01  1.113310e+02  1.900004e+01
   endloop
 endfacet
 facet normal  0.000000e+00  0.000000e+00 -1.000000e+00
   outer loop
     vertex  2.389257e+01  1.168452e+02  1.900004e+01
     vertex  2.852008e+01  1.174766e+02  1.900004e+01
     vertex  2.786513e+01  1.171373e+02  1.900004e+01
   endloop
 endfacet
 facet normal  3.093326e-15 -4.206428e-14 -1.000000e+00
   outer loop
     vertex  2.389257e+01  1.168452e+02  1.900004e+01
     vertex  2.786513e+01  1.171373e+02  1.900004e+01
     vertex  2.407793e+01  1.167744e+02  1.900004e+01
   endloop
 endfacet
 facet normal  1.738644e-14 -2.660190e-15 -1.000000e+00
   outer loop
     vertex  2.265957e+01  1.156391e+02  1.900004e+01
     vertex  2.220476e+01  1.113310e+02  1.900004e+01
     vertex  2.190732e+01  1.107225e+02  1.900004e+01
   endloop
 endfacet
 facet normal -1.786448e-15 -6.360605e-16 -1.000000e+00
   outer loop
     vertex  2.265957e+01  1.156391e+02  1.900004e+01
     vertex  2.272553e+01  1.154539e+02  1.900004e+01
     vertex  2.220476e+01  1.113310e+02  1.900004e+01
   endloop
 endfacet
 facet normal  8.196841e-15 -6.007222e-14 -1.000000e+00
   outer loop
     vertex  2.369883e+01  1.168779e+02  1.900004e+01
     vertex  2.852008e+01  1.174766e+02  1.900004e+01
     vertex  2.389257e+01  1.168452e+02  1.900004e+01
   endloop
 endfacet
 facet normal -7.500803e-15  4.561941e-14 -1.000000e+00
   outer loop
     vertex  2.369883e+01  1.168779e+02  1.900004e+01
     vertex  2.988082e+01  1.180501e+02  1.900004e+01
     vertex  2.919259e+01  1.177812e+02  1.900004e+01
   endloop
 endfacet
 facet normal  3.011063e-15 -1.831309e-14 -1.000000e+00
   outer loop
     vertex  2.369883e+01  1.168779e+02  1.900004e+01
     vertex  2.919259e+01  1.177812e+02  1.900004e+01
     vertex  2.852008e+01  1.174766e+02  1.900004e+01
   endloop
 endfacet
 facet normal -2.219920e-14  3.837020e-15 -1.000000e+00
   outer loop
     vertex  2.263105e+01  1.158356e+02  1.900004e+01
     vertex  2.190732e+01  1.107225e+02  1.900004e+01
     vertex  2.163982e+01  1.101008e+02  1.900004e+01
   endloop
 endfacet
 facet normal -6.063896e-14  9.277984e-15 -1.000000e+00
   outer loop
     vertex  2.263105e+01  1.158356e+02  1.900004e+01
     vertex  2.265957e+01  1.156391e+02  1.900004e+01
     vertex  2.190732e+01  1.107225e+02  1.900004e+01
   endloop
 endfacet
 facet normal -4.323420e-14  2.340706e-13 -1.000000e+00
   outer loop
     vertex  2.350436e+01  1.168724e+02  1.900004e+01
     vertex  2.988082e+01  1.180501e+02  1.900004e+01
     vertex  2.369883e+01  1.168779e+02  1.900004e+01
   endloop
 endfacet
 facet normal  1.322528e-14  2.514517e-14 -1.000000e+00
   outer loop
     vertex  1.418447e+00  1.284886e+02  1.900004e+01
     vertex  2.350436e+01  1.168724e+02  1.900004e+01
     vertex  2.331652e+01  1.168299e+02  1.900004e+01
   endloop
 endfacet
 facet normal -7.339188e-17  1.668769e-16 -1.000000e+00
   outer loop
     vertex  1.418447e+00  1.284886e+02  1.900004e+01
     vertex  2.331652e+01  1.168299e+02  1.900004e+01
     vertex  2.314209e+01  1.167531e+02  1.900004e+01
   endloop
 endfacet
 facet normal -3.892427e-17  2.396623e-16 -1.000000e+00
   outer loop
     vertex  1.418447e+00  1.284886e+02  1.900004e+01
     vertex  3.275235e+01  1.187538e+02  1.900004e+01
     vertex  3.202063e+01  1.186350e+02  1.900004e+01
   endloop
 endfacet
 facet normal -1.027824e-14 -1.872347e-14 -1.000000e+00
   outer loop
     vertex  1.418447e+00  1.284886e+02  1.900004e+01
     vertex  2.314209e+01  1.167531e+02  1.900004e+01
     vertex  2.298876e+01  1.166476e+02  1.900004e+01
   endloop
 endfacet
 facet normal -4.677410e-17  2.152833e-16 -1.000000e+00
   outer loop
     vertex  1.418447e+00  1.284886e+02  1.900004e+01
     vertex  3.202063e+01  1.186350e+02  1.900004e+01
     vertex  3.129680e+01  1.184777e+02  1.900004e+01
   endloop
 endfacet
 facet normal  0.000000e+00  0.000000e+00 -1.000000e+00
   outer loop
     vertex  1.418447e+00  1.284886e+02  1.900004e+01
     vertex  2.298876e+01  1.166476e+02  1.900004e+01
     vertex  2.285706e+01  1.165147e+02  1.900004e+01
   endloop
 endfacet
 facet normal -5.342366e-17  1.954371e-16 -1.000000e+00
   outer loop
     vertex  1.418447e+00  1.284886e+02  1.900004e+01
     vertex  3.129680e+01  1.184777e+02  1.900004e+01
     vertex  3.058287e+01  1.182825e+02  1.900004e+01
   endloop
 endfacet
 facet normal  0.000000e+00  0.000000e+00 -1.000000e+00
   outer loop
     vertex  1.418447e+00  1.284886e+02  1.900004e+01
     vertex  2.285706e+01  1.165147e+02  1.900004e+01
     vertex  2.275333e+01  1.163613e+02  1.900004e+01
   endloop
 endfacet
 facet normal -2.659715e-15 -7.252193e-15 -1.000000e+00
   outer loop
     vertex  1.418447e+00  1.284886e+02  1.900004e+01
     vertex  3.058287e+01  1.182825e+02  1.900004e+01
     vertex  2.988082e+01  1.180501e+02  1.900004e+01
   endloop
 endfacet
 facet normal  9.623926e-15  1.693083e-14 -1.000000e+00
   outer loop
     vertex  1.418447e+00  1.284886e+02  1.900004e+01
     vertex  2.275333e+01  1.163613e+02  1.900004e+01
     vertex  2.268021e+01  1.161930e+02  1.900004e+01
   endloop
 endfacet
 facet normal -1.037474e-14 -1.765127e-14 -1.000000e+00
   outer loop
     vertex  1.418447e+00  1.284886e+02  1.900004e+01
     vertex  2.268021e+01  1.161930e+02  1.900004e+01
     vertex  2.263928e+01  1.160158e+02  1.900004e+01
   endloop
 endfacet
 facet normal  0.000000e+00  0.000000e+00 -1.000000e+00
   outer loop
     vertex  1.418447e+00  1.284886e+02  1.900004e+01
     vertex  2.263928e+01  1.160158e+02  1.900004e+01
     vertex  2.263105e+01  1.158356e+02  1.900004e+01
   endloop
 endfacet
 facet normal  0.000000e+00  0.000000e+00 -1.000000e+00
   outer loop
     vertex  1.418447e+00  1.284886e+02  1.900004e+01
     vertex  2.063015e+01  1.048291e+02  1.900004e+01
     vertex  1.418447e+00  8.121258e+01  1.900004e+01
   endloop
 endfacet
 facet normal  3.804763e-15  4.184158e-15 -1.000000e+00
   outer loop
     vertex  1.418447e+00  1.284886e+02  1.900004e+01
     vertex  2.163982e+01  1.101008e+02  1.900004e+01
     vertex  2.140281e+01  1.094672e+02  1.900004e+01
   endloop
 endfacet
 facet normal -4.162025e-15 -4.185957e-15 -1.000000e+00
   outer loop
     vertex  1.418447e+00  1.284886e+02  1.900004e+01
     vertex  2.140281e+01  1.094672e+02  1.900004e+01
     vertex  2.119680e+01  1.088233e+02  1.900004e+01
   endloop
 endfacet
 facet normal  4.275039e-15  4.299621e-15 -1.000000e+00
   outer loop
     vertex  1.418447e+00  1.284886e+02  1.900004e+01
     vertex  2.119680e+01  1.088233e+02  1.900004e+01
     vertex  2.102221e+01  1.081706e+02  1.900004e+01
   endloop
 endfacet
 facet normal -4.705197e-15 -4.364947e-15 -1.000000e+00
   outer loop
     vertex  1.418447e+00  1.284886e+02  1.900004e+01
     vertex  2.102221e+01  1.081706e+02  1.900004e+01
     vertex  2.087938e+01  1.075107e+02  1.900004e+01
   endloop
 endfacet
 facet normal  0.000000e+00  0.000000e+00 -1.000000e+00
   outer loop
     vertex  1.418447e+00  1.284886e+02  1.900004e+01
     vertex  2.087938e+01  1.075107e+02  1.900004e+01
     vertex  2.076860e+01  1.068450e+02  1.900004e+01
   endloop
 endfacet
 facet normal  0.000000e+00  0.000000e+00 -1.000000e+00
   outer loop
     vertex  1.418447e+00  1.284886e+02  1.900004e+01
     vertex  2.076860e+01  1.068450e+02  1.900004e+01
     vertex  2.069006e+01  1.061751e+02  1.900004e+01
   endloop
 endfacet
 facet normal  0.000000e+00  0.000000e+00 -1.000000e+00
   outer loop
     vertex  1.418447e+00  1.284886e+02  1.900004e+01
     vertex  2.069006e+01  1.061751e+02  1.900004e+01
     vertex  2.064389e+01  1.055026e+02  1.900004e+01
   endloop
 endfacet
 facet normal  0.000000e+00  0.000000e+00 -1.000000e+00
   outer loop
     vertex  1.418447e+00  1.284886e+02  1.900004e+01
     vertex  2.064389e+01  1.055026e+02  1.900004e+01
     vertex  2.063015e+01  1.048291e+02  1.900004e+01
   endloop
 endfacet
 facet normal  0.000000e+00  0.000000e+00 -1.000000e+00
   outer loop
     vertex  1.418447e+00  1.284886e+02  1.900004e+01
     vertex  2.988082e+01  1.180501e+02  1.900004e+01
     vertex  2.350436e+01  1.168724e+02  1.900004e+01
   endloop
 endfacet
 facet normal  0.000000e+00  0.000000e+00 -1.000000e+00
   outer loop
     vertex  1.418447e+00  1.284886e+02  1.900004e+01
     vertex  2.263105e+01  1.158356e+02  1.900004e+01
     vertex  2.163982e+01  1.101008e+02  1.900004e+01
   endloop
 endfacet
 facet normal  0.000000e+00  3.695918e-16 -1.000000e+00
   outer loop
     vertex  1.418447e+00  1.284886e+02  1.900004e+01
     vertex  6.789949e+01  1.284886e+02  1.900004e+01
     vertex  3.497424e+01  1.188761e+02  1.900004e+01
   endloop
 endfacet
 facet normal  1.609657e-17  3.144571e-16 -1.000000e+00
   outer loop
     vertex  3.497424e+01  1.188761e+02  1.900004e+01
     vertex  6.789949e+01  1.284886e+02  1.900004e+01
     vertex  3.571683e+01  1.188380e+02  1.900004e+01
   endloop
 endfacet
 facet normal  2.856098e-17  2.728908e-16 -1.000000e+00
   outer loop
     vertex  3.571683e+01  1.188380e+02  1.900004e+01
     vertex  6.789949e+01  1.284886e+02  1.900004e+01
     vertex  3.645690e+01  1.187606e+02  1.900004e+01
   endloop
 endfacet
 facet normal -7.173452e-19  3.670876e-16 -1.000000e+00
   outer loop
     vertex  1.418447e+00  1.284886e+02  1.900004e+01
     vertex  3.497424e+01  1.188761e+02  1.900004e+01
     vertex  3.423123e+01  1.188746e+02  1.900004e+01
   endloop
 endfacet
 facet normal -1.713000e-17  3.110708e-16 -1.000000e+00
   outer loop
     vertex  1.418447e+00  1.284886e+02  1.900004e+01
     vertex  3.423123e+01  1.188746e+02  1.900004e+01
     vertex  3.348990e+01  1.188338e+02  1.900004e+01
   endloop
 endfacet
 facet normal -2.933824e-17  2.705173e-16 -1.000000e+00
   outer loop
     vertex  1.418447e+00  1.284886e+02  1.900004e+01
     vertex  3.348990e+01  1.188338e+02  1.900004e+01
     vertex  3.275235e+01  1.187538e+02  1.900004e+01
   endloop
 endfacet
 facet normal  0.000000e+00  0.000000e+00  1.000000e+00
   outer loop
     vertex  4.644281e+01  9.329756e+01  2.090004e+01
     vertex  4.631298e+01  9.314970e+01  2.090004e+01
     vertex  4.873011e+01  9.078023e+01  2.090004e+01
   endloop
 endfacet
 facet normal -0.000000e+00  0.000000e+00  1.000000e+00
   outer loop
     vertex  4.615504e+01  9.302909e+01  2.090004e+01
     vertex  4.873011e+01  9.078023e+01  2.090004e+01
     vertex  4.631298e+01  9.314970e+01  2.090004e+01
   endloop
 endfacet
 facet normal  0.000000e+00  0.000000e+00  1.000000e+00
   outer loop
     vertex  4.654038e+01  9.346622e+01  2.090004e+01
     vertex  4.644281e+01  9.329756e+01  2.090004e+01
     vertex  4.873011e+01  9.078023e+01  2.090004e+01
   endloop
 endfacet
 facet normal -0.000000e+00  0.000000e+00  1.000000e+00
   outer loop
     vertex  4.599349e+01  9.294859e+01  2.090004e+01
     vertex  4.873011e+01  9.078023e+01  2.090004e+01
     vertex  4.615504e+01  9.302909e+01  2.090004e+01
   endloop
 endfacet
 facet normal  0.000000e+00  0.000000e+00  1.000000e+00
   outer loop
     vertex  4.660293e+01  9.364868e+01  2.090004e+01
     vertex  4.654038e+01  9.346622e+01  2.090004e+01
     vertex  4.873011e+01  9.078023e+01  2.090004e+01
   endloop
 endfacet
 facet normal -1.489366e-14 -1.879682e-14  1.000000e+00
   outer loop
     vertex  4.581860e+01  9.289816e+01  2.090004e+01
     vertex  4.873011e+01  9.078023e+01  2.090004e+01
     vertex  4.599349e+01  9.294859e+01  2.090004e+01
   endloop
 endfacet
 facet normal  0.000000e+00  0.000000e+00  1.000000e+00
   outer loop
     vertex  4.662368e+01  9.376708e+01  2.090004e+01
     vertex  4.660293e+01  9.364868e+01  2.090004e+01
     vertex  4.873011e+01  9.078023e+01  2.090004e+01
   endloop
 endfacet
 facet normal  1.698808e-14  2.503091e-14  1.000000e+00
   outer loop
     vertex  4.563586e+01  9.288025e+01  2.090004e+01
     vertex  4.873011e+01  9.078023e+01  2.090004e+01
     vertex  4.581860e+01  9.289816e+01  2.090004e+01
   endloop
 endfacet
 facet normal  0.000000e+00  0.000000e+00  1.000000e+00
   outer loop
     vertex  4.663011e+01  9.388024e+01  2.090004e+01
     vertex  4.662368e+01  9.376708e+01  2.090004e+01
     vertex  4.873011e+01  9.078023e+01  2.090004e+01
   endloop
 endfacet
 facet normal  0.000000e+00  0.000000e+00  1.000000e+00
   outer loop
     vertex  4.545121e+01  9.289636e+01  2.090004e+01
     vertex  4.873011e+01  9.078023e+01  2.090004e+01
     vertex  4.563586e+01  9.288025e+01  2.090004e+01
   endloop
 endfacet
 facet normal  0.000000e+00  0.000000e+00  1.000000e+00
   outer loop
     vertex  4.661224e+01  9.406841e+01  2.090004e+01
     vertex  4.663011e+01  9.388024e+01  2.090004e+01
     vertex  4.873011e+01  9.078023e+01  2.090004e+01
   endloop
 endfacet
 facet normal -3.897544e-15  5.660823e-15  1.000000e+00
   outer loop
     vertex  4.445799e+01  9.490966e+01  2.090004e+01
     vertex  4.498880e+01  9.464753e+01  2.090004e+01
     vertex  4.514214e+01  9.475310e+01  2.090004e+01
   endloop
 endfacet
 facet normal  4.371100e-15  2.240461e-14  1.000000e+00
   outer loop
     vertex  4.445799e+01  9.490966e+01  2.090004e+01
     vertex  4.485711e+01  9.451465e+01  2.090004e+01
     vertex  4.498880e+01  9.464753e+01  2.090004e+01
   endloop
 endfacet
 facet normal -2.439681e-14 -6.662253e-15  1.000000e+00
   outer loop
     vertex  4.445799e+01  9.490966e+01  2.090004e+01
     vertex  4.475338e+01  9.436124e+01  2.090004e+01
     vertex  4.485711e+01  9.451465e+01  2.090004e+01
   endloop
 endfacet
 facet normal -1.680803e-14 -9.307581e-15  1.000000e+00
   outer loop
     vertex  4.497482e+01  9.544696e+01  2.090004e+01
     vertex  4.531656e+01  9.482981e+01  2.090004e+01
     vertex  4.550440e+01  9.487231e+01  2.090004e+01
   endloop
 endfacet
 facet normal  1.637884e-14  9.069913e-15  1.000000e+00
   outer loop
     vertex  4.497482e+01  9.544696e+01  2.090004e+01
     vertex  4.514214e+01  9.475310e+01  2.090004e+01
     vertex  4.531656e+01  9.482981e+01  2.090004e+01
   endloop
 endfacet
 facet normal -4.256110e-15  4.093916e-15  1.000000e+00
   outer loop
     vertex  4.497482e+01  9.544696e+01  2.090004e+01
     vertex  4.445799e+01  9.490966e+01  2.090004e+01
     vertex  4.514214e+01  9.475310e+01  2.090004e+01
   endloop
 endfacet
 facet normal  3.086416e-16  6.644296e-15  1.000000e+00
   outer loop
     vertex  4.391290e+01  9.440028e+01  2.090004e+01
     vertex  4.475338e+01  9.436124e+01  2.090004e+01
     vertex  4.445799e+01  9.490966e+01  2.090004e+01
   endloop
 endfacet
 facet normal  9.613318e-16  2.069511e-14  1.000000e+00
   outer loop
     vertex  4.391290e+01  9.440028e+01  2.090004e+01
     vertex  4.468026e+01  9.419296e+01  2.090004e+01
     vertex  4.475338e+01  9.436124e+01  2.090004e+01
   endloop
 endfacet
 facet normal -1.455402e-14 -3.673354e-14  1.000000e+00
   outer loop
     vertex  4.391290e+01  9.440028e+01  2.090004e+01
     vertex  4.463932e+01  9.401575e+01  2.090004e+01
     vertex  4.468026e+01  9.419296e+01  2.090004e+01
   endloop
 endfacet
 facet normal  1.496617e-14  1.903386e-14  1.000000e+00
   outer loop
     vertex  4.391290e+01  9.440028e+01  2.090004e+01
     vertex  4.463110e+01  9.383556e+01  2.090004e+01
     vertex  4.463932e+01  9.401575e+01  2.090004e+01
   endloop
 endfacet
 facet normal  0.000000e+00  0.000000e+00  1.000000e+00
   outer loop
     vertex  4.546196e+01  9.601059e+01  2.090004e+01
     vertex  4.589262e+01  9.484517e+01  2.090004e+01
     vertex  4.607797e+01  9.477434e+01  2.090004e+01
   endloop
 endfacet
 facet normal -1.955714e-14 -7.226873e-15  1.000000e+00
   outer loop
     vertex  4.546196e+01  9.601059e+01  2.090004e+01
     vertex  4.569887e+01  9.487787e+01  2.090004e+01
     vertex  4.589262e+01  9.484517e+01  2.090004e+01
   endloop
 endfacet
 facet normal -6.991308e-15 -2.606648e-16  1.000000e+00
   outer loop
     vertex  4.546196e+01  9.601059e+01  2.090004e+01
     vertex  4.497482e+01  9.544696e+01  2.090004e+01
     vertex  4.550440e+01  9.487231e+01  2.090004e+01
   endloop
 endfacet
 facet normal  1.824918e-14  6.804049e-16  1.000000e+00
   outer loop
     vertex  4.546196e+01  9.601059e+01  2.090004e+01
     vertex  4.550440e+01  9.487231e+01  2.090004e+01
     vertex  4.569887e+01  9.487787e+01  2.090004e+01
   endloop
 endfacet
 facet normal -0.000000e+00  0.000000e+00  1.000000e+00
   outer loop
     vertex  4.334103e+01  9.392032e+01  2.090004e+01
     vertex  4.463110e+01  9.383556e+01  2.090004e+01
     vertex  4.391290e+01  9.440028e+01  2.090004e+01
   endloop
 endfacet
 facet normal  0.000000e+00  0.000000e+00  1.000000e+00
   outer loop
     vertex  4.334103e+01  9.392032e+01  2.090004e+01
     vertex  4.465962e+01  9.363906e+01  2.090004e+01
     vertex  4.463110e+01  9.383556e+01  2.090004e+01
   endloop
 endfacet
 facet normal  0.000000e+00  0.000000e+00  1.000000e+00
   outer loop
     vertex  4.334103e+01  9.392032e+01  2.090004e+01
     vertex  4.472557e+01  9.345382e+01  2.090004e+01
     vertex  4.465962e+01  9.363906e+01  2.090004e+01
   endloop
 endfacet
 facet normal  6.384712e-14  1.226489e-14  1.000000e+00
   outer loop
     vertex  4.591812e+01  9.659890e+01  2.090004e+01
     vertex  4.623120e+01  9.467941e+01  2.090004e+01
     vertex  4.636593e+01  9.455741e+01  2.090004e+01
   endloop
 endfacet
 facet normal -2.451576e-14 -2.147867e-15  1.000000e+00
   outer loop
     vertex  4.591812e+01  9.659890e+01  2.090004e+01
     vertex  4.607797e+01  9.477434e+01  2.090004e+01
     vertex  4.623120e+01  9.467941e+01  2.090004e+01
   endloop
 endfacet
 facet normal  0.000000e+00  0.000000e+00  1.000000e+00
   outer loop
     vertex  4.591812e+01  9.659890e+01  2.090004e+01
     vertex  4.546196e+01  9.601059e+01  2.090004e+01
     vertex  4.607797e+01  9.477434e+01  2.090004e+01
   endloop
 endfacet
 facet normal -1.989956e-15 -2.243756e-14  1.000000e+00
   outer loop
     vertex  4.274395e+01  9.347123e+01  2.090004e+01
     vertex  4.482534e+01  9.328664e+01  2.090004e+01
     vertex  4.472557e+01  9.345382e+01  2.090004e+01
   endloop
 endfacet
 facet normal  0.000000e+00  0.000000e+00  1.000000e+00
   outer loop
     vertex  4.274395e+01  9.347123e+01  2.090004e+01
     vertex  4.495416e+01  9.314328e+01  2.090004e+01
     vertex  4.482534e+01  9.328664e+01  2.090004e+01
   endloop
 endfacet
 facet normal -1.840830e-15 -5.463430e-15  1.000000e+00
   outer loop
     vertex  4.274395e+01  9.347123e+01  2.090004e+01
     vertex  4.472557e+01  9.345382e+01  2.090004e+01
     vertex  4.334103e+01  9.392032e+01  2.090004e+01
   endloop
 endfacet
 facet normal -3.231137e-14 -2.907425e-16  1.000000e+00
   outer loop
     vertex  4.634206e+01  9.721016e+01  2.090004e+01
     vertex  4.636593e+01  9.455741e+01  2.090004e+01
     vertex  4.647719e+01  9.441169e+01  2.090004e+01
   endloop
 endfacet
 facet normal  8.272908e-15  7.444086e-17  1.000000e+00
   outer loop
     vertex  4.634206e+01  9.721016e+01  2.090004e+01
     vertex  4.591812e+01  9.659890e+01  2.090004e+01
     vertex  4.636593e+01  9.455741e+01  2.090004e+01
   endloop
 endfacet
 facet normal  1.035708e-15  6.980096e-15  1.000000e+00
   outer loop
     vertex  4.212331e+01  9.305434e+01  2.090004e+01
     vertex  4.495416e+01  9.314328e+01  2.090004e+01
     vertex  4.274395e+01  9.347123e+01  2.090004e+01
   endloop
 endfacet
 facet normal  2.723965e-16  3.127633e-14  1.000000e+00
   outer loop
     vertex  4.212331e+01  9.305434e+01  2.090004e+01
     vertex  4.510635e+01  9.302836e+01  2.090004e+01
     vertex  4.495416e+01  9.314328e+01  2.090004e+01
   endloop
 endfacet
 facet normal -3.711661e-14  2.763657e-15  1.000000e+00
   outer loop
     vertex  4.673265e+01  9.784261e+01  2.090004e+01
     vertex  4.647719e+01  9.441169e+01  2.090004e+01
     vertex  4.656061e+01  9.424651e+01  2.090004e+01
   endloop
 endfacet
 facet normal -1.034256e-14  7.700939e-16  1.000000e+00
   outer loop
     vertex  4.673265e+01  9.784261e+01  2.090004e+01
     vertex  4.634206e+01  9.721016e+01  2.090004e+01
     vertex  4.647719e+01  9.441169e+01  2.090004e+01
   endloop
 endfacet
 facet normal -8.170551e-16 -1.651940e-15  1.000000e+00
   outer loop
     vertex  4.148084e+01  9.267092e+01  2.090004e+01
     vertex  4.527092e+01  9.294697e+01  2.090004e+01
     vertex  4.510635e+01  9.302836e+01  2.090004e+01
   endloop
 endfacet
 facet normal -7.953845e-17 -9.132535e-15  1.000000e+00
   outer loop
     vertex  4.148084e+01  9.267092e+01  2.090004e+01
     vertex  4.510635e+01  9.302836e+01  2.090004e+01
     vertex  4.212331e+01  9.305434e+01  2.090004e+01
   endloop
 endfacet
 facet normal  4.815249e-14 -5.988229e-15  1.000000e+00
   outer loop
     vertex  4.708888e+01  9.849440e+01  2.090004e+01
     vertex  4.656061e+01  9.424651e+01  2.090004e+01
     vertex  4.661224e+01  9.406841e+01  2.090004e+01
   endloop
 endfacet
 facet normal -1.291116e-14  1.605627e-15  1.000000e+00
   outer loop
     vertex  4.708888e+01  9.849440e+01  2.090004e+01
     vertex  4.673265e+01  9.784261e+01  2.090004e+01
     vertex  4.656061e+01  9.424651e+01  2.090004e+01
   endloop
 endfacet
 facet normal -1.067729e-15 -6.877088e-16  1.000000e+00
   outer loop
     vertex  4.708888e+01  9.849440e+01  2.090004e+01
     vertex  4.661224e+01  9.406841e+01  2.090004e+01
     vertex  4.873011e+01  9.078023e+01  2.090004e+01
   endloop
 endfacet
 facet normal  0.000000e+00  0.000000e+00  1.000000e+00
   outer loop
     vertex  4.088546e+01  9.235544e+01  2.090004e+01
     vertex  4.545121e+01  9.289636e+01  2.090004e+01
     vertex  4.527092e+01  9.294697e+01  2.090004e+01
   endloop
 endfacet
 facet normal -2.037653e-15  1.510688e-14  1.000000e+00
   outer loop
     vertex  4.088546e+01  9.235544e+01  2.090004e+01
     vertex  4.527092e+01  9.294697e+01  2.090004e+01
     vertex  4.148084e+01  9.267092e+01  2.090004e+01
   endloop
 endfacet
 facet normal -0.000000e+00  0.000000e+00  1.000000e+00
   outer loop
     vertex  4.088546e+01  9.235544e+01  2.090004e+01
     vertex  4.873011e+01  9.078023e+01  2.090004e+01
     vertex  4.545121e+01  9.289636e+01  2.090004e+01
   endloop
 endfacet
 facet normal  8.333386e-15  1.312428e-15  1.000000e+00
   outer loop
     vertex  4.740980e+01  9.916365e+01  2.090004e+01
     vertex  4.708888e+01  9.849440e+01  2.090004e+01
     vertex  4.873011e+01  9.078023e+01  2.090004e+01
   endloop
 endfacet
 facet normal -0.000000e+00  0.000000e+00  1.000000e+00
   outer loop
     vertex  4.027524e+01  9.206882e+01  2.090004e+01
     vertex  4.873011e+01  9.078023e+01  2.090004e+01
     vertex  4.088546e+01  9.235544e+01  2.090004e+01
   endloop
 endfacet
 facet normal  0.000000e+00  0.000000e+00  1.000000e+00
   outer loop
     vertex  4.769460e+01  9.984844e+01  2.090004e+01
     vertex  4.740980e+01  9.916365e+01  2.090004e+01
     vertex  4.873011e+01  9.078023e+01  2.090004e+01
   endloop
 endfacet
 facet normal -0.000000e+00  0.000000e+00  1.000000e+00
   outer loop
     vertex  3.965156e+01  9.181176e+01  2.090004e+01
     vertex  4.873011e+01  9.078023e+01  2.090004e+01
     vertex  4.027524e+01  9.206882e+01  2.090004e+01
   endloop
 endfacet
 facet normal -0.000000e+00  0.000000e+00  1.000000e+00
   outer loop
     vertex  3.901584e+01  9.158493e+01  2.090004e+01
     vertex  4.873011e+01  9.078023e+01  2.090004e+01
     vertex  3.965156e+01  9.181176e+01  2.090004e+01
   endloop
 endfacet
 facet normal  0.000000e+00  0.000000e+00  1.000000e+00
   outer loop
     vertex  4.794255e+01  1.005468e+02  2.090004e+01
     vertex  4.769460e+01  9.984844e+01  2.090004e+01
     vertex  4.873011e+01  9.078023e+01  2.090004e+01
   endloop
 endfacet
 facet normal -0.000000e+00  0.000000e+00  1.000000e+00
   outer loop
     vertex  3.836955e+01  9.138889e+01  2.090004e+01
     vertex  4.873011e+01  9.078023e+01  2.090004e+01
     vertex  3.901584e+01  9.158493e+01  2.090004e+01
   endloop
 endfacet
 facet normal  0.000000e+00  0.000000e+00  1.000000e+00
   outer loop
     vertex  4.815305e+01  1.012567e+02  2.090004e+01
     vertex  4.794255e+01  1.005468e+02  2.090004e+01
     vertex  4.873011e+01  9.078023e+01  2.090004e+01
   endloop
 endfacet
 facet normal -0.000000e+00  0.000000e+00  1.000000e+00
   outer loop
     vertex  3.771417e+01  9.122415e+01  2.090004e+01
     vertex  4.873011e+01  9.078023e+01  2.090004e+01
     vertex  3.836955e+01  9.138889e+01  2.090004e+01
   endloop
 endfacet
 facet normal -1.674416e-14 -9.222835e-16  1.000000e+00
   outer loop
     vertex  4.832560e+01  1.019762e+02  2.090004e+01
     vertex  4.815305e+01  1.012567e+02  2.090004e+01
     vertex  4.873011e+01  9.078023e+01  2.090004e+01
   endloop
 endfacet
 facet normal -0.000000e+00  0.000000e+00  1.000000e+00
   outer loop
     vertex  3.705120e+01  9.109117e+01  2.090004e+01
     vertex  4.873011e+01  9.078023e+01  2.090004e+01
     vertex  3.771417e+01  9.122415e+01  2.090004e+01
   endloop
 endfacet
 facet normal  1.437607e-15 -2.653802e-16  1.000000e+00
   outer loop
     vertex  4.845980e+01  1.027032e+02  2.090004e+01
     vertex  4.832560e+01  1.019762e+02  2.090004e+01
     vertex  4.873011e+01  9.078023e+01  2.090004e+01
   endloop
 endfacet
 facet normal -7.969826e-16 -2.993480e-14  1.000000e+00
   outer loop
     vertex  3.638217e+01  9.099030e+01  2.090004e+01
     vertex  4.873011e+01  9.078023e+01  2.090004e+01
     vertex  3.705120e+01  9.109117e+01  2.090004e+01
   endloop
 endfacet
 facet normal  5.098025e-16  4.687849e-14  1.000000e+00
   outer loop
     vertex  3.570864e+01  9.092184e+01  2.090004e+01
     vertex  4.873011e+01  9.078023e+01  2.090004e+01
     vertex  3.638217e+01  9.099030e+01  2.090004e+01
   endloop
 endfacet
 facet normal  9.147811e-15 -2.095589e-17  1.000000e+00
   outer loop
     vertex  4.631298e+01  1.151497e+02  2.090004e+01
     vertex  4.592005e+01  1.131590e+02  2.090004e+01
     vertex  4.630715e+01  1.126034e+02  2.090004e+01
   endloop
 endfacet
 facet normal -0.000000e+00  0.000000e+00  1.000000e+00
   outer loop
     vertex  2.431293e+01  9.314970e+01  2.090004e+01
     vertex  2.721055e+01  9.300796e+01  2.090004e+01
     vertex  2.659539e+01  9.341533e+01  2.090004e+01
   endloop
 endfacet
 facet normal -2.743516e-14  6.284873e-17  1.000000e+00
   outer loop
     vertex  4.644281e+01  1.152976e+02  2.090004e+01
     vertex  4.631298e+01  1.151497e+02  2.090004e+01
     vertex  4.630715e+01  1.126034e+02  2.090004e+01
   endloop
 endfacet
 facet normal -1.946335e-15 -1.220640e-15  1.000000e+00
   outer loop
     vertex  4.644281e+01  1.152976e+02  2.090004e+01
     vertex  4.630715e+01  1.126034e+02  2.090004e+01
     vertex  4.666714e+01  1.120294e+02  2.090004e+01
   endloop
 endfacet
 facet normal -0.000000e+00  0.000000e+00  1.000000e+00
   outer loop
     vertex  2.444277e+01  9.329756e+01  2.090004e+01
     vertex  2.431293e+01  9.314970e+01  2.090004e+01
     vertex  2.659539e+01  9.341533e+01  2.090004e+01
   endloop
 endfacet
 facet normal  4.117327e-16 -7.525873e-15  1.000000e+00
   outer loop
     vertex  2.444277e+01  9.329756e+01  2.090004e+01
     vertex  2.659539e+01  9.341533e+01  2.090004e+01
     vertex  2.600204e+01  9.385494e+01  2.090004e+01
   endloop
 endfacet
 facet normal  2.488173e-14 -3.126456e-15  1.000000e+00
   outer loop
     vertex  4.615504e+01  1.150291e+02  2.090004e+01
     vertex  4.592005e+01  1.131590e+02  2.090004e+01
     vertex  4.631298e+01  1.151497e+02  2.090004e+01
   endloop
 endfacet
 facet normal -0.000000e+00  0.000000e+00  1.000000e+00
   outer loop
     vertex  2.415500e+01  9.302909e+01  2.090004e+01
     vertex  2.721055e+01  9.300796e+01  2.090004e+01
     vertex  2.431293e+01  9.314970e+01  2.090004e+01
   endloop
 endfacet
 facet normal -1.342306e-14 -1.528788e-15  1.000000e+00
   outer loop
     vertex  4.654038e+01  1.154663e+02  2.090004e+01
     vertex  4.666714e+01  1.120294e+02  2.090004e+01
     vertex  4.699914e+01  1.114382e+02  2.090004e+01
   endloop
 endfacet
 facet normal  1.679863e-15 -9.717435e-16  1.000000e+00
   outer loop
     vertex  4.654038e+01  1.154663e+02  2.090004e+01
     vertex  4.644281e+01  1.152976e+02  2.090004e+01
     vertex  4.666714e+01  1.120294e+02  2.090004e+01
   endloop
 endfacet
 facet normal  6.620155e-15 -2.489419e-14  1.000000e+00
   outer loop
     vertex  2.454033e+01  9.346622e+01  2.090004e+01
     vertex  2.444277e+01  9.329756e+01  2.090004e+01
     vertex  2.600204e+01  9.385494e+01  2.090004e+01
   endloop
 endfacet
 facet normal  0.000000e+00  0.000000e+00  1.000000e+00
   outer loop
     vertex  4.599349e+01  1.149486e+02  2.090004e+01
     vertex  4.550681e+01  1.136949e+02  2.090004e+01
     vertex  4.592005e+01  1.131590e+02  2.090004e+01
   endloop
 endfacet
 facet normal -0.000000e+00  0.000000e+00  1.000000e+00
   outer loop
     vertex  4.599349e+01  1.149486e+02  2.090004e+01
     vertex  4.592005e+01  1.131590e+02  2.090004e+01
     vertex  4.615504e+01  1.150291e+02  2.090004e+01
   endloop
 endfacet
 facet normal  0.000000e+00  0.000000e+00  1.000000e+00
   outer loop
     vertex  2.399344e+01  9.294859e+01  2.090004e+01
     vertex  2.721055e+01  9.300796e+01  2.090004e+01
     vertex  2.415500e+01  9.302909e+01  2.090004e+01
   endloop
 endfacet
 facet normal -0.000000e+00  0.000000e+00  1.000000e+00
   outer loop
     vertex  2.399344e+01  9.294859e+01  2.090004e+01
     vertex  2.784798e+01  9.263265e+01  2.090004e+01
     vertex  2.721055e+01  9.300796e+01  2.090004e+01
   endloop
 endfacet
 facet normal -4.263279e-14 -4.855563e-15  1.000000e+00
   outer loop
     vertex  4.660293e+01  1.156487e+02  2.090004e+01
     vertex  4.654038e+01  1.154663e+02  2.090004e+01
     vertex  4.699914e+01  1.114382e+02  2.090004e+01
   endloop
 endfacet
 facet normal -5.697383e-15  2.142423e-14  1.000000e+00
   outer loop
     vertex  2.460288e+01  9.364868e+01  2.090004e+01
     vertex  2.454033e+01  9.346622e+01  2.090004e+01
     vertex  2.600204e+01  9.385494e+01  2.090004e+01
   endloop
 endfacet
 facet normal -2.287495e-14  8.879518e-15  1.000000e+00
   outer loop
     vertex  4.581860e+01  1.148982e+02  2.090004e+01
     vertex  4.550681e+01  1.136949e+02  2.090004e+01
     vertex  4.599349e+01  1.149486e+02  2.090004e+01
   endloop
 endfacet
 facet normal  4.496008e-15  5.485224e-14  1.000000e+00
   outer loop
     vertex  2.381855e+01  9.289816e+01  2.090004e+01
     vertex  2.784798e+01  9.263265e+01  2.090004e+01
     vertex  2.399344e+01  9.294859e+01  2.090004e+01
   endloop
 endfacet
 facet normal  1.008980e-15  1.931760e-15  1.000000e+00
   outer loop
     vertex  2.381855e+01  9.289816e+01  2.090004e+01
     vertex  2.845300e+01  9.231664e+01  2.090004e+01
     vertex  2.784798e+01  9.263265e+01  2.090004e+01
   endloop
 endfacet
 facet normal  1.934349e-15 -3.034693e-14  1.000000e+00
   outer loop
     vertex  2.462364e+01  9.376708e+01  2.090004e+01
     vertex  2.460288e+01  9.364868e+01  2.090004e+01
     vertex  2.600204e+01  9.385494e+01  2.090004e+01
   endloop
 endfacet
 facet normal -4.466427e-16  7.007132e-15  1.000000e+00
   outer loop
     vertex  2.462364e+01  9.376708e+01  2.090004e+01
     vertex  2.600204e+01  9.385494e+01  2.090004e+01
     vertex  2.543222e+01  9.432563e+01  2.090004e+01
   endloop
 endfacet
 facet normal -1.030675e-14 -1.874986e-15  1.000000e+00
   outer loop
     vertex  4.563586e+01  1.148803e+02  2.090004e+01
     vertex  4.506842e+01  1.142099e+02  2.090004e+01
     vertex  4.550681e+01  1.136949e+02  2.090004e+01
   endloop
 endfacet
 facet normal  3.959857e-14 -7.307910e-15  1.000000e+00
   outer loop
     vertex  4.563586e+01  1.148803e+02  2.090004e+01
     vertex  4.550681e+01  1.136949e+02  2.090004e+01
     vertex  4.581860e+01  1.148982e+02  2.090004e+01
   endloop
 endfacet
 facet normal -1.799925e-14  3.241701e-14  1.000000e+00
   outer loop
     vertex  2.463006e+01  9.388024e+01  2.090004e+01
     vertex  2.462364e+01  9.376708e+01  2.090004e+01
     vertex  2.543222e+01  9.432563e+01  2.090004e+01
   endloop
 endfacet
 facet normal -1.877856e-14  5.295461e-15  1.000000e+00
   outer loop
     vertex  4.545121e+01  1.148964e+02  2.090004e+01
     vertex  4.506842e+01  1.142099e+02  2.090004e+01
     vertex  4.563586e+01  1.148803e+02  2.090004e+01
   endloop
 endfacet
 facet normal -0.000000e+00  0.000000e+00  1.000000e+00
   outer loop
     vertex  2.461220e+01  9.406841e+01  2.090004e+01
     vertex  2.463006e+01  9.388024e+01  2.090004e+01
     vertex  2.543222e+01  9.432563e+01  2.090004e+01
   endloop
 endfacet
 facet normal -1.829491e-14  5.025794e-15  1.000000e+00
   outer loop
     vertex  4.527092e+01  1.149470e+02  2.090004e+01
     vertex  4.506842e+01  1.142099e+02  2.090004e+01
     vertex  4.545121e+01  1.148964e+02  2.090004e+01
   endloop
 endfacet
 facet normal  5.735377e-15 -1.828433e-14  1.000000e+00
   outer loop
     vertex  2.456057e+01  9.424651e+01  2.090004e+01
     vertex  2.461220e+01  9.406841e+01  2.090004e+01
     vertex  2.543222e+01  9.432563e+01  2.090004e+01
   endloop
 endfacet
 facet normal  3.709471e-15  4.036223e-15  1.000000e+00
   outer loop
     vertex  2.488760e+01  9.482617e+01  2.090004e+01
     vertex  2.456057e+01  9.424651e+01  2.090004e+01
     vertex  2.543222e+01  9.432563e+01  2.090004e+01
   endloop
 endfacet
 facet normal -1.438396e-14  1.424425e-14  1.000000e+00
   outer loop
     vertex  2.488760e+01  9.482617e+01  2.090004e+01
     vertex  2.447715e+01  9.441169e+01  2.090004e+01
     vertex  2.456057e+01  9.424651e+01  2.090004e+01
   endloop
 endfacet
 facet normal  5.942255e-15 -1.632396e-15  1.000000e+00
   outer loop
     vertex  4.460596e+01  1.147028e+02  2.090004e+01
     vertex  4.506842e+01  1.142099e+02  2.090004e+01
     vertex  4.527092e+01  1.149470e+02  2.090004e+01
   endloop
 endfacet
 facet normal  1.226489e-14 -1.884895e-14  1.000000e+00
   outer loop
     vertex  4.460596e+01  1.147028e+02  2.090004e+01
     vertex  4.527092e+01  1.149470e+02  2.090004e+01
     vertex  4.510635e+01  1.150284e+02  2.090004e+01
   endloop
 endfacet
 facet normal  0.000000e+00  0.000000e+00  1.000000e+00
   outer loop
     vertex  4.495416e+01  1.151433e+02  2.090004e+01
     vertex  4.460596e+01  1.147028e+02  2.090004e+01
     vertex  4.510635e+01  1.150284e+02  2.090004e+01
   endloop
 endfacet
 facet normal -1.390126e-14  1.376624e-14  1.000000e+00
   outer loop
     vertex  2.436588e+01  9.455741e+01  2.090004e+01
     vertex  2.447715e+01  9.441169e+01  2.090004e+01
     vertex  2.488760e+01  9.482617e+01  2.090004e+01
   endloop
 endfacet
 facet normal  2.302244e-15 -4.035874e-16  1.000000e+00
   outer loop
     vertex  4.873011e+01  1.189803e+02  2.090004e+01
     vertex  4.662368e+01  1.157671e+02  2.090004e+01
     vertex  4.660293e+01  1.156487e+02  2.090004e+01
   endloop
 endfacet
 facet normal -5.058406e-14  3.426660e-14  1.000000e+00
   outer loop
     vertex  4.873011e+01  1.189803e+02  2.090004e+01
     vertex  4.663011e+01  1.158803e+02  2.090004e+01
     vertex  4.662368e+01  1.157671e+02  2.090004e+01
   endloop
 endfacet
 facet normal  0.000000e+00  0.000000e+00  1.000000e+00
   outer loop
     vertex  4.873011e+01  1.189803e+02  2.090004e+01
     vertex  4.847792e+01  1.069389e+02  2.090004e+01
     vertex  4.856172e+01  1.062624e+02  2.090004e+01
   endloop
 endfacet
 facet normal -2.720538e-14  5.697650e-16  1.000000e+00
   outer loop
     vertex  4.873011e+01  1.189803e+02  2.090004e+01
     vertex  4.836139e+01  1.076101e+02  2.090004e+01
     vertex  4.847792e+01  1.069389e+02  2.090004e+01
   endloop
 endfacet
 facet normal  1.962402e-14 -9.488304e-16  1.000000e+00
   outer loop
     vertex  4.873011e+01  1.189803e+02  2.090004e+01
     vertex  4.821247e+01  1.082743e+02  2.090004e+01
     vertex  4.836139e+01  1.076101e+02  2.090004e+01
   endloop
 endfacet
 facet normal  0.000000e+00  0.000000e+00  1.000000e+00
   outer loop
     vertex  4.873011e+01  1.189803e+02  2.090004e+01
     vertex  4.803157e+01  1.089300e+02  2.090004e+01
     vertex  4.821247e+01  1.082743e+02  2.090004e+01
   endloop
 endfacet
 facet normal -1.380986e-14  9.598447e-16  1.000000e+00
   outer loop
     vertex  4.873011e+01  1.189803e+02  2.090004e+01
     vertex  4.781920e+01  1.095758e+02  2.090004e+01
     vertex  4.803157e+01  1.089300e+02  2.090004e+01
   endloop
 endfacet
 facet normal  1.087229e-14 -1.430849e-15  1.000000e+00
   outer loop
     vertex  4.873011e+01  1.189803e+02  2.090004e+01
     vertex  4.757590e+01  1.102100e+02  2.090004e+01
     vertex  4.781920e+01  1.095758e+02  2.090004e+01
   endloop
 endfacet
 facet normal  9.997755e-15 -1.315756e-15  1.000000e+00
   outer loop
     vertex  4.873011e+01  1.189803e+02  2.090004e+01
     vertex  4.730231e+01  1.108313e+02  2.090004e+01
     vertex  4.757590e+01  1.102100e+02  2.090004e+01
   endloop
 endfacet
 facet normal -8.029332e-15  1.842808e-15  1.000000e+00
   outer loop
     vertex  4.873011e+01  1.189803e+02  2.090004e+01
     vertex  4.699914e+01  1.114382e+02  2.090004e+01
     vertex  4.730231e+01  1.108313e+02  2.090004e+01
   endloop
 endfacet
 facet normal  2.607389e-15 -5.984205e-16  1.000000e+00
   outer loop
     vertex  4.873011e+01  1.189803e+02  2.090004e+01
     vertex  4.660293e+01  1.156487e+02  2.090004e+01
     vertex  4.699914e+01  1.114382e+02  2.090004e+01
   endloop
 endfacet
 facet normal  0.000000e+00  0.000000e+00  1.000000e+00
   outer loop
     vertex  4.873011e+01  1.189803e+02  2.090004e+01
     vertex  4.661224e+01  1.160685e+02  2.090004e+01
     vertex  4.663011e+01  1.158803e+02  2.090004e+01
   endloop
 endfacet
 facet normal  1.960934e-14 -1.426247e-14  1.000000e+00
   outer loop
     vertex  4.873011e+01  1.189803e+02  2.090004e+01
     vertex  4.656061e+01  1.162466e+02  2.090004e+01
     vertex  4.661224e+01  1.160685e+02  2.090004e+01
   endloop
 endfacet
 facet normal -1.556173e-14  1.364944e-14  1.000000e+00
   outer loop
     vertex  4.873011e+01  1.189803e+02  2.090004e+01
     vertex  4.647719e+01  1.164117e+02  2.090004e+01
     vertex  4.656061e+01  1.162466e+02  2.090004e+01
   endloop
 endfacet
 facet normal -1.486016e-14  1.303408e-14  1.000000e+00
   outer loop
     vertex  4.873011e+01  1.189803e+02  2.090004e+01
     vertex  4.636593e+01  1.165575e+02  2.090004e+01
     vertex  4.647719e+01  1.164117e+02  2.090004e+01
   endloop
 endfacet
 facet normal  4.654280e-16 -2.400116e-15  1.000000e+00
   outer loop
     vertex  2.053005e+01  9.078023e+01  2.090004e+01
     vertex  2.845300e+01  9.231664e+01  2.090004e+01
     vertex  2.381855e+01  9.289816e+01  2.090004e+01
   endloop
 endfacet
 facet normal  1.315459e-14 -1.349423e-14  1.000000e+00
   outer loop
     vertex  2.053005e+01  9.078023e+01  2.090004e+01
     vertex  2.310630e+01  9.302836e+01  2.090004e+01
     vertex  2.295411e+01  9.314328e+01  2.090004e+01
   endloop
 endfacet
 facet normal -1.327939e-14  1.679783e-14  1.000000e+00
   outer loop
     vertex  2.053005e+01  9.078023e+01  2.090004e+01
     vertex  2.327087e+01  9.294697e+01  2.090004e+01
     vertex  2.310630e+01  9.302836e+01  2.090004e+01
   endloop
 endfacet
 facet normal  1.454248e-14 -1.839558e-14  1.000000e+00
   outer loop
     vertex  2.053005e+01  9.078023e+01  2.090004e+01
     vertex  2.345116e+01  9.289636e+01  2.090004e+01
     vertex  2.327087e+01  9.294697e+01  2.090004e+01
   endloop
 endfacet
 facet normal -3.421316e-14  4.890674e-14  1.000000e+00
   outer loop
     vertex  2.053005e+01  9.078023e+01  2.090004e+01
     vertex  2.363581e+01  9.288025e+01  2.090004e+01
     vertex  2.345116e+01  9.289636e+01  2.090004e+01
   endloop
 endfacet
 facet normal  1.939009e-16 -1.978517e-15  1.000000e+00
   outer loop
     vertex  2.053005e+01  9.078023e+01  2.090004e+01
     vertex  2.381855e+01  9.289816e+01  2.090004e+01
     vertex  2.363581e+01  9.288025e+01  2.090004e+01
   endloop
 endfacet
 facet normal  0.000000e+00  0.000000e+00  1.000000e+00
   outer loop
     vertex  2.053005e+01  9.078023e+01  2.090004e+01
     vertex  2.907223e+01  9.203070e+01  2.090004e+01
     vertex  2.845300e+01  9.231664e+01  2.090004e+01
   endloop
 endfacet
 facet normal  0.000000e+00  0.000000e+00  1.000000e+00
   outer loop
     vertex  2.053005e+01  9.078023e+01  2.090004e+01
     vertex  2.970416e+01  9.177545e+01  2.090004e+01
     vertex  2.907223e+01  9.203070e+01  2.090004e+01
   endloop
 endfacet
 facet normal  0.000000e+00  0.000000e+00  1.000000e+00
   outer loop
     vertex  2.053005e+01  9.078023e+01  2.090004e+01
     vertex  3.034730e+01  9.155140e+01  2.090004e+01
     vertex  2.970416e+01  9.177545e+01  2.090004e+01
   endloop
 endfacet
 facet normal  0.000000e+00  0.000000e+00  1.000000e+00
   outer loop
     vertex  2.053005e+01  9.078023e+01  2.090004e+01
     vertex  3.100010e+01  9.135902e+01  2.090004e+01
     vertex  3.034730e+01  9.155140e+01  2.090004e+01
   endloop
 endfacet
 facet normal  9.976143e-16 -1.804654e-14  1.000000e+00
   outer loop
     vertex  2.053005e+01  9.078023e+01  2.090004e+01
     vertex  3.166101e+01  9.119869e+01  2.090004e+01
     vertex  3.100010e+01  9.135902e+01  2.090004e+01
   endloop
 endfacet
 facet normal -6.057540e-16  2.460313e-14  1.000000e+00
   outer loop
     vertex  2.053005e+01  9.078023e+01  2.090004e+01
     vertex  3.232847e+01  9.107072e+01  2.090004e+01
     vertex  3.166101e+01  9.119869e+01  2.090004e+01
   endloop
 endfacet
 facet normal  7.814973e-16 -3.174106e-14  1.000000e+00
   outer loop
     vertex  2.053005e+01  9.078023e+01  2.090004e+01
     vertex  3.300090e+01  9.097535e+01  2.090004e+01
     vertex  3.232847e+01  9.107072e+01  2.090004e+01
   endloop
 endfacet
 facet normal -5.157148e-16  5.116990e-14  1.000000e+00
   outer loop
     vertex  2.053005e+01  9.078023e+01  2.090004e+01
     vertex  3.367672e+01  9.091273e+01  2.090004e+01
     vertex  3.300090e+01  9.097535e+01  2.090004e+01
   endloop
 endfacet
 facet normal  1.329467e-14 -1.443919e-14  1.000000e+00
   outer loop
     vertex  4.623120e+01  1.166795e+02  2.090004e+01
     vertex  4.636593e+01  1.165575e+02  2.090004e+01
     vertex  4.873011e+01  1.189803e+02  2.090004e+01
   endloop
 endfacet
 facet normal -4.340540e-15 -4.793201e-15  1.000000e+00
   outer loop
     vertex  2.423116e+01  9.467941e+01  2.090004e+01
     vertex  2.436588e+01  9.455741e+01  2.090004e+01
     vertex  2.488760e+01  9.482617e+01  2.090004e+01
   endloop
 endfacet
 facet normal  0.000000e+00  0.000000e+00  1.000000e+00
   outer loop
     vertex  4.482534e+01  1.152867e+02  2.090004e+01
     vertex  4.460596e+01  1.147028e+02  2.090004e+01
     vertex  4.495416e+01  1.151433e+02  2.090004e+01
   endloop
 endfacet
 facet normal  1.287797e-14 -1.321046e-14  1.000000e+00
   outer loop
     vertex  2.282529e+01  9.328664e+01  2.090004e+01
     vertex  2.053005e+01  9.078023e+01  2.090004e+01
     vertex  2.295411e+01  9.314328e+01  2.090004e+01
   endloop
 endfacet
 facet normal -0.000000e+00  0.000000e+00  1.000000e+00
   outer loop
     vertex  4.607797e+01  1.167744e+02  2.090004e+01
     vertex  4.623120e+01  1.166795e+02  2.090004e+01
     vertex  4.873011e+01  1.189803e+02  2.090004e+01
   endloop
 endfacet
 facet normal -1.498683e-14  1.230674e-14  1.000000e+00
   outer loop
     vertex  2.272553e+01  9.345382e+01  2.090004e+01
     vertex  2.053005e+01  9.078023e+01  2.090004e+01
     vertex  2.282529e+01  9.328664e+01  2.090004e+01
   endloop
 endfacet
 facet normal -0.000000e+00  0.000000e+00  1.000000e+00
   outer loop
     vertex  4.589262e+01  1.168452e+02  2.090004e+01
     vertex  4.607797e+01  1.167744e+02  2.090004e+01
     vertex  4.873011e+01  1.189803e+02  2.090004e+01
   endloop
 endfacet
 facet normal  0.000000e+00  0.000000e+00  1.000000e+00
   outer loop
     vertex  2.265957e+01  9.363906e+01  2.090004e+01
     vertex  2.053005e+01  9.078023e+01  2.090004e+01
     vertex  2.272553e+01  9.345382e+01  2.090004e+01
   endloop
 endfacet
 facet normal -5.672182e-15  1.163283e-15  1.000000e+00
   outer loop
     vertex  2.436976e+01  9.535521e+01  2.090004e+01
     vertex  2.423116e+01  9.467941e+01  2.090004e+01
     vertex  2.488760e+01  9.482617e+01  2.090004e+01
   endloop
 endfacet
 facet normal  2.057158e-14 -4.218936e-15  1.000000e+00
   outer loop
     vertex  2.436976e+01  9.535521e+01  2.090004e+01
     vertex  2.407793e+01  9.477434e+01  2.090004e+01
     vertex  2.423116e+01  9.467941e+01  2.090004e+01
   endloop
 endfacet
 facet normal  1.960723e-15  5.131092e-15  1.000000e+00
   outer loop
     vertex  2.436976e+01  9.535521e+01  2.090004e+01
     vertex  2.389257e+01  9.484517e+01  2.090004e+01
     vertex  2.407793e+01  9.477434e+01  2.090004e+01
   endloop
 endfacet
 facet normal -0.000000e+00  0.000000e+00  1.000000e+00
   outer loop
     vertex  4.412055e+01  1.151726e+02  2.090004e+01
     vertex  4.460596e+01  1.147028e+02  2.090004e+01
     vertex  4.482534e+01  1.152867e+02  2.090004e+01
   endloop
 endfacet
 facet normal  0.000000e+00  0.000000e+00  1.000000e+00
   outer loop
     vertex  4.412055e+01  1.151726e+02  2.090004e+01
     vertex  4.472557e+01  1.154539e+02  2.090004e+01
     vertex  4.465962e+01  1.156391e+02  2.090004e+01
   endloop
 endfacet
 facet normal  0.000000e+00  0.000000e+00  1.000000e+00
   outer loop
     vertex  4.412055e+01  1.151726e+02  2.090004e+01
     vertex  4.482534e+01  1.152867e+02  2.090004e+01
     vertex  4.472557e+01  1.154539e+02  2.090004e+01
   endloop
 endfacet
 facet normal -1.497726e-14  1.990461e-14  1.000000e+00
   outer loop
     vertex  4.569887e+01  1.168779e+02  2.090004e+01
     vertex  4.589262e+01  1.168452e+02  2.090004e+01
     vertex  4.873011e+01  1.189803e+02  2.090004e+01
   endloop
 endfacet
 facet normal -1.482081e-14  2.083139e-14  1.000000e+00
   outer loop
     vertex  2.369883e+01  9.487787e+01  2.090004e+01
     vertex  2.389257e+01  9.484517e+01  2.090004e+01
     vertex  2.436976e+01  9.535521e+01  2.090004e+01
   endloop
 endfacet
 facet normal  0.000000e+00  0.000000e+00  1.000000e+00
   outer loop
     vertex  4.463110e+01  1.158356e+02  2.090004e+01
     vertex  4.412055e+01  1.151726e+02  2.090004e+01
     vertex  4.465962e+01  1.156391e+02  2.090004e+01
   endloop
 endfacet
 facet normal  0.000000e+00  0.000000e+00  1.000000e+00
   outer loop
     vertex  2.263105e+01  9.383556e+01  2.090004e+01
     vertex  2.053005e+01  9.078023e+01  2.090004e+01
     vertex  2.265957e+01  9.363906e+01  2.090004e+01
   endloop
 endfacet
 facet normal  1.910511e-14 -2.923593e-14  1.000000e+00
   outer loop
     vertex  4.550440e+01  1.168724e+02  2.090004e+01
     vertex  4.569887e+01  1.168779e+02  2.090004e+01
     vertex  4.873011e+01  1.189803e+02  2.090004e+01
   endloop
 endfacet
 facet normal  0.000000e+00  0.000000e+00  1.000000e+00
   outer loop
     vertex  2.263928e+01  9.401575e+01  2.090004e+01
     vertex  2.053005e+01  9.078023e+01  2.090004e+01
     vertex  2.263105e+01  9.383556e+01  2.090004e+01
   endloop
 endfacet
 facet normal  0.000000e+00  0.000000e+00  1.000000e+00
   outer loop
     vertex  2.268021e+01  9.419296e+01  2.090004e+01
     vertex  2.053005e+01  9.078023e+01  2.090004e+01
     vertex  2.263928e+01  9.401575e+01  2.090004e+01
   endloop
 endfacet
 facet normal  0.000000e+00  0.000000e+00  1.000000e+00
   outer loop
     vertex  4.531656e+01  1.168299e+02  2.090004e+01
     vertex  4.550440e+01  1.168724e+02  2.090004e+01
     vertex  4.873011e+01  1.189803e+02  2.090004e+01
   endloop
 endfacet
 facet normal -0.000000e+00  0.000000e+00  1.000000e+00
   outer loop
     vertex  4.361334e+01  1.156181e+02  2.090004e+01
     vertex  4.412055e+01  1.151726e+02  2.090004e+01
     vertex  4.463110e+01  1.158356e+02  2.090004e+01
   endloop
 endfacet
 facet normal  0.000000e+00  0.000000e+00  1.000000e+00
   outer loop
     vertex  4.361334e+01  1.156181e+02  2.090004e+01
     vertex  4.463932e+01  1.160158e+02  2.090004e+01
     vertex  4.468026e+01  1.161930e+02  2.090004e+01
   endloop
 endfacet
 facet normal  0.000000e+00  0.000000e+00  1.000000e+00
   outer loop
     vertex  4.361334e+01  1.156181e+02  2.090004e+01
     vertex  4.463110e+01  1.158356e+02  2.090004e+01
     vertex  4.463932e+01  1.160158e+02  2.090004e+01
   endloop
 endfacet
 facet normal  3.691940e-14 -1.335539e-14  1.000000e+00
   outer loop
     vertex  2.388023e+01  9.591135e+01  2.090004e+01
     vertex  2.350436e+01  9.487231e+01  2.090004e+01
     vertex  2.369883e+01  9.487787e+01  2.090004e+01
   endloop
 endfacet
 facet normal -2.059928e-14  7.451677e-15  1.000000e+00
   outer loop
     vertex  2.388023e+01  9.591135e+01  2.090004e+01
     vertex  2.331652e+01  9.482981e+01  2.090004e+01
     vertex  2.350436e+01  9.487231e+01  2.090004e+01
   endloop
 endfacet
 facet normal  5.589526e-15 -7.856355e-15  1.000000e+00
   outer loop
     vertex  2.388023e+01  9.591135e+01  2.090004e+01
     vertex  2.369883e+01  9.487787e+01  2.090004e+01
     vertex  2.436976e+01  9.535521e+01  2.090004e+01
   endloop
 endfacet
 facet normal -2.716394e-15  5.041304e-15  1.000000e+00
   outer loop
     vertex  4.308556e+01  1.160385e+02  2.090004e+01
     vertex  4.361334e+01  1.156181e+02  2.090004e+01
     vertex  4.468026e+01  1.161930e+02  2.090004e+01
   endloop
 endfacet
 facet normal  2.706288e-15 -2.498730e-14  1.000000e+00
   outer loop
     vertex  4.308556e+01  1.160385e+02  2.090004e+01
     vertex  4.475338e+01  1.163613e+02  2.090004e+01
     vertex  4.485711e+01  1.165147e+02  2.090004e+01
   endloop
 endfacet
 facet normal -2.325779e-15  1.010656e-15  1.000000e+00
   outer loop
     vertex  4.308556e+01  1.160385e+02  2.090004e+01
     vertex  4.468026e+01  1.161930e+02  2.090004e+01
     vertex  4.475338e+01  1.163613e+02  2.090004e+01
   endloop
 endfacet
 facet normal  9.659546e-16 -2.196367e-15  1.000000e+00
   outer loop
     vertex  2.342045e+01  9.649306e+01  2.090004e+01
     vertex  2.314209e+01  9.475310e+01  2.090004e+01
     vertex  2.331652e+01  9.482981e+01  2.090004e+01
   endloop
 endfacet
 facet normal  1.579844e-15 -2.294578e-15  1.000000e+00
   outer loop
     vertex  2.342045e+01  9.649306e+01  2.090004e+01
     vertex  2.298876e+01  9.464753e+01  2.090004e+01
     vertex  2.314209e+01  9.475310e+01  2.090004e+01
   endloop
 endfacet
 facet normal -2.504529e-15 -1.979504e-15  1.000000e+00
   outer loop
     vertex  2.342045e+01  9.649306e+01  2.090004e+01
     vertex  2.331652e+01  9.482981e+01  2.090004e+01
     vertex  2.388023e+01  9.591135e+01  2.090004e+01
   endloop
 endfacet
 facet normal -1.156606e-15 -1.061764e-14  1.000000e+00
   outer loop
     vertex  4.253847e+01  1.164327e+02  2.090004e+01
     vertex  4.308556e+01  1.160385e+02  2.090004e+01
     vertex  4.485711e+01  1.165147e+02  2.090004e+01
   endloop
 endfacet
 facet normal -2.568206e-15  2.928214e-14  1.000000e+00
   outer loop
     vertex  4.253847e+01  1.164327e+02  2.090004e+01
     vertex  4.485711e+01  1.165147e+02  2.090004e+01
     vertex  4.498880e+01  1.166476e+02  2.090004e+01
   endloop
 endfacet
 facet normal  0.000000e+00  0.000000e+00  1.000000e+00
   outer loop
     vertex  2.299180e+01  9.709879e+01  2.090004e+01
     vertex  2.285706e+01  9.451465e+01  2.090004e+01
     vertex  2.298876e+01  9.464753e+01  2.090004e+01
   endloop
 endfacet
 facet normal -3.711251e-14  1.935132e-15  1.000000e+00
   outer loop
     vertex  2.299180e+01  9.709879e+01  2.090004e+01
     vertex  2.275333e+01  9.436124e+01  2.090004e+01
     vertex  2.285706e+01  9.451465e+01  2.090004e+01
   endloop
 endfacet
 facet normal -8.273639e-15  1.028915e-17  1.000000e+00
   outer loop
     vertex  2.299180e+01  9.709879e+01  2.090004e+01
     vertex  2.298876e+01  9.464753e+01  2.090004e+01
     vertex  2.342045e+01  9.649306e+01  2.090004e+01
   endloop
 endfacet
 facet normal -7.476589e-16  8.524649e-15  1.000000e+00
   outer loop
     vertex  4.197337e+01  1.167999e+02  2.090004e+01
     vertex  4.253847e+01  1.164327e+02  2.090004e+01
     vertex  4.498880e+01  1.166476e+02  2.090004e+01
   endloop
 endfacet
 facet normal -1.097662e-15  1.594253e-15  1.000000e+00
   outer loop
     vertex  4.197337e+01  1.167999e+02  2.090004e+01
     vertex  4.498880e+01  1.166476e+02  2.090004e+01
     vertex  4.514214e+01  1.167531e+02  2.090004e+01
   endloop
 endfacet
 facet normal  4.604781e-14  1.103002e-15  1.000000e+00
   outer loop
     vertex  2.259556e+01  9.772686e+01  2.090004e+01
     vertex  2.268021e+01  9.419296e+01  2.090004e+01
     vertex  2.275333e+01  9.436124e+01  2.090004e+01
   endloop
 endfacet
 facet normal -1.807484e-15 -1.140319e-15  1.000000e+00
   outer loop
     vertex  2.259556e+01  9.772686e+01  2.090004e+01
     vertex  2.275333e+01  9.436124e+01  2.090004e+01
     vertex  2.299180e+01  9.709879e+01  2.090004e+01
   endloop
 endfacet
 facet normal -1.466877e-15 -2.345066e-14  1.000000e+00
   outer loop
     vertex  4.139159e+01  1.171392e+02  2.090004e+01
     vertex  4.197337e+01  1.167999e+02  2.090004e+01
     vertex  4.514214e+01  1.167531e+02  2.090004e+01
   endloop
 endfacet
 facet normal  7.675807e-16 -1.745309e-15  1.000000e+00
   outer loop
     vertex  4.139159e+01  1.171392e+02  2.090004e+01
     vertex  4.514214e+01  1.167531e+02  2.090004e+01
     vertex  4.531656e+01  1.168299e+02  2.090004e+01
   endloop
 endfacet
 facet normal  0.000000e+00  0.000000e+00  1.000000e+00
   outer loop
     vertex  2.223292e+01  9.837555e+01  2.090004e+01
     vertex  2.053005e+01  9.078023e+01  2.090004e+01
     vertex  2.268021e+01  9.419296e+01  2.090004e+01
   endloop
 endfacet
 facet normal  0.000000e+00  0.000000e+00  1.000000e+00
   outer loop
     vertex  2.223292e+01  9.837555e+01  2.090004e+01
     vertex  2.268021e+01  9.419296e+01  2.090004e+01
     vertex  2.259556e+01  9.772686e+01  2.090004e+01
   endloop
 endfacet
 facet normal  2.029556e-15  1.426448e-14  1.000000e+00
   outer loop
     vertex  4.072731e+01  1.174828e+02  2.090004e+01
     vertex  4.139159e+01  1.171392e+02  2.090004e+01
     vertex  4.531656e+01  1.168299e+02  2.090004e+01
   endloop
 endfacet
 facet normal -0.000000e+00  0.000000e+00  1.000000e+00
   outer loop
     vertex  4.072731e+01  1.174828e+02  2.090004e+01
     vertex  4.531656e+01  1.168299e+02  2.090004e+01
     vertex  4.873011e+01  1.189803e+02  2.090004e+01
   endloop
 endfacet
 facet normal  0.000000e+00  0.000000e+00  1.000000e+00
   outer loop
     vertex  2.190499e+01  9.904307e+01  2.090004e+01
     vertex  2.053005e+01  9.078023e+01  2.090004e+01
     vertex  2.223292e+01  9.837555e+01  2.090004e+01
   endloop
 endfacet
 facet normal -0.000000e+00  0.000000e+00  1.000000e+00
   outer loop
     vertex  4.004612e+01  1.177902e+02  2.090004e+01
     vertex  4.072731e+01  1.174828e+02  2.090004e+01
     vertex  4.873011e+01  1.189803e+02  2.090004e+01
   endloop
 endfacet
 facet normal  0.000000e+00  0.000000e+00  1.000000e+00
   outer loop
     vertex  2.161276e+01  9.972757e+01  2.090004e+01
     vertex  2.053005e+01  9.078023e+01  2.090004e+01
     vertex  2.190499e+01  9.904307e+01  2.090004e+01
   endloop
 endfacet
 facet normal -0.000000e+00  0.000000e+00  1.000000e+00
   outer loop
     vertex  3.935001e+01  1.180607e+02  2.090004e+01
     vertex  4.004612e+01  1.177902e+02  2.090004e+01
     vertex  4.873011e+01  1.189803e+02  2.090004e+01
   endloop
 endfacet
 facet normal  0.000000e+00  0.000000e+00  1.000000e+00
   outer loop
     vertex  2.135715e+01  1.004272e+02  2.090004e+01
     vertex  2.053005e+01  9.078023e+01  2.090004e+01
     vertex  2.161276e+01  9.972757e+01  2.090004e+01
   endloop
 endfacet
 facet normal -1.152214e-15  1.175252e-14  1.000000e+00
   outer loop
     vertex  3.864097e+01  1.182934e+02  2.090004e+01
     vertex  3.935001e+01  1.180607e+02  2.090004e+01
     vertex  4.873011e+01  1.189803e+02  2.090004e+01
   endloop
 endfacet
 facet normal  0.000000e+00  0.000000e+00  1.000000e+00
   outer loop
     vertex  2.113896e+01  1.011399e+02  2.090004e+01
     vertex  2.053005e+01  9.078023e+01  2.090004e+01
     vertex  2.135715e+01  1.004272e+02  2.090004e+01
   endloop
 endfacet
 facet normal  0.000000e+00  0.000000e+00  1.000000e+00
   outer loop
     vertex  2.095890e+01  1.018637e+02  2.090004e+01
     vertex  2.053005e+01  9.078023e+01  2.090004e+01
     vertex  2.113896e+01  1.011399e+02  2.090004e+01
   endloop
 endfacet
 facet normal  0.000000e+00  0.000000e+00  1.000000e+00
   outer loop
     vertex  2.081756e+01  1.025966e+02  2.090004e+01
     vertex  2.053005e+01  9.078023e+01  2.090004e+01
     vertex  2.095890e+01  1.018637e+02  2.090004e+01
   endloop
 endfacet
 facet normal  0.000000e+00  0.000000e+00  1.000000e+00
   outer loop
     vertex  2.071542e+01  1.033366e+02  2.090004e+01
     vertex  2.053005e+01  9.078023e+01  2.090004e+01
     vertex  2.081756e+01  1.025966e+02  2.090004e+01
   endloop
 endfacet
 facet normal -4.333264e-15  4.409374e-15  1.000000e+00
   outer loop
     vertex  2.444277e+01  1.152976e+02  2.090004e+01
     vertex  2.457737e+01  1.146242e+02  2.090004e+01
     vertex  2.506266e+01  1.151011e+02  2.090004e+01
   endloop
 endfacet
 facet normal -4.894080e-15  4.297278e-15  1.000000e+00
   outer loop
     vertex  2.444277e+01  1.152976e+02  2.090004e+01
     vertex  2.431293e+01  1.151497e+02  2.090004e+01
     vertex  2.457737e+01  1.146242e+02  2.090004e+01
   endloop
 endfacet
 facet normal  1.252141e-14  1.305987e-14  1.000000e+00
   outer loop
     vertex  2.415500e+01  1.150291e+02  2.090004e+01
     vertex  2.457737e+01  1.146242e+02  2.090004e+01
     vertex  2.431293e+01  1.151497e+02  2.090004e+01
   endloop
 endfacet
 facet normal -1.612962e-14 -3.279888e-14  1.000000e+00
   outer loop
     vertex  2.454033e+01  1.154663e+02  2.090004e+01
     vertex  2.444277e+01  1.152976e+02  2.090004e+01
     vertex  2.506266e+01  1.151011e+02  2.090004e+01
   endloop
 endfacet
 facet normal  1.447036e-14  1.509263e-14  1.000000e+00
   outer loop
     vertex  2.399344e+01  1.149486e+02  2.090004e+01
     vertex  2.457737e+01  1.146242e+02  2.090004e+01
     vertex  2.415500e+01  1.150291e+02  2.090004e+01
   endloop
 endfacet
 facet normal  1.409461e-15 -8.412874e-15  1.000000e+00
   outer loop
     vertex  2.399344e+01  1.149486e+02  2.090004e+01
     vertex  2.411615e+01  1.141246e+02  2.090004e+01
     vertex  2.457737e+01  1.146242e+02  2.090004e+01
   endloop
 endfacet
 facet normal  1.646779e-14  1.382551e-14  1.000000e+00
   outer loop
     vertex  2.460288e+01  1.156487e+02  2.090004e+01
     vertex  2.454033e+01  1.154663e+02  2.090004e+01
     vertex  2.506266e+01  1.151011e+02  2.090004e+01
   endloop
 endfacet
 facet normal  0.000000e+00  0.000000e+00  1.000000e+00
   outer loop
     vertex  2.460288e+01  1.156487e+02  2.090004e+01
     vertex  2.506266e+01  1.151011e+02  2.090004e+01
     vertex  2.557091e+01  1.155542e+02  2.090004e+01
   endloop
 endfacet
 facet normal  2.384241e-15 -8.267720e-15  1.000000e+00
   outer loop
     vertex  2.381855e+01  1.148982e+02  2.090004e+01
     vertex  2.411615e+01  1.141246e+02  2.090004e+01
     vertex  2.399344e+01  1.149486e+02  2.090004e+01
   endloop
 endfacet
 facet normal  0.000000e+00  0.000000e+00  1.000000e+00
   outer loop
     vertex  2.462364e+01  1.157671e+02  2.090004e+01
     vertex  2.460288e+01  1.156487e+02  2.090004e+01
     vertex  2.557091e+01  1.155542e+02  2.090004e+01
   endloop
 endfacet
 facet normal -1.786742e-14 -1.605829e-14  1.000000e+00
   outer loop
     vertex  2.363581e+01  1.148803e+02  2.090004e+01
     vertex  2.411615e+01  1.141246e+02  2.090004e+01
     vertex  2.381855e+01  1.148982e+02  2.090004e+01
   endloop
 endfacet
 facet normal  0.000000e+00  0.000000e+00  1.000000e+00
   outer loop
     vertex  2.463006e+01  1.158803e+02  2.090004e+01
     vertex  2.462364e+01  1.157671e+02  2.090004e+01
     vertex  2.557091e+01  1.155542e+02  2.090004e+01
   endloop
 endfacet
 facet normal  2.709795e-15 -2.268390e-15  1.000000e+00
   outer loop
     vertex  2.345116e+01  1.148964e+02  2.090004e+01
     vertex  2.368000e+01  1.136036e+02  2.090004e+01
     vertex  2.411615e+01  1.141246e+02  2.090004e+01
   endloop
 endfacet
 facet normal -4.343973e-16 -4.977406e-15  1.000000e+00
   outer loop
     vertex  2.345116e+01  1.148964e+02  2.090004e+01
     vertex  2.411615e+01  1.141246e+02  2.090004e+01
     vertex  2.363581e+01  1.148803e+02  2.090004e+01
   endloop
 endfacet
 facet normal  0.000000e+00  0.000000e+00  1.000000e+00
   outer loop
     vertex  2.461220e+01  1.160685e+02  2.090004e+01
     vertex  2.463006e+01  1.158803e+02  2.090004e+01
     vertex  2.557091e+01  1.155542e+02  2.090004e+01
   endloop
 endfacet
 facet normal  0.000000e+00  0.000000e+00  1.000000e+00
   outer loop
     vertex  2.461220e+01  1.160685e+02  2.090004e+01
     vertex  2.557091e+01  1.155542e+02  2.090004e+01
     vertex  2.610098e+01  1.159823e+02  2.090004e+01
   endloop
 endfacet
 facet normal -8.116022e-16 -2.891708e-15  1.000000e+00
   outer loop
     vertex  2.327087e+01  1.149470e+02  2.090004e+01
     vertex  2.368000e+01  1.136036e+02  2.090004e+01
     vertex  2.345116e+01  1.148964e+02  2.090004e+01
   endloop
 endfacet
 facet normal -1.174039e-15 -2.028727e-14  1.000000e+00
   outer loop
     vertex  2.456057e+01  1.162466e+02  2.090004e+01
     vertex  2.461220e+01  1.160685e+02  2.090004e+01
     vertex  2.610098e+01  1.159823e+02  2.090004e+01
   endloop
 endfacet
 facet normal  5.657231e-15  2.277887e-15  1.000000e+00
   outer loop
     vertex  2.310630e+01  1.150284e+02  2.090004e+01
     vertex  2.326992e+01  1.130624e+02  2.090004e+01
     vertex  2.368000e+01  1.136036e+02  2.090004e+01
   endloop
 endfacet
 facet normal -2.695600e-14 -1.085384e-14  1.000000e+00
   outer loop
     vertex  2.310630e+01  1.150284e+02  2.090004e+01
     vertex  2.368000e+01  1.136036e+02  2.090004e+01
     vertex  2.327087e+01  1.149470e+02  2.090004e+01
   endloop
 endfacet
 facet normal  0.000000e+00  0.000000e+00  1.000000e+00
   outer loop
     vertex  2.447715e+01  1.164117e+02  2.090004e+01
     vertex  2.610098e+01  1.159823e+02  2.090004e+01
     vertex  2.665167e+01  1.163844e+02  2.090004e+01
   endloop
 endfacet
 facet normal  6.565020e-15  2.482404e-14  1.000000e+00
   outer loop
     vertex  2.447715e+01  1.164117e+02  2.090004e+01
     vertex  2.456057e+01  1.162466e+02  2.090004e+01
     vertex  2.610098e+01  1.159823e+02  2.090004e+01
   endloop
 endfacet
 facet normal  5.127435e-14  6.074284e-15  1.000000e+00
   outer loop
     vertex  2.295411e+01  1.151433e+02  2.090004e+01
     vertex  2.326992e+01  1.130624e+02  2.090004e+01
     vertex  2.310630e+01  1.150284e+02  2.090004e+01
   endloop
 endfacet
 facet normal -5.546742e-15 -2.549072e-15  1.000000e+00
   outer loop
     vertex  2.295411e+01  1.151433e+02  2.090004e+01
     vertex  2.288680e+01  1.125023e+02  2.090004e+01
     vertex  2.326992e+01  1.130624e+02  2.090004e+01
   endloop
 endfacet
 facet normal  3.092298e-16  2.461662e-14  1.000000e+00
   outer loop
     vertex  2.436588e+01  1.165575e+02  2.090004e+01
     vertex  2.447715e+01  1.164117e+02  2.090004e+01
     vertex  2.665167e+01  1.163844e+02  2.090004e+01
   endloop
 endfacet
 facet normal -0.000000e+00  0.000000e+00  1.000000e+00
   outer loop
     vertex  2.423116e+01  1.166795e+02  2.090004e+01
     vertex  2.665167e+01  1.163844e+02  2.090004e+01
     vertex  2.722173e+01  1.167595e+02  2.090004e+01
   endloop
 endfacet
 facet normal -4.101559e-15 -3.364961e-14  1.000000e+00
   outer loop
     vertex  2.423116e+01  1.166795e+02  2.090004e+01
     vertex  2.436588e+01  1.165575e+02  2.090004e+01
     vertex  2.665167e+01  1.163844e+02  2.090004e+01
   endloop
 endfacet
 facet normal -2.911480e-15 -2.616239e-15  1.000000e+00
   outer loop
     vertex  2.282529e+01  1.152867e+02  2.090004e+01
     vertex  2.288680e+01  1.125023e+02  2.090004e+01
     vertex  2.295411e+01  1.151433e+02  2.090004e+01
   endloop
 endfacet
 facet normal -0.000000e+00  0.000000e+00  1.000000e+00
   outer loop
     vertex  2.407793e+01  1.167744e+02  2.090004e+01
     vertex  2.722173e+01  1.167595e+02  2.090004e+01
     vertex  2.786513e+01  1.171373e+02  2.090004e+01
   endloop
 endfacet
 facet normal  0.000000e+00  0.000000e+00  1.000000e+00
   outer loop
     vertex  2.407793e+01  1.167744e+02  2.090004e+01
     vertex  2.423116e+01  1.166795e+02  2.090004e+01
     vertex  2.722173e+01  1.167595e+02  2.090004e+01
   endloop
 endfacet
 facet normal -7.839831e-14 -4.283733e-15  1.000000e+00
   outer loop
     vertex  2.272553e+01  1.154539e+02  2.090004e+01
     vertex  2.288680e+01  1.125023e+02  2.090004e+01
     vertex  2.282529e+01  1.152867e+02  2.090004e+01
   endloop
 endfacet
 facet normal  9.183159e-15  5.017735e-16  1.000000e+00
   outer loop
     vertex  2.272553e+01  1.154539e+02  2.090004e+01
     vertex  2.253149e+01  1.119247e+02  2.090004e+01
     vertex  2.288680e+01  1.125023e+02  2.090004e+01
   endloop
 endfacet
 facet normal  1.004818e-14  4.542127e-16  1.000000e+00
   outer loop
     vertex  2.272553e+01  1.154539e+02  2.090004e+01
     vertex  2.220476e+01  1.113310e+02  2.090004e+01
     vertex  2.253149e+01  1.119247e+02  2.090004e+01
   endloop
 endfacet
 facet normal  0.000000e+00  0.000000e+00  1.000000e+00
   outer loop
     vertex  2.389257e+01  1.168452e+02  2.090004e+01
     vertex  2.786513e+01  1.171373e+02  2.090004e+01
     vertex  2.852008e+01  1.174766e+02  2.090004e+01
   endloop
 endfacet
 facet normal -0.000000e+00  0.000000e+00  1.000000e+00
   outer loop
     vertex  2.389257e+01  1.168452e+02  2.090004e+01
     vertex  2.407793e+01  1.167744e+02  2.090004e+01
     vertex  2.786513e+01  1.171373e+02  2.090004e+01
   endloop
 endfacet
 facet normal  4.333491e-14 -3.750313e-15  1.000000e+00
   outer loop
     vertex  2.265957e+01  1.156391e+02  2.090004e+01
     vertex  2.220476e+01  1.113310e+02  2.090004e+01
     vertex  2.272553e+01  1.154539e+02  2.090004e+01
   endloop
 endfacet
 facet normal -2.497739e-14 -3.933679e-14  1.000000e+00
   outer loop
     vertex  2.053005e+01  1.189803e+02  2.090004e+01
     vertex  2.369883e+01  1.168779e+02  2.090004e+01
     vertex  2.389257e+01  1.168452e+02  2.090004e+01
   endloop
 endfacet
 facet normal  1.755976e-14  2.477692e-14  1.000000e+00
   outer loop
     vertex  2.053005e+01  1.189803e+02  2.090004e+01
     vertex  2.350436e+01  1.168724e+02  2.090004e+01
     vertex  2.369883e+01  1.168779e+02  2.090004e+01
   endloop
 endfacet
 facet normal  0.000000e+00  0.000000e+00  1.000000e+00
   outer loop
     vertex  2.053005e+01  1.189803e+02  2.090004e+01
     vertex  2.331652e+01  1.168299e+02  2.090004e+01
     vertex  2.350436e+01  1.168724e+02  2.090004e+01
   endloop
 endfacet
 facet normal  0.000000e+00  0.000000e+00  1.000000e+00
   outer loop
     vertex  2.053005e+01  1.189803e+02  2.090004e+01
     vertex  2.314209e+01  1.167531e+02  2.090004e+01
     vertex  2.331652e+01  1.168299e+02  2.090004e+01
   endloop
 endfacet
 facet normal  0.000000e+00  0.000000e+00  1.000000e+00
   outer loop
     vertex  2.053005e+01  1.189803e+02  2.090004e+01
     vertex  2.298876e+01  1.166476e+02  2.090004e+01
     vertex  2.314209e+01  1.167531e+02  2.090004e+01
   endloop
 endfacet
 facet normal -1.307354e-14 -1.377964e-14  1.000000e+00
   outer loop
     vertex  2.053005e+01  1.189803e+02  2.090004e+01
     vertex  2.285706e+01  1.165147e+02  2.090004e+01
     vertex  2.298876e+01  1.166476e+02  2.090004e+01
   endloop
 endfacet
 facet normal  2.948048e-14  2.638258e-14  1.000000e+00
   outer loop
     vertex  2.053005e+01  1.189803e+02  2.090004e+01
     vertex  2.275333e+01  1.163613e+02  2.090004e+01
     vertex  2.285706e+01  1.165147e+02  2.090004e+01
   endloop
 endfacet
 facet normal  0.000000e+00  0.000000e+00  1.000000e+00
   outer loop
     vertex  2.053005e+01  1.189803e+02  2.090004e+01
     vertex  2.988082e+01  1.180501e+02  2.090004e+01
     vertex  3.058287e+01  1.182825e+02  2.090004e+01
   endloop
 endfacet
 facet normal -3.395714e-14 -2.746980e-14  1.000000e+00
   outer loop
     vertex  2.053005e+01  1.189803e+02  2.090004e+01
     vertex  2.268021e+01  1.161930e+02  2.090004e+01
     vertex  2.275333e+01  1.163613e+02  2.090004e+01
   endloop
 endfacet
 facet normal -1.047515e-15 -1.053046e-14  1.000000e+00
   outer loop
     vertex  2.053005e+01  1.189803e+02  2.090004e+01
     vertex  2.919259e+01  1.177812e+02  2.090004e+01
     vertex  2.988082e+01  1.180501e+02  2.090004e+01
   endloop
 endfacet
 facet normal  2.127123e-14  1.513442e-14  1.000000e+00
   outer loop
     vertex  2.053005e+01  1.189803e+02  2.090004e+01
     vertex  2.263928e+01  1.160158e+02  2.090004e+01
     vertex  2.268021e+01  1.161930e+02  2.090004e+01
   endloop
 endfacet
 facet normal  1.550768e-15  8.240386e-15  1.000000e+00
   outer loop
     vertex  2.053005e+01  1.189803e+02  2.090004e+01
     vertex  2.852008e+01  1.174766e+02  2.090004e+01
     vertex  2.919259e+01  1.177812e+02  2.090004e+01
   endloop
 endfacet
 facet normal  0.000000e+00  0.000000e+00  1.000000e+00
   outer loop
     vertex  2.053005e+01  1.189803e+02  2.090004e+01
     vertex  2.263105e+01  1.158356e+02  2.090004e+01
     vertex  2.263928e+01  1.160158e+02  2.090004e+01
   endloop
 endfacet
 facet normal  0.000000e+00  0.000000e+00  1.000000e+00
   outer loop
     vertex  2.053005e+01  1.189803e+02  2.090004e+01
     vertex  2.265957e+01  1.156391e+02  2.090004e+01
     vertex  2.263105e+01  1.158356e+02  2.090004e+01
   endloop
 endfacet
 facet normal -1.715541e-14 -3.291493e-15  1.000000e+00
   outer loop
     vertex  2.053005e+01  1.189803e+02  2.090004e+01
     vertex  2.190732e+01  1.107225e+02  2.090004e+01
     vertex  2.220476e+01  1.113310e+02  2.090004e+01
   endloop
 endfacet
 facet normal  1.029137e-14  1.286218e-15  1.000000e+00
   outer loop
     vertex  2.053005e+01  1.189803e+02  2.090004e+01
     vertex  2.163982e+01  1.101008e+02  2.090004e+01
     vertex  2.190732e+01  1.107225e+02  2.090004e+01
   endloop
 endfacet
 facet normal  0.000000e+00  0.000000e+00  1.000000e+00
   outer loop
     vertex  2.053005e+01  1.189803e+02  2.090004e+01
     vertex  2.140281e+01  1.094672e+02  2.090004e+01
     vertex  2.163982e+01  1.101008e+02  2.090004e+01
   endloop
 endfacet
 facet normal  0.000000e+00  0.000000e+00  1.000000e+00
   outer loop
     vertex  2.053005e+01  1.189803e+02  2.090004e+01
     vertex  2.119680e+01  1.088233e+02  2.090004e+01
     vertex  2.140281e+01  1.094672e+02  2.090004e+01
   endloop
 endfacet
 facet normal  0.000000e+00  0.000000e+00  1.000000e+00
   outer loop
     vertex  2.053005e+01  1.189803e+02  2.090004e+01
     vertex  2.102221e+01  1.081706e+02  2.090004e+01
     vertex  2.119680e+01  1.088233e+02  2.090004e+01
   endloop
 endfacet
 facet normal  0.000000e+00  0.000000e+00  1.000000e+00
   outer loop
     vertex  2.053005e+01  1.189803e+02  2.090004e+01
     vertex  2.087938e+01  1.075107e+02  2.090004e+01
     vertex  2.102221e+01  1.081706e+02  2.090004e+01
   endloop
 endfacet
 facet normal  0.000000e+00  0.000000e+00  1.000000e+00
   outer loop
     vertex  2.053005e+01  1.189803e+02  2.090004e+01
     vertex  2.389257e+01  1.168452e+02  2.090004e+01
     vertex  2.852008e+01  1.174766e+02  2.090004e+01
   endloop
 endfacet
 facet normal  0.000000e+00  0.000000e+00  1.000000e+00
   outer loop
     vertex  2.053005e+01  1.189803e+02  2.090004e+01
     vertex  2.076860e+01  1.068450e+02  2.090004e+01
     vertex  2.087938e+01  1.075107e+02  2.090004e+01
   endloop
 endfacet
 facet normal  0.000000e+00  0.000000e+00  1.000000e+00
   outer loop
     vertex  2.053005e+01  1.189803e+02  2.090004e+01
     vertex  2.069006e+01  1.061751e+02  2.090004e+01
     vertex  2.076860e+01  1.068450e+02  2.090004e+01
   endloop
 endfacet
 facet normal  1.110014e-15  7.074733e-16  1.000000e+00
   outer loop
     vertex  2.053005e+01  1.189803e+02  2.090004e+01
     vertex  2.220476e+01  1.113310e+02  2.090004e+01
     vertex  2.265957e+01  1.156391e+02  2.090004e+01
   endloop
 endfacet
 facet normal  0.000000e+00  0.000000e+00  1.000000e+00
   outer loop
     vertex  2.053005e+01  9.078023e+01  2.090004e+01
     vertex  2.063015e+01  1.048291e+02  2.090004e+01
     vertex  2.053005e+01  1.189803e+02  2.090004e+01
   endloop
 endfacet
 facet normal  0.000000e+00 -0.000000e+00  1.000000e+00
   outer loop
     vertex  2.063015e+01  1.048291e+02  2.090004e+01
     vertex  2.064389e+01  1.055026e+02  2.090004e+01
     vertex  2.053005e+01  1.189803e+02  2.090004e+01
   endloop
 endfacet
 facet normal  0.000000e+00 -0.000000e+00  1.000000e+00
   outer loop
     vertex  2.064389e+01  1.055026e+02  2.090004e+01
     vertex  2.069006e+01  1.061751e+02  2.090004e+01
     vertex  2.053005e+01  1.189803e+02  2.090004e+01
   endloop
 endfacet
 facet normal  1.266935e-13 -9.026466e-16  1.000000e+00
   outer loop
     vertex  2.053005e+01  9.078023e+01  2.090004e+01
     vertex  2.065286e+01  1.040814e+02  2.090004e+01
     vertex  2.063015e+01  1.048291e+02  2.090004e+01
   endloop
 endfacet
 facet normal -4.830024e-14  7.130463e-16  1.000000e+00
   outer loop
     vertex  2.053005e+01  9.078023e+01  2.090004e+01
     vertex  2.071542e+01  1.033366e+02  2.090004e+01
     vertex  2.065286e+01  1.040814e+02  2.090004e+01
   endloop
 endfacet
 facet normal  0.000000e+00 -3.408509e-14  1.000000e+00
   outer loop
     vertex  2.053005e+01  1.189803e+02  2.090004e+01
     vertex  3.497424e+01  1.188761e+02  2.090004e+01
     vertex  4.873011e+01  1.189803e+02  2.090004e+01
   endloop
 endfacet
 facet normal -8.418397e-16  7.701689e-14  1.000000e+00
   outer loop
     vertex  3.497424e+01  1.188761e+02  2.090004e+01
     vertex  3.571683e+01  1.188380e+02  2.090004e+01
     vertex  4.873011e+01  1.189803e+02  2.090004e+01
   endloop
 endfacet
 facet normal  4.539474e-16 -4.153001e-14  1.000000e+00
   outer loop
     vertex  3.571683e+01  1.188380e+02  2.090004e+01
     vertex  3.645690e+01  1.187606e+02  2.090004e+01
     vertex  4.873011e+01  1.189803e+02  2.090004e+01
   endloop
 endfacet
 facet normal -1.239046e-15  5.304694e-14  1.000000e+00
   outer loop
     vertex  3.645690e+01  1.187606e+02  2.090004e+01
     vertex  3.719234e+01  1.186438e+02  2.090004e+01
     vertex  4.873011e+01  1.189803e+02  2.090004e+01
   endloop
 endfacet
 facet normal  8.560264e-16 -1.879507e-14  1.000000e+00
   outer loop
     vertex  3.719234e+01  1.186438e+02  2.090004e+01
     vertex  3.792106e+01  1.184880e+02  2.090004e+01
     vertex  4.873011e+01  1.189803e+02  2.090004e+01
   endloop
 endfacet
 facet normal  7.117798e-16 -1.562797e-14  1.000000e+00
   outer loop
     vertex  3.792106e+01  1.184880e+02  2.090004e+01
     vertex  3.864097e+01  1.182934e+02  2.090004e+01
     vertex  4.873011e+01  1.189803e+02  2.090004e+01
   endloop
 endfacet
 facet normal  5.241362e-17 -2.682167e-14  1.000000e+00
   outer loop
     vertex  2.053005e+01  1.189803e+02  2.090004e+01
     vertex  3.423123e+01  1.188746e+02  2.090004e+01
     vertex  3.497424e+01  1.188761e+02  2.090004e+01
   endloop
 endfacet
 facet normal  8.162416e-16  7.220442e-14  1.000000e+00
   outer loop
     vertex  2.053005e+01  1.189803e+02  2.090004e+01
     vertex  3.348990e+01  1.188338e+02  2.090004e+01
     vertex  3.423123e+01  1.188746e+02  2.090004e+01
   endloop
 endfacet
 facet normal -4.546946e-16 -4.022210e-14  1.000000e+00
   outer loop
     vertex  2.053005e+01  1.189803e+02  2.090004e+01
     vertex  3.275235e+01  1.187538e+02  2.090004e+01
     vertex  3.348990e+01  1.188338e+02  2.090004e+01
   endloop
 endfacet
 facet normal  1.255415e-15  5.205995e-14  1.000000e+00
   outer loop
     vertex  2.053005e+01  1.189803e+02  2.090004e+01
     vertex  3.202063e+01  1.186350e+02  2.090004e+01
     vertex  3.275235e+01  1.187538e+02  2.090004e+01
   endloop
 endfacet
 facet normal -8.680446e-16 -1.859530e-14  1.000000e+00
   outer loop
     vertex  2.053005e+01  1.189803e+02  2.090004e+01
     vertex  3.129680e+01  1.184777e+02  2.090004e+01
     vertex  3.202063e+01  1.186350e+02  2.090004e+01
   endloop
 endfacet
 facet normal  0.000000e+00  0.000000e+00  1.000000e+00
   outer loop
     vertex  2.053005e+01  1.189803e+02  2.090004e+01
     vertex  3.058287e+01  1.182825e+02  2.090004e+01
     vertex  3.129680e+01  1.184777e+02  2.090004e+01
   endloop
 endfacet
 facet normal  0.000000e+00  0.000000e+00  1.000000e+00
   outer loop
     vertex  4.873011e+01  1.189803e+02  2.090004e+01
     vertex  4.863011e+01  1.048803e+02  2.090004e+01
     vertex  4.873011e+01  9.078023e+01  2.090004e+01
   endloop
 endfacet
 facet normal  0.000000e+00  0.000000e+00  1.000000e+00
   outer loop
     vertex  4.863011e+01  1.048803e+02  2.090004e+01
     vertex  4.861193e+01  1.041671e+02  2.090004e+01
     vertex  4.873011e+01  9.078023e+01  2.090004e+01
   endloop
 endfacet
 facet normal  0.000000e+00  0.000000e+00  1.000000e+00
   outer loop
     vertex  4.861193e+01  1.041671e+02  2.090004e+01
     vertex  4.855537e+01  1.034356e+02  2.090004e+01
     vertex  4.873011e+01  9.078023e+01  2.090004e+01
   endloop
 endfacet
 facet normal  3.361549e-14  4.641306e-16  1.000000e+00
   outer loop
     vertex  4.855537e+01  1.034356e+02  2.090004e+01
     vertex  4.845980e+01  1.027032e+02  2.090004e+01
     vertex  4.873011e+01  9.078023e+01  2.090004e+01
   endloop
 endfacet
 facet normal  0.000000e+00  0.000000e+00  1.000000e+00
   outer loop
     vertex  4.873011e+01  1.189803e+02  2.090004e+01
     vertex  4.861346e+01  1.055628e+02  2.090004e+01
     vertex  4.863011e+01  1.048803e+02  2.090004e+01
   endloop
 endfacet
 facet normal  0.000000e+00  0.000000e+00  1.000000e+00
   outer loop
     vertex  4.873011e+01  1.189803e+02  2.090004e+01
     vertex  4.856172e+01  1.062624e+02  2.090004e+01
     vertex  4.861346e+01  1.055628e+02  2.090004e+01
   endloop
 endfacet
 facet normal  0.000000e+00  0.000000e+00  1.000000e+00
   outer loop
     vertex  4.873011e+01  9.078023e+01  2.090004e+01
     vertex  3.435434e+01  9.088295e+01  2.090004e+01
     vertex  2.053005e+01  9.078023e+01  2.090004e+01
   endloop
 endfacet
 facet normal  0.000000e+00  0.000000e+00  1.000000e+00
   outer loop
     vertex  3.435434e+01  9.088295e+01  2.090004e+01
     vertex  3.367672e+01  9.091273e+01  2.090004e+01
     vertex  2.053005e+01  9.078023e+01  2.090004e+01
   endloop
 endfacet
 facet normal -3.212047e-15 -4.495479e-13  1.000000e+00
   outer loop
     vertex  4.873011e+01  9.078023e+01  2.090004e+01
     vertex  3.503217e+01  9.088601e+01  2.090004e+01
     vertex  3.435434e+01  9.088295e+01  2.090004e+01
   endloop
 endfacet
 facet normal  8.945665e-16  8.225916e-14  1.000000e+00
   outer loop
     vertex  4.873011e+01  9.078023e+01  2.090004e+01
     vertex  3.570864e+01  9.092184e+01  2.090004e+01
     vertex  3.503217e+01  9.088601e+01  2.090004e+01
   endloop
 endfacet
 facet normal -9.955241e-01 -9.450782e-02  0.000000e+00
   outer loop
     vertex  4.661224e+01  9.406841e+01  2.090004e+01
     vertex  4.663011e+01  9.388024e+01  1.900004e+01
     vertex  4.663011e+01  9.388024e+01  2.090004e+01
   endloop
 endfacet
 facet normal -9.955241e-01 -9.450782e-02 -0.000000e+00
   outer loop
     vertex  4.661224e+01  9.406841e+01  2.090004e+01
     vertex  4.661224e+01  9.406841e+01  1.900004e+01
     vertex  4.663011e+01  9.388024e+01  1.900004e+01
   endloop
 endfacet
 facet normal -9.604586e-01 -2.784229e-01 -0.000000e+00
   outer loop
     vertex  4.656061e+01  9.424651e+01  2.090004e+01
     vertex  4.656061e+01  9.424651e+01  1.900004e+01
     vertex  4.661224e+01  9.406841e+01  1.900004e+01
   endloop
 endfacet
 facet normal -9.604586e-01 -2.784229e-01  0.000000e+00
   outer loop
     vertex  4.656061e+01  9.424651e+01  2.090004e+01
     vertex  4.661224e+01  9.406841e+01  1.900004e+01
     vertex  4.661224e+01  9.406841e+01  2.090004e+01
   endloop
 endfacet
 facet normal -8.926253e-01 -4.507994e-01 -0.000000e+00
   outer loop
     vertex  4.647719e+01  9.441169e+01  2.090004e+01
     vertex  4.647719e+01  9.441169e+01  1.900004e+01
     vertex  4.656061e+01  9.424651e+01  1.900004e+01
   endloop
 endfacet
 facet normal -8.926253e-01 -4.507994e-01  0.000000e+00
   outer loop
     vertex  4.647719e+01  9.441169e+01  2.090004e+01
     vertex  4.656061e+01  9.424651e+01  1.900004e+01
     vertex  4.656061e+01  9.424651e+01  2.090004e+01
   endloop
 endfacet
 facet normal -7.948020e-01 -6.068688e-01 -0.000000e+00
   outer loop
     vertex  4.636593e+01  9.455741e+01  2.090004e+01
     vertex  4.636593e+01  9.455741e+01  1.900004e+01
     vertex  4.647719e+01  9.441169e+01  1.900004e+01
   endloop
 endfacet
 facet normal -7.948020e-01 -6.068688e-01  0.000000e+00
   outer loop
     vertex  4.636593e+01  9.455741e+01  2.090004e+01
     vertex  4.647719e+01  9.441169e+01  1.900004e+01
     vertex  4.647719e+01  9.441169e+01  2.090004e+01
   endloop
 endfacet
 facet normal -6.712393e-01 -7.412407e-01  0.000000e+00
   outer loop
     vertex  4.623120e+01  9.467941e+01  2.090004e+01
     vertex  4.636593e+01  9.455741e+01  1.900004e+01
     vertex  4.636593e+01  9.455741e+01  2.090004e+01
   endloop
 endfacet
 facet normal -6.712393e-01 -7.412407e-01 -0.000000e+00
   outer loop
     vertex  4.623120e+01  9.467941e+01  2.090004e+01
     vertex  4.623120e+01  9.467941e+01  1.900004e+01
     vertex  4.636593e+01  9.455741e+01  1.900004e+01
   endloop
 endfacet
 facet normal -5.266272e-01 -8.500964e-01 -0.000000e+00
   outer loop
     vertex  4.607797e+01  9.477434e+01  2.090004e+01
     vertex  4.607797e+01  9.477434e+01  1.900004e+01
     vertex  4.623120e+01  9.467941e+01  1.900004e+01
   endloop
 endfacet
 facet normal -5.266272e-01 -8.500964e-01  0.000000e+00
   outer loop
     vertex  4.607797e+01  9.477434e+01  2.090004e+01
     vertex  4.623120e+01  9.467941e+01  1.900004e+01
     vertex  4.623120e+01  9.467941e+01  2.090004e+01
   endloop
 endfacet
 facet normal -3.569525e-01 -9.341226e-01  0.000000e+00
   outer loop
     vertex  4.589262e+01  9.484517e+01  2.090004e+01
     vertex  4.607797e+01  9.477434e+01  1.900004e+01
     vertex  4.607797e+01  9.477434e+01  2.090004e+01
   endloop
 endfacet
 facet normal -3.569525e-01 -9.341226e-01 -0.000000e+00
   outer loop
     vertex  4.589262e+01  9.484517e+01  2.090004e+01
     vertex  4.589262e+01  9.484517e+01  1.900004e+01
     vertex  4.607797e+01  9.477434e+01  1.900004e+01
   endloop
 endfacet
 facet normal -1.664483e-01 -9.860502e-01  0.000000e+00
   outer loop
     vertex  4.569887e+01  9.487787e+01  2.090004e+01
     vertex  4.589262e+01  9.484517e+01  1.900004e+01
     vertex  4.589262e+01  9.484517e+01  2.090004e+01
   endloop
 endfacet
 facet normal -1.664483e-01 -9.860502e-01 -0.000000e+00
   outer loop
     vertex  4.569887e+01  9.487787e+01  2.090004e+01
     vertex  4.569887e+01  9.487787e+01  1.900004e+01
     vertex  4.589262e+01  9.484517e+01  1.900004e+01
   endloop
 endfacet
 facet normal  2.859892e-02 -9.995910e-01  0.000000e+00
   outer loop
     vertex  4.569887e+01  9.487787e+01  2.090004e+01
     vertex  4.550440e+01  9.487231e+01  1.900004e+01
     vertex  4.569887e+01  9.487787e+01  1.900004e+01
   endloop
 endfacet
 facet normal  2.859892e-02 -9.995910e-01  0.000000e+00
   outer loop
     vertex  4.550440e+01  9.487231e+01  2.090004e+01
     vertex  4.550440e+01  9.487231e+01  1.900004e+01
     vertex  4.569887e+01  9.487787e+01  2.090004e+01
   endloop
 endfacet
 facet normal  2.206431e-01 -9.753546e-01  0.000000e+00
   outer loop
     vertex  4.531656e+01  9.482981e+01  2.090004e+01
     vertex  4.550440e+01  9.487231e+01  1.900004e+01
     vertex  4.550440e+01  9.487231e+01  2.090004e+01
   endloop
 endfacet
 facet normal  2.206431e-01 -9.753546e-01  0.000000e+00
   outer loop
     vertex  4.531656e+01  9.482981e+01  2.090004e+01
     vertex  4.531656e+01  9.482981e+01  1.900004e+01
     vertex  4.550440e+01  9.487231e+01  1.900004e+01
   endloop
 endfacet
 facet normal  4.025825e-01 -9.153837e-01  0.000000e+00
   outer loop
     vertex  4.514214e+01  9.475310e+01  2.090004e+01
     vertex  4.531656e+01  9.482981e+01  1.900004e+01
     vertex  4.531656e+01  9.482981e+01  2.090004e+01
   endloop
 endfacet
 facet normal  4.025825e-01 -9.153837e-01  0.000000e+00
   outer loop
     vertex  4.514214e+01  9.475310e+01  2.090004e+01
     vertex  4.514214e+01  9.475310e+01  1.900004e+01
     vertex  4.531656e+01  9.482981e+01  1.900004e+01
   endloop
 endfacet
 facet normal  5.670946e-01 -8.236526e-01  0.000000e+00
   outer loop
     vertex  4.514214e+01  9.475310e+01  2.090004e+01
     vertex  4.498880e+01  9.464753e+01  1.900004e+01
     vertex  4.514214e+01  9.475310e+01  1.900004e+01
   endloop
 endfacet
 facet normal  5.670946e-01 -8.236526e-01  0.000000e+00
   outer loop
     vertex  4.498880e+01  9.464753e+01  2.090004e+01
     vertex  4.498880e+01  9.464753e+01  1.900004e+01
     vertex  4.514214e+01  9.475310e+01  2.090004e+01
   endloop
 endfacet
 facet normal  7.102612e-01 -7.039382e-01  0.000000e+00
   outer loop
     vertex  4.498880e+01  9.464753e+01  2.090004e+01
     vertex  4.485711e+01  9.451465e+01  1.900004e+01
     vertex  4.498880e+01  9.464753e+01  1.900004e+01
   endloop
 endfacet
 facet normal  7.102612e-01 -7.039382e-01  0.000000e+00
   outer loop
     vertex  4.485711e+01  9.451465e+01  2.090004e+01
     vertex  4.485711e+01  9.451465e+01  1.900004e+01
     vertex  4.498880e+01  9.464753e+01  2.090004e+01
   endloop
 endfacet
 facet normal  8.284167e-01 -5.601122e-01  0.000000e+00
   outer loop
     vertex  4.485711e+01  9.451465e+01  2.090004e+01
     vertex  4.475338e+01  9.436124e+01  1.900004e+01
     vertex  4.485711e+01  9.451465e+01  1.900004e+01
   endloop
 endfacet
 facet normal  8.284167e-01 -5.601122e-01  0.000000e+00
   outer loop
     vertex  4.475338e+01  9.436124e+01  2.090004e+01
     vertex  4.475338e+01  9.436124e+01  1.900004e+01
     vertex  4.485711e+01  9.451465e+01  2.090004e+01
   endloop
 endfacet
 facet normal  9.171496e-01 -3.985430e-01  0.000000e+00
   outer loop
     vertex  4.468026e+01  9.419296e+01  2.090004e+01
     vertex  4.475338e+01  9.436124e+01  1.900004e+01
     vertex  4.475338e+01  9.436124e+01  2.090004e+01
   endloop
 endfacet
 facet normal  9.171496e-01 -3.985430e-01  0.000000e+00
   outer loop
     vertex  4.468026e+01  9.419296e+01  2.090004e+01
     vertex  4.468026e+01  9.419296e+01  1.900004e+01
     vertex  4.475338e+01  9.436124e+01  1.900004e+01
   endloop
 endfacet
 facet normal  9.743467e-01 -2.250522e-01  0.000000e+00
   outer loop
     vertex  4.463932e+01  9.401575e+01  2.090004e+01
     vertex  4.463932e+01  9.401575e+01  1.900004e+01
     vertex  4.468026e+01  9.419296e+01  1.900004e+01
   endloop
 endfacet
 facet normal  9.743467e-01 -2.250522e-01  0.000000e+00
   outer loop
     vertex  4.463932e+01  9.401575e+01  2.090004e+01
     vertex  4.468026e+01  9.419296e+01  1.900004e+01
     vertex  4.468026e+01  9.419296e+01  2.090004e+01
   endloop
 endfacet
 facet normal  9.989595e-01 -4.560700e-02  0.000000e+00
   outer loop
     vertex  4.463932e+01  9.401575e+01  2.090004e+01
     vertex  4.463110e+01  9.383556e+01  1.900004e+01
     vertex  4.463932e+01  9.401575e+01  1.900004e+01
   endloop
 endfacet
 facet normal  9.989595e-01 -4.560700e-02  0.000000e+00
   outer loop
     vertex  4.463110e+01  9.383556e+01  2.090004e+01
     vertex  4.463110e+01  9.383556e+01  1.900004e+01
     vertex  4.463932e+01  9.401575e+01  2.090004e+01
   endloop
 endfacet
 facet normal  9.896308e-01  1.436348e-01  0.000000e+00
   outer loop
     vertex  4.465962e+01  9.363906e+01  2.090004e+01
     vertex  4.465962e+01  9.363906e+01  1.900004e+01
     vertex  4.463110e+01  9.383556e+01  1.900004e+01
   endloop
 endfacet
 facet normal  9.896308e-01  1.436348e-01  0.000000e+00
   outer loop
     vertex  4.465962e+01  9.363906e+01  2.090004e+01
     vertex  4.463110e+01  9.383556e+01  1.900004e+01
     vertex  4.463110e+01  9.383556e+01  2.090004e+01
   endloop
 endfacet
 facet normal  9.420683e-01  3.354211e-01  0.000000e+00
   outer loop
     vertex  4.472557e+01  9.345382e+01  2.090004e+01
     vertex  4.472557e+01  9.345382e+01  1.900004e+01
     vertex  4.465962e+01  9.363906e+01  1.900004e+01
   endloop
 endfacet
 facet normal  9.420683e-01  3.354211e-01  0.000000e+00
   outer loop
     vertex  4.472557e+01  9.345382e+01  2.090004e+01
     vertex  4.465962e+01  9.363906e+01  1.900004e+01
     vertex  4.465962e+01  9.363906e+01  2.090004e+01
   endloop
 endfacet
 facet normal  8.587233e-01  5.124395e-01  0.000000e+00
   outer loop
     vertex  4.482534e+01  9.328664e+01  2.090004e+01
     vertex  4.482534e+01  9.328664e+01  1.900004e+01
     vertex  4.472557e+01  9.345382e+01  1.900004e+01
   endloop
 endfacet
 facet normal  8.587233e-01  5.124395e-01  0.000000e+00
   outer loop
     vertex  4.482534e+01  9.328664e+01  2.090004e+01
     vertex  4.472557e+01  9.345382e+01  1.900004e+01
     vertex  4.472557e+01  9.345382e+01  2.090004e+01
   endloop
 endfacet
 facet normal  7.438139e-01  6.683868e-01  0.000000e+00
   outer loop
     vertex  4.495416e+01  9.314328e+01  2.090004e+01
     vertex  4.495416e+01  9.314328e+01  1.900004e+01
     vertex  4.482534e+01  9.328664e+01  1.900004e+01
   endloop
 endfacet
 facet normal  7.438139e-01  6.683868e-01  0.000000e+00
   outer loop
     vertex  4.495416e+01  9.314328e+01  2.090004e+01
     vertex  4.482534e+01  9.328664e+01  1.900004e+01
     vertex  4.482534e+01  9.328664e+01  2.090004e+01
   endloop
 endfacet
 facet normal  6.025937e-01  7.980481e-01  0.000000e+00
   outer loop
     vertex  4.510635e+01  9.302836e+01  2.090004e+01
     vertex  4.510635e+01  9.302836e+01  1.900004e+01
     vertex  4.495416e+01  9.314328e+01  1.900004e+01
   endloop
 endfacet
 facet normal  6.025937e-01  7.980481e-01  0.000000e+00
   outer loop
     vertex  4.510635e+01  9.302836e+01  2.090004e+01
     vertex  4.495416e+01  9.314328e+01  1.900004e+01
     vertex  4.495416e+01  9.314328e+01  2.090004e+01
   endloop
 endfacet
 facet normal  4.433396e-01  8.963537e-01  0.000000e+00
   outer loop
     vertex  4.527092e+01  9.294697e+01  2.090004e+01
     vertex  4.527092e+01  9.294697e+01  1.900004e+01
     vertex  4.510635e+01  9.302836e+01  1.900004e+01
   endloop
 endfacet
 facet normal  2.702239e-01  9.627975e-01  0.000000e+00
   outer loop
     vertex  4.527092e+01  9.294697e+01  2.090004e+01
     vertex  4.545121e+01  9.289636e+01  1.900004e+01
     vertex  4.527092e+01  9.294697e+01  1.900004e+01
   endloop
 endfacet
 facet normal  4.433396e-01  8.963537e-01  0.000000e+00
   outer loop
     vertex  4.527092e+01  9.294697e+01  2.090004e+01
     vertex  4.510635e+01  9.302836e+01  1.900004e+01
     vertex  4.510635e+01  9.302836e+01  2.090004e+01
   endloop
 endfacet
 facet normal  2.702239e-01  9.627975e-01  0.000000e+00
   outer loop
     vertex  4.545121e+01  9.289636e+01  2.090004e+01
     vertex  4.545121e+01  9.289636e+01  1.900004e+01
     vertex  4.527092e+01  9.294697e+01  2.090004e+01
   endloop
 endfacet
 facet normal  8.694335e-02  9.962133e-01  0.000000e+00
   outer loop
     vertex  4.563586e+01  9.288025e+01  2.090004e+01
     vertex  4.563586e+01  9.288025e+01  1.900004e+01
     vertex  4.545121e+01  9.289636e+01  1.900004e+01
   endloop
 endfacet
 facet normal  8.694335e-02  9.962133e-01  0.000000e+00
   outer loop
     vertex  4.563586e+01  9.288025e+01  2.090004e+01
     vertex  4.545121e+01  9.289636e+01  1.900004e+01
     vertex  4.545121e+01  9.289636e+01  2.090004e+01
   endloop
 endfacet
 facet normal -9.753588e-02  9.952320e-01  0.000000e+00
   outer loop
     vertex  4.581860e+01  9.289816e+01  2.090004e+01
     vertex  4.563586e+01  9.288025e+01  1.900004e+01
     vertex  4.563586e+01  9.288025e+01  2.090004e+01
   endloop
 endfacet
 facet normal -9.753588e-02  9.952320e-01  0.000000e+00
   outer loop
     vertex  4.581860e+01  9.289816e+01  2.090004e+01
     vertex  4.581860e+01  9.289816e+01  1.900004e+01
     vertex  4.563586e+01  9.288025e+01  1.900004e+01
   endloop
 endfacet
 facet normal -2.770879e-01  9.608446e-01  0.000000e+00
   outer loop
     vertex  4.581860e+01  9.289816e+01  2.090004e+01
     vertex  4.599349e+01  9.294859e+01  1.900004e+01
     vertex  4.581860e+01  9.289816e+01  1.900004e+01
   endloop
 endfacet
 facet normal -4.459792e-01  8.950433e-01  0.000000e+00
   outer loop
     vertex  4.599349e+01  9.294859e+01  2.090004e+01
     vertex  4.615504e+01  9.302909e+01  1.900004e+01
     vertex  4.599349e+01  9.294859e+01  1.900004e+01
   endloop
 endfacet
 facet normal -2.770879e-01  9.608446e-01  0.000000e+00
   outer loop
     vertex  4.599349e+01  9.294859e+01  2.090004e+01
     vertex  4.599349e+01  9.294859e+01  1.900004e+01
     vertex  4.581860e+01  9.289816e+01  2.090004e+01
   endloop
 endfacet
 facet normal -4.459792e-01  8.950433e-01  0.000000e+00
   outer loop
     vertex  4.615504e+01  9.302909e+01  2.090004e+01
     vertex  4.615504e+01  9.302909e+01  1.900004e+01
     vertex  4.599349e+01  9.294859e+01  2.090004e+01
   endloop
 endfacet
 facet normal -6.069091e-01  7.947712e-01  0.000000e+00
   outer loop
     vertex  4.631298e+01  9.314970e+01  2.090004e+01
     vertex  4.631298e+01  9.314970e+01  1.900004e+01
     vertex  4.615504e+01  9.302909e+01  1.900004e+01
   endloop
 endfacet
 facet normal -7.514374e-01  6.598044e-01  0.000000e+00
   outer loop
     vertex  4.631298e+01  9.314970e+01  2.090004e+01
     vertex  4.644281e+01  9.329756e+01  1.900004e+01
     vertex  4.631298e+01  9.314970e+01  1.900004e+01
   endloop
 endfacet
 facet normal -6.069091e-01  7.947712e-01  0.000000e+00
   outer loop
     vertex  4.631298e+01  9.314970e+01  2.090004e+01
     vertex  4.615504e+01  9.302909e+01  1.900004e+01
     vertex  4.615504e+01  9.302909e+01  2.090004e+01
   endloop
 endfacet
 facet normal -7.514374e-01  6.598044e-01  0.000000e+00
   outer loop
     vertex  4.644281e+01  9.329756e+01  2.090004e+01
     vertex  4.644281e+01  9.329756e+01  1.900004e+01
     vertex  4.631298e+01  9.314970e+01  2.090004e+01
   endloop
 endfacet
 facet normal -8.656069e-01  5.007242e-01  0.000000e+00
   outer loop
     vertex  4.654038e+01  9.346622e+01  2.090004e+01
     vertex  4.644281e+01  9.329756e+01  1.900004e+01
     vertex  4.644281e+01  9.329756e+01  2.090004e+01
   endloop
 endfacet
 facet normal -8.656069e-01  5.007242e-01  0.000000e+00
   outer loop
     vertex  4.654038e+01  9.346622e+01  2.090004e+01
     vertex  4.654038e+01  9.346622e+01  1.900004e+01
     vertex  4.644281e+01  9.329756e+01  1.900004e+01
   endloop
 endfacet
 facet normal -9.459560e-01  3.242950e-01  0.000000e+00
   outer loop
     vertex  4.660293e+01  9.364868e+01  2.090004e+01
     vertex  4.660293e+01  9.364868e+01  1.900004e+01
     vertex  4.654038e+01  9.346622e+01  1.900004e+01
   endloop
 endfacet
 facet normal -9.849800e-01  1.726687e-01  0.000000e+00
   outer loop
     vertex  4.660293e+01  9.364868e+01  2.090004e+01
     vertex  4.662368e+01  9.376708e+01  1.900004e+01
     vertex  4.660293e+01  9.364868e+01  1.900004e+01
   endloop
 endfacet
 facet normal -9.459560e-01  3.242950e-01  0.000000e+00
   outer loop
     vertex  4.660293e+01  9.364868e+01  2.090004e+01
     vertex  4.654038e+01  9.346622e+01  1.900004e+01
     vertex  4.654038e+01  9.346622e+01  2.090004e+01
   endloop
 endfacet
 facet normal -9.849800e-01  1.726687e-01  0.000000e+00
   outer loop
     vertex  4.662368e+01  9.376708e+01  2.090004e+01
     vertex  4.662368e+01  9.376708e+01  1.900004e+01
     vertex  4.660293e+01  9.364868e+01  2.090004e+01
   endloop
 endfacet
 facet normal -9.983929e-01  5.667122e-02  0.000000e+00
   outer loop
     vertex  4.663011e+01  9.388024e+01  2.090004e+01
     vertex  4.662368e+01  9.376708e+01  1.900004e+01
     vertex  4.662368e+01  9.376708e+01  2.090004e+01
   endloop
 endfacet
 facet normal -9.983929e-01  5.667122e-02  0.000000e+00
   outer loop
     vertex  4.663011e+01  9.388024e+01  2.090004e+01
     vertex  4.663011e+01  9.388024e+01  1.900004e+01
     vertex  4.662368e+01  9.376708e+01  1.900004e+01
   endloop
 endfacet
 facet normal -9.955241e-01 -9.450782e-02  0.000000e+00
   outer loop
     vertex  2.461220e+01  9.406841e+01  2.090004e+01
     vertex  2.463006e+01  9.388024e+01  1.900004e+01
     vertex  2.463006e+01  9.388024e+01  2.090004e+01
   endloop
 endfacet
 facet normal -9.955241e-01 -9.450782e-02 -0.000000e+00
   outer loop
     vertex  2.461220e+01  9.406841e+01  2.090004e+01
     vertex  2.461220e+01  9.406841e+01  1.900004e+01
     vertex  2.463006e+01  9.388024e+01  1.900004e+01
   endloop
 endfacet
 facet normal -9.604586e-01 -2.784229e-01 -0.000000e+00
   outer loop
     vertex  2.461220e+01  9.406841e+01  2.090004e+01
     vertex  2.456057e+01  9.424651e+01  1.900004e+01
     vertex  2.461220e+01  9.406841e+01  1.900004e+01
   endloop
 endfacet
 facet normal -9.604586e-01 -2.784229e-01 -0.000000e+00
   outer loop
     vertex  2.456057e+01  9.424651e+01  2.090004e+01
     vertex  2.456057e+01  9.424651e+01  1.900004e+01
     vertex  2.461220e+01  9.406841e+01  2.090004e+01
   endloop
 endfacet
 facet normal -8.926253e-01 -4.507994e-01  0.000000e+00
   outer loop
     vertex  2.447715e+01  9.441169e+01  2.090004e+01
     vertex  2.456057e+01  9.424651e+01  1.900004e+01
     vertex  2.456057e+01  9.424651e+01  2.090004e+01
   endloop
 endfacet
 facet normal -8.926253e-01 -4.507994e-01 -0.000000e+00
   outer loop
     vertex  2.447715e+01  9.441169e+01  2.090004e+01
     vertex  2.447715e+01  9.441169e+01  1.900004e+01
     vertex  2.456057e+01  9.424651e+01  1.900004e+01
   endloop
 endfacet
 facet normal -7.948020e-01 -6.068688e-01 -0.000000e+00
   outer loop
     vertex  2.436588e+01  9.455741e+01  2.090004e+01
     vertex  2.436588e+01  9.455741e+01  1.900004e+01
     vertex  2.447715e+01  9.441169e+01  1.900004e+01
   endloop
 endfacet
 facet normal -7.948020e-01 -6.068688e-01  0.000000e+00
   outer loop
     vertex  2.436588e+01  9.455741e+01  2.090004e+01
     vertex  2.447715e+01  9.441169e+01  1.900004e+01
     vertex  2.447715e+01  9.441169e+01  2.090004e+01
   endloop
 endfacet
 facet normal -6.712393e-01 -7.412407e-01  0.000000e+00
   outer loop
     vertex  2.423116e+01  9.467941e+01  2.090004e+01
     vertex  2.436588e+01  9.455741e+01  1.900004e+01
     vertex  2.436588e+01  9.455741e+01  2.090004e+01
   endloop
 endfacet
 facet normal -6.712393e-01 -7.412407e-01 -0.000000e+00
   outer loop
     vertex  2.423116e+01  9.467941e+01  2.090004e+01
     vertex  2.423116e+01  9.467941e+01  1.900004e+01
     vertex  2.436588e+01  9.455741e+01  1.900004e+01
   endloop
 endfacet
 facet normal -5.266272e-01 -8.500964e-01 -0.000000e+00
   outer loop
     vertex  2.407793e+01  9.477434e+01  2.090004e+01
     vertex  2.407793e+01  9.477434e+01  1.900004e+01
     vertex  2.423116e+01  9.467941e+01  1.900004e+01
   endloop
 endfacet
 facet normal -5.266272e-01 -8.500964e-01  0.000000e+00
   outer loop
     vertex  2.407793e+01  9.477434e+01  2.090004e+01
     vertex  2.423116e+01  9.467941e+01  1.900004e+01
     vertex  2.423116e+01  9.467941e+01  2.090004e+01
   endloop
 endfacet
 facet normal -3.569525e-01 -9.341226e-01  0.000000e+00
   outer loop
     vertex  2.389257e+01  9.484517e+01  2.090004e+01
     vertex  2.407793e+01  9.477434e+01  1.900004e+01
     vertex  2.407793e+01  9.477434e+01  2.090004e+01
   endloop
 endfacet
 facet normal -3.569525e-01 -9.341226e-01 -0.000000e+00
   outer loop
     vertex  2.389257e+01  9.484517e+01  2.090004e+01
     vertex  2.389257e+01  9.484517e+01  1.900004e+01
     vertex  2.407793e+01  9.477434e+01  1.900004e+01
   endloop
 endfacet
 facet normal -1.664483e-01 -9.860502e-01  0.000000e+00
   outer loop
     vertex  2.369883e+01  9.487787e+01  2.090004e+01
     vertex  2.389257e+01  9.484517e+01  1.900004e+01
     vertex  2.389257e+01  9.484517e+01  2.090004e+01
   endloop
 endfacet
 facet normal -1.664483e-01 -9.860502e-01 -0.000000e+00
   outer loop
     vertex  2.369883e+01  9.487787e+01  2.090004e+01
     vertex  2.369883e+01  9.487787e+01  1.900004e+01
     vertex  2.389257e+01  9.484517e+01  1.900004e+01
   endloop
 endfacet
 facet normal  2.859892e-02 -9.995910e-01  0.000000e+00
   outer loop
     vertex  2.350436e+01  9.487231e+01  2.090004e+01
     vertex  2.369883e+01  9.487787e+01  1.900004e+01
     vertex  2.369883e+01  9.487787e+01  2.090004e+01
   endloop
 endfacet
 facet normal  2.859892e-02 -9.995910e-01  0.000000e+00
   outer loop
     vertex  2.350436e+01  9.487231e+01  2.090004e+01
     vertex  2.350436e+01  9.487231e+01  1.900004e+01
     vertex  2.369883e+01  9.487787e+01  1.900004e+01
   endloop
 endfacet
 facet normal  2.206431e-01 -9.753546e-01  0.000000e+00
   outer loop
     vertex  2.331652e+01  9.482981e+01  2.090004e+01
     vertex  2.350436e+01  9.487231e+01  1.900004e+01
     vertex  2.350436e+01  9.487231e+01  2.090004e+01
   endloop
 endfacet
 facet normal  2.206431e-01 -9.753546e-01  0.000000e+00
   outer loop
     vertex  2.331652e+01  9.482981e+01  2.090004e+01
     vertex  2.331652e+01  9.482981e+01  1.900004e+01
     vertex  2.350436e+01  9.487231e+01  1.900004e+01
   endloop
 endfacet
 facet normal  4.025825e-01 -9.153837e-01  0.000000e+00
   outer loop
     vertex  2.314209e+01  9.475310e+01  2.090004e+01
     vertex  2.331652e+01  9.482981e+01  1.900004e+01
     vertex  2.331652e+01  9.482981e+01  2.090004e+01
   endloop
 endfacet
 facet normal  4.025825e-01 -9.153837e-01  0.000000e+00
   outer loop
     vertex  2.314209e+01  9.475310e+01  2.090004e+01
     vertex  2.314209e+01  9.475310e+01  1.900004e+01
     vertex  2.331652e+01  9.482981e+01  1.900004e+01
   endloop
 endfacet
 facet normal  5.670946e-01 -8.236526e-01  0.000000e+00
   outer loop
     vertex  2.314209e+01  9.475310e+01  2.090004e+01
     vertex  2.298876e+01  9.464753e+01  1.900004e+01
     vertex  2.314209e+01  9.475310e+01  1.900004e+01
   endloop
 endfacet
 facet normal  5.670946e-01 -8.236526e-01  0.000000e+00
   outer loop
     vertex  2.298876e+01  9.464753e+01  2.090004e+01
     vertex  2.298876e+01  9.464753e+01  1.900004e+01
     vertex  2.314209e+01  9.475310e+01  2.090004e+01
   endloop
 endfacet
 facet normal  7.102612e-01 -7.039382e-01  0.000000e+00
   outer loop
     vertex  2.298876e+01  9.464753e+01  2.090004e+01
     vertex  2.285706e+01  9.451465e+01  1.900004e+01
     vertex  2.298876e+01  9.464753e+01  1.900004e+01
   endloop
 endfacet
 facet normal  7.102612e-01 -7.039382e-01  0.000000e+00
   outer loop
     vertex  2.285706e+01  9.451465e+01  2.090004e+01
     vertex  2.285706e+01  9.451465e+01  1.900004e+01
     vertex  2.298876e+01  9.464753e+01  2.090004e+01
   endloop
 endfacet
 facet normal  8.284167e-01 -5.601122e-01  0.000000e+00
   outer loop
     vertex  2.285706e+01  9.451465e+01  2.090004e+01
     vertex  2.275333e+01  9.436124e+01  1.900004e+01
     vertex  2.285706e+01  9.451465e+01  1.900004e+01
   endloop
 endfacet
 facet normal  8.284167e-01 -5.601122e-01  0.000000e+00
   outer loop
     vertex  2.275333e+01  9.436124e+01  2.090004e+01
     vertex  2.275333e+01  9.436124e+01  1.900004e+01
     vertex  2.285706e+01  9.451465e+01  2.090004e+01
   endloop
 endfacet
 facet normal  9.171496e-01 -3.985430e-01  0.000000e+00
   outer loop
     vertex  2.275333e+01  9.436124e+01  2.090004e+01
     vertex  2.268021e+01  9.419296e+01  1.900004e+01
     vertex  2.275333e+01  9.436124e+01  1.900004e+01
   endloop
 endfacet
 facet normal  9.171496e-01 -3.985430e-01  0.000000e+00
   outer loop
     vertex  2.268021e+01  9.419296e+01  2.090004e+01
     vertex  2.268021e+01  9.419296e+01  1.900004e+01
     vertex  2.275333e+01  9.436124e+01  2.090004e+01
   endloop
 endfacet
 facet normal  9.743467e-01 -2.250522e-01  0.000000e+00
   outer loop
     vertex  2.268021e+01  9.419296e+01  2.090004e+01
     vertex  2.263928e+01  9.401575e+01  1.900004e+01
     vertex  2.268021e+01  9.419296e+01  1.900004e+01
   endloop
 endfacet
 facet normal  9.743467e-01 -2.250522e-01  0.000000e+00
   outer loop
     vertex  2.263928e+01  9.401575e+01  2.090004e+01
     vertex  2.263928e+01  9.401575e+01  1.900004e+01
     vertex  2.268021e+01  9.419296e+01  2.090004e+01
   endloop
 endfacet
 facet normal  9.989595e-01 -4.560700e-02  0.000000e+00
   outer loop
     vertex  2.263105e+01  9.383556e+01  2.090004e+01
     vertex  2.263105e+01  9.383556e+01  1.900004e+01
     vertex  2.263928e+01  9.401575e+01  1.900004e+01
   endloop
 endfacet
 facet normal  9.989595e-01 -4.560700e-02  0.000000e+00
   outer loop
     vertex  2.263105e+01  9.383556e+01  2.090004e+01
     vertex  2.263928e+01  9.401575e+01  1.900004e+01
     vertex  2.263928e+01  9.401575e+01  2.090004e+01
   endloop
 endfacet
 facet normal  9.896308e-01  1.436348e-01  0.000000e+00
   outer loop
     vertex  2.265957e+01  9.363906e+01  2.090004e+01
     vertex  2.263105e+01  9.383556e+01  1.900004e+01
     vertex  2.263105e+01  9.383556e+01  2.090004e+01
   endloop
 endfacet
 facet normal  9.896308e-01  1.436348e-01  0.000000e+00
   outer loop
     vertex  2.265957e+01  9.363906e+01  2.090004e+01
     vertex  2.265957e+01  9.363906e+01  1.900004e+01
     vertex  2.263105e+01  9.383556e+01  1.900004e+01
   endloop
 endfacet
 facet normal  9.420683e-01  3.354211e-01  0.000000e+00
   outer loop
     vertex  2.272553e+01  9.345382e+01  2.090004e+01
     vertex  2.272553e+01  9.345382e+01  1.900004e+01
     vertex  2.265957e+01  9.363906e+01  1.900004e+01
   endloop
 endfacet
 facet normal  9.420683e-01  3.354211e-01  0.000000e+00
   outer loop
     vertex  2.272553e+01  9.345382e+01  2.090004e+01
     vertex  2.265957e+01  9.363906e+01  1.900004e+01
     vertex  2.265957e+01  9.363906e+01  2.090004e+01
   endloop
 endfacet
 facet normal  8.587233e-01  5.124395e-01  0.000000e+00
   outer loop
     vertex  2.282529e+01  9.328664e+01  2.090004e+01
     vertex  2.282529e+01  9.328664e+01  1.900004e+01
     vertex  2.272553e+01  9.345382e+01  1.900004e+01
   endloop
 endfacet
 facet normal  8.587233e-01  5.124395e-01  0.000000e+00
   outer loop
     vertex  2.282529e+01  9.328664e+01  2.090004e+01
     vertex  2.272553e+01  9.345382e+01  1.900004e+01
     vertex  2.272553e+01  9.345382e+01  2.090004e+01
   endloop
 endfacet
 facet normal  7.438139e-01  6.683868e-01  0.000000e+00
   outer loop
     vertex  2.295411e+01  9.314328e+01  2.090004e+01
     vertex  2.295411e+01  9.314328e+01  1.900004e+01
     vertex  2.282529e+01  9.328664e+01  1.900004e+01
   endloop
 endfacet
 facet normal  7.438139e-01  6.683868e-01  0.000000e+00
   outer loop
     vertex  2.295411e+01  9.314328e+01  2.090004e+01
     vertex  2.282529e+01  9.328664e+01  1.900004e+01
     vertex  2.282529e+01  9.328664e+01  2.090004e+01
   endloop
 endfacet
 facet normal  6.025937e-01  7.980481e-01  0.000000e+00
   outer loop
     vertex  2.310630e+01  9.302836e+01  2.090004e+01
     vertex  2.310630e+01  9.302836e+01  1.900004e+01
     vertex  2.295411e+01  9.314328e+01  1.900004e+01
   endloop
 endfacet
 facet normal  6.025937e-01  7.980481e-01  0.000000e+00
   outer loop
     vertex  2.310630e+01  9.302836e+01  2.090004e+01
     vertex  2.295411e+01  9.314328e+01  1.900004e+01
     vertex  2.295411e+01  9.314328e+01  2.090004e+01
   endloop
 endfacet
 facet normal  4.433396e-01  8.963537e-01  0.000000e+00
   outer loop
     vertex  2.327087e+01  9.294697e+01  2.090004e+01
     vertex  2.327087e+01  9.294697e+01  1.900004e+01
     vertex  2.310630e+01  9.302836e+01  1.900004e+01
   endloop
 endfacet
 facet normal  2.702239e-01  9.627975e-01  0.000000e+00
   outer loop
     vertex  2.327087e+01  9.294697e+01  2.090004e+01
     vertex  2.345116e+01  9.289636e+01  1.900004e+01
     vertex  2.327087e+01  9.294697e+01  1.900004e+01
   endloop
 endfacet
 facet normal  4.433396e-01  8.963537e-01  0.000000e+00
   outer loop
     vertex  2.327087e+01  9.294697e+01  2.090004e+01
     vertex  2.310630e+01  9.302836e+01  1.900004e+01
     vertex  2.310630e+01  9.302836e+01  2.090004e+01
   endloop
 endfacet
 facet normal  2.702239e-01  9.627975e-01  0.000000e+00
   outer loop
     vertex  2.345116e+01  9.289636e+01  2.090004e+01
     vertex  2.345116e+01  9.289636e+01  1.900004e+01
     vertex  2.327087e+01  9.294697e+01  2.090004e+01
   endloop
 endfacet
 facet normal  8.694335e-02  9.962133e-01  0.000000e+00
   outer loop
     vertex  2.363581e+01  9.288025e+01  2.090004e+01
     vertex  2.363581e+01  9.288025e+01  1.900004e+01
     vertex  2.345116e+01  9.289636e+01  1.900004e+01
   endloop
 endfacet
 facet normal -9.753588e-02  9.952320e-01  0.000000e+00
   outer loop
     vertex  2.363581e+01  9.288025e+01  2.090004e+01
     vertex  2.381855e+01  9.289816e+01  1.900004e+01
     vertex  2.363581e+01  9.288025e+01  1.900004e+01
   endloop
 endfacet
 facet normal  8.694335e-02  9.962133e-01  0.000000e+00
   outer loop
     vertex  2.363581e+01  9.288025e+01  2.090004e+01
     vertex  2.345116e+01  9.289636e+01  1.900004e+01
     vertex  2.345116e+01  9.289636e+01  2.090004e+01
   endloop
 endfacet
 facet normal -9.753588e-02  9.952320e-01  0.000000e+00
   outer loop
     vertex  2.381855e+01  9.289816e+01  2.090004e+01
     vertex  2.381855e+01  9.289816e+01  1.900004e+01
     vertex  2.363581e+01  9.288025e+01  2.090004e+01
   endloop
 endfacet
 facet normal -2.770879e-01  9.608446e-01  0.000000e+00
   outer loop
     vertex  2.399344e+01  9.294859e+01  2.090004e+01
     vertex  2.399344e+01  9.294859e+01  1.900004e+01
     vertex  2.381855e+01  9.289816e+01  1.900004e+01
   endloop
 endfacet
 facet normal -4.459792e-01  8.950433e-01  0.000000e+00
   outer loop
     vertex  2.399344e+01  9.294859e+01  2.090004e+01
     vertex  2.415500e+01  9.302909e+01  1.900004e+01
     vertex  2.399344e+01  9.294859e+01  1.900004e+01
   endloop
 endfacet
 facet normal -2.770879e-01  9.608446e-01  0.000000e+00
   outer loop
     vertex  2.399344e+01  9.294859e+01  2.090004e+01
     vertex  2.381855e+01  9.289816e+01  1.900004e+01
     vertex  2.381855e+01  9.289816e+01  2.090004e+01
   endloop
 endfacet
 facet normal -4.459792e-01  8.950433e-01  0.000000e+00
   outer loop
     vertex  2.415500e+01  9.302909e+01  2.090004e+01
     vertex  2.415500e+01  9.302909e+01  1.900004e+01
     vertex  2.399344e+01  9.294859e+01  2.090004e+01
   endloop
 endfacet
 facet normal -6.069091e-01  7.947712e-01  0.000000e+00
   outer loop
     vertex  2.431293e+01  9.314970e+01  2.090004e+01
     vertex  2.431293e+01  9.314970e+01  1.900004e+01
     vertex  2.415500e+01  9.302909e+01  1.900004e+01
   endloop
 endfacet
 facet normal -7.514374e-01  6.598044e-01  0.000000e+00
   outer loop
     vertex  2.431293e+01  9.314970e+01  2.090004e+01
     vertex  2.444277e+01  9.329756e+01  1.900004e+01
     vertex  2.431293e+01  9.314970e+01  1.900004e+01
   endloop
 endfacet
 facet normal -6.069091e-01  7.947712e-01  0.000000e+00
   outer loop
     vertex  2.431293e+01  9.314970e+01  2.090004e+01
     vertex  2.415500e+01  9.302909e+01  1.900004e+01
     vertex  2.415500e+01  9.302909e+01  2.090004e+01
   endloop
 endfacet
 facet normal -7.514374e-01  6.598044e-01  0.000000e+00
   outer loop
     vertex  2.444277e+01  9.329756e+01  2.090004e+01
     vertex  2.444277e+01  9.329756e+01  1.900004e+01
     vertex  2.431293e+01  9.314970e+01  2.090004e+01
   endloop
 endfacet
 facet normal -8.656069e-01  5.007242e-01  0.000000e+00
   outer loop
     vertex  2.444277e+01  9.329756e+01  2.090004e+01
     vertex  2.454033e+01  9.346622e+01  1.900004e+01
     vertex  2.444277e+01  9.329756e+01  1.900004e+01
   endloop
 endfacet
 facet normal -8.656069e-01  5.007242e-01  0.000000e+00
   outer loop
     vertex  2.454033e+01  9.346622e+01  2.090004e+01
     vertex  2.454033e+01  9.346622e+01  1.900004e+01
     vertex  2.444277e+01  9.329756e+01  2.090004e+01
   endloop
 endfacet
 facet normal -9.459560e-01  3.242950e-01  0.000000e+00
   outer loop
     vertex  2.460288e+01  9.364868e+01  2.090004e+01
     vertex  2.454033e+01  9.346622e+01  1.900004e+01
     vertex  2.454033e+01  9.346622e+01  2.090004e+01
   endloop
 endfacet
 facet normal -9.459560e-01  3.242950e-01  0.000000e+00
   outer loop
     vertex  2.460288e+01  9.364868e+01  2.090004e+01
     vertex  2.460288e+01  9.364868e+01  1.900004e+01
     vertex  2.454033e+01  9.346622e+01  1.900004e+01
   endloop
 endfacet
 facet normal -9.849800e-01  1.726687e-01  0.000000e+00
   outer loop
     vertex  2.460288e+01  9.364868e+01  2.090004e+01
     vertex  2.462364e+01  9.376708e+01  1.900004e+01
     vertex  2.460288e+01  9.364868e+01  1.900004e+01
   endloop
 endfacet
 facet normal -9.849800e-01  1.726687e-01  0.000000e+00
   outer loop
     vertex  2.462364e+01  9.376708e+01  2.090004e+01
     vertex  2.462364e+01  9.376708e+01  1.900004e+01
     vertex  2.460288e+01  9.364868e+01  2.090004e+01
   endloop
 endfacet
 facet normal -9.983929e-01  5.667122e-02  0.000000e+00
   outer loop
     vertex  2.463006e+01  9.388024e+01  2.090004e+01
     vertex  2.462364e+01  9.376708e+01  1.900004e+01
     vertex  2.462364e+01  9.376708e+01  2.090004e+01
   endloop
 endfacet
 facet normal -9.983929e-01  5.667122e-02  0.000000e+00
   outer loop
     vertex  2.463006e+01  9.388024e+01  2.090004e+01
     vertex  2.463006e+01  9.388024e+01  1.900004e+01
     vertex  2.462364e+01  9.376708e+01  1.900004e+01
   endloop
 endfacet
 facet normal -9.955241e-01 -9.450782e-02  0.000000e+00
   outer loop
     vertex  4.661224e+01  1.160685e+02  2.090004e+01
     vertex  4.663011e+01  1.158803e+02  1.900004e+01
     vertex  4.663011e+01  1.158803e+02  2.090004e+01
   endloop
 endfacet
 facet normal -9.955241e-01 -9.450782e-02 -0.000000e+00
   outer loop
     vertex  4.661224e+01  1.160685e+02  2.090004e+01
     vertex  4.661224e+01  1.160685e+02  1.900004e+01
     vertex  4.663011e+01  1.158803e+02  1.900004e+01
   endloop
 endfacet
 facet normal -9.604586e-01 -2.784229e-01 -0.000000e+00
   outer loop
     vertex  4.656061e+01  1.162466e+02  2.090004e+01
     vertex  4.656061e+01  1.162466e+02  1.900004e+01
     vertex  4.661224e+01  1.160685e+02  1.900004e+01
   endloop
 endfacet
 facet normal -9.604586e-01 -2.784229e-01  0.000000e+00
   outer loop
     vertex  4.656061e+01  1.162466e+02  2.090004e+01
     vertex  4.661224e+01  1.160685e+02  1.900004e+01
     vertex  4.661224e+01  1.160685e+02  2.090004e+01
   endloop
 endfacet
 facet normal -8.926253e-01 -4.507994e-01 -0.000000e+00
   outer loop
     vertex  4.647719e+01  1.164117e+02  2.090004e+01
     vertex  4.647719e+01  1.164117e+02  1.900004e+01
     vertex  4.656061e+01  1.162466e+02  1.900004e+01
   endloop
 endfacet
 facet normal -8.926253e-01 -4.507994e-01  0.000000e+00
   outer loop
     vertex  4.647719e+01  1.164117e+02  2.090004e+01
     vertex  4.656061e+01  1.162466e+02  1.900004e+01
     vertex  4.656061e+01  1.162466e+02  2.090004e+01
   endloop
 endfacet
 facet normal -7.948020e-01 -6.068688e-01 -0.000000e+00
   outer loop
     vertex  4.636593e+01  1.165575e+02  2.090004e+01
     vertex  4.636593e+01  1.165575e+02  1.900004e+01
     vertex  4.647719e+01  1.164117e+02  1.900004e+01
   endloop
 endfacet
 facet normal -7.948020e-01 -6.068688e-01  0.000000e+00
   outer loop
     vertex  4.636593e+01  1.165575e+02  2.090004e+01
     vertex  4.647719e+01  1.164117e+02  1.900004e+01
     vertex  4.647719e+01  1.164117e+02  2.090004e+01
   endloop
 endfacet
 facet normal -6.712393e-01 -7.412407e-01  0.000000e+00
   outer loop
     vertex  4.623120e+01  1.166795e+02  2.090004e+01
     vertex  4.636593e+01  1.165575e+02  1.900004e+01
     vertex  4.636593e+01  1.165575e+02  2.090004e+01
   endloop
 endfacet
 facet normal -6.712393e-01 -7.412407e-01 -0.000000e+00
   outer loop
     vertex  4.623120e+01  1.166795e+02  2.090004e+01
     vertex  4.623120e+01  1.166795e+02  1.900004e+01
     vertex  4.636593e+01  1.165575e+02  1.900004e+01
   endloop
 endfacet
 facet normal -5.266272e-01 -8.500964e-01 -0.000000e+00
   outer loop
     vertex  4.607797e+01  1.167744e+02  2.090004e+01
     vertex  4.607797e+01  1.167744e+02  1.900004e+01
     vertex  4.623120e+01  1.166795e+02  1.900004e+01
   endloop
 endfacet
 facet normal -5.266272e-01 -8.500964e-01  0.000000e+00
   outer loop
     vertex  4.607797e+01  1.167744e+02  2.090004e+01
     vertex  4.623120e+01  1.166795e+02  1.900004e+01
     vertex  4.623120e+01  1.166795e+02  2.090004e+01
   endloop
 endfacet
 facet normal -3.569525e-01 -9.341226e-01  0.000000e+00
   outer loop
     vertex  4.589262e+01  1.168452e+02  2.090004e+01
     vertex  4.607797e+01  1.167744e+02  1.900004e+01
     vertex  4.607797e+01  1.167744e+02  2.090004e+01
   endloop
 endfacet
 facet normal -3.569525e-01 -9.341226e-01 -0.000000e+00
   outer loop
     vertex  4.589262e+01  1.168452e+02  2.090004e+01
     vertex  4.589262e+01  1.168452e+02  1.900004e+01
     vertex  4.607797e+01  1.167744e+02  1.900004e+01
   endloop
 endfacet
 facet normal -1.664483e-01 -9.860502e-01  0.000000e+00
   outer loop
     vertex  4.569887e+01  1.168779e+02  2.090004e+01
     vertex  4.589262e+01  1.168452e+02  1.900004e+01
     vertex  4.589262e+01  1.168452e+02  2.090004e+01
   endloop
 endfacet
 facet normal -1.664483e-01 -9.860502e-01 -0.000000e+00
   outer loop
     vertex  4.569887e+01  1.168779e+02  2.090004e+01
     vertex  4.569887e+01  1.168779e+02  1.900004e+01
     vertex  4.589262e+01  1.168452e+02  1.900004e+01
   endloop
 endfacet
 facet normal  2.859892e-02 -9.995910e-01  0.000000e+00
   outer loop
     vertex  4.550440e+01  1.168724e+02  2.090004e+01
     vertex  4.569887e+01  1.168779e+02  1.900004e+01
     vertex  4.569887e+01  1.168779e+02  2.090004e+01
   endloop
 endfacet
 facet normal  2.859892e-02 -9.995910e-01  0.000000e+00
   outer loop
     vertex  4.550440e+01  1.168724e+02  2.090004e+01
     vertex  4.550440e+01  1.168724e+02  1.900004e+01
     vertex  4.569887e+01  1.168779e+02  1.900004e+01
   endloop
 endfacet
 facet normal  2.206431e-01 -9.753546e-01  0.000000e+00
   outer loop
     vertex  4.531656e+01  1.168299e+02  2.090004e+01
     vertex  4.550440e+01  1.168724e+02  1.900004e+01
     vertex  4.550440e+01  1.168724e+02  2.090004e+01
   endloop
 endfacet
 facet normal  2.206431e-01 -9.753546e-01  0.000000e+00
   outer loop
     vertex  4.531656e+01  1.168299e+02  2.090004e+01
     vertex  4.531656e+01  1.168299e+02  1.900004e+01
     vertex  4.550440e+01  1.168724e+02  1.900004e+01
   endloop
 endfacet
 facet normal  4.025825e-01 -9.153837e-01  0.000000e+00
   outer loop
     vertex  4.514214e+01  1.167531e+02  2.090004e+01
     vertex  4.531656e+01  1.168299e+02  1.900004e+01
     vertex  4.531656e+01  1.168299e+02  2.090004e+01
   endloop
 endfacet
 facet normal  4.025825e-01 -9.153837e-01  0.000000e+00
   outer loop
     vertex  4.514214e+01  1.167531e+02  2.090004e+01
     vertex  4.514214e+01  1.167531e+02  1.900004e+01
     vertex  4.531656e+01  1.168299e+02  1.900004e+01
   endloop
 endfacet
 facet normal  5.670946e-01 -8.236526e-01  0.000000e+00
   outer loop
     vertex  4.514214e+01  1.167531e+02  2.090004e+01
     vertex  4.498880e+01  1.166476e+02  1.900004e+01
     vertex  4.514214e+01  1.167531e+02  1.900004e+01
   endloop
 endfacet
 facet normal  5.670946e-01 -8.236526e-01  0.000000e+00
   outer loop
     vertex  4.498880e+01  1.166476e+02  2.090004e+01
     vertex  4.498880e+01  1.166476e+02  1.900004e+01
     vertex  4.514214e+01  1.167531e+02  2.090004e+01
   endloop
 endfacet
 facet normal  7.102612e-01 -7.039382e-01  0.000000e+00
   outer loop
     vertex  4.498880e+01  1.166476e+02  2.090004e+01
     vertex  4.485711e+01  1.165147e+02  1.900004e+01
     vertex  4.498880e+01  1.166476e+02  1.900004e+01
   endloop
 endfacet
 facet normal  7.102612e-01 -7.039382e-01  0.000000e+00
   outer loop
     vertex  4.485711e+01  1.165147e+02  2.090004e+01
     vertex  4.485711e+01  1.165147e+02  1.900004e+01
     vertex  4.498880e+01  1.166476e+02  2.090004e+01
   endloop
 endfacet
 facet normal  8.284167e-01 -5.601122e-01  0.000000e+00
   outer loop
     vertex  4.485711e+01  1.165147e+02  2.090004e+01
     vertex  4.475338e+01  1.163613e+02  1.900004e+01
     vertex  4.485711e+01  1.165147e+02  1.900004e+01
   endloop
 endfacet
 facet normal  8.284167e-01 -5.601122e-01  0.000000e+00
   outer loop
     vertex  4.475338e+01  1.163613e+02  2.090004e+01
     vertex  4.475338e+01  1.163613e+02  1.900004e+01
     vertex  4.485711e+01  1.165147e+02  2.090004e+01
   endloop
 endfacet
 facet normal  9.171496e-01 -3.985430e-01  0.000000e+00
   outer loop
     vertex  4.475338e+01  1.163613e+02  2.090004e+01
     vertex  4.468026e+01  1.161930e+02  1.900004e+01
     vertex  4.475338e+01  1.163613e+02  1.900004e+01
   endloop
 endfacet
 facet normal  9.171496e-01 -3.985430e-01  0.000000e+00
   outer loop
     vertex  4.468026e+01  1.161930e+02  2.090004e+01
     vertex  4.468026e+01  1.161930e+02  1.900004e+01
     vertex  4.475338e+01  1.163613e+02  2.090004e+01
   endloop
 endfacet
 facet normal  9.743467e-01 -2.250522e-01  0.000000e+00
   outer loop
     vertex  4.468026e+01  1.161930e+02  2.090004e+01
     vertex  4.463932e+01  1.160158e+02  1.900004e+01
     vertex  4.468026e+01  1.161930e+02  1.900004e+01
   endloop
 endfacet
 facet normal  9.743467e-01 -2.250522e-01  0.000000e+00
   outer loop
     vertex  4.463932e+01  1.160158e+02  2.090004e+01
     vertex  4.463932e+01  1.160158e+02  1.900004e+01
     vertex  4.468026e+01  1.161930e+02  2.090004e+01
   endloop
 endfacet
 facet normal  9.989595e-01 -4.560700e-02  0.000000e+00
   outer loop
     vertex  4.463110e+01  1.158356e+02  2.090004e+01
     vertex  4.463110e+01  1.158356e+02  1.900004e+01
     vertex  4.463932e+01  1.160158e+02  1.900004e+01
   endloop
 endfacet
 facet normal  9.989595e-01 -4.560700e-02  0.000000e+00
   outer loop
     vertex  4.463110e+01  1.158356e+02  2.090004e+01
     vertex  4.463932e+01  1.160158e+02  1.900004e+01
     vertex  4.463932e+01  1.160158e+02  2.090004e+01
   endloop
 endfacet
 facet normal  9.896308e-01  1.436348e-01  0.000000e+00
   outer loop
     vertex  4.465962e+01  1.156391e+02  2.090004e+01
     vertex  4.463110e+01  1.158356e+02  1.900004e+01
     vertex  4.463110e+01  1.158356e+02  2.090004e+01
   endloop
 endfacet
 facet normal  9.896308e-01  1.436348e-01  0.000000e+00
   outer loop
     vertex  4.465962e+01  1.156391e+02  2.090004e+01
     vertex  4.465962e+01  1.156391e+02  1.900004e+01
     vertex  4.463110e+01  1.158356e+02  1.900004e+01
   endloop
 endfacet
 facet normal  9.420683e-01  3.354211e-01  0.000000e+00
   outer loop
     vertex  4.465962e+01  1.156391e+02  2.090004e+01
     vertex  4.472557e+01  1.154539e+02  1.900004e+01
     vertex  4.465962e+01  1.156391e+02  1.900004e+01
   endloop
 endfacet
 facet normal  9.420683e-01  3.354211e-01  0.000000e+00
   outer loop
     vertex  4.472557e+01  1.154539e+02  2.090004e+01
     vertex  4.472557e+01  1.154539e+02  1.900004e+01
     vertex  4.465962e+01  1.156391e+02  2.090004e+01
   endloop
 endfacet
 facet normal  8.587233e-01  5.124395e-01  0.000000e+00
   outer loop
     vertex  4.482534e+01  1.152867e+02  2.090004e+01
     vertex  4.482534e+01  1.152867e+02  1.900004e+01
     vertex  4.472557e+01  1.154539e+02  1.900004e+01
   endloop
 endfacet
 facet normal  8.587233e-01  5.124395e-01  0.000000e+00
   outer loop
     vertex  4.482534e+01  1.152867e+02  2.090004e+01
     vertex  4.472557e+01  1.154539e+02  1.900004e+01
     vertex  4.472557e+01  1.154539e+02  2.090004e+01
   endloop
 endfacet
 facet normal  7.438139e-01  6.683868e-01  0.000000e+00
   outer loop
     vertex  4.495416e+01  1.151433e+02  2.090004e+01
     vertex  4.495416e+01  1.151433e+02  1.900004e+01
     vertex  4.482534e+01  1.152867e+02  1.900004e+01
   endloop
 endfacet
 facet normal  7.438139e-01  6.683868e-01  0.000000e+00
   outer loop
     vertex  4.495416e+01  1.151433e+02  2.090004e+01
     vertex  4.482534e+01  1.152867e+02  1.900004e+01
     vertex  4.482534e+01  1.152867e+02  2.090004e+01
   endloop
 endfacet
 facet normal  6.025937e-01  7.980481e-01  0.000000e+00
   outer loop
     vertex  4.510635e+01  1.150284e+02  2.090004e+01
     vertex  4.510635e+01  1.150284e+02  1.900004e+01
     vertex  4.495416e+01  1.151433e+02  1.900004e+01
   endloop
 endfacet
 facet normal  6.025937e-01  7.980481e-01  0.000000e+00
   outer loop
     vertex  4.510635e+01  1.150284e+02  2.090004e+01
     vertex  4.495416e+01  1.151433e+02  1.900004e+01
     vertex  4.495416e+01  1.151433e+02  2.090004e+01
   endloop
 endfacet
 facet normal  4.433396e-01  8.963537e-01  0.000000e+00
   outer loop
     vertex  4.527092e+01  1.149470e+02  2.090004e+01
     vertex  4.527092e+01  1.149470e+02  1.900004e+01
     vertex  4.510635e+01  1.150284e+02  1.900004e+01
   endloop
 endfacet
 facet normal  2.702239e-01  9.627975e-01  0.000000e+00
   outer loop
     vertex  4.527092e+01  1.149470e+02  2.090004e+01
     vertex  4.545121e+01  1.148964e+02  1.900004e+01
     vertex  4.527092e+01  1.149470e+02  1.900004e+01
   endloop
 endfacet
 facet normal  4.433396e-01  8.963537e-01  0.000000e+00
   outer loop
     vertex  4.527092e+01  1.149470e+02  2.090004e+01
     vertex  4.510635e+01  1.150284e+02  1.900004e+01
     vertex  4.510635e+01  1.150284e+02  2.090004e+01
   endloop
 endfacet
 facet normal  2.702239e-01  9.627975e-01  0.000000e+00
   outer loop
     vertex  4.545121e+01  1.148964e+02  2.090004e+01
     vertex  4.545121e+01  1.148964e+02  1.900004e+01
     vertex  4.527092e+01  1.149470e+02  2.090004e+01
   endloop
 endfacet
 facet normal  8.694335e-02  9.962133e-01  0.000000e+00
   outer loop
     vertex  4.563586e+01  1.148803e+02  2.090004e+01
     vertex  4.563586e+01  1.148803e+02  1.900004e+01
     vertex  4.545121e+01  1.148964e+02  1.900004e+01
   endloop
 endfacet
 facet normal  8.694335e-02  9.962133e-01  0.000000e+00
   outer loop
     vertex  4.563586e+01  1.148803e+02  2.090004e+01
     vertex  4.545121e+01  1.148964e+02  1.900004e+01
     vertex  4.545121e+01  1.148964e+02  2.090004e+01
   endloop
 endfacet
 facet normal -9.753588e-02  9.952320e-01  0.000000e+00
   outer loop
     vertex  4.581860e+01  1.148982e+02  2.090004e+01
     vertex  4.563586e+01  1.148803e+02  1.900004e+01
     vertex  4.563586e+01  1.148803e+02  2.090004e+01
   endloop
 endfacet
 facet normal -9.753588e-02  9.952320e-01  0.000000e+00
   outer loop
     vertex  4.581860e+01  1.148982e+02  2.090004e+01
     vertex  4.581860e+01  1.148982e+02  1.900004e+01
     vertex  4.563586e+01  1.148803e+02  1.900004e+01
   endloop
 endfacet
 facet normal -2.770879e-01  9.608446e-01  0.000000e+00
   outer loop
     vertex  4.581860e+01  1.148982e+02  2.090004e+01
     vertex  4.599349e+01  1.149486e+02  1.900004e+01
     vertex  4.581860e+01  1.148982e+02  1.900004e+01
   endloop
 endfacet
 facet normal -2.770879e-01  9.608446e-01  0.000000e+00
   outer loop
     vertex  4.599349e+01  1.149486e+02  2.090004e+01
     vertex  4.599349e+01  1.149486e+02  1.900004e+01
     vertex  4.581860e+01  1.148982e+02  2.090004e+01
   endloop
 endfacet
 facet normal -4.459792e-01  8.950433e-01  0.000000e+00
   outer loop
     vertex  4.615504e+01  1.150291e+02  2.090004e+01
     vertex  4.615504e+01  1.150291e+02  1.900004e+01
     vertex  4.599349e+01  1.149486e+02  1.900004e+01
   endloop
 endfacet
 facet normal -4.459792e-01  8.950433e-01  0.000000e+00
   outer loop
     vertex  4.615504e+01  1.150291e+02  2.090004e+01
     vertex  4.599349e+01  1.149486e+02  1.900004e+01
     vertex  4.599349e+01  1.149486e+02  2.090004e+01
   endloop
 endfacet
 facet normal -6.069091e-01  7.947712e-01  0.000000e+00
   outer loop
     vertex  4.631298e+01  1.151497e+02  2.090004e+01
     vertex  4.615504e+01  1.150291e+02  1.900004e+01
     vertex  4.615504e+01  1.150291e+02  2.090004e+01
   endloop
 endfacet
 facet normal -6.069091e-01  7.947712e-01  0.000000e+00
   outer loop
     vertex  4.631298e+01  1.151497e+02  2.090004e+01
     vertex  4.631298e+01  1.151497e+02  1.900004e+01
     vertex  4.615504e+01  1.150291e+02  1.900004e+01
   endloop
 endfacet
 facet normal -7.514374e-01  6.598044e-01  0.000000e+00
   outer loop
     vertex  4.644281e+01  1.152976e+02  2.090004e+01
     vertex  4.644281e+01  1.152976e+02  1.900004e+01
     vertex  4.631298e+01  1.151497e+02  1.900004e+01
   endloop
 endfacet
 facet normal -8.656069e-01  5.007242e-01  0.000000e+00
   outer loop
     vertex  4.644281e+01  1.152976e+02  2.090004e+01
     vertex  4.654038e+01  1.154663e+02  1.900004e+01
     vertex  4.644281e+01  1.152976e+02  1.900004e+01
   endloop
 endfacet
 facet normal -7.514374e-01  6.598044e-01  0.000000e+00
   outer loop
     vertex  4.644281e+01  1.152976e+02  2.090004e+01
     vertex  4.631298e+01  1.151497e+02  1.900004e+01
     vertex  4.631298e+01  1.151497e+02  2.090004e+01
   endloop
 endfacet
 facet normal -8.656069e-01  5.007242e-01  0.000000e+00
   outer loop
     vertex  4.654038e+01  1.154663e+02  2.090004e+01
     vertex  4.654038e+01  1.154663e+02  1.900004e+01
     vertex  4.644281e+01  1.152976e+02  2.090004e+01
   endloop
 endfacet
 facet normal -9.459560e-01  3.242950e-01  0.000000e+00
   outer loop
     vertex  4.660293e+01  1.156487e+02  2.090004e+01
     vertex  4.660293e+01  1.156487e+02  1.900004e+01
     vertex  4.654038e+01  1.154663e+02  1.900004e+01
   endloop
 endfacet
 facet normal -9.459560e-01  3.242950e-01  0.000000e+00
   outer loop
     vertex  4.660293e+01  1.156487e+02  2.090004e+01
     vertex  4.654038e+01  1.154663e+02  1.900004e+01
     vertex  4.654038e+01  1.154663e+02  2.090004e+01
   endloop
 endfacet
 facet normal -9.849800e-01  1.726687e-01  0.000000e+00
   outer loop
     vertex  4.662368e+01  1.157671e+02  2.090004e+01
     vertex  4.662368e+01  1.157671e+02  1.900004e+01
     vertex  4.660293e+01  1.156487e+02  1.900004e+01
   endloop
 endfacet
 facet normal -9.849800e-01  1.726687e-01  0.000000e+00
   outer loop
     vertex  4.662368e+01  1.157671e+02  2.090004e+01
     vertex  4.660293e+01  1.156487e+02  1.900004e+01
     vertex  4.660293e+01  1.156487e+02  2.090004e+01
   endloop
 endfacet
 facet normal -9.983929e-01  5.667122e-02  0.000000e+00
   outer loop
     vertex  4.663011e+01  1.158803e+02  2.090004e+01
     vertex  4.663011e+01  1.158803e+02  1.900004e+01
     vertex  4.662368e+01  1.157671e+02  1.900004e+01
   endloop
 endfacet
 facet normal -9.983929e-01  5.667122e-02  0.000000e+00
   outer loop
     vertex  4.663011e+01  1.158803e+02  2.090004e+01
     vertex  4.662368e+01  1.157671e+02  1.900004e+01
     vertex  4.662368e+01  1.157671e+02  2.090004e+01
   endloop
 endfacet
 facet normal -9.997026e-01 -2.438498e-02  0.000000e+00
   outer loop
     vertex  4.861346e+01  1.055628e+02  2.090004e+01
     vertex  4.863011e+01  1.048803e+02  1.900004e+01
     vertex  4.863011e+01  1.048803e+02  2.090004e+01
   endloop
 endfacet
 facet normal -9.997026e-01 -2.438498e-02 -0.000000e+00
   outer loop
     vertex  4.861346e+01  1.055628e+02  2.090004e+01
     vertex  4.861346e+01  1.055628e+02  1.900004e+01
     vertex  4.863011e+01  1.048803e+02  1.900004e+01
   endloop
 endfacet
 facet normal -9.972759e-01 -7.376132e-02 -0.000000e+00
   outer loop
     vertex  4.856172e+01  1.062624e+02  2.090004e+01
     vertex  4.856172e+01  1.062624e+02  1.900004e+01
     vertex  4.861346e+01  1.055628e+02  1.900004e+01
   endloop
 endfacet
 facet normal -9.972759e-01 -7.376132e-02  0.000000e+00
   outer loop
     vertex  4.856172e+01  1.062624e+02  2.090004e+01
     vertex  4.861346e+01  1.055628e+02  1.900004e+01
     vertex  4.861346e+01  1.055628e+02  2.090004e+01
   endloop
 endfacet
 facet normal -9.924166e-01 -1.229196e-01 -0.000000e+00
   outer loop
     vertex  4.847792e+01  1.069389e+02  2.090004e+01
     vertex  4.847792e+01  1.069389e+02  1.900004e+01
     vertex  4.856172e+01  1.062624e+02  1.900004e+01
   endloop
 endfacet
 facet normal -9.924166e-01 -1.229196e-01  0.000000e+00
   outer loop
     vertex  4.847792e+01  1.069389e+02  2.090004e+01
     vertex  4.856172e+01  1.062624e+02  1.900004e+01
     vertex  4.856172e+01  1.062624e+02  2.090004e+01
   endloop
 endfacet
 facet normal -9.852595e-01 -1.710664e-01 -0.000000e+00
   outer loop
     vertex  4.836139e+01  1.076101e+02  2.090004e+01
     vertex  4.836139e+01  1.076101e+02  1.900004e+01
     vertex  4.847792e+01  1.069389e+02  1.900004e+01
   endloop
 endfacet
 facet normal -9.852595e-01 -1.710664e-01  0.000000e+00
   outer loop
     vertex  4.836139e+01  1.076101e+02  2.090004e+01
     vertex  4.847792e+01  1.069389e+02  1.900004e+01
     vertex  4.847792e+01  1.069389e+02  2.090004e+01
   endloop
 endfacet
 facet normal -9.757758e-01 -2.187731e-01 -0.000000e+00
   outer loop
     vertex  4.821247e+01  1.082743e+02  2.090004e+01
     vertex  4.821247e+01  1.082743e+02  1.900004e+01
     vertex  4.836139e+01  1.076101e+02  1.900004e+01
   endloop
 endfacet
 facet normal -9.757758e-01 -2.187731e-01  0.000000e+00
   outer loop
     vertex  4.821247e+01  1.082743e+02  2.090004e+01
     vertex  4.836139e+01  1.076101e+02  1.900004e+01
     vertex  4.836139e+01  1.076101e+02  2.090004e+01
   endloop
 endfacet
 facet normal -9.639926e-01 -2.659289e-01 -0.000000e+00
   outer loop
     vertex  4.803157e+01  1.089300e+02  2.090004e+01
     vertex  4.803157e+01  1.089300e+02  1.900004e+01
     vertex  4.821247e+01  1.082743e+02  1.900004e+01
   endloop
 endfacet
 facet normal -9.639926e-01 -2.659289e-01  0.000000e+00
   outer loop
     vertex  4.803157e+01  1.089300e+02  2.090004e+01
     vertex  4.821247e+01  1.082743e+02  1.900004e+01
     vertex  4.821247e+01  1.082743e+02  2.090004e+01
   endloop
 endfacet
 facet normal -9.499427e-01 -3.124242e-01 -0.000000e+00
   outer loop
     vertex  4.781920e+01  1.095758e+02  2.090004e+01
     vertex  4.781920e+01  1.095758e+02  1.900004e+01
     vertex  4.803157e+01  1.089300e+02  1.900004e+01
   endloop
 endfacet
 facet normal -9.336635e-01 -3.581515e-01 -0.000000e+00
   outer loop
     vertex  4.781920e+01  1.095758e+02  2.090004e+01
     vertex  4.757590e+01  1.102100e+02  1.900004e+01
     vertex  4.781920e+01  1.095758e+02  1.900004e+01
   endloop
 endfacet
 facet normal -9.499427e-01 -3.124242e-01  0.000000e+00
   outer loop
     vertex  4.781920e+01  1.095758e+02  2.090004e+01
     vertex  4.803157e+01  1.089300e+02  1.900004e+01
     vertex  4.803157e+01  1.089300e+02  2.090004e+01
   endloop
 endfacet
 facet normal -9.336635e-01 -3.581515e-01 -0.000000e+00
   outer loop
     vertex  4.757590e+01  1.102100e+02  2.090004e+01
     vertex  4.757590e+01  1.102100e+02  1.900004e+01
     vertex  4.781920e+01  1.095758e+02  2.090004e+01
   endloop
 endfacet
 facet normal -9.151976e-01 -4.030054e-01 -0.000000e+00
   outer loop
     vertex  4.730231e+01  1.108313e+02  2.090004e+01
     vertex  4.730231e+01  1.108313e+02  1.900004e+01
     vertex  4.757590e+01  1.102100e+02  1.900004e+01
   endloop
 endfacet
 facet normal -9.151976e-01 -4.030054e-01  0.000000e+00
   outer loop
     vertex  4.730231e+01  1.108313e+02  2.090004e+01
     vertex  4.757590e+01  1.102100e+02  1.900004e+01
     vertex  4.757590e+01  1.102100e+02  2.090004e+01
   endloop
 endfacet
 facet normal -8.945927e-01 -4.468825e-01 -0.000000e+00
   outer loop
     vertex  4.699914e+01  1.114382e+02  2.090004e+01
     vertex  4.699914e+01  1.114382e+02  1.900004e+01
     vertex  4.730231e+01  1.108313e+02  1.900004e+01
   endloop
 endfacet
 facet normal -8.945927e-01 -4.468825e-01  0.000000e+00
   outer loop
     vertex  4.699914e+01  1.114382e+02  2.090004e+01
     vertex  4.730231e+01  1.108313e+02  1.900004e+01
     vertex  4.730231e+01  1.108313e+02  2.090004e+01
   endloop
 endfacet
 facet normal -8.719009e-01 -4.896823e-01 -0.000000e+00
   outer loop
     vertex  4.666714e+01  1.120294e+02  2.090004e+01
     vertex  4.666714e+01  1.120294e+02  1.900004e+01
     vertex  4.699914e+01  1.114382e+02  1.900004e+01
   endloop
 endfacet
 facet normal -8.719009e-01 -4.896823e-01  0.000000e+00
   outer loop
     vertex  4.666714e+01  1.120294e+02  2.090004e+01
     vertex  4.699914e+01  1.114382e+02  1.900004e+01
     vertex  4.699914e+01  1.114382e+02  2.090004e+01
   endloop
 endfacet
 facet normal -8.471794e-01 -5.313069e-01  0.000000e+00
   outer loop
     vertex  4.630715e+01  1.126034e+02  2.090004e+01
     vertex  4.666714e+01  1.120294e+02  1.900004e+01
     vertex  4.666714e+01  1.120294e+02  2.090004e+01
   endloop
 endfacet
 facet normal -8.471794e-01 -5.313069e-01 -0.000000e+00
   outer loop
     vertex  4.630715e+01  1.126034e+02  2.090004e+01
     vertex  4.630715e+01  1.126034e+02  1.900004e+01
     vertex  4.666714e+01  1.120294e+02  1.900004e+01
   endloop
 endfacet
 facet normal -8.204897e-01 -5.716613e-01 -0.000000e+00
   outer loop
     vertex  4.630715e+01  1.126034e+02  2.090004e+01
     vertex  4.592005e+01  1.131590e+02  1.900004e+01
     vertex  4.630715e+01  1.126034e+02  1.900004e+01
   endloop
 endfacet
 facet normal -8.204897e-01 -5.716613e-01 -0.000000e+00
   outer loop
     vertex  4.592005e+01  1.131590e+02  2.090004e+01
     vertex  4.592005e+01  1.131590e+02  1.900004e+01
     vertex  4.630715e+01  1.126034e+02  2.090004e+01
   endloop
 endfacet
 facet normal -7.918975e-01 -6.106540e-01  0.000000e+00
   outer loop
     vertex  4.550681e+01  1.136949e+02  2.090004e+01
     vertex  4.592005e+01  1.131590e+02  1.900004e+01
     vertex  4.592005e+01  1.131590e+02  2.090004e+01
   endloop
 endfacet
 facet normal -7.918975e-01 -6.106540e-01 -0.000000e+00
   outer loop
     vertex  4.550681e+01  1.136949e+02  2.090004e+01
     vertex  4.550681e+01  1.136949e+02  1.900004e+01
     vertex  4.592005e+01  1.131590e+02  1.900004e+01
   endloop
 endfacet
 facet normal -7.614731e-01 -6.481965e-01  0.000000e+00
   outer loop
     vertex  4.506842e+01  1.142099e+02  2.090004e+01
     vertex  4.550681e+01  1.136949e+02  1.900004e+01
     vertex  4.550681e+01  1.136949e+02  2.090004e+01
   endloop
 endfacet
 facet normal -7.614731e-01 -6.481965e-01 -0.000000e+00
   outer loop
     vertex  4.506842e+01  1.142099e+02  2.090004e+01
     vertex  4.506842e+01  1.142099e+02  1.900004e+01
     vertex  4.550681e+01  1.136949e+02  1.900004e+01
   endloop
 endfacet
 facet normal -7.292905e-01 -6.842042e-01 -0.000000e+00
   outer loop
     vertex  4.506842e+01  1.142099e+02  2.090004e+01
     vertex  4.460596e+01  1.147028e+02  1.900004e+01
     vertex  4.506842e+01  1.142099e+02  1.900004e+01
   endloop
 endfacet
 facet normal -7.292905e-01 -6.842042e-01 -0.000000e+00
   outer loop
     vertex  4.460596e+01  1.147028e+02  2.090004e+01
     vertex  4.460596e+01  1.147028e+02  1.900004e+01
     vertex  4.506842e+01  1.142099e+02  2.090004e+01
   endloop
 endfacet
 facet normal -6.954278e-01 -7.185960e-01 -0.000000e+00
   outer loop
     vertex  4.460596e+01  1.147028e+02  2.090004e+01
     vertex  4.412055e+01  1.151726e+02  1.900004e+01
     vertex  4.460596e+01  1.147028e+02  1.900004e+01
   endloop
 endfacet
 facet normal -6.954278e-01 -7.185960e-01 -0.000000e+00
   outer loop
     vertex  4.412055e+01  1.151726e+02  2.090004e+01
     vertex  4.412055e+01  1.151726e+02  1.900004e+01
     vertex  4.460596e+01  1.147028e+02  2.090004e+01
   endloop
 endfacet
 facet normal -6.599666e-01 -7.512950e-01 -0.000000e+00
   outer loop
     vertex  4.412055e+01  1.151726e+02  2.090004e+01
     vertex  4.361334e+01  1.156181e+02  1.900004e+01
     vertex  4.412055e+01  1.151726e+02  1.900004e+01
   endloop
 endfacet
 facet normal -6.599666e-01 -7.512950e-01 -0.000000e+00
   outer loop
     vertex  4.361334e+01  1.156181e+02  2.090004e+01
     vertex  4.361334e+01  1.156181e+02  1.900004e+01
     vertex  4.412055e+01  1.151726e+02  2.090004e+01
   endloop
 endfacet
 facet normal -6.229920e-01 -7.822282e-01  0.000000e+00
   outer loop
     vertex  4.308556e+01  1.160385e+02  2.090004e+01
     vertex  4.361334e+01  1.156181e+02  1.900004e+01
     vertex  4.361334e+01  1.156181e+02  2.090004e+01
   endloop
 endfacet
 facet normal -6.229920e-01 -7.822282e-01 -0.000000e+00
   outer loop
     vertex  4.308556e+01  1.160385e+02  2.090004e+01
     vertex  4.308556e+01  1.160385e+02  1.900004e+01
     vertex  4.361334e+01  1.156181e+02  1.900004e+01
   endloop
 endfacet
 facet normal -5.845925e-01 -8.113271e-01 -0.000000e+00
   outer loop
     vertex  4.308556e+01  1.160385e+02  2.090004e+01
     vertex  4.253847e+01  1.164327e+02  1.900004e+01
     vertex  4.308556e+01  1.160385e+02  1.900004e+01
   endloop
 endfacet
 facet normal -5.845925e-01 -8.113271e-01 -0.000000e+00
   outer loop
     vertex  4.253847e+01  1.164327e+02  2.090004e+01
     vertex  4.253847e+01  1.164327e+02  1.900004e+01
     vertex  4.308556e+01  1.160385e+02  2.090004e+01
   endloop
 endfacet
 facet normal -5.448596e-01 -8.385273e-01  0.000000e+00
   outer loop
     vertex  4.197337e+01  1.167999e+02  2.090004e+01
     vertex  4.253847e+01  1.164327e+02  1.900004e+01
     vertex  4.253847e+01  1.164327e+02  2.090004e+01
   endloop
 endfacet
 facet normal -5.448596e-01 -8.385273e-01 -0.000000e+00
   outer loop
     vertex  4.197337e+01  1.167999e+02  2.090004e+01
     vertex  4.197337e+01  1.167999e+02  1.900004e+01
     vertex  4.253847e+01  1.164327e+02  1.900004e+01
   endloop
 endfacet
 facet normal -5.038874e-01 -8.637693e-01  0.000000e+00
   outer loop
     vertex  4.139159e+01  1.171392e+02  2.090004e+01
     vertex  4.197337e+01  1.167999e+02  1.900004e+01
     vertex  4.197337e+01  1.167999e+02  2.090004e+01
   endloop
 endfacet
 facet normal -5.038874e-01 -8.637693e-01 -0.000000e+00
   outer loop
     vertex  4.139159e+01  1.171392e+02  2.090004e+01
     vertex  4.139159e+01  1.171392e+02  1.900004e+01
     vertex  4.197337e+01  1.167999e+02  1.900004e+01
   endloop
 endfacet
 facet normal -4.594036e-01 -8.882277e-01  0.000000e+00
   outer loop
     vertex  4.072731e+01  1.174828e+02  2.090004e+01
     vertex  4.139159e+01  1.171392e+02  1.900004e+01
     vertex  4.139159e+01  1.171392e+02  2.090004e+01
   endloop
 endfacet
 facet normal -4.594036e-01 -8.882277e-01 -0.000000e+00
   outer loop
     vertex  4.072731e+01  1.174828e+02  2.090004e+01
     vertex  4.072731e+01  1.174828e+02  1.900004e+01
     vertex  4.139159e+01  1.171392e+02  1.900004e+01
   endloop
 endfacet
 facet normal -4.113340e-01 -9.114847e-01 -0.000000e+00
   outer loop
     vertex  4.004612e+01  1.177902e+02  2.090004e+01
     vertex  4.004612e+01  1.177902e+02  1.900004e+01
     vertex  4.072731e+01  1.174828e+02  1.900004e+01
   endloop
 endfacet
 facet normal -4.113340e-01 -9.114847e-01  0.000000e+00
   outer loop
     vertex  4.004612e+01  1.177902e+02  2.090004e+01
     vertex  4.072731e+01  1.174828e+02  1.900004e+01
     vertex  4.072731e+01  1.174828e+02  2.090004e+01
   endloop
 endfacet
 facet normal -3.621270e-01 -9.321288e-01 -0.000000e+00
   outer loop
     vertex  3.935001e+01  1.180607e+02  2.090004e+01
     vertex  3.935001e+01  1.180607e+02  1.900004e+01
     vertex  4.004612e+01  1.177902e+02  1.900004e+01
   endloop
 endfacet
 facet normal -3.621270e-01 -9.321288e-01  0.000000e+00
   outer loop
     vertex  3.935001e+01  1.180607e+02  2.090004e+01
     vertex  4.004612e+01  1.177902e+02  1.900004e+01
     vertex  4.004612e+01  1.177902e+02  2.090004e+01
   endloop
 endfacet
 facet normal -3.119251e-01 -9.501067e-01 -0.000000e+00
   outer loop
     vertex  3.935001e+01  1.180607e+02  2.090004e+01
     vertex  3.864097e+01  1.182934e+02  1.900004e+01
     vertex  3.935001e+01  1.180607e+02  1.900004e+01
   endloop
 endfacet
 facet normal -2.608731e-01 -9.653731e-01 -0.000000e+00
   outer loop
     vertex  3.864097e+01  1.182934e+02  2.090004e+01
     vertex  3.792106e+01  1.184880e+02  1.900004e+01
     vertex  3.864097e+01  1.182934e+02  1.900004e+01
   endloop
 endfacet
 facet normal -3.119251e-01 -9.501067e-01 -0.000000e+00
   outer loop
     vertex  3.864097e+01  1.182934e+02  2.090004e+01
     vertex  3.864097e+01  1.182934e+02  1.900004e+01
     vertex  3.935001e+01  1.180607e+02  2.090004e+01
   endloop
 endfacet
 facet normal -2.608731e-01 -9.653731e-01 -0.000000e+00
   outer loop
     vertex  3.792106e+01  1.184880e+02  2.090004e+01
     vertex  3.792106e+01  1.184880e+02  1.900004e+01
     vertex  3.864097e+01  1.182934e+02  2.090004e+01
   endloop
 endfacet
 facet normal -2.091179e-01 -9.778904e-01 -0.000000e+00
   outer loop
     vertex  3.719234e+01  1.186438e+02  2.090004e+01
     vertex  3.719234e+01  1.186438e+02  1.900004e+01
     vertex  3.792106e+01  1.184880e+02  1.900004e+01
   endloop
 endfacet
 facet normal -1.568078e-01 -9.876291e-01 -0.000000e+00
   outer loop
     vertex  3.719234e+01  1.186438e+02  2.090004e+01
     vertex  3.645690e+01  1.187606e+02  1.900004e+01
     vertex  3.719234e+01  1.186438e+02  1.900004e+01
   endloop
 endfacet
 facet normal -2.091179e-01 -9.778904e-01  0.000000e+00
   outer loop
     vertex  3.719234e+01  1.186438e+02  2.090004e+01
     vertex  3.792106e+01  1.184880e+02  1.900004e+01
     vertex  3.792106e+01  1.184880e+02  2.090004e+01
   endloop
 endfacet
 facet normal -1.568078e-01 -9.876291e-01 -0.000000e+00
   outer loop
     vertex  3.645690e+01  1.187606e+02  2.090004e+01
     vertex  3.645690e+01  1.187606e+02  1.900004e+01
     vertex  3.719234e+01  1.186438e+02  2.090004e+01
   endloop
 endfacet
 facet normal -1.040923e-01 -9.945676e-01 -0.000000e+00
   outer loop
     vertex  3.571683e+01  1.188380e+02  2.090004e+01
     vertex  3.571683e+01  1.188380e+02  1.900004e+01
     vertex  3.645690e+01  1.187606e+02  1.900004e+01
   endloop
 endfacet
 facet normal -1.040923e-01 -9.945676e-01  0.000000e+00
   outer loop
     vertex  3.571683e+01  1.188380e+02  2.090004e+01
     vertex  3.645690e+01  1.187606e+02  1.900004e+01
     vertex  3.645690e+01  1.187606e+02  2.090004e+01
   endloop
 endfacet
 facet normal -5.112153e-02 -9.986924e-01 -0.000000e+00
   outer loop
     vertex  3.497424e+01  1.188761e+02  2.090004e+01
     vertex  3.497424e+01  1.188761e+02  1.900004e+01
     vertex  3.571683e+01  1.188380e+02  1.900004e+01
   endloop
 endfacet
 facet normal  1.954149e-03 -9.999981e-01  0.000000e+00
   outer loop
     vertex  3.497424e+01  1.188761e+02  2.090004e+01
     vertex  3.423123e+01  1.188746e+02  1.900004e+01
     vertex  3.497424e+01  1.188761e+02  1.900004e+01
   endloop
 endfacet
 facet normal -5.112153e-02 -9.986924e-01  0.000000e+00
   outer loop
     vertex  3.497424e+01  1.188761e+02  2.090004e+01
     vertex  3.571683e+01  1.188380e+02  1.900004e+01
     vertex  3.571683e+01  1.188380e+02  2.090004e+01
   endloop
 endfacet
 facet normal  1.954149e-03 -9.999981e-01  0.000000e+00
   outer loop
     vertex  3.423123e+01  1.188746e+02  2.090004e+01
     vertex  3.423123e+01  1.188746e+02  1.900004e+01
     vertex  3.497424e+01  1.188761e+02  2.090004e+01
   endloop
 endfacet
 facet normal  5.498455e-02 -9.984872e-01  0.000000e+00
   outer loop
     vertex  3.348990e+01  1.188338e+02  2.090004e+01
     vertex  3.348990e+01  1.188338e+02  1.900004e+01
     vertex  3.423123e+01  1.188746e+02  1.900004e+01
   endloop
 endfacet
 facet normal  5.498455e-02 -9.984872e-01  0.000000e+00
   outer loop
     vertex  3.348990e+01  1.188338e+02  2.090004e+01
     vertex  3.423123e+01  1.188746e+02  1.900004e+01
     vertex  3.423123e+01  1.188746e+02  2.090004e+01
   endloop
 endfacet
 facet normal  1.078201e-01 -9.941704e-01  0.000000e+00
   outer loop
     vertex  3.275235e+01  1.187538e+02  2.090004e+01
     vertex  3.275235e+01  1.187538e+02  1.900004e+01
     vertex  3.348990e+01  1.188338e+02  1.900004e+01
   endloop
 endfacet
 facet normal  1.078201e-01 -9.941704e-01  0.000000e+00
   outer loop
     vertex  3.275235e+01  1.187538e+02  2.090004e+01
     vertex  3.348990e+01  1.188338e+02  1.900004e+01
     vertex  3.348990e+01  1.188338e+02  2.090004e+01
   endloop
 endfacet
 facet normal  1.603124e-01 -9.870663e-01  0.000000e+00
   outer loop
     vertex  3.202063e+01  1.186350e+02  2.090004e+01
     vertex  3.202063e+01  1.186350e+02  1.900004e+01
     vertex  3.275235e+01  1.187538e+02  1.900004e+01
   endloop
 endfacet
 facet normal  1.603124e-01 -9.870663e-01  0.000000e+00
   outer loop
     vertex  3.202063e+01  1.186350e+02  2.090004e+01
     vertex  3.275235e+01  1.187538e+02  1.900004e+01
     vertex  3.275235e+01  1.187538e+02  2.090004e+01
   endloop
 endfacet
 facet normal  2.123143e-01 -9.772014e-01  0.000000e+00
   outer loop
     vertex  3.129680e+01  1.184777e+02  2.090004e+01
     vertex  3.129680e+01  1.184777e+02  1.900004e+01
     vertex  3.202063e+01  1.186350e+02  1.900004e+01
   endloop
 endfacet
 facet normal  2.123143e-01 -9.772014e-01  0.000000e+00
   outer loop
     vertex  3.129680e+01  1.184777e+02  2.090004e+01
     vertex  3.202063e+01  1.186350e+02  1.900004e+01
     vertex  3.202063e+01  1.186350e+02  2.090004e+01
   endloop
 endfacet
 facet normal  2.636807e-01 -9.646100e-01  0.000000e+00
   outer loop
     vertex  3.058287e+01  1.182825e+02  2.090004e+01
     vertex  3.058287e+01  1.182825e+02  1.900004e+01
     vertex  3.129680e+01  1.184777e+02  1.900004e+01
   endloop
 endfacet
 facet normal  2.636807e-01 -9.646100e-01  0.000000e+00
   outer loop
     vertex  3.058287e+01  1.182825e+02  2.090004e+01
     vertex  3.129680e+01  1.184777e+02  1.900004e+01
     vertex  3.129680e+01  1.184777e+02  2.090004e+01
   endloop
 endfacet
 facet normal  3.142688e-01 -9.493340e-01  0.000000e+00
   outer loop
     vertex  2.988082e+01  1.180501e+02  2.090004e+01
     vertex  3.058287e+01  1.182825e+02  1.900004e+01
     vertex  3.058287e+01  1.182825e+02  2.090004e+01
   endloop
 endfacet
 facet normal  3.142688e-01 -9.493340e-01  0.000000e+00
   outer loop
     vertex  2.988082e+01  1.180501e+02  2.090004e+01
     vertex  2.988082e+01  1.180501e+02  1.900004e+01
     vertex  3.058287e+01  1.182825e+02  1.900004e+01
   endloop
 endfacet
 facet normal  3.639385e-01 -9.314230e-01  0.000000e+00
   outer loop
     vertex  2.988082e+01  1.180501e+02  2.090004e+01
     vertex  2.919259e+01  1.177812e+02  1.900004e+01
     vertex  2.988082e+01  1.180501e+02  1.900004e+01
   endloop
 endfacet
 facet normal  3.639385e-01 -9.314230e-01  0.000000e+00
   outer loop
     vertex  2.919259e+01  1.177812e+02  2.090004e+01
     vertex  2.919259e+01  1.177812e+02  1.900004e+01
     vertex  2.988082e+01  1.180501e+02  2.090004e+01
   endloop
 endfacet
 facet normal  4.125529e-01 -9.109336e-01  0.000000e+00
   outer loop
     vertex  2.852008e+01  1.174766e+02  2.090004e+01
     vertex  2.919259e+01  1.177812e+02  1.900004e+01
     vertex  2.919259e+01  1.177812e+02  2.090004e+01
   endloop
 endfacet
 facet normal  4.125529e-01 -9.109336e-01  0.000000e+00
   outer loop
     vertex  2.852008e+01  1.174766e+02  2.090004e+01
     vertex  2.852008e+01  1.174766e+02  1.900004e+01
     vertex  2.919259e+01  1.177812e+02  1.900004e+01
   endloop
 endfacet
 facet normal  4.599785e-01 -8.879301e-01  0.000000e+00
   outer loop
     vertex  2.786513e+01  1.171373e+02  2.090004e+01
     vertex  2.852008e+01  1.174766e+02  1.900004e+01
     vertex  2.852008e+01  1.174766e+02  2.090004e+01
   endloop
 endfacet
 facet normal  4.599785e-01 -8.879301e-01  0.000000e+00
   outer loop
     vertex  2.786513e+01  1.171373e+02  2.090004e+01
     vertex  2.786513e+01  1.171373e+02  1.900004e+01
     vertex  2.852008e+01  1.174766e+02  1.900004e+01
   endloop
 endfacet
 facet normal  5.063682e-01 -8.623174e-01  0.000000e+00
   outer loop
     vertex  2.722173e+01  1.167595e+02  2.090004e+01
     vertex  2.786513e+01  1.171373e+02  1.900004e+01
     vertex  2.786513e+01  1.171373e+02  2.090004e+01
   endloop
 endfacet
 facet normal  5.063682e-01 -8.623174e-01  0.000000e+00
   outer loop
     vertex  2.722173e+01  1.167595e+02  2.090004e+01
     vertex  2.722173e+01  1.167595e+02  1.900004e+01
     vertex  2.786513e+01  1.171373e+02  1.900004e+01
   endloop
 endfacet
 facet normal  5.496893e-01 -8.353692e-01  0.000000e+00
   outer loop
     vertex  2.665167e+01  1.163844e+02  2.090004e+01
     vertex  2.722173e+01  1.167595e+02  1.900004e+01
     vertex  2.722173e+01  1.167595e+02  2.090004e+01
   endloop
 endfacet
 facet normal  5.496893e-01 -8.353692e-01  0.000000e+00
   outer loop
     vertex  2.665167e+01  1.163844e+02  2.090004e+01
     vertex  2.665167e+01  1.163844e+02  1.900004e+01
     vertex  2.722173e+01  1.167595e+02  1.900004e+01
   endloop
 endfacet
 facet normal  5.897277e-01 -8.076021e-01  0.000000e+00
   outer loop
     vertex  2.610098e+01  1.159823e+02  2.090004e+01
     vertex  2.665167e+01  1.163844e+02  1.900004e+01
     vertex  2.665167e+01  1.163844e+02  2.090004e+01
   endloop
 endfacet
 facet normal  5.897277e-01 -8.076021e-01  0.000000e+00
   outer loop
     vertex  2.610098e+01  1.159823e+02  2.090004e+01
     vertex  2.610098e+01  1.159823e+02  1.900004e+01
     vertex  2.665167e+01  1.163844e+02  1.900004e+01
   endloop
 endfacet
 facet normal  6.283375e-01 -7.779409e-01  0.000000e+00
   outer loop
     vertex  2.610098e+01  1.159823e+02  2.090004e+01
     vertex  2.557091e+01  1.155542e+02  1.900004e+01
     vertex  2.610098e+01  1.159823e+02  1.900004e+01
   endloop
 endfacet
 facet normal  6.283375e-01 -7.779409e-01  0.000000e+00
   outer loop
     vertex  2.557091e+01  1.155542e+02  2.090004e+01
     vertex  2.557091e+01  1.155542e+02  1.900004e+01
     vertex  2.610098e+01  1.159823e+02  2.090004e+01
   endloop
 endfacet
 facet normal  6.654309e-01 -7.464594e-01  0.000000e+00
   outer loop
     vertex  2.506266e+01  1.151011e+02  2.090004e+01
     vertex  2.557091e+01  1.155542e+02  1.900004e+01
     vertex  2.557091e+01  1.155542e+02  2.090004e+01
   endloop
 endfacet
 facet normal  6.654309e-01 -7.464594e-01  0.000000e+00
   outer loop
     vertex  2.506266e+01  1.151011e+02  2.090004e+01
     vertex  2.506266e+01  1.151011e+02  1.900004e+01
     vertex  2.557091e+01  1.155542e+02  1.900004e+01
   endloop
 endfacet
 facet normal  7.009244e-01 -7.132355e-01  0.000000e+00
   outer loop
     vertex  2.457737e+01  1.146242e+02  2.090004e+01
     vertex  2.506266e+01  1.151011e+02  1.900004e+01
     vertex  2.506266e+01  1.151011e+02  2.090004e+01
   endloop
 endfacet
 facet normal  7.009244e-01 -7.132355e-01  0.000000e+00
   outer loop
     vertex  2.457737e+01  1.146242e+02  2.090004e+01
     vertex  2.457737e+01  1.146242e+02  1.900004e+01
     vertex  2.506266e+01  1.151011e+02  1.900004e+01
   endloop
 endfacet
 facet normal  7.347381e-01 -6.783509e-01  0.000000e+00
   outer loop
     vertex  2.411615e+01  1.141246e+02  2.090004e+01
     vertex  2.457737e+01  1.146242e+02  1.900004e+01
     vertex  2.457737e+01  1.146242e+02  2.090004e+01
   endloop
 endfacet
 facet normal  7.347381e-01 -6.783509e-01  0.000000e+00
   outer loop
     vertex  2.411615e+01  1.141246e+02  2.090004e+01
     vertex  2.411615e+01  1.141246e+02  1.900004e+01
     vertex  2.457737e+01  1.146242e+02  1.900004e+01
   endloop
 endfacet
 facet normal  7.667961e-01 -6.418908e-01  0.000000e+00
   outer loop
     vertex  2.411615e+01  1.141246e+02  2.090004e+01
     vertex  2.368000e+01  1.136036e+02  1.900004e+01
     vertex  2.411615e+01  1.141246e+02  1.900004e+01
   endloop
 endfacet
 facet normal  7.667961e-01 -6.418908e-01  0.000000e+00
   outer loop
     vertex  2.368000e+01  1.136036e+02  2.090004e+01
     vertex  2.368000e+01  1.136036e+02  1.900004e+01
     vertex  2.411615e+01  1.141246e+02  2.090004e+01
   endloop
 endfacet
 facet normal  7.970270e-01 -6.039437e-01  0.000000e+00
   outer loop
     vertex  2.326992e+01  1.130624e+02  2.090004e+01
     vertex  2.368000e+01  1.136036e+02  1.900004e+01
     vertex  2.368000e+01  1.136036e+02  2.090004e+01
   endloop
 endfacet
 facet normal  7.970270e-01 -6.039437e-01  0.000000e+00
   outer loop
     vertex  2.326992e+01  1.130624e+02  2.090004e+01
     vertex  2.326992e+01  1.130624e+02  1.900004e+01
     vertex  2.368000e+01  1.136036e+02  1.900004e+01
   endloop
 endfacet
 facet normal  8.253637e-01 -5.646015e-01  0.000000e+00
   outer loop
     vertex  2.288680e+01  1.125023e+02  2.090004e+01
     vertex  2.326992e+01  1.130624e+02  1.900004e+01
     vertex  2.326992e+01  1.130624e+02  2.090004e+01
   endloop
 endfacet
 facet normal  8.253637e-01 -5.646015e-01  0.000000e+00
   outer loop
     vertex  2.288680e+01  1.125023e+02  2.090004e+01
     vertex  2.288680e+01  1.125023e+02  1.900004e+01
     vertex  2.326992e+01  1.130624e+02  1.900004e+01
   endloop
 endfacet
 facet normal  8.517436e-01 -5.239588e-01  0.000000e+00
   outer loop
     vertex  2.288680e+01  1.125023e+02  2.090004e+01
     vertex  2.253149e+01  1.119247e+02  1.900004e+01
     vertex  2.288680e+01  1.125023e+02  1.900004e+01
   endloop
 endfacet
 facet normal  8.517436e-01 -5.239588e-01  0.000000e+00
   outer loop
     vertex  2.253149e+01  1.119247e+02  2.090004e+01
     vertex  2.253149e+01  1.119247e+02  1.900004e+01
     vertex  2.288680e+01  1.125023e+02  2.090004e+01
   endloop
 endfacet
 facet normal  8.761090e-01 -4.821130e-01  0.000000e+00
   outer loop
     vertex  2.220476e+01  1.113310e+02  2.090004e+01
     vertex  2.253149e+01  1.119247e+02  1.900004e+01
     vertex  2.253149e+01  1.119247e+02  2.090004e+01
   endloop
 endfacet
 facet normal  8.761090e-01 -4.821130e-01  0.000000e+00
   outer loop
     vertex  2.220476e+01  1.113310e+02  2.090004e+01
     vertex  2.220476e+01  1.113310e+02  1.900004e+01
     vertex  2.253149e+01  1.119247e+02  1.900004e+01
   endloop
 endfacet
 facet normal  8.984068e-01 -4.391642e-01  0.000000e+00
   outer loop
     vertex  2.190732e+01  1.107225e+02  2.090004e+01
     vertex  2.220476e+01  1.113310e+02  1.900004e+01
     vertex  2.220476e+01  1.113310e+02  2.090004e+01
   endloop
 endfacet
 facet normal  8.984068e-01 -4.391642e-01  0.000000e+00
   outer loop
     vertex  2.190732e+01  1.107225e+02  2.090004e+01
     vertex  2.190732e+01  1.107225e+02  1.900004e+01
     vertex  2.220476e+01  1.113310e+02  1.900004e+01
   endloop
 endfacet
 facet normal  9.185888e-01 -3.952146e-01  0.000000e+00
   outer loop
     vertex  2.190732e+01  1.107225e+02  2.090004e+01
     vertex  2.163982e+01  1.101008e+02  1.900004e+01
     vertex  2.190732e+01  1.107225e+02  1.900004e+01
   endloop
 endfacet
 facet normal  9.185888e-01 -3.952146e-01  0.000000e+00
   outer loop
     vertex  2.163982e+01  1.101008e+02  2.090004e+01
     vertex  2.163982e+01  1.101008e+02  1.900004e+01
     vertex  2.190732e+01  1.107225e+02  2.090004e+01
   endloop
 endfacet
 facet normal  9.366120e-01 -3.503683e-01  0.000000e+00
   outer loop
     vertex  2.140281e+01  1.094672e+02  2.090004e+01
     vertex  2.163982e+01  1.101008e+02  1.900004e+01
     vertex  2.163982e+01  1.101008e+02  2.090004e+01
   endloop
 endfacet
 facet normal  9.366120e-01 -3.503683e-01  0.000000e+00
   outer loop
     vertex  2.140281e+01  1.094672e+02  2.090004e+01
     vertex  2.140281e+01  1.094672e+02  1.900004e+01
     vertex  2.163982e+01  1.101008e+02  1.900004e+01
   endloop
 endfacet
 facet normal  9.524383e-01 -3.047314e-01  0.000000e+00
   outer loop
     vertex  2.119680e+01  1.088233e+02  2.090004e+01
     vertex  2.140281e+01  1.094672e+02  1.900004e+01
     vertex  2.140281e+01  1.094672e+02  2.090004e+01
   endloop
 endfacet
 facet normal  9.524383e-01 -3.047314e-01  0.000000e+00
   outer loop
     vertex  2.119680e+01  1.088233e+02  2.090004e+01
     vertex  2.119680e+01  1.088233e+02  1.900004e+01
     vertex  2.140281e+01  1.094672e+02  1.900004e+01
   endloop
 endfacet
 facet normal  9.660349e-01 -2.584115e-01  0.000000e+00
   outer loop
     vertex  2.102221e+01  1.081706e+02  2.090004e+01
     vertex  2.102221e+01  1.081706e+02  1.900004e+01
     vertex  2.119680e+01  1.088233e+02  1.900004e+01
   endloop
 endfacet
 facet normal  9.660349e-01 -2.584115e-01  0.000000e+00
   outer loop
     vertex  2.102221e+01  1.081706e+02  2.090004e+01
     vertex  2.119680e+01  1.088233e+02  1.900004e+01
     vertex  2.119680e+01  1.088233e+02  2.090004e+01
   endloop
 endfacet
 facet normal  9.773742e-01 -2.115174e-01  0.000000e+00
   outer loop
     vertex  2.087938e+01  1.075107e+02  2.090004e+01
     vertex  2.087938e+01  1.075107e+02  1.900004e+01
     vertex  2.102221e+01  1.081706e+02  1.900004e+01
   endloop
 endfacet
 facet normal  9.773742e-01 -2.115174e-01  0.000000e+00
   outer loop
     vertex  2.087938e+01  1.075107e+02  2.090004e+01
     vertex  2.102221e+01  1.081706e+02  1.900004e+01
     vertex  2.102221e+01  1.081706e+02  2.090004e+01
   endloop
 endfacet
 facet normal  9.864339e-01 -1.641591e-01  0.000000e+00
   outer loop
     vertex  2.076860e+01  1.068450e+02  2.090004e+01
     vertex  2.076860e+01  1.068450e+02  1.900004e+01
     vertex  2.087938e+01  1.075107e+02  1.900004e+01
   endloop
 endfacet
 facet normal  9.864339e-01 -1.641591e-01  0.000000e+00
   outer loop
     vertex  2.076860e+01  1.068450e+02  2.090004e+01
     vertex  2.087938e+01  1.075107e+02  1.900004e+01
     vertex  2.087938e+01  1.075107e+02  2.090004e+01
   endloop
 endfacet
 facet normal  9.931969e-01 -1.164472e-01  0.000000e+00
   outer loop
     vertex  2.069006e+01  1.061751e+02  2.090004e+01
     vertex  2.069006e+01  1.061751e+02  1.900004e+01
     vertex  2.076860e+01  1.068450e+02  1.900004e+01
   endloop
 endfacet
 facet normal  9.931969e-01 -1.164472e-01  0.000000e+00
   outer loop
     vertex  2.069006e+01  1.061751e+02  2.090004e+01
     vertex  2.076860e+01  1.068450e+02  1.900004e+01
     vertex  2.076860e+01  1.068450e+02  2.090004e+01
   endloop
 endfacet
 facet normal  9.976516e-01 -6.849298e-02  0.000000e+00
   outer loop
     vertex  2.064389e+01  1.055026e+02  2.090004e+01
     vertex  2.064389e+01  1.055026e+02  1.900004e+01
     vertex  2.069006e+01  1.061751e+02  1.900004e+01
   endloop
 endfacet
 facet normal  9.976516e-01 -6.849298e-02  0.000000e+00
   outer loop
     vertex  2.064389e+01  1.055026e+02  2.090004e+01
     vertex  2.069006e+01  1.061751e+02  1.900004e+01
     vertex  2.069006e+01  1.061751e+02  2.090004e+01
   endloop
 endfacet
 facet normal  9.997917e-01 -2.040784e-02  0.000000e+00
   outer loop
     vertex  2.063015e+01  1.048291e+02  2.090004e+01
     vertex  2.064389e+01  1.055026e+02  1.900004e+01
     vertex  2.064389e+01  1.055026e+02  2.090004e+01
   endloop
 endfacet
 facet normal  9.997917e-01 -2.040784e-02  0.000000e+00
   outer loop
     vertex  2.063015e+01  1.048291e+02  2.090004e+01
     vertex  2.063015e+01  1.048291e+02  1.900004e+01
     vertex  2.064389e+01  1.055026e+02  1.900004e+01
   endloop
 endfacet
 facet normal  9.995388e-01  3.036623e-02  0.000000e+00
   outer loop
     vertex  2.063015e+01  1.048291e+02  2.090004e+01
     vertex  2.065286e+01  1.040814e+02  1.900004e+01
     vertex  2.063015e+01  1.048291e+02  1.900004e+01
   endloop
 endfacet
 facet normal  9.995388e-01  3.036623e-02  0.000000e+00
   outer loop
     vertex  2.065286e+01  1.040814e+02  2.090004e+01
     vertex  2.065286e+01  1.040814e+02  1.900004e+01
     vertex  2.063015e+01  1.048291e+02  2.090004e+01
   endloop
 endfacet
 facet normal  9.964918e-01  8.369070e-02  0.000000e+00
   outer loop
     vertex  2.071542e+01  1.033366e+02  2.090004e+01
     vertex  2.065286e+01  1.040814e+02  1.900004e+01
     vertex  2.065286e+01  1.040814e+02  2.090004e+01
   endloop
 endfacet
 facet normal  9.964918e-01  8.369070e-02  0.000000e+00
   outer loop
     vertex  2.071542e+01  1.033366e+02  2.090004e+01
     vertex  2.071542e+01  1.033366e+02  1.900004e+01
     vertex  2.065286e+01  1.040814e+02  1.900004e+01
   endloop
 endfacet
 facet normal  9.906072e-01  1.367387e-01  0.000000e+00
   outer loop
     vertex  2.081756e+01  1.025966e+02  2.090004e+01
     vertex  2.071542e+01  1.033366e+02  1.900004e+01
     vertex  2.071542e+01  1.033366e+02  2.090004e+01
   endloop
 endfacet
 facet normal  9.906072e-01  1.367387e-01  0.000000e+00
   outer loop
     vertex  2.081756e+01  1.025966e+02  2.090004e+01
     vertex  2.081756e+01  1.025966e+02  1.900004e+01
     vertex  2.071542e+01  1.033366e+02  1.900004e+01
   endloop
 endfacet
 facet normal  9.819078e-01  1.893597e-01  0.000000e+00
   outer loop
     vertex  2.095890e+01  1.018637e+02  2.090004e+01
     vertex  2.081756e+01  1.025966e+02  1.900004e+01
     vertex  2.081756e+01  1.025966e+02  2.090004e+01
   endloop
 endfacet
 facet normal  9.819078e-01  1.893597e-01  0.000000e+00
   outer loop
     vertex  2.095890e+01  1.018637e+02  2.090004e+01
     vertex  2.095890e+01  1.018637e+02  1.900004e+01
     vertex  2.081756e+01  1.025966e+02  1.900004e+01
   endloop
 endfacet
 facet normal  9.704245e-01  2.414050e-01  0.000000e+00
   outer loop
     vertex  2.113896e+01  1.011399e+02  2.090004e+01
     vertex  2.095890e+01  1.018637e+02  1.900004e+01
     vertex  2.095890e+01  1.018637e+02  2.090004e+01
   endloop
 endfacet
 facet normal  9.704245e-01  2.414050e-01  0.000000e+00
   outer loop
     vertex  2.113896e+01  1.011399e+02  2.090004e+01
     vertex  2.113896e+01  1.011399e+02  1.900004e+01
     vertex  2.095890e+01  1.018637e+02  1.900004e+01
   endloop
 endfacet
 facet normal  9.561958e-01  2.927279e-01  0.000000e+00
   outer loop
     vertex  2.135715e+01  1.004272e+02  2.090004e+01
     vertex  2.113896e+01  1.011399e+02  1.900004e+01
     vertex  2.113896e+01  1.011399e+02  2.090004e+01
   endloop
 endfacet
 facet normal  9.561958e-01  2.927279e-01  0.000000e+00
   outer loop
     vertex  2.135715e+01  1.004272e+02  2.090004e+01
     vertex  2.135715e+01  1.004272e+02  1.900004e+01
     vertex  2.113896e+01  1.011399e+02  1.900004e+01
   endloop
 endfacet
 facet normal  9.392680e-01  3.431845e-01  0.000000e+00
   outer loop
     vertex  2.161276e+01  9.972757e+01  2.090004e+01
     vertex  2.135715e+01  1.004272e+02  1.900004e+01
     vertex  2.135715e+01  1.004272e+02  2.090004e+01
   endloop
 endfacet
 facet normal  9.392680e-01  3.431845e-01  0.000000e+00
   outer loop
     vertex  2.161276e+01  9.972757e+01  2.090004e+01
     vertex  2.161276e+01  9.972757e+01  1.900004e+01
     vertex  2.135715e+01  1.004272e+02  1.900004e+01
   endloop
 endfacet
 facet normal  9.196951e-01  3.926334e-01  0.000000e+00
   outer loop
     vertex  2.161276e+01  9.972757e+01  2.090004e+01
     vertex  2.190499e+01  9.904307e+01  1.900004e+01
     vertex  2.161276e+01  9.972757e+01  1.900004e+01
   endloop
 endfacet
 facet normal  9.196951e-01  3.926334e-01  0.000000e+00
   outer loop
     vertex  2.190499e+01  9.904307e+01  2.090004e+01
     vertex  2.190499e+01  9.904307e+01  1.900004e+01
     vertex  2.161276e+01  9.972757e+01  2.090004e+01
   endloop
 endfacet
 facet normal  8.975381e-01  4.409369e-01  0.000000e+00
   outer loop
     vertex  2.190499e+01  9.904307e+01  2.090004e+01
     vertex  2.223292e+01  9.837555e+01  1.900004e+01
     vertex  2.190499e+01  9.904307e+01  1.900004e+01
   endloop
 endfacet
 facet normal  8.975381e-01  4.409369e-01  0.000000e+00
   outer loop
     vertex  2.223292e+01  9.837555e+01  2.090004e+01
     vertex  2.223292e+01  9.837555e+01  1.900004e+01
     vertex  2.190499e+01  9.904307e+01  2.090004e+01
   endloop
 endfacet
 facet normal  8.728656e-01  4.879608e-01  0.000000e+00
   outer loop
     vertex  2.259556e+01  9.772686e+01  2.090004e+01
     vertex  2.223292e+01  9.837555e+01  1.900004e+01
     vertex  2.223292e+01  9.837555e+01  2.090004e+01
   endloop
 endfacet
 facet normal  8.728656e-01  4.879608e-01  0.000000e+00
   outer loop
     vertex  2.259556e+01  9.772686e+01  2.090004e+01
     vertex  2.259556e+01  9.772686e+01  1.900004e+01
     vertex  2.223292e+01  9.837555e+01  1.900004e+01
   endloop
 endfacet
 facet normal  8.457527e-01  5.335750e-01  0.000000e+00
   outer loop
     vertex  2.299180e+01  9.709879e+01  2.090004e+01
     vertex  2.259556e+01  9.772686e+01  1.900004e+01
     vertex  2.259556e+01  9.772686e+01  2.090004e+01
   endloop
 endfacet
 facet normal  8.457527e-01  5.335750e-01  0.000000e+00
   outer loop
     vertex  2.299180e+01  9.709879e+01  2.090004e+01
     vertex  2.299180e+01  9.709879e+01  1.900004e+01
     vertex  2.259556e+01  9.772686e+01  1.900004e+01
   endloop
 endfacet
 facet normal  8.162816e-01  5.776541e-01  0.000000e+00
   outer loop
     vertex  2.342045e+01  9.649306e+01  2.090004e+01
     vertex  2.299180e+01  9.709879e+01  1.900004e+01
     vertex  2.299180e+01  9.709879e+01  2.090004e+01
   endloop
 endfacet
 facet normal  8.162816e-01  5.776541e-01  0.000000e+00
   outer loop
     vertex  2.342045e+01  9.649306e+01  2.090004e+01
     vertex  2.342045e+01  9.649306e+01  1.900004e+01
     vertex  2.299180e+01  9.709879e+01  1.900004e+01
   endloop
 endfacet
 facet normal  7.845408e-01  6.200772e-01  0.000000e+00
   outer loop
     vertex  2.388023e+01  9.591135e+01  2.090004e+01
     vertex  2.388023e+01  9.591135e+01  1.900004e+01
     vertex  2.342045e+01  9.649306e+01  1.900004e+01
   endloop
 endfacet
 facet normal  7.845408e-01  6.200772e-01  0.000000e+00
   outer loop
     vertex  2.388023e+01  9.591135e+01  2.090004e+01
     vertex  2.342045e+01  9.649306e+01  1.900004e+01
     vertex  2.342045e+01  9.649306e+01  2.090004e+01
   endloop
 endfacet
 facet normal  7.506249e-01  6.607286e-01  0.000000e+00
   outer loop
     vertex  2.436976e+01  9.535521e+01  2.090004e+01
     vertex  2.436976e+01  9.535521e+01  1.900004e+01
     vertex  2.388023e+01  9.591135e+01  1.900004e+01
   endloop
 endfacet
 facet normal  7.506249e-01  6.607286e-01  0.000000e+00
   outer loop
     vertex  2.436976e+01  9.535521e+01  2.090004e+01
     vertex  2.388023e+01  9.591135e+01  1.900004e+01
     vertex  2.388023e+01  9.591135e+01  2.090004e+01
   endloop
 endfacet
 facet normal  7.146344e-01  6.994981e-01  0.000000e+00
   outer loop
     vertex  2.488760e+01  9.482617e+01  2.090004e+01
     vertex  2.488760e+01  9.482617e+01  1.900004e+01
     vertex  2.436976e+01  9.535521e+01  1.900004e+01
   endloop
 endfacet
 facet normal  7.146344e-01  6.994981e-01  0.000000e+00
   outer loop
     vertex  2.488760e+01  9.482617e+01  2.090004e+01
     vertex  2.436976e+01  9.535521e+01  1.900004e+01
     vertex  2.436976e+01  9.535521e+01  2.090004e+01
   endloop
 endfacet
 facet normal  6.766756e-01  7.362813e-01  0.000000e+00
   outer loop
     vertex  2.543222e+01  9.432563e+01  2.090004e+01
     vertex  2.543222e+01  9.432563e+01  1.900004e+01
     vertex  2.488760e+01  9.482617e+01  1.900004e+01
   endloop
 endfacet
 facet normal  6.368598e-01  7.709797e-01  0.000000e+00
   outer loop
     vertex  2.543222e+01  9.432563e+01  2.090004e+01
     vertex  2.600204e+01  9.385494e+01  1.900004e+01
     vertex  2.543222e+01  9.432563e+01  1.900004e+01
   endloop
 endfacet
 facet normal  6.766756e-01  7.362813e-01  0.000000e+00
   outer loop
     vertex  2.543222e+01  9.432563e+01  2.090004e+01
     vertex  2.488760e+01  9.482617e+01  1.900004e+01
     vertex  2.488760e+01  9.482617e+01  2.090004e+01
   endloop
 endfacet
 facet normal  6.368598e-01  7.709797e-01  0.000000e+00
   outer loop
     vertex  2.600204e+01  9.385494e+01  2.090004e+01
     vertex  2.600204e+01  9.385494e+01  1.900004e+01
     vertex  2.543222e+01  9.432563e+01  2.090004e+01
   endloop
 endfacet
 facet normal  5.953033e-01  8.035011e-01  0.000000e+00
   outer loop
     vertex  2.659539e+01  9.341533e+01  2.090004e+01
     vertex  2.659539e+01  9.341533e+01  1.900004e+01
     vertex  2.600204e+01  9.385494e+01  1.900004e+01
   endloop
 endfacet
 facet normal  5.953033e-01  8.035011e-01  0.000000e+00
   outer loop
     vertex  2.659539e+01  9.341533e+01  2.090004e+01
     vertex  2.600204e+01  9.385494e+01  1.900004e+01
     vertex  2.600204e+01  9.385494e+01  2.090004e+01
   endloop
 endfacet
 facet normal  5.521270e-01  8.337600e-01  0.000000e+00
   outer loop
     vertex  2.721055e+01  9.300796e+01  2.090004e+01
     vertex  2.721055e+01  9.300796e+01  1.900004e+01
     vertex  2.659539e+01  9.341533e+01  1.900004e+01
   endloop
 endfacet
 facet normal  5.521270e-01  8.337600e-01  0.000000e+00
   outer loop
     vertex  2.721055e+01  9.300796e+01  2.090004e+01
     vertex  2.659539e+01  9.341533e+01  1.900004e+01
     vertex  2.659539e+01  9.341533e+01  2.090004e+01
   endloop
 endfacet
 facet normal  5.073773e-01  8.617240e-01  0.000000e+00
   outer loop
     vertex  2.784798e+01  9.263265e+01  2.090004e+01
     vertex  2.784798e+01  9.263265e+01  1.900004e+01
     vertex  2.721055e+01  9.300796e+01  1.900004e+01
   endloop
 endfacet
 facet normal  4.629646e-01  8.863768e-01  0.000000e+00
   outer loop
     vertex  2.784798e+01  9.263265e+01  2.090004e+01
     vertex  2.845300e+01  9.231664e+01  1.900004e+01
     vertex  2.784798e+01  9.263265e+01  1.900004e+01
   endloop
 endfacet
 facet normal  5.073773e-01  8.617240e-01  0.000000e+00
   outer loop
     vertex  2.784798e+01  9.263265e+01  2.090004e+01
     vertex  2.721055e+01  9.300796e+01  1.900004e+01
     vertex  2.721055e+01  9.300796e+01  2.090004e+01
   endloop
 endfacet
 facet normal  4.629646e-01  8.863768e-01  0.000000e+00
   outer loop
     vertex  2.845300e+01  9.231664e+01  2.090004e+01
     vertex  2.845300e+01  9.231664e+01  1.900004e+01
     vertex  2.784798e+01  9.263265e+01  2.090004e+01
   endloop
 endfacet
 facet normal  4.192282e-01  9.078809e-01  0.000000e+00
   outer loop
     vertex  2.907223e+01  9.203070e+01  2.090004e+01
     vertex  2.907223e+01  9.203070e+01  1.900004e+01
     vertex  2.845300e+01  9.231664e+01  1.900004e+01
   endloop
 endfacet
 facet normal  4.192282e-01  9.078809e-01  0.000000e+00
   outer loop
     vertex  2.907223e+01  9.203070e+01  2.090004e+01
     vertex  2.845300e+01  9.231664e+01  1.900004e+01
     vertex  2.845300e+01  9.231664e+01  2.090004e+01
   endloop
 endfacet
 facet normal  3.745306e-01  9.272146e-01  0.000000e+00
   outer loop
     vertex  2.970416e+01  9.177545e+01  2.090004e+01
     vertex  2.970416e+01  9.177545e+01  1.900004e+01
     vertex  2.907223e+01  9.203070e+01  1.900004e+01
   endloop
 endfacet
 facet normal  3.745306e-01  9.272146e-01  0.000000e+00
   outer loop
     vertex  2.970416e+01  9.177545e+01  2.090004e+01
     vertex  2.907223e+01  9.203070e+01  1.900004e+01
     vertex  2.907223e+01  9.203070e+01  2.090004e+01
   endloop
 endfacet
 facet normal  3.289788e-01  9.443373e-01  0.000000e+00
   outer loop
     vertex  3.034730e+01  9.155140e+01  2.090004e+01
     vertex  3.034730e+01  9.155140e+01  1.900004e+01
     vertex  2.970416e+01  9.177545e+01  1.900004e+01
   endloop
 endfacet
 facet normal  3.289788e-01  9.443373e-01  0.000000e+00
   outer loop
     vertex  3.034730e+01  9.155140e+01  2.090004e+01
     vertex  2.970416e+01  9.177545e+01  1.900004e+01
     vertex  2.970416e+01  9.177545e+01  2.090004e+01
   endloop
 endfacet
 facet normal  2.826817e-01  9.592138e-01  0.000000e+00
   outer loop
     vertex  3.100010e+01  9.135902e+01  2.090004e+01
     vertex  3.034730e+01  9.155140e+01  1.900004e+01
     vertex  3.034730e+01  9.155140e+01  2.090004e+01
   endloop
 endfacet
 facet normal  2.826817e-01  9.592138e-01  0.000000e+00
   outer loop
     vertex  3.100010e+01  9.135902e+01  2.090004e+01
     vertex  3.100010e+01  9.135902e+01  1.900004e+01
     vertex  3.034730e+01  9.155140e+01  1.900004e+01
   endloop
 endfacet
 facet normal  2.357496e-01  9.718138e-01  0.000000e+00
   outer loop
     vertex  3.166101e+01  9.119869e+01  2.090004e+01
     vertex  3.100010e+01  9.135902e+01  1.900004e+01
     vertex  3.100010e+01  9.135902e+01  2.090004e+01
   endloop
 endfacet
 facet normal  2.357496e-01  9.718138e-01  0.000000e+00
   outer loop
     vertex  3.166101e+01  9.119869e+01  2.090004e+01
     vertex  3.166101e+01  9.119869e+01  1.900004e+01
     vertex  3.100010e+01  9.135902e+01  1.900004e+01
   endloop
 endfacet
 facet normal  1.882938e-01  9.821128e-01  0.000000e+00
   outer loop
     vertex  3.232847e+01  9.107072e+01  2.090004e+01
     vertex  3.166101e+01  9.119869e+01  1.900004e+01
     vertex  3.166101e+01  9.119869e+01  2.090004e+01
   endloop
 endfacet
 facet normal  1.882938e-01  9.821128e-01  0.000000e+00
   outer loop
     vertex  3.232847e+01  9.107072e+01  2.090004e+01
     vertex  3.232847e+01  9.107072e+01  1.900004e+01
     vertex  3.166101e+01  9.119869e+01  1.900004e+01
   endloop
 endfacet
 facet normal  1.404265e-01  9.900911e-01  0.000000e+00
   outer loop
     vertex  3.300090e+01  9.097535e+01  2.090004e+01
     vertex  3.300090e+01  9.097535e+01  1.900004e+01
     vertex  3.232847e+01  9.107072e+01  1.900004e+01
   endloop
 endfacet
 facet normal  1.404265e-01  9.900911e-01  0.000000e+00
   outer loop
     vertex  3.300090e+01  9.097535e+01  2.090004e+01
     vertex  3.232847e+01  9.107072e+01  1.900004e+01
     vertex  3.232847e+01  9.107072e+01  2.090004e+01
   endloop
 endfacet
 facet normal  9.226065e-02  9.957349e-01  0.000000e+00
   outer loop
     vertex  3.367672e+01  9.091273e+01  2.090004e+01
     vertex  3.300090e+01  9.097535e+01  1.900004e+01
     vertex  3.300090e+01  9.097535e+01  2.090004e+01
   endloop
 endfacet
 facet normal  9.226065e-02  9.957349e-01  0.000000e+00
   outer loop
     vertex  3.367672e+01  9.091273e+01  2.090004e+01
     vertex  3.367672e+01  9.091273e+01  1.900004e+01
     vertex  3.300090e+01  9.097535e+01  1.900004e+01
   endloop
 endfacet
 facet normal  4.390942e-02  9.990355e-01  0.000000e+00
   outer loop
     vertex  3.435434e+01  9.088295e+01  2.090004e+01
     vertex  3.435434e+01  9.088295e+01  1.900004e+01
     vertex  3.367672e+01  9.091273e+01  1.900004e+01
   endloop
 endfacet
 facet normal  4.390942e-02  9.990355e-01  0.000000e+00
   outer loop
     vertex  3.435434e+01  9.088295e+01  2.090004e+01
     vertex  3.367672e+01  9.091273e+01  1.900004e+01
     vertex  3.367672e+01  9.091273e+01  2.090004e+01
   endloop
 endfacet
 facet normal -4.513846e-03  9.999898e-01  0.000000e+00
   outer loop
     vertex  3.503217e+01  9.088601e+01  2.090004e+01
     vertex  3.503217e+01  9.088601e+01  1.900004e+01
     vertex  3.435434e+01  9.088295e+01  1.900004e+01
   endloop
 endfacet
 facet normal -5.289597e-02  9.986000e-01  0.000000e+00
   outer loop
     vertex  3.503217e+01  9.088601e+01  2.090004e+01
     vertex  3.570864e+01  9.092184e+01  1.900004e+01
     vertex  3.503217e+01  9.088601e+01  1.900004e+01
   endloop
 endfacet
 facet normal -4.513846e-03  9.999898e-01  0.000000e+00
   outer loop
     vertex  3.503217e+01  9.088601e+01  2.090004e+01
     vertex  3.435434e+01  9.088295e+01  1.900004e+01
     vertex  3.435434e+01  9.088295e+01  2.090004e+01
   endloop
 endfacet
 facet normal -5.289597e-02  9.986000e-01  0.000000e+00
   outer loop
     vertex  3.570864e+01  9.092184e+01  2.090004e+01
     vertex  3.570864e+01  9.092184e+01  1.900004e+01
     vertex  3.503217e+01  9.088601e+01  2.090004e+01
   endloop
 endfacet
 facet normal -1.011242e-01  9.948738e-01  0.000000e+00
   outer loop
     vertex  3.638217e+01  9.099030e+01  2.090004e+01
     vertex  3.638217e+01  9.099030e+01  1.900004e+01
     vertex  3.570864e+01  9.092184e+01  1.900004e+01
   endloop
 endfacet
 facet normal -1.011242e-01  9.948738e-01  0.000000e+00
   outer loop
     vertex  3.638217e+01  9.099030e+01  2.090004e+01
     vertex  3.570864e+01  9.092184e+01  1.900004e+01
     vertex  3.570864e+01  9.092184e+01  2.090004e+01
   endloop
 endfacet
 facet normal -1.490864e-01  9.888242e-01  0.000000e+00
   outer loop
     vertex  3.705120e+01  9.109117e+01  2.090004e+01
     vertex  3.705120e+01  9.109117e+01  1.900004e+01
     vertex  3.638217e+01  9.099030e+01  1.900004e+01
   endloop
 endfacet
 facet normal -1.490864e-01  9.888242e-01  0.000000e+00
   outer loop
     vertex  3.705120e+01  9.109117e+01  2.090004e+01
     vertex  3.638217e+01  9.099030e+01  1.900004e+01
     vertex  3.638217e+01  9.099030e+01  2.090004e+01
   endloop
 endfacet
 facet normal -1.966713e-01  9.804695e-01  0.000000e+00
   outer loop
     vertex  3.771417e+01  9.122415e+01  2.090004e+01
     vertex  3.771417e+01  9.122415e+01  1.900004e+01
     vertex  3.705120e+01  9.109117e+01  1.900004e+01
   endloop
 endfacet
 facet normal -1.966713e-01  9.804695e-01  0.000000e+00
   outer loop
     vertex  3.771417e+01  9.122415e+01  2.090004e+01
     vertex  3.705120e+01  9.109117e+01  1.900004e+01
     vertex  3.705120e+01  9.109117e+01  2.090004e+01
   endloop
 endfacet
 facet normal -2.437690e-01  9.698333e-01  0.000000e+00
   outer loop
     vertex  3.836955e+01  9.138889e+01  2.090004e+01
     vertex  3.836955e+01  9.138889e+01  1.900004e+01
     vertex  3.771417e+01  9.122415e+01  1.900004e+01
   endloop
 endfacet
 facet normal -2.437690e-01  9.698333e-01  0.000000e+00
   outer loop
     vertex  3.836955e+01  9.138889e+01  2.090004e+01
     vertex  3.771417e+01  9.122415e+01  1.900004e+01
     vertex  3.771417e+01  9.122415e+01  2.090004e+01
   endloop
 endfacet
 facet normal -2.902709e-01  9.569445e-01  0.000000e+00
   outer loop
     vertex  3.901584e+01  9.158493e+01  2.090004e+01
     vertex  3.901584e+01  9.158493e+01  1.900004e+01
     vertex  3.836955e+01  9.138889e+01  1.900004e+01
   endloop
 endfacet
 facet normal -3.360700e-01  9.418370e-01  0.000000e+00
   outer loop
     vertex  3.901584e+01  9.158493e+01  2.090004e+01
     vertex  3.965156e+01  9.181176e+01  1.900004e+01
     vertex  3.901584e+01  9.158493e+01  1.900004e+01
   endloop
 endfacet
 facet normal -2.902709e-01  9.569445e-01  0.000000e+00
   outer loop
     vertex  3.901584e+01  9.158493e+01  2.090004e+01
     vertex  3.836955e+01  9.138889e+01  1.900004e+01
     vertex  3.836955e+01  9.138889e+01  2.090004e+01
   endloop
 endfacet
 facet normal -3.360700e-01  9.418370e-01  0.000000e+00
   outer loop
     vertex  3.965156e+01  9.181176e+01  2.090004e+01
     vertex  3.965156e+01  9.181176e+01  1.900004e+01
     vertex  3.901584e+01  9.158493e+01  2.090004e+01
   endloop
 endfacet
 facet normal -3.810612e-01  9.245498e-01  0.000000e+00
   outer loop
     vertex  4.027524e+01  9.206882e+01  2.090004e+01
     vertex  4.027524e+01  9.206882e+01  1.900004e+01
     vertex  3.965156e+01  9.181176e+01  1.900004e+01
   endloop
 endfacet
 facet normal -3.810612e-01  9.245498e-01  0.000000e+00
   outer loop
     vertex  4.027524e+01  9.206882e+01  2.090004e+01
     vertex  3.965156e+01  9.181176e+01  1.900004e+01
     vertex  3.965156e+01  9.181176e+01  2.090004e+01
   endloop
 endfacet
 facet normal -4.251418e-01  9.051268e-01  0.000000e+00
   outer loop
     vertex  4.088546e+01  9.235544e+01  2.090004e+01
     vertex  4.088546e+01  9.235544e+01  1.900004e+01
     vertex  4.027524e+01  9.206882e+01  1.900004e+01
   endloop
 endfacet
 facet normal -4.251418e-01  9.051268e-01  0.000000e+00
   outer loop
     vertex  4.088546e+01  9.235544e+01  2.090004e+01
     vertex  4.027524e+01  9.206882e+01  1.900004e+01
     vertex  4.027524e+01  9.206882e+01  2.090004e+01
   endloop
 endfacet
 facet normal -4.682111e-01  8.836166e-01  0.000000e+00
   outer loop
     vertex  4.148084e+01  9.267092e+01  2.090004e+01
     vertex  4.148084e+01  9.267092e+01  1.900004e+01
     vertex  4.088546e+01  9.235544e+01  1.900004e+01
   endloop
 endfacet
 facet normal -4.682111e-01  8.836166e-01  0.000000e+00
   outer loop
     vertex  4.148084e+01  9.267092e+01  2.090004e+01
     vertex  4.088546e+01  9.235544e+01  1.900004e+01
     vertex  4.088546e+01  9.235544e+01  2.090004e+01
   endloop
 endfacet
 facet normal -5.124673e-01  8.587067e-01  0.000000e+00
   outer loop
     vertex  4.212331e+01  9.305434e+01  2.090004e+01
     vertex  4.212331e+01  9.305434e+01  1.900004e+01
     vertex  4.148084e+01  9.267092e+01  1.900004e+01
   endloop
 endfacet
 facet normal -5.124673e-01  8.587067e-01  0.000000e+00
   outer loop
     vertex  4.212331e+01  9.305434e+01  2.090004e+01
     vertex  4.148084e+01  9.267092e+01  1.900004e+01
     vertex  4.148084e+01  9.267092e+01  2.090004e+01
   endloop
 endfacet
 facet normal -5.575942e-01  8.301137e-01  0.000000e+00
   outer loop
     vertex  4.274395e+01  9.347123e+01  2.090004e+01
     vertex  4.274395e+01  9.347123e+01  1.900004e+01
     vertex  4.212331e+01  9.305434e+01  1.900004e+01
   endloop
 endfacet
 facet normal -5.575942e-01  8.301137e-01  0.000000e+00
   outer loop
     vertex  4.274395e+01  9.347123e+01  2.090004e+01
     vertex  4.212331e+01  9.305434e+01  1.900004e+01
     vertex  4.212331e+01  9.305434e+01  2.090004e+01
   endloop
 endfacet
 facet normal -6.010992e-01  7.991744e-01  0.000000e+00
   outer loop
     vertex  4.334103e+01  9.392032e+01  2.090004e+01
     vertex  4.334103e+01  9.392032e+01  1.900004e+01
     vertex  4.274395e+01  9.347123e+01  1.900004e+01
   endloop
 endfacet
 facet normal -6.010992e-01  7.991744e-01  0.000000e+00
   outer loop
     vertex  4.334103e+01  9.392032e+01  2.090004e+01
     vertex  4.274395e+01  9.347123e+01  1.900004e+01
     vertex  4.274395e+01  9.347123e+01  2.090004e+01
   endloop
 endfacet
 facet normal -6.428620e-01  7.659821e-01  0.000000e+00
   outer loop
     vertex  4.391290e+01  9.440028e+01  2.090004e+01
     vertex  4.391290e+01  9.440028e+01  1.900004e+01
     vertex  4.334103e+01  9.392032e+01  1.900004e+01
   endloop
 endfacet
 facet normal -6.428620e-01  7.659821e-01  0.000000e+00
   outer loop
     vertex  4.391290e+01  9.440028e+01  2.090004e+01
     vertex  4.334103e+01  9.392032e+01  1.900004e+01
     vertex  4.334103e+01  9.392032e+01  2.090004e+01
   endloop
 endfacet
 facet normal -6.827673e-01  7.306359e-01  0.000000e+00
   outer loop
     vertex  4.445799e+01  9.490966e+01  2.090004e+01
     vertex  4.445799e+01  9.490966e+01  1.900004e+01
     vertex  4.391290e+01  9.440028e+01  1.900004e+01
   endloop
 endfacet
 facet normal -6.827673e-01  7.306359e-01  0.000000e+00
   outer loop
     vertex  4.445799e+01  9.490966e+01  2.090004e+01
     vertex  4.391290e+01  9.440028e+01  1.900004e+01
     vertex  4.391290e+01  9.440028e+01  2.090004e+01
   endloop
 endfacet
 facet normal -7.207059e-01  6.932409e-01  0.000000e+00
   outer loop
     vertex  4.497482e+01  9.544696e+01  2.090004e+01
     vertex  4.497482e+01  9.544696e+01  1.900004e+01
     vertex  4.445799e+01  9.490966e+01  1.900004e+01
   endloop
 endfacet
 facet normal -7.207059e-01  6.932409e-01  0.000000e+00
   outer loop
     vertex  4.497482e+01  9.544696e+01  2.090004e+01
     vertex  4.445799e+01  9.490966e+01  1.900004e+01
     vertex  4.445799e+01  9.490966e+01  2.090004e+01
   endloop
 endfacet
 facet normal -7.565742e-01  6.539078e-01  0.000000e+00
   outer loop
     vertex  4.546196e+01  9.601059e+01  2.090004e+01
     vertex  4.546196e+01  9.601059e+01  1.900004e+01
     vertex  4.497482e+01  9.544696e+01  1.900004e+01
   endloop
 endfacet
 facet normal -7.565742e-01  6.539078e-01  0.000000e+00
   outer loop
     vertex  4.546196e+01  9.601059e+01  2.090004e+01
     vertex  4.497482e+01  9.544696e+01  1.900004e+01
     vertex  4.497482e+01  9.544696e+01  2.090004e+01
   endloop
 endfacet
 facet normal -7.902751e-01  6.127523e-01  0.000000e+00
   outer loop
     vertex  4.591812e+01  9.659890e+01  2.090004e+01
     vertex  4.591812e+01  9.659890e+01  1.900004e+01
     vertex  4.546196e+01  9.601059e+01  1.900004e+01
   endloop
 endfacet
 facet normal -7.902751e-01  6.127523e-01  0.000000e+00
   outer loop
     vertex  4.591812e+01  9.659890e+01  2.090004e+01
     vertex  4.546196e+01  9.601059e+01  1.900004e+01
     vertex  4.546196e+01  9.601059e+01  2.090004e+01
   endloop
 endfacet
 facet normal -8.217176e-01  5.698949e-01  0.000000e+00
   outer loop
     vertex  4.634206e+01  9.721016e+01  2.090004e+01
     vertex  4.591812e+01  9.659890e+01  1.900004e+01
     vertex  4.591812e+01  9.659890e+01  2.090004e+01
   endloop
 endfacet
 facet normal -8.217176e-01  5.698949e-01  0.000000e+00
   outer loop
     vertex  4.634206e+01  9.721016e+01  2.090004e+01
     vertex  4.634206e+01  9.721016e+01  1.900004e+01
     vertex  4.591812e+01  9.659890e+01  1.900004e+01
   endloop
 endfacet
 facet normal -8.508179e-01  5.254606e-01  0.000000e+00
   outer loop
     vertex  4.634206e+01  9.721016e+01  2.090004e+01
     vertex  4.673265e+01  9.784261e+01  1.900004e+01
     vertex  4.634206e+01  9.721016e+01  1.900004e+01
   endloop
 endfacet
 facet normal -8.508179e-01  5.254606e-01  0.000000e+00
   outer loop
     vertex  4.673265e+01  9.784261e+01  2.090004e+01
     vertex  4.673265e+01  9.784261e+01  1.900004e+01
     vertex  4.634206e+01  9.721016e+01  2.090004e+01
   endloop
 endfacet
 facet normal -8.774989e-01  4.795787e-01  0.000000e+00
   outer loop
     vertex  4.708888e+01  9.849440e+01  2.090004e+01
     vertex  4.673265e+01  9.784261e+01  1.900004e+01
     vertex  4.673265e+01  9.784261e+01  2.090004e+01
   endloop
 endfacet
 facet normal -8.774989e-01  4.795787e-01  0.000000e+00
   outer loop
     vertex  4.708888e+01  9.849440e+01  2.090004e+01
     vertex  4.708888e+01  9.849440e+01  1.900004e+01
     vertex  4.673265e+01  9.784261e+01  1.900004e+01
   endloop
 endfacet
 facet normal -9.016906e-01  4.323818e-01  0.000000e+00
   outer loop
     vertex  4.740980e+01  9.916365e+01  2.090004e+01
     vertex  4.708888e+01  9.849440e+01  1.900004e+01
     vertex  4.708888e+01  9.849440e+01  2.090004e+01
   endloop
 endfacet
 facet normal -9.016906e-01  4.323818e-01  0.000000e+00
   outer loop
     vertex  4.740980e+01  9.916365e+01  2.090004e+01
     vertex  4.740980e+01  9.916365e+01  1.900004e+01
     vertex  4.708888e+01  9.849440e+01  1.900004e+01
   endloop
 endfacet
 facet normal -9.233305e-01  3.840062e-01  0.000000e+00
   outer loop
     vertex  4.769460e+01  9.984844e+01  2.090004e+01
     vertex  4.740980e+01  9.916365e+01  1.900004e+01
     vertex  4.740980e+01  9.916365e+01  2.090004e+01
   endloop
 endfacet
 facet normal -9.233305e-01  3.840062e-01  0.000000e+00
   outer loop
     vertex  4.769460e+01  9.984844e+01  2.090004e+01
     vertex  4.769460e+01  9.984844e+01  1.900004e+01
     vertex  4.740980e+01  9.916365e+01  1.900004e+01
   endloop
 endfacet
 facet normal -9.423635e-01  3.345908e-01  0.000000e+00
   outer loop
     vertex  4.794255e+01  1.005468e+02  2.090004e+01
     vertex  4.769460e+01  9.984844e+01  1.900004e+01
     vertex  4.769460e+01  9.984844e+01  2.090004e+01
   endloop
 endfacet
 facet normal -9.423635e-01  3.345908e-01  0.000000e+00
   outer loop
     vertex  4.794255e+01  1.005468e+02  2.090004e+01
     vertex  4.794255e+01  1.005468e+02  1.900004e+01
     vertex  4.769460e+01  9.984844e+01  1.900004e+01
   endloop
 endfacet
 facet normal -9.587421e-01  2.842772e-01  0.000000e+00
   outer loop
     vertex  4.815305e+01  1.012567e+02  2.090004e+01
     vertex  4.794255e+01  1.005468e+02  1.900004e+01
     vertex  4.794255e+01  1.005468e+02  2.090004e+01
   endloop
 endfacet
 facet normal -9.587421e-01  2.842772e-01  0.000000e+00
   outer loop
     vertex  4.815305e+01  1.012567e+02  2.090004e+01
     vertex  4.815305e+01  1.012567e+02  1.900004e+01
     vertex  4.794255e+01  1.005468e+02  1.900004e+01
   endloop
 endfacet
 facet normal -9.724266e-01  2.332090e-01  0.000000e+00
   outer loop
     vertex  4.832560e+01  1.019762e+02  2.090004e+01
     vertex  4.815305e+01  1.012567e+02  1.900004e+01
     vertex  4.815305e+01  1.012567e+02  2.090004e+01
   endloop
 endfacet
 facet normal -9.724266e-01  2.332090e-01  0.000000e+00
   outer loop
     vertex  4.832560e+01  1.019762e+02  2.090004e+01
     vertex  4.832560e+01  1.019762e+02  1.900004e+01
     vertex  4.815305e+01  1.012567e+02  1.900004e+01
   endloop
 endfacet
 facet normal -9.833851e-01  1.815315e-01  0.000000e+00
   outer loop
     vertex  4.845980e+01  1.027032e+02  2.090004e+01
     vertex  4.832560e+01  1.019762e+02  1.900004e+01
     vertex  4.832560e+01  1.019762e+02  2.090004e+01
   endloop
 endfacet
 facet normal -9.833851e-01  1.815315e-01  0.000000e+00
   outer loop
     vertex  4.845980e+01  1.027032e+02  2.090004e+01
     vertex  4.845980e+01  1.027032e+02  1.900004e+01
     vertex  4.832560e+01  1.019762e+02  1.900004e+01
   endloop
 endfacet
 facet normal -9.915936e-01  1.293911e-01  0.000000e+00
   outer loop
     vertex  4.855537e+01  1.034356e+02  2.090004e+01
     vertex  4.845980e+01  1.027032e+02  1.900004e+01
     vertex  4.845980e+01  1.027032e+02  2.090004e+01
   endloop
 endfacet
 facet normal -9.915936e-01  1.293911e-01  0.000000e+00
   outer loop
     vertex  4.855537e+01  1.034356e+02  2.090004e+01
     vertex  4.855537e+01  1.034356e+02  1.900004e+01
     vertex  4.845980e+01  1.027032e+02  1.900004e+01
   endloop
 endfacet
 facet normal -9.970242e-01  7.708920e-02  0.000000e+00
   outer loop
     vertex  4.861193e+01  1.041671e+02  2.090004e+01
     vertex  4.855537e+01  1.034356e+02  1.900004e+01
     vertex  4.855537e+01  1.034356e+02  2.090004e+01
   endloop
 endfacet
 facet normal -9.970242e-01  7.708920e-02  0.000000e+00
   outer loop
     vertex  4.861193e+01  1.041671e+02  2.090004e+01
     vertex  4.861193e+01  1.041671e+02  1.900004e+01
     vertex  4.855537e+01  1.034356e+02  1.900004e+01
   endloop
 endfacet
 facet normal -9.996754e-01  2.547711e-02  0.000000e+00
   outer loop
     vertex  4.863011e+01  1.048803e+02  2.090004e+01
     vertex  4.861193e+01  1.041671e+02  1.900004e+01
     vertex  4.861193e+01  1.041671e+02  2.090004e+01
   endloop
 endfacet
 facet normal -9.996754e-01  2.547711e-02  0.000000e+00
   outer loop
     vertex  4.863011e+01  1.048803e+02  2.090004e+01
     vertex  4.863011e+01  1.048803e+02  1.900004e+01
     vertex  4.861193e+01  1.041671e+02  1.900004e+01
   endloop
 endfacet
 facet normal -9.955241e-01 -9.450782e-02  0.000000e+00
   outer loop
     vertex  2.461220e+01  1.160685e+02  2.090004e+01
     vertex  2.463006e+01  1.158803e+02  1.900004e+01
     vertex  2.463006e+01  1.158803e+02  2.090004e+01
   endloop
 endfacet
 facet normal -9.955241e-01 -9.450782e-02 -0.000000e+00
   outer loop
     vertex  2.461220e+01  1.160685e+02  2.090004e+01
     vertex  2.461220e+01  1.160685e+02  1.900004e+01
     vertex  2.463006e+01  1.158803e+02  1.900004e+01
   endloop
 endfacet
 facet normal -9.604586e-01 -2.784229e-01 -0.000000e+00
   outer loop
     vertex  2.456057e+01  1.162466e+02  2.090004e+01
     vertex  2.456057e+01  1.162466e+02  1.900004e+01
     vertex  2.461220e+01  1.160685e+02  1.900004e+01
   endloop
 endfacet
 facet normal -9.604586e-01 -2.784229e-01  0.000000e+00
   outer loop
     vertex  2.456057e+01  1.162466e+02  2.090004e+01
     vertex  2.461220e+01  1.160685e+02  1.900004e+01
     vertex  2.461220e+01  1.160685e+02  2.090004e+01
   endloop
 endfacet
 facet normal -8.926253e-01 -4.507994e-01 -0.000000e+00
   outer loop
     vertex  2.447715e+01  1.164117e+02  2.090004e+01
     vertex  2.447715e+01  1.164117e+02  1.900004e+01
     vertex  2.456057e+01  1.162466e+02  1.900004e+01
   endloop
 endfacet
 facet normal -8.926253e-01 -4.507994e-01  0.000000e+00
   outer loop
     vertex  2.447715e+01  1.164117e+02  2.090004e+01
     vertex  2.456057e+01  1.162466e+02  1.900004e+01
     vertex  2.456057e+01  1.162466e+02  2.090004e+01
   endloop
 endfacet
 facet normal -7.948020e-01 -6.068688e-01 -0.000000e+00
   outer loop
     vertex  2.436588e+01  1.165575e+02  2.090004e+01
     vertex  2.436588e+01  1.165575e+02  1.900004e+01
     vertex  2.447715e+01  1.164117e+02  1.900004e+01
   endloop
 endfacet
 facet normal -7.948020e-01 -6.068688e-01  0.000000e+00
   outer loop
     vertex  2.436588e+01  1.165575e+02  2.090004e+01
     vertex  2.447715e+01  1.164117e+02  1.900004e+01
     vertex  2.447715e+01  1.164117e+02  2.090004e+01
   endloop
 endfacet
 facet normal -6.712393e-01 -7.412407e-01  0.000000e+00
   outer loop
     vertex  2.423116e+01  1.166795e+02  2.090004e+01
     vertex  2.436588e+01  1.165575e+02  1.900004e+01
     vertex  2.436588e+01  1.165575e+02  2.090004e+01
   endloop
 endfacet
 facet normal -6.712393e-01 -7.412407e-01 -0.000000e+00
   outer loop
     vertex  2.423116e+01  1.166795e+02  2.090004e+01
     vertex  2.423116e+01  1.166795e+02  1.900004e+01
     vertex  2.436588e+01  1.165575e+02  1.900004e+01
   endloop
 endfacet
 facet normal -5.266272e-01 -8.500964e-01 -0.000000e+00
   outer loop
     vertex  2.407793e+01  1.167744e+02  2.090004e+01
     vertex  2.407793e+01  1.167744e+02  1.900004e+01
     vertex  2.423116e+01  1.166795e+02  1.900004e+01
   endloop
 endfacet
 facet normal -5.266272e-01 -8.500964e-01  0.000000e+00
   outer loop
     vertex  2.407793e+01  1.167744e+02  2.090004e+01
     vertex  2.423116e+01  1.166795e+02  1.900004e+01
     vertex  2.423116e+01  1.166795e+02  2.090004e+01
   endloop
 endfacet
 facet normal -3.569525e-01 -9.341226e-01  0.000000e+00
   outer loop
     vertex  2.389257e+01  1.168452e+02  2.090004e+01
     vertex  2.407793e+01  1.167744e+02  1.900004e+01
     vertex  2.407793e+01  1.167744e+02  2.090004e+01
   endloop
 endfacet
 facet normal -3.569525e-01 -9.341226e-01 -0.000000e+00
   outer loop
     vertex  2.389257e+01  1.168452e+02  2.090004e+01
     vertex  2.389257e+01  1.168452e+02  1.900004e+01
     vertex  2.407793e+01  1.167744e+02  1.900004e+01
   endloop
 endfacet
 facet normal -1.664483e-01 -9.860502e-01  0.000000e+00
   outer loop
     vertex  2.369883e+01  1.168779e+02  2.090004e+01
     vertex  2.389257e+01  1.168452e+02  1.900004e+01
     vertex  2.389257e+01  1.168452e+02  2.090004e+01
   endloop
 endfacet
 facet normal -1.664483e-01 -9.860502e-01 -0.000000e+00
   outer loop
     vertex  2.369883e+01  1.168779e+02  2.090004e+01
     vertex  2.369883e+01  1.168779e+02  1.900004e+01
     vertex  2.389257e+01  1.168452e+02  1.900004e+01
   endloop
 endfacet
 facet normal  2.859892e-02 -9.995910e-01  0.000000e+00
   outer loop
     vertex  2.369883e+01  1.168779e+02  2.090004e+01
     vertex  2.350436e+01  1.168724e+02  1.900004e+01
     vertex  2.369883e+01  1.168779e+02  1.900004e+01
   endloop
 endfacet
 facet normal  2.859892e-02 -9.995910e-01  0.000000e+00
   outer loop
     vertex  2.350436e+01  1.168724e+02  2.090004e+01
     vertex  2.350436e+01  1.168724e+02  1.900004e+01
     vertex  2.369883e+01  1.168779e+02  2.090004e+01
   endloop
 endfacet
 facet normal  2.206431e-01 -9.753546e-01  0.000000e+00
   outer loop
     vertex  2.331652e+01  1.168299e+02  2.090004e+01
     vertex  2.350436e+01  1.168724e+02  1.900004e+01
     vertex  2.350436e+01  1.168724e+02  2.090004e+01
   endloop
 endfacet
 facet normal  2.206431e-01 -9.753546e-01  0.000000e+00
   outer loop
     vertex  2.331652e+01  1.168299e+02  2.090004e+01
     vertex  2.331652e+01  1.168299e+02  1.900004e+01
     vertex  2.350436e+01  1.168724e+02  1.900004e+01
   endloop
 endfacet
 facet normal  4.025825e-01 -9.153837e-01  0.000000e+00
   outer loop
     vertex  2.314209e+01  1.167531e+02  2.090004e+01
     vertex  2.331652e+01  1.168299e+02  1.900004e+01
     vertex  2.331652e+01  1.168299e+02  2.090004e+01
   endloop
 endfacet
 facet normal  4.025825e-01 -9.153837e-01  0.000000e+00
   outer loop
     vertex  2.314209e+01  1.167531e+02  2.090004e+01
     vertex  2.314209e+01  1.167531e+02  1.900004e+01
     vertex  2.331652e+01  1.168299e+02  1.900004e+01
   endloop
 endfacet
 facet normal  5.670946e-01 -8.236526e-01  0.000000e+00
   outer loop
     vertex  2.314209e+01  1.167531e+02  2.090004e+01
     vertex  2.298876e+01  1.166476e+02  1.900004e+01
     vertex  2.314209e+01  1.167531e+02  1.900004e+01
   endloop
 endfacet
 facet normal  5.670946e-01 -8.236526e-01  0.000000e+00
   outer loop
     vertex  2.298876e+01  1.166476e+02  2.090004e+01
     vertex  2.298876e+01  1.166476e+02  1.900004e+01
     vertex  2.314209e+01  1.167531e+02  2.090004e+01
   endloop
 endfacet
 facet normal  7.102612e-01 -7.039382e-01  0.000000e+00
   outer loop
     vertex  2.285706e+01  1.165147e+02  2.090004e+01
     vertex  2.298876e+01  1.166476e+02  1.900004e+01
     vertex  2.298876e+01  1.166476e+02  2.090004e+01
   endloop
 endfacet
 facet normal  7.102612e-01 -7.039382e-01  0.000000e+00
   outer loop
     vertex  2.285706e+01  1.165147e+02  2.090004e+01
     vertex  2.285706e+01  1.165147e+02  1.900004e+01
     vertex  2.298876e+01  1.166476e+02  1.900004e+01
   endloop
 endfacet
 facet normal  8.284167e-01 -5.601122e-01  0.000000e+00
   outer loop
     vertex  2.285706e+01  1.165147e+02  2.090004e+01
     vertex  2.275333e+01  1.163613e+02  1.900004e+01
     vertex  2.285706e+01  1.165147e+02  1.900004e+01
   endloop
 endfacet
 facet normal  8.284167e-01 -5.601122e-01  0.000000e+00
   outer loop
     vertex  2.275333e+01  1.163613e+02  2.090004e+01
     vertex  2.275333e+01  1.163613e+02  1.900004e+01
     vertex  2.285706e+01  1.165147e+02  2.090004e+01
   endloop
 endfacet
 facet normal  9.171496e-01 -3.985430e-01  0.000000e+00
   outer loop
     vertex  2.275333e+01  1.163613e+02  2.090004e+01
     vertex  2.268021e+01  1.161930e+02  1.900004e+01
     vertex  2.275333e+01  1.163613e+02  1.900004e+01
   endloop
 endfacet
 facet normal  9.171496e-01 -3.985430e-01  0.000000e+00
   outer loop
     vertex  2.268021e+01  1.161930e+02  2.090004e+01
     vertex  2.268021e+01  1.161930e+02  1.900004e+01
     vertex  2.275333e+01  1.163613e+02  2.090004e+01
   endloop
 endfacet
 facet normal  9.743467e-01 -2.250522e-01  0.000000e+00
   outer loop
     vertex  2.268021e+01  1.161930e+02  2.090004e+01
     vertex  2.263928e+01  1.160158e+02  1.900004e+01
     vertex  2.268021e+01  1.161930e+02  1.900004e+01
   endloop
 endfacet
 facet normal  9.743467e-01 -2.250522e-01  0.000000e+00
   outer loop
     vertex  2.263928e+01  1.160158e+02  2.090004e+01
     vertex  2.263928e+01  1.160158e+02  1.900004e+01
     vertex  2.268021e+01  1.161930e+02  2.090004e+01
   endloop
 endfacet
 facet normal  9.989595e-01 -4.560700e-02  0.000000e+00
   outer loop
     vertex  2.263105e+01  1.158356e+02  2.090004e+01
     vertex  2.263105e+01  1.158356e+02  1.900004e+01
     vertex  2.263928e+01  1.160158e+02  1.900004e+01
   endloop
 endfacet
 facet normal  9.989595e-01 -4.560700e-02  0.000000e+00
   outer loop
     vertex  2.263105e+01  1.158356e+02  2.090004e+01
     vertex  2.263928e+01  1.160158e+02  1.900004e+01
     vertex  2.263928e+01  1.160158e+02  2.090004e+01
   endloop
 endfacet
 facet normal  9.896308e-01  1.436348e-01  0.000000e+00
   outer loop
     vertex  2.265957e+01  1.156391e+02  2.090004e+01
     vertex  2.265957e+01  1.156391e+02  1.900004e+01
     vertex  2.263105e+01  1.158356e+02  1.900004e+01
   endloop
 endfacet
 facet normal  9.896308e-01  1.436348e-01  0.000000e+00
   outer loop
     vertex  2.265957e+01  1.156391e+02  2.090004e+01
     vertex  2.263105e+01  1.158356e+02  1.900004e+01
     vertex  2.263105e+01  1.158356e+02  2.090004e+01
   endloop
 endfacet
 facet normal  9.420683e-01  3.354211e-01  0.000000e+00
   outer loop
     vertex  2.272553e+01  1.154539e+02  2.090004e+01
     vertex  2.272553e+01  1.154539e+02  1.900004e+01
     vertex  2.265957e+01  1.156391e+02  1.900004e+01
   endloop
 endfacet
 facet normal  9.420683e-01  3.354211e-01  0.000000e+00
   outer loop
     vertex  2.272553e+01  1.154539e+02  2.090004e+01
     vertex  2.265957e+01  1.156391e+02  1.900004e+01
     vertex  2.265957e+01  1.156391e+02  2.090004e+01
   endloop
 endfacet
 facet normal  8.587233e-01  5.124395e-01  0.000000e+00
   outer loop
     vertex  2.282529e+01  1.152867e+02  2.090004e+01
     vertex  2.282529e+01  1.152867e+02  1.900004e+01
     vertex  2.272553e+01  1.154539e+02  1.900004e+01
   endloop
 endfacet
 facet normal  8.587233e-01  5.124395e-01  0.000000e+00
   outer loop
     vertex  2.282529e+01  1.152867e+02  2.090004e+01
     vertex  2.272553e+01  1.154539e+02  1.900004e+01
     vertex  2.272553e+01  1.154539e+02  2.090004e+01
   endloop
 endfacet
 facet normal  7.438139e-01  6.683868e-01  0.000000e+00
   outer loop
     vertex  2.295411e+01  1.151433e+02  2.090004e+01
     vertex  2.295411e+01  1.151433e+02  1.900004e+01
     vertex  2.282529e+01  1.152867e+02  1.900004e+01
   endloop
 endfacet
 facet normal  7.438139e-01  6.683868e-01  0.000000e+00
   outer loop
     vertex  2.295411e+01  1.151433e+02  2.090004e+01
     vertex  2.282529e+01  1.152867e+02  1.900004e+01
     vertex  2.282529e+01  1.152867e+02  2.090004e+01
   endloop
 endfacet
 facet normal  6.025937e-01  7.980481e-01  0.000000e+00
   outer loop
     vertex  2.310630e+01  1.150284e+02  2.090004e+01
     vertex  2.310630e+01  1.150284e+02  1.900004e+01
     vertex  2.295411e+01  1.151433e+02  1.900004e+01
   endloop
 endfacet
 facet normal  6.025937e-01  7.980481e-01  0.000000e+00
   outer loop
     vertex  2.310630e+01  1.150284e+02  2.090004e+01
     vertex  2.295411e+01  1.151433e+02  1.900004e+01
     vertex  2.295411e+01  1.151433e+02  2.090004e+01
   endloop
 endfacet
 facet normal  4.433396e-01  8.963537e-01  0.000000e+00
   outer loop
     vertex  2.327087e+01  1.149470e+02  2.090004e+01
     vertex  2.327087e+01  1.149470e+02  1.900004e+01
     vertex  2.310630e+01  1.150284e+02  1.900004e+01
   endloop
 endfacet
 facet normal  2.702239e-01  9.627975e-01  0.000000e+00
   outer loop
     vertex  2.327087e+01  1.149470e+02  2.090004e+01
     vertex  2.345116e+01  1.148964e+02  1.900004e+01
     vertex  2.327087e+01  1.149470e+02  1.900004e+01
   endloop
 endfacet
 facet normal  4.433396e-01  8.963537e-01  0.000000e+00
   outer loop
     vertex  2.327087e+01  1.149470e+02  2.090004e+01
     vertex  2.310630e+01  1.150284e+02  1.900004e+01
     vertex  2.310630e+01  1.150284e+02  2.090004e+01
   endloop
 endfacet
 facet normal  2.702239e-01  9.627975e-01  0.000000e+00
   outer loop
     vertex  2.345116e+01  1.148964e+02  2.090004e+01
     vertex  2.345116e+01  1.148964e+02  1.900004e+01
     vertex  2.327087e+01  1.149470e+02  2.090004e+01
   endloop
 endfacet
 facet normal  8.694335e-02  9.962133e-01  0.000000e+00
   outer loop
     vertex  2.363581e+01  1.148803e+02  2.090004e+01
     vertex  2.363581e+01  1.148803e+02  1.900004e+01
     vertex  2.345116e+01  1.148964e+02  1.900004e+01
   endloop
 endfacet
 facet normal -9.753588e-02  9.952320e-01  0.000000e+00
   outer loop
     vertex  2.363581e+01  1.148803e+02  2.090004e+01
     vertex  2.381855e+01  1.148982e+02  1.900004e+01
     vertex  2.363581e+01  1.148803e+02  1.900004e+01
   endloop
 endfacet
 facet normal  8.694335e-02  9.962133e-01  0.000000e+00
   outer loop
     vertex  2.363581e+01  1.148803e+02  2.090004e+01
     vertex  2.345116e+01  1.148964e+02  1.900004e+01
     vertex  2.345116e+01  1.148964e+02  2.090004e+01
   endloop
 endfacet
 facet normal -9.753588e-02  9.952320e-01  0.000000e+00
   outer loop
     vertex  2.381855e+01  1.148982e+02  2.090004e+01
     vertex  2.381855e+01  1.148982e+02  1.900004e+01
     vertex  2.363581e+01  1.148803e+02  2.090004e+01
   endloop
 endfacet
 facet normal -2.770879e-01  9.608446e-01  0.000000e+00
   outer loop
     vertex  2.399344e+01  1.149486e+02  2.090004e+01
     vertex  2.399344e+01  1.149486e+02  1.900004e+01
     vertex  2.381855e+01  1.148982e+02  1.900004e+01
   endloop
 endfacet
 facet normal -2.770879e-01  9.608446e-01  0.000000e+00
   outer loop
     vertex  2.399344e+01  1.149486e+02  2.090004e+01
     vertex  2.381855e+01  1.148982e+02  1.900004e+01
     vertex  2.381855e+01  1.148982e+02  2.090004e+01
   endloop
 endfacet
 facet normal -4.459792e-01  8.950433e-01  0.000000e+00
   outer loop
     vertex  2.415500e+01  1.150291e+02  2.090004e+01
     vertex  2.415500e+01  1.150291e+02  1.900004e+01
     vertex  2.399344e+01  1.149486e+02  1.900004e+01
   endloop
 endfacet
 facet normal -6.069091e-01  7.947712e-01  0.000000e+00
   outer loop
     vertex  2.415500e+01  1.150291e+02  2.090004e+01
     vertex  2.431293e+01  1.151497e+02  1.900004e+01
     vertex  2.415500e+01  1.150291e+02  1.900004e+01
   endloop
 endfacet
 facet normal -4.459792e-01  8.950433e-01  0.000000e+00
   outer loop
     vertex  2.415500e+01  1.150291e+02  2.090004e+01
     vertex  2.399344e+01  1.149486e+02  1.900004e+01
     vertex  2.399344e+01  1.149486e+02  2.090004e+01
   endloop
 endfacet
 facet normal -6.069091e-01  7.947712e-01  0.000000e+00
   outer loop
     vertex  2.431293e+01  1.151497e+02  2.090004e+01
     vertex  2.431293e+01  1.151497e+02  1.900004e+01
     vertex  2.415500e+01  1.150291e+02  2.090004e+01
   endloop
 endfacet
 facet normal -7.514374e-01  6.598044e-01  0.000000e+00
   outer loop
     vertex  2.444277e+01  1.152976e+02  2.090004e+01
     vertex  2.444277e+01  1.152976e+02  1.900004e+01
     vertex  2.431293e+01  1.151497e+02  1.900004e+01
   endloop
 endfacet
 facet normal -7.514374e-01  6.598044e-01  0.000000e+00
   outer loop
     vertex  2.444277e+01  1.152976e+02  2.090004e+01
     vertex  2.431293e+01  1.151497e+02  1.900004e+01
     vertex  2.431293e+01  1.151497e+02  2.090004e+01
   endloop
 endfacet
 facet normal -8.656069e-01  5.007242e-01  0.000000e+00
   outer loop
     vertex  2.454033e+01  1.154663e+02  2.090004e+01
     vertex  2.444277e+01  1.152976e+02  1.900004e+01
     vertex  2.444277e+01  1.152976e+02  2.090004e+01
   endloop
 endfacet
 facet normal -8.656069e-01  5.007242e-01  0.000000e+00
   outer loop
     vertex  2.454033e+01  1.154663e+02  2.090004e+01
     vertex  2.454033e+01  1.154663e+02  1.900004e+01
     vertex  2.444277e+01  1.152976e+02  1.900004e+01
   endloop
 endfacet
 facet normal -9.459560e-01  3.242950e-01  0.000000e+00
   outer loop
     vertex  2.460288e+01  1.156487e+02  2.090004e+01
     vertex  2.454033e+01  1.154663e+02  1.900004e+01
     vertex  2.454033e+01  1.154663e+02  2.090004e+01
   endloop
 endfacet
 facet normal -9.459560e-01  3.242950e-01  0.000000e+00
   outer loop
     vertex  2.460288e+01  1.156487e+02  2.090004e+01
     vertex  2.460288e+01  1.156487e+02  1.900004e+01
     vertex  2.454033e+01  1.154663e+02  1.900004e+01
   endloop
 endfacet
 facet normal -9.849800e-01  1.726687e-01  0.000000e+00
   outer loop
     vertex  2.460288e+01  1.156487e+02  2.090004e+01
     vertex  2.462364e+01  1.157671e+02  1.900004e+01
     vertex  2.460288e+01  1.156487e+02  1.900004e+01
   endloop
 endfacet
 facet normal -9.849800e-01  1.726687e-01  0.000000e+00
   outer loop
     vertex  2.462364e+01  1.157671e+02  2.090004e+01
     vertex  2.462364e+01  1.157671e+02  1.900004e+01
     vertex  2.460288e+01  1.156487e+02  2.090004e+01
   endloop
 endfacet
 facet normal -9.983929e-01  5.667122e-02  0.000000e+00
   outer loop
     vertex  2.463006e+01  1.158803e+02  2.090004e+01
     vertex  2.462364e+01  1.157671e+02  1.900004e+01
     vertex  2.462364e+01  1.157671e+02  2.090004e+01
   endloop
 endfacet
 facet normal -9.983929e-01  5.667122e-02  0.000000e+00
   outer loop
     vertex  2.463006e+01  1.158803e+02  2.090004e+01
     vertex  2.463006e+01  1.158803e+02  1.900004e+01
     vertex  2.462364e+01  1.157671e+02  1.900004e+01
   endloop
 endfacet
endsolid
