solid Designed by EasyEDA Pro 
 facet normal -1.000000e+00  5.022727e-16  0.000000e+00
   outer loop
     vertex -1.681556e+00  5.623978e-01  0.000000e+00
     vertex -1.681556e+00  5.425276e+00  9.200452e+00
     vertex -1.681556e+00  5.425276e+00  7.225352e+00
   endloop
 endfacet
 facet normal -1.000000e+00  5.022727e-16  0.000000e+00
   outer loop
     vertex -1.681556e+00  5.623978e-01  0.000000e+00
     vertex -1.681556e+00  5.623978e-01  1.800004e+01
     vertex -1.681556e+00  5.425276e+00  9.200452e+00
   endloop
 endfacet
 facet normal -1.000000e+00 -0.000000e+00 -2.775689e-16
   outer loop
     vertex -1.681556e+00  2.035103e+01  9.200452e+00
     vertex -1.681556e+00  5.425276e+00  9.200452e+00
     vertex -1.681556e+00  5.623978e-01  1.800004e+01
   endloop
 endfacet
 facet normal -1.000000e+00  0.000000e+00  3.380445e-16
   outer loop
     vertex -1.681556e+00  2.035103e+01  7.225352e+00
     vertex -1.681556e+00  5.623978e-01  0.000000e+00
     vertex -1.681556e+00  5.425276e+00  7.225352e+00
   endloop
 endfacet
 facet normal -1.000000e+00 -1.456001e-15  5.679853e-15
   outer loop
     vertex -1.681556e+00  2.547945e+01  1.055419e+01
     vertex -1.681556e+00  2.541228e+01  1.049788e+01
     vertex -1.681556e+00  2.035103e+01  9.200452e+00
   endloop
 endfacet
 facet normal -1.000000e+00 -1.125920e-15  4.392209e-15
   outer loop
     vertex -1.681556e+00  2.536293e+01  1.043467e+01
     vertex -1.681556e+00  2.035103e+01  9.200452e+00
     vertex -1.681556e+00  2.541228e+01  1.049788e+01
   endloop
 endfacet
 facet normal -1.000000e+00  8.533625e-16 -3.645226e-15
   outer loop
     vertex -1.681556e+00  2.532822e+01  1.036563e+01
     vertex -1.681556e+00  2.035103e+01  9.200452e+00
     vertex -1.681556e+00  2.536293e+01  1.043467e+01
   endloop
 endfacet
 facet normal -1.000000e+00  4.640311e-17 -1.732169e-16
   outer loop
     vertex -1.681556e+00  2.556311e+01  1.059672e+01
     vertex -1.681556e+00  2.035103e+01  9.200452e+00
     vertex -1.681556e+00  5.623978e-01  1.800004e+01
   endloop
 endfacet
 facet normal -1.000000e+00  2.957018e-15 -1.103817e-14
   outer loop
     vertex -1.681556e+00  2.556311e+01  1.059672e+01
     vertex -1.681556e+00  2.547945e+01  1.055419e+01
     vertex -1.681556e+00  2.035103e+01  9.200452e+00
   endloop
 endfacet
 facet normal -1.000000e+00 -0.000000e+00  0.000000e+00
   outer loop
     vertex -1.681556e+00  2.530620e+01  1.028386e+01
     vertex -1.681556e+00  2.035103e+01  9.200452e+00
     vertex -1.681556e+00  2.532822e+01  1.036563e+01
   endloop
 endfacet
 facet normal -1.000000e+00  4.314587e-17 -1.842165e-16
   outer loop
     vertex -1.681556e+00  2.565843e+01  1.061904e+01
     vertex -1.681556e+00  2.556311e+01  1.059672e+01
     vertex -1.681556e+00  5.623978e-01  1.800004e+01
   endloop
 endfacet
 facet normal -1.000000e+00  5.360223e-16 -2.451597e-15
   outer loop
     vertex -1.681556e+00  2.530233e+01  1.019244e+01
     vertex -1.681556e+00  2.035103e+01  9.200452e+00
     vertex -1.681556e+00  2.530620e+01  1.028386e+01
   endloop
 endfacet
 facet normal -1.000000e+00 -4.087056e-16  2.263799e-15
   outer loop
     vertex -1.681556e+00  2.532087e+01  1.009770e+01
     vertex -1.681556e+00  2.035103e+01  9.200452e+00
     vertex -1.681556e+00  2.530233e+01  1.019244e+01
   endloop
 endfacet
 facet normal -1.000000e+00  0.000000e+00  0.000000e+00
   outer loop
     vertex -1.681556e+00  2.541228e+01  9.301791e+00
     vertex -1.681556e+00  2.536289e+01  1.000804e+01
     vertex -1.681556e+00  2.542531e+01  9.931766e+00
   endloop
 endfacet
 facet normal -1.000000e+00  3.133417e-15  2.957241e-16
   outer loop
     vertex -1.681556e+00  2.547945e+01  9.358104e+00
     vertex -1.681556e+00  2.542531e+01  9.931766e+00
     vertex -1.681556e+00  2.550156e+01  9.874746e+00
   endloop
 endfacet
 facet normal -1.000000e+00 -0.000000e+00  0.000000e+00
   outer loop
     vertex -1.681556e+00  2.547945e+01  9.358104e+00
     vertex -1.681556e+00  2.541228e+01  9.301791e+00
     vertex -1.681556e+00  2.542531e+01  9.931766e+00
   endloop
 endfacet
 facet normal -1.000000e+00  0.000000e+00  0.000000e+00
   outer loop
     vertex -1.681556e+00  2.536293e+01  9.238585e+00
     vertex -1.681556e+00  2.536289e+01  1.000804e+01
     vertex -1.681556e+00  2.541228e+01  9.301791e+00
   endloop
 endfacet
 facet normal -1.000000e+00  0.000000e+00  0.000000e+00
   outer loop
     vertex -1.681556e+00  2.532822e+01  9.169547e+00
     vertex -1.681556e+00  2.532087e+01  1.009770e+01
     vertex -1.681556e+00  2.536289e+01  1.000804e+01
   endloop
 endfacet
 facet normal -1.000000e+00  0.000000e+00  0.000000e+00
   outer loop
     vertex -1.681556e+00  2.532822e+01  9.169547e+00
     vertex -1.681556e+00  2.536289e+01  1.000804e+01
     vertex -1.681556e+00  2.536293e+01  9.238585e+00
   endloop
 endfacet
 facet normal -1.000000e+00 -2.233436e-16  4.393396e-16
   outer loop
     vertex -1.681556e+00  2.556311e+01  9.400630e+00
     vertex -1.681556e+00  2.547945e+01  9.358104e+00
     vertex -1.681556e+00  2.550156e+01  9.874746e+00
   endloop
 endfacet
 facet normal -1.000000e+00  2.161620e-16  4.963949e-16
   outer loop
     vertex -1.681556e+00  2.556311e+01  9.400630e+00
     vertex -1.681556e+00  2.550156e+01  9.874746e+00
     vertex -1.681556e+00  2.558364e+01  9.839002e+00
   endloop
 endfacet
 facet normal -1.000000e+00 -4.785335e-17  3.797964e-15
   outer loop
     vertex -1.681556e+00  2.666234e+01  1.049788e+01
     vertex -1.681556e+00  2.599811e+01  1.048951e+01
     vertex -1.681556e+00  2.593336e+01  1.054716e+01
   endloop
 endfacet
 facet normal -1.000000e+00  8.615789e-17 -9.751670e-15
   outer loop
     vertex -1.681556e+00  2.672952e+01  1.055419e+01
     vertex -1.681556e+00  2.593336e+01  1.054716e+01
     vertex -1.681556e+00  2.585176e+01  1.059197e+01
   endloop
 endfacet
 facet normal -1.000000e+00 -3.520840e-17  3.985018e-15
   outer loop
     vertex -1.681556e+00  2.672952e+01  1.055419e+01
     vertex -1.681556e+00  2.666234e+01  1.049788e+01
     vertex -1.681556e+00  2.593336e+01  1.054716e+01
   endloop
 endfacet
 facet normal -1.000000e+00 -5.358992e-17  3.448320e-15
   outer loop
     vertex -1.681556e+00  2.661299e+01  1.043467e+01
     vertex -1.681556e+00  2.604509e+01  1.042585e+01
     vertex -1.681556e+00  2.599811e+01  1.048951e+01
   endloop
 endfacet
 facet normal -1.000000e+00 -4.470341e-17  3.547964e-15
   outer loop
     vertex -1.681556e+00  2.661299e+01  1.043467e+01
     vertex -1.681556e+00  2.599811e+01  1.048951e+01
     vertex -1.681556e+00  2.666234e+01  1.049788e+01
   endloop
 endfacet
 facet normal -1.000000e+00  6.499063e-17 -3.112158e-15
   outer loop
     vertex -1.681556e+00  2.657828e+01  1.036563e+01
     vertex -1.681556e+00  2.607826e+01  1.035519e+01
     vertex -1.681556e+00  2.604509e+01  1.042585e+01
   endloop
 endfacet
 facet normal -1.000000e+00  5.037678e-17 -3.241566e-15
   outer loop
     vertex -1.681556e+00  2.657828e+01  1.036563e+01
     vertex -1.681556e+00  2.604509e+01  1.042585e+01
     vertex -1.681556e+00  2.661299e+01  1.043467e+01
   endloop
 endfacet
 facet normal -1.000000e+00  1.844536e-16  9.429948e-15
   outer loop
     vertex -1.681556e+00  2.681317e+01  1.059672e+01
     vertex -1.681556e+00  2.585176e+01  1.059197e+01
     vertex -1.681556e+00  2.575762e+01  1.061736e+01
   endloop
 endfacet
 facet normal -1.000000e+00  2.592201e-16 -5.731328e-15
   outer loop
     vertex -1.681556e+00  2.681317e+01  1.059672e+01
     vertex -1.681556e+00  2.672952e+01  1.055419e+01
     vertex -1.681556e+00  2.585176e+01  1.059197e+01
   endloop
 endfacet
 facet normal -1.000000e+00  9.796486e-15  7.762902e-17
   outer loop
     vertex -1.681556e+00  2.530620e+01  9.087775e+00
     vertex -1.681556e+00  2.532087e+01  1.009770e+01
     vertex -1.681556e+00  2.532822e+01  9.169547e+00
   endloop
 endfacet
 facet normal -1.000000e+00 -3.979806e-17  2.204394e-16
   outer loop
     vertex -1.681556e+00  2.530620e+01  9.087775e+00
     vertex -1.681556e+00  2.035103e+01  9.200452e+00
     vertex -1.681556e+00  2.532087e+01  1.009770e+01
   endloop
 endfacet
 facet normal -1.000000e+00 -7.549551e-15 -8.234544e-16
   outer loop
     vertex -1.681556e+00  2.565843e+01  9.422956e+00
     vertex -1.681556e+00  2.558364e+01  9.839002e+00
     vertex -1.681556e+00  2.564394e+01  9.825440e+00
   endloop
 endfacet
 facet normal -1.000000e+00  3.841175e-15 -4.134121e-16
   outer loop
     vertex -1.681556e+00  2.565843e+01  9.422956e+00
     vertex -1.681556e+00  2.564394e+01  9.825440e+00
     vertex -1.681556e+00  2.570131e+01  9.821306e+00
   endloop
 endfacet
 facet normal -1.000000e+00 -1.199496e-16  5.121392e-16
   outer loop
     vertex -1.681556e+00  2.565843e+01  9.422956e+00
     vertex -1.681556e+00  2.556311e+01  9.400630e+00
     vertex -1.681556e+00  2.558364e+01  9.839002e+00
   endloop
 endfacet
 facet normal -1.000000e+00  4.121661e-16  2.762069e-15
   outer loop
     vertex -1.681556e+00  2.655627e+01  1.028386e+01
     vertex -1.681556e+00  2.609812e+01  1.027184e+01
     vertex -1.681556e+00  2.607826e+01  1.035519e+01
   endloop
 endfacet
 facet normal -1.000000e+00  0.000000e+00  0.000000e+00
   outer loop
     vertex -1.681556e+00  2.655627e+01  1.028386e+01
     vertex -1.681556e+00  2.607826e+01  1.035519e+01
     vertex -1.681556e+00  2.657828e+01  1.036563e+01
   endloop
 endfacet
 facet normal -1.000000e+00  0.000000e+00  0.000000e+00
   outer loop
     vertex -1.681556e+00  2.690850e+01  1.061904e+01
     vertex -1.681556e+00  2.681317e+01  1.059672e+01
     vertex -1.681556e+00  2.575762e+01  1.061736e+01
   endloop
 endfacet
 facet normal -1.000000e+00 -4.476756e-17  1.897175e-18
   outer loop
     vertex -1.681556e+00  2.530233e+01  8.996357e+00
     vertex -1.681556e+00  2.035103e+01  9.200452e+00
     vertex -1.681556e+00  2.530620e+01  9.087775e+00
   endloop
 endfacet
 facet normal -1.000000e+00 -2.310330e-15  2.298412e-16
   outer loop
     vertex -1.681556e+00  2.575762e+01  9.421277e+00
     vertex -1.681556e+00  2.570131e+01  9.821306e+00
     vertex -1.681556e+00  2.579861e+01  9.833321e+00
   endloop
 endfacet
 facet normal -1.000000e+00 -2.234599e-15  2.405020e-16
   outer loop
     vertex -1.681556e+00  2.575762e+01  9.421277e+00
     vertex -1.681556e+00  2.565843e+01  9.422956e+00
     vertex -1.681556e+00  2.570131e+01  9.821306e+00
   endloop
 endfacet
 facet normal -1.000000e+00  5.582437e-16 -2.399395e-15
   outer loop
     vertex -1.681556e+00  2.655239e+01  1.019244e+01
     vertex -1.681556e+00  2.609914e+01  1.017953e+01
     vertex -1.681556e+00  2.609812e+01  1.027184e+01
   endloop
 endfacet
 facet normal -1.000000e+00  5.490241e-16 -2.452148e-15
   outer loop
     vertex -1.681556e+00  2.655239e+01  1.019244e+01
     vertex -1.681556e+00  2.609812e+01  1.027184e+01
     vertex -1.681556e+00  2.655627e+01  1.028386e+01
   endloop
 endfacet
 facet normal -1.000000e+00 -2.400047e-16 -4.734498e-15
   outer loop
     vertex -1.681556e+00  2.532087e+01  8.901618e+00
     vertex -1.681556e+00  2.035103e+01  9.200452e+00
     vertex -1.681556e+00  2.530233e+01  8.996357e+00
   endloop
 endfacet
 facet normal -1.000000e+00  0.000000e+00  0.000000e+00
   outer loop
     vertex -1.681556e+00  2.585176e+01  9.395889e+00
     vertex -1.681556e+00  2.579861e+01  9.833321e+00
     vertex -1.681556e+00  2.589001e+01  9.868614e+00
   endloop
 endfacet
 facet normal -1.000000e+00  0.000000e+00  0.000000e+00
   outer loop
     vertex -1.681556e+00  2.585176e+01  9.395889e+00
     vertex -1.681556e+00  2.575762e+01  9.421277e+00
     vertex -1.681556e+00  2.579861e+01  9.833321e+00
   endloop
 endfacet
 facet normal -1.000000e+00  3.915989e-16  2.257902e-15
   outer loop
     vertex -1.681556e+00  2.657093e+01  1.009770e+01
     vertex -1.681556e+00  2.607737e+01  1.008496e+01
     vertex -1.681556e+00  2.609914e+01  1.017953e+01
   endloop
 endfacet
 facet normal -1.000000e+00  4.207701e-16  2.426099e-15
   outer loop
     vertex -1.681556e+00  2.657093e+01  1.009770e+01
     vertex -1.681556e+00  2.609914e+01  1.017953e+01
     vertex -1.681556e+00  2.655239e+01  1.019244e+01
   endloop
 endfacet
 facet normal -1.000000e+00  2.989319e-15 -1.786362e-16
   outer loop
     vertex -1.681556e+00  2.593336e+01  9.351070e+00
     vertex -1.681556e+00  2.589001e+01  9.868614e+00
     vertex -1.681556e+00  2.596753e+01  9.922759e+00
   endloop
 endfacet
 facet normal -1.000000e+00  2.605140e-15 -2.108169e-16
   outer loop
     vertex -1.681556e+00  2.593336e+01  9.351070e+00
     vertex -1.681556e+00  2.585176e+01  9.395889e+00
     vertex -1.681556e+00  2.589001e+01  9.868614e+00
   endloop
 endfacet
 facet normal -1.000000e+00 -2.867830e-16 -4.883055e-15
   outer loop
     vertex -1.681556e+00  2.661296e+01  1.000804e+01
     vertex -1.681556e+00  2.603228e+01  9.996667e+00
     vertex -1.681556e+00  2.607737e+01  1.008496e+01
   endloop
 endfacet
 facet normal -1.000000e+00  4.445031e-16  2.083291e-16
   outer loop
     vertex -1.681556e+00  2.661296e+01  1.000804e+01
     vertex -1.681556e+00  2.607737e+01  1.008496e+01
     vertex -1.681556e+00  2.657093e+01  1.009770e+01
   endloop
 endfacet
 facet normal -1.000000e+00  0.000000e+00  0.000000e+00
   outer loop
     vertex -1.681556e+00  2.599811e+01  9.293422e+00
     vertex -1.681556e+00  2.593336e+01  9.351070e+00
     vertex -1.681556e+00  2.596753e+01  9.922759e+00
   endloop
 endfacet
 facet normal -1.000000e+00 -3.866076e-17  3.038198e-15
   outer loop
     vertex -1.681556e+00  2.667538e+01  9.931766e+00
     vertex -1.681556e+00  2.596753e+01  9.922759e+00
     vertex -1.681556e+00  2.603228e+01  9.996667e+00
   endloop
 endfacet
 facet normal -1.000000e+00 -3.763600e-16 -3.080250e-16
   outer loop
     vertex -1.681556e+00  2.667538e+01  9.931766e+00
     vertex -1.681556e+00  2.603228e+01  9.996667e+00
     vertex -1.681556e+00  2.661296e+01  1.000804e+01
   endloop
 endfacet
 facet normal -1.000000e+00  0.000000e+00  0.000000e+00
   outer loop
     vertex -1.681556e+00  2.667538e+01  9.931766e+00
     vertex -1.681556e+00  2.599811e+01  9.293422e+00
     vertex -1.681556e+00  2.596753e+01  9.922759e+00
   endloop
 endfacet
 facet normal -1.000000e+00  6.730446e-16  8.999691e-16
   outer loop
     vertex -1.681556e+00  2.550446e+01  8.183044e+00
     vertex -1.681556e+00  2.542531e+01  8.735680e+00
     vertex -1.681556e+00  2.550156e+01  8.678660e+00
   endloop
 endfacet
 facet normal -1.000000e+00 -6.503780e-15 -1.278119e-16
   outer loop
     vertex -1.681556e+00  2.550446e+01  8.183044e+00
     vertex -1.681556e+00  2.543728e+01  8.126731e+00
     vertex -1.681556e+00  2.542531e+01  8.735680e+00
   endloop
 endfacet
 facet normal -1.000000e+00  2.952841e-15 -4.945861e-16
   outer loop
     vertex -1.681556e+00  2.538793e+01  8.063525e+00
     vertex -1.681556e+00  2.536289e+01  8.811951e+00
     vertex -1.681556e+00  2.542531e+01  8.735680e+00
   endloop
 endfacet
 facet normal -1.000000e+00 -4.388684e-15 -8.624616e-17
   outer loop
     vertex -1.681556e+00  2.538793e+01  8.063525e+00
     vertex -1.681556e+00  2.542531e+01  8.735680e+00
     vertex -1.681556e+00  2.543728e+01  8.126731e+00
   endloop
 endfacet
 facet normal -1.000000e+00 -1.087234e-14 -1.430249e-16
   outer loop
     vertex -1.681556e+00  2.535322e+01  7.994487e+00
     vertex -1.681556e+00  2.532087e+01  8.901618e+00
     vertex -1.681556e+00  2.536289e+01  8.811951e+00
   endloop
 endfacet
 facet normal -1.000000e+00  7.105471e-15 -3.556719e-16
   outer loop
     vertex -1.681556e+00  2.535322e+01  7.994487e+00
     vertex -1.681556e+00  2.536289e+01  8.811951e+00
     vertex -1.681556e+00  2.538793e+01  8.063525e+00
   endloop
 endfacet
 facet normal -1.000000e+00 -0.000000e+00  0.000000e+00
   outer loop
     vertex -1.681556e+00  2.666234e+01  9.301791e+00
     vertex -1.681556e+00  2.599811e+01  9.293422e+00
     vertex -1.681556e+00  2.667538e+01  9.931766e+00
   endloop
 endfacet
 facet normal -1.000000e+00 -2.717795e-15 -2.908873e-17
   outer loop
     vertex -1.681556e+00  2.558811e+01  8.225570e+00
     vertex -1.681556e+00  2.550156e+01  8.678660e+00
     vertex -1.681556e+00  2.558364e+01  8.642916e+00
   endloop
 endfacet
 facet normal -1.000000e+00  3.691060e-15  3.950565e-17
   outer loop
     vertex -1.681556e+00  2.558811e+01  8.225570e+00
     vertex -1.681556e+00  2.558364e+01  8.642916e+00
     vertex -1.681556e+00  2.564394e+01  8.629354e+00
   endloop
 endfacet
 facet normal -1.000000e+00  2.192345e-15  9.088507e-16
   outer loop
     vertex -1.681556e+00  2.558811e+01  8.225570e+00
     vertex -1.681556e+00  2.550446e+01  8.183044e+00
     vertex -1.681556e+00  2.550156e+01  8.678660e+00
   endloop
 endfacet
 facet normal -1.000000e+00 -0.000000e+00  0.000000e+00
   outer loop
     vertex -1.681556e+00  2.672952e+01  9.358104e+00
     vertex -1.681556e+00  2.666234e+01  9.301791e+00
     vertex -1.681556e+00  2.667538e+01  9.931766e+00
   endloop
 endfacet
 facet normal -1.000000e+00  3.133417e-15  2.957241e-16
   outer loop
     vertex -1.681556e+00  2.672952e+01  9.358104e+00
     vertex -1.681556e+00  2.667538e+01  9.931766e+00
     vertex -1.681556e+00  2.675162e+01  9.874746e+00
   endloop
 endfacet
 facet normal -1.000000e+00 -0.000000e+00  0.000000e+00
   outer loop
     vertex -1.681556e+00  2.661299e+01  9.238585e+00
     vertex -1.681556e+00  2.604509e+01  9.229759e+00
     vertex -1.681556e+00  2.599811e+01  9.293422e+00
   endloop
 endfacet
 facet normal -1.000000e+00  0.000000e+00  0.000000e+00
   outer loop
     vertex -1.681556e+00  2.661299e+01  9.238585e+00
     vertex -1.681556e+00  2.599811e+01  9.293422e+00
     vertex -1.681556e+00  2.666234e+01  9.301791e+00
   endloop
 endfacet
 facet normal -1.000000e+00  0.000000e+00  0.000000e+00
   outer loop
     vertex -1.681556e+00  2.657828e+01  9.169547e+00
     vertex -1.681556e+00  2.604509e+01  9.229759e+00
     vertex -1.681556e+00  2.661299e+01  9.238585e+00
   endloop
 endfacet
 facet normal -1.000000e+00 -3.747672e-16 -3.318621e-15
   outer loop
     vertex -1.681556e+00  2.657828e+01  9.169547e+00
     vertex -1.681556e+00  2.607826e+01  9.159105e+00
     vertex -1.681556e+00  2.604509e+01  9.229759e+00
   endloop
 endfacet
 facet normal -1.000000e+00  2.161620e-16  4.963949e-16
   outer loop
     vertex -1.681556e+00  2.681317e+01  9.400630e+00
     vertex -1.681556e+00  2.675162e+01  9.874746e+00
     vertex -1.681556e+00  2.683370e+01  9.839002e+00
   endloop
 endfacet
 facet normal -1.000000e+00 -2.233436e-16  4.393396e-16
   outer loop
     vertex -1.681556e+00  2.681317e+01  9.400630e+00
     vertex -1.681556e+00  2.672952e+01  9.358104e+00
     vertex -1.681556e+00  2.675162e+01  9.874746e+00
   endloop
 endfacet
 facet normal -1.000000e+00  4.458574e-17  0.000000e+00
   outer loop
     vertex -1.681556e+00  2.533120e+01  7.912715e+00
     vertex -1.681556e+00  2.035103e+01  7.225352e+00
     vertex -1.681556e+00  2.035103e+01  9.200452e+00
   endloop
 endfacet
 facet normal -1.000000e+00 -9.707870e-15 -1.014899e-16
   outer loop
     vertex -1.681556e+00  2.533120e+01  7.912715e+00
     vertex -1.681556e+00  2.532087e+01  8.901618e+00
     vertex -1.681556e+00  2.535322e+01  7.994487e+00
   endloop
 endfacet
 facet normal -1.000000e+00  4.470659e-17  4.673803e-19
   outer loop
     vertex -1.681556e+00  2.533120e+01  7.912715e+00
     vertex -1.681556e+00  2.035103e+01  9.200452e+00
     vertex -1.681556e+00  2.532087e+01  8.901618e+00
   endloop
 endfacet
 facet normal -1.000000e+00  0.000000e+00  0.000000e+00
   outer loop
     vertex -1.681556e+00  2.568343e+01  8.247897e+00
     vertex -1.681556e+00  2.564394e+01  8.629354e+00
     vertex -1.681556e+00  2.570131e+01  8.625220e+00
   endloop
 endfacet
 facet normal -1.000000e+00  2.274189e-15  2.354322e-16
   outer loop
     vertex -1.681556e+00  2.568343e+01  8.247897e+00
     vertex -1.681556e+00  2.558811e+01  8.225570e+00
     vertex -1.681556e+00  2.564394e+01  8.629354e+00
   endloop
 endfacet
 facet normal -1.000000e+00 -4.614086e-17  3.799887e-15
   outer loop
     vertex -1.681556e+00  2.793741e+01  1.049788e+01
     vertex -1.681556e+00  2.724818e+01  1.048951e+01
     vertex -1.681556e+00  2.718343e+01  1.054716e+01
   endloop
 endfacet
 facet normal -1.000000e+00  8.357497e-17 -9.756373e-15
   outer loop
     vertex -1.681556e+00  2.800458e+01  1.055419e+01
     vertex -1.681556e+00  2.718343e+01  1.054716e+01
     vertex -1.681556e+00  2.710182e+01  1.059197e+01
   endloop
 endfacet
 facet normal -1.000000e+00 -3.412537e-17  3.983726e-15
   outer loop
     vertex -1.681556e+00  2.800458e+01  1.055419e+01
     vertex -1.681556e+00  2.793741e+01  1.049788e+01
     vertex -1.681556e+00  2.718343e+01  1.054716e+01
   endloop
 endfacet
 facet normal -1.000000e+00 -5.135471e-17  3.449969e-15
   outer loop
     vertex -1.681556e+00  2.788806e+01  1.043467e+01
     vertex -1.681556e+00  2.729515e+01  1.042585e+01
     vertex -1.681556e+00  2.724818e+01  1.048951e+01
   endloop
 endfacet
 facet normal -1.000000e+00 -4.306631e-17  3.546685e-15
   outer loop
     vertex -1.681556e+00  2.788806e+01  1.043467e+01
     vertex -1.681556e+00  2.724818e+01  1.048951e+01
     vertex -1.681556e+00  2.793741e+01  1.049788e+01
   endloop
 endfacet
 facet normal -1.000000e+00 -5.036069e-16  2.851030e-15
   outer loop
     vertex -1.681556e+00  2.655627e+01  9.087775e+00
     vertex -1.681556e+00  2.607826e+01  9.159105e+00
     vertex -1.681556e+00  2.657828e+01  9.169547e+00
   endloop
 endfacet
 facet normal -1.000000e+00 -1.389679e-16  5.294603e-15
   outer loop
     vertex -1.681556e+00  2.655627e+01  9.087775e+00
     vertex -1.681556e+00  2.609812e+01  9.075750e+00
     vertex -1.681556e+00  2.607826e+01  9.159105e+00
   endloop
 endfacet
 facet normal -1.000000e+00 -1.199496e-16  5.121392e-16
   outer loop
     vertex -1.681556e+00  2.690850e+01  9.422956e+00
     vertex -1.681556e+00  2.681317e+01  9.400630e+00
     vertex -1.681556e+00  2.683370e+01  9.839002e+00
   endloop
 endfacet
 facet normal -1.000000e+00 -7.549551e-15 -8.234544e-16
   outer loop
     vertex -1.681556e+00  2.690850e+01  9.422956e+00
     vertex -1.681556e+00  2.683370e+01  9.839002e+00
     vertex -1.681556e+00  2.689401e+01  9.825440e+00
   endloop
 endfacet
 facet normal -1.000000e+00  3.841175e-15 -4.134121e-16
   outer loop
     vertex -1.681556e+00  2.690850e+01  9.422956e+00
     vertex -1.681556e+00  2.689401e+01  9.825440e+00
     vertex -1.681556e+00  2.695137e+01  9.821306e+00
   endloop
 endfacet
 facet normal -1.000000e+00  6.192445e-17 -3.113597e-15
   outer loop
     vertex -1.681556e+00  2.785335e+01  1.036563e+01
     vertex -1.681556e+00  2.732833e+01  1.035519e+01
     vertex -1.681556e+00  2.729515e+01  1.042585e+01
   endloop
 endfacet
 facet normal -1.000000e+00  4.823649e-17 -3.240490e-15
   outer loop
     vertex -1.681556e+00  2.785335e+01  1.036563e+01
     vertex -1.681556e+00  2.729515e+01  1.042585e+01
     vertex -1.681556e+00  2.788806e+01  1.043467e+01
   endloop
 endfacet
 facet normal -1.000000e+00  1.798604e-16  9.412916e-15
   outer loop
     vertex -1.681556e+00  2.808824e+01  1.059672e+01
     vertex -1.681556e+00  2.710182e+01  1.059197e+01
     vertex -1.681556e+00  2.700768e+01  1.061736e+01
   endloop
 endfacet
 facet normal -1.000000e+00  2.525873e-16 -5.718280e-15
   outer loop
     vertex -1.681556e+00  2.808824e+01  1.059672e+01
     vertex -1.681556e+00  2.800458e+01  1.055419e+01
     vertex -1.681556e+00  2.710182e+01  1.059197e+01
   endloop
 endfacet
 facet normal -1.000000e+00  4.484806e-17 -1.900587e-18
   outer loop
     vertex -1.681556e+00  2.532733e+01  7.821297e+00
     vertex -1.681556e+00  2.035103e+01  7.225352e+00
     vertex -1.681556e+00  2.533120e+01  7.912715e+00
   endloop
 endfacet
 facet normal -1.000000e+00 -2.236878e-15  1.059482e-16
   outer loop
     vertex -1.681556e+00  2.578262e+01  8.246217e+00
     vertex -1.681556e+00  2.568343e+01  8.247897e+00
     vertex -1.681556e+00  2.570131e+01  8.625220e+00
   endloop
 endfacet
 facet normal -1.000000e+00 -7.047518e-17  5.707453e-16
   outer loop
     vertex -1.681556e+00  2.578262e+01  8.246217e+00
     vertex -1.681556e+00  2.570131e+01  8.625220e+00
     vertex -1.681556e+00  2.579861e+01  8.637235e+00
   endloop
 endfacet
 facet normal -1.000000e+00  3.909634e-16  2.757017e-15
   outer loop
     vertex -1.681556e+00  2.783133e+01  1.028386e+01
     vertex -1.681556e+00  2.734819e+01  1.027184e+01
     vertex -1.681556e+00  2.732833e+01  1.035519e+01
   endloop
 endfacet
 facet normal -1.000000e+00  0.000000e+00  0.000000e+00
   outer loop
     vertex -1.681556e+00  2.783133e+01  1.028386e+01
     vertex -1.681556e+00  2.732833e+01  1.035519e+01
     vertex -1.681556e+00  2.785335e+01  1.036563e+01
   endloop
 endfacet
 facet normal -1.000000e+00  0.000000e+00  0.000000e+00
   outer loop
     vertex -1.681556e+00  2.655239e+01  8.996357e+00
     vertex -1.681556e+00  2.609812e+01  9.075750e+00
     vertex -1.681556e+00  2.655627e+01  9.087775e+00
   endloop
 endfacet
 facet normal -1.000000e+00 -4.212249e-16 -2.410136e-15
   outer loop
     vertex -1.681556e+00  2.655239e+01  8.996357e+00
     vertex -1.681556e+00  2.609914e+01  8.983444e+00
     vertex -1.681556e+00  2.609812e+01  9.075750e+00
   endloop
 endfacet
 facet normal -1.000000e+00  0.000000e+00  0.000000e+00
   outer loop
     vertex -1.681556e+00  2.818356e+01  1.061904e+01
     vertex -1.681556e+00  2.808824e+01  1.059672e+01
     vertex -1.681556e+00  2.700768e+01  1.061736e+01
   endloop
 endfacet
 facet normal -1.000000e+00 -2.234599e-15  2.405020e-16
   outer loop
     vertex -1.681556e+00  2.700768e+01  9.421277e+00
     vertex -1.681556e+00  2.690850e+01  9.422956e+00
     vertex -1.681556e+00  2.695137e+01  9.821306e+00
   endloop
 endfacet
 facet normal -1.000000e+00 -2.310330e-15  2.298412e-16
   outer loop
     vertex -1.681556e+00  2.700768e+01  9.421277e+00
     vertex -1.681556e+00  2.695137e+01  9.821306e+00
     vertex -1.681556e+00  2.704867e+01  9.833321e+00
   endloop
 endfacet
 facet normal -1.000000e+00 -2.306569e-16  2.298637e-15
   outer loop
     vertex -1.681556e+00  2.534587e+01  7.726559e+00
     vertex -1.681556e+00  2.035103e+01  7.225352e+00
     vertex -1.681556e+00  2.532733e+01  7.821297e+00
   endloop
 endfacet
 facet normal -1.000000e+00  5.205837e-16 -2.450942e-15
   outer loop
     vertex -1.681556e+00  2.782746e+01  1.019244e+01
     vertex -1.681556e+00  2.734819e+01  1.027184e+01
     vertex -1.681556e+00  2.783133e+01  1.028386e+01
   endloop
 endfacet
 facet normal -1.000000e+00  5.290698e-16 -2.399715e-15
   outer loop
     vertex -1.681556e+00  2.782746e+01  1.019244e+01
     vertex -1.681556e+00  2.734920e+01  1.017953e+01
     vertex -1.681556e+00  2.734819e+01  1.027184e+01
   endloop
 endfacet
 facet normal -1.000000e+00  2.484427e-15  4.662633e-16
   outer loop
     vertex -1.681556e+00  2.587676e+01  8.220829e+00
     vertex -1.681556e+00  2.578262e+01  8.246217e+00
     vertex -1.681556e+00  2.579861e+01  8.637235e+00
   endloop
 endfacet
 facet normal -1.000000e+00  0.000000e+00  0.000000e+00
   outer loop
     vertex -1.681556e+00  2.587676e+01  8.220829e+00
     vertex -1.681556e+00  2.579861e+01  8.637235e+00
     vertex -1.681556e+00  2.589001e+01  8.672528e+00
   endloop
 endfacet
 facet normal -1.000000e+00 -3.543685e-16 -4.756875e-15
   outer loop
     vertex -1.681556e+00  2.657093e+01  8.901618e+00
     vertex -1.681556e+00  2.609914e+01  8.983444e+00
     vertex -1.681556e+00  2.655239e+01  8.996357e+00
   endloop
 endfacet
 facet normal -1.000000e+00  4.525698e-16 -1.041863e-16
   outer loop
     vertex -1.681556e+00  2.657093e+01  8.901618e+00
     vertex -1.681556e+00  2.607737e+01  8.888878e+00
     vertex -1.681556e+00  2.609914e+01  8.983444e+00
   endloop
 endfacet
 facet normal -1.000000e+00  0.000000e+00  0.000000e+00
   outer loop
     vertex -1.681556e+00  2.710182e+01  9.395889e+00
     vertex -1.681556e+00  2.704867e+01  9.833321e+00
     vertex -1.681556e+00  2.714008e+01  9.868614e+00
   endloop
 endfacet
 facet normal -1.000000e+00  0.000000e+00  0.000000e+00
   outer loop
     vertex -1.681556e+00  2.710182e+01  9.395889e+00
     vertex -1.681556e+00  2.700768e+01  9.421277e+00
     vertex -1.681556e+00  2.704867e+01  9.833321e+00
   endloop
 endfacet
 facet normal -1.000000e+00  3.726116e-16  2.262274e-15
   outer loop
     vertex -1.681556e+00  2.784599e+01  1.009770e+01
     vertex -1.681556e+00  2.732743e+01  1.008496e+01
     vertex -1.681556e+00  2.734920e+01  1.017953e+01
   endloop
 endfacet
 facet normal -1.000000e+00  3.988896e-16  2.421818e-15
   outer loop
     vertex -1.681556e+00  2.784599e+01  1.009770e+01
     vertex -1.681556e+00  2.734920e+01  1.017953e+01
     vertex -1.681556e+00  2.782746e+01  1.019244e+01
   endloop
 endfacet
 facet normal -1.000000e+00 -0.000000e+00  0.000000e+00
   outer loop
     vertex -1.681556e+00  2.538789e+01  7.636891e+00
     vertex -1.681556e+00  2.035103e+01  7.225352e+00
     vertex -1.681556e+00  2.534587e+01  7.726559e+00
   endloop
 endfacet
 facet normal -1.000000e+00  2.849752e-16 -4.079728e-16
   outer loop
     vertex -1.681556e+00  2.595837e+01  8.176010e+00
     vertex -1.681556e+00  2.589001e+01  8.672528e+00
     vertex -1.681556e+00  2.596753e+01  8.726673e+00
   endloop
 endfacet
 facet normal -1.000000e+00  2.677772e-15 -7.856826e-17
   outer loop
     vertex -1.681556e+00  2.595837e+01  8.176010e+00
     vertex -1.681556e+00  2.587676e+01  8.220829e+00
     vertex -1.681556e+00  2.589001e+01  8.672528e+00
   endloop
 endfacet
 facet normal -1.000000e+00 -3.862525e-16  1.972247e-16
   outer loop
     vertex -1.681556e+00  2.661296e+01  8.811951e+00
     vertex -1.681556e+00  2.603228e+01  8.800581e+00
     vertex -1.681556e+00  2.607737e+01  8.888878e+00
   endloop
 endfacet
 facet normal -1.000000e+00  3.181931e-16  5.101739e-15
   outer loop
     vertex -1.681556e+00  2.661296e+01  8.811951e+00
     vertex -1.681556e+00  2.607737e+01  8.888878e+00
     vertex -1.681556e+00  2.657093e+01  8.901618e+00
   endloop
 endfacet
 facet normal -1.000000e+00  2.989319e-15 -1.786362e-16
   outer loop
     vertex -1.681556e+00  2.718343e+01  9.351070e+00
     vertex -1.681556e+00  2.714008e+01  9.868614e+00
     vertex -1.681556e+00  2.721759e+01  9.922759e+00
   endloop
 endfacet
 facet normal -1.000000e+00  2.605140e-15 -2.108169e-16
   outer loop
     vertex -1.681556e+00  2.718343e+01  9.351070e+00
     vertex -1.681556e+00  2.710182e+01  9.395889e+00
     vertex -1.681556e+00  2.714008e+01  9.868614e+00
   endloop
 endfacet
 facet normal -1.000000e+00 -2.748305e-16 -4.889158e-15
   outer loop
     vertex -1.681556e+00  2.788802e+01  1.000804e+01
     vertex -1.681556e+00  2.728234e+01  9.996667e+00
     vertex -1.681556e+00  2.732743e+01  1.008496e+01
   endloop
 endfacet
 facet normal -1.000000e+00  4.233164e-16  1.983994e-16
   outer loop
     vertex -1.681556e+00  2.788802e+01  1.000804e+01
     vertex -1.681556e+00  2.732743e+01  1.008496e+01
     vertex -1.681556e+00  2.784599e+01  1.009770e+01
   endloop
 endfacet
 facet normal -1.000000e+00  2.229587e-16 -2.728809e-15
   outer loop
     vertex -1.681556e+00  2.545032e+01  7.560621e+00
     vertex -1.681556e+00  2.035103e+01  7.225352e+00
     vertex -1.681556e+00  2.538789e+01  7.636891e+00
   endloop
 endfacet
 facet normal -1.000000e+00 -3.733009e-15 -3.411224e-16
   outer loop
     vertex -1.681556e+00  2.602311e+01  8.118362e+00
     vertex -1.681556e+00  2.595837e+01  8.176010e+00
     vertex -1.681556e+00  2.596753e+01  8.726673e+00
   endloop
 endfacet
 facet normal -1.000000e+00 -3.202574e-16 -3.173394e-15
   outer loop
     vertex -1.681556e+00  2.667538e+01  8.735680e+00
     vertex -1.681556e+00  2.603228e+01  8.800581e+00
     vertex -1.681556e+00  2.661296e+01  8.811951e+00
   endloop
 endfacet
 facet normal -1.000000e+00  0.000000e+00  0.000000e+00
   outer loop
     vertex -1.681556e+00  2.667538e+01  8.735680e+00
     vertex -1.681556e+00  2.602311e+01  8.118362e+00
     vertex -1.681556e+00  2.596753e+01  8.726673e+00
   endloop
 endfacet
 facet normal -1.000000e+00 -0.000000e+00  0.000000e+00
   outer loop
     vertex -1.681556e+00  2.667538e+01  8.735680e+00
     vertex -1.681556e+00  2.596753e+01  8.726673e+00
     vertex -1.681556e+00  2.603228e+01  8.800581e+00
   endloop
 endfacet
 facet normal -1.000000e+00  0.000000e+00  0.000000e+00
   outer loop
     vertex -1.681556e+00  2.724818e+01  9.293422e+00
     vertex -1.681556e+00  2.718343e+01  9.351070e+00
     vertex -1.681556e+00  2.721759e+01  9.922759e+00
   endloop
 endfacet
 facet normal -1.000000e+00 -3.732749e-17  3.037030e-15
   outer loop
     vertex -1.681556e+00  2.795044e+01  9.931766e+00
     vertex -1.681556e+00  2.721759e+01  9.922759e+00
     vertex -1.681556e+00  2.728234e+01  9.996667e+00
   endloop
 endfacet
 facet normal -1.000000e+00  0.000000e+00  0.000000e+00
   outer loop
     vertex -1.681556e+00  2.795044e+01  9.931766e+00
     vertex -1.681556e+00  2.724818e+01  9.293422e+00
     vertex -1.681556e+00  2.721759e+01  9.922759e+00
   endloop
 endfacet
 facet normal -1.000000e+00 -3.610595e-16 -2.955026e-16
   outer loop
     vertex -1.681556e+00  2.795044e+01  9.931766e+00
     vertex -1.681556e+00  2.728234e+01  9.996667e+00
     vertex -1.681556e+00  2.788802e+01  1.000804e+01
   endloop
 endfacet
 facet normal -1.000000e+00 -1.953183e-16  3.632987e-15
   outer loop
     vertex -1.681556e+00  2.552656e+01  7.503601e+00
     vertex -1.681556e+00  2.035103e+01  7.225352e+00
     vertex -1.681556e+00  2.545032e+01  7.560621e+00
   endloop
 endfacet
 facet normal -1.000000e+00 -0.000000e+00  0.000000e+00
   outer loop
     vertex -1.681556e+00  2.560864e+01  7.467857e+00
     vertex -1.681556e+00  2.035103e+01  7.225352e+00
     vertex -1.681556e+00  2.552656e+01  7.503601e+00
   endloop
 endfacet
 facet normal -1.000000e+00 -6.266359e-16  1.358573e-14
   outer loop
     vertex -1.681556e+00  2.566895e+01  7.454294e+00
     vertex -1.681556e+00  2.035103e+01  7.225352e+00
     vertex -1.681556e+00  2.560864e+01  7.467857e+00
   endloop
 endfacet
 facet normal -1.000000e+00  1.421456e-15 -3.398769e-14
   outer loop
     vertex -1.681556e+00  2.572631e+01  7.450160e+00
     vertex -1.681556e+00  2.035103e+01  7.225352e+00
     vertex -1.681556e+00  2.566895e+01  7.454294e+00
   endloop
 endfacet
 facet normal -1.000000e+00 -0.000000e+00  0.000000e+00
   outer loop
     vertex -1.681556e+00  2.666234e+01  8.126731e+00
     vertex -1.681556e+00  2.602311e+01  8.118362e+00
     vertex -1.681556e+00  2.667538e+01  8.735680e+00
   endloop
 endfacet
 facet normal -1.000000e+00  6.484733e-16  8.671134e-16
   outer loop
     vertex -1.681556e+00  2.672952e+01  8.183044e+00
     vertex -1.681556e+00  2.667538e+01  8.735680e+00
     vertex -1.681556e+00  2.675162e+01  8.678660e+00
   endloop
 endfacet
 facet normal -1.000000e+00 -6.731716e-15  1.440888e-16
   outer loop
     vertex -1.681556e+00  2.672952e+01  8.183044e+00
     vertex -1.681556e+00  2.666234e+01  8.126731e+00
     vertex -1.681556e+00  2.667538e+01  8.735680e+00
   endloop
 endfacet
 facet normal -1.000000e+00  7.522716e-16  4.042974e-15
   outer loop
     vertex -1.681556e+00  2.661299e+01  8.063525e+00
     vertex -1.681556e+00  2.607009e+01  8.054700e+00
     vertex -1.681556e+00  2.602311e+01  8.118362e+00
   endloop
 endfacet
 facet normal -1.000000e+00  4.646989e-17 -3.549343e-15
   outer loop
     vertex -1.681556e+00  2.661299e+01  8.063525e+00
     vertex -1.681556e+00  2.602311e+01  8.118362e+00
     vertex -1.681556e+00  2.666234e+01  8.126731e+00
   endloop
 endfacet
 facet normal -1.000000e+00 -3.259141e-16 -6.438356e-15
   outer loop
     vertex -1.681556e+00  2.657828e+01  7.994487e+00
     vertex -1.681556e+00  2.610326e+01  7.984045e+00
     vertex -1.681556e+00  2.607009e+01  8.054700e+00
   endloop
 endfacet
 facet normal -1.000000e+00  7.720205e-16  2.828147e-15
   outer loop
     vertex -1.681556e+00  2.657828e+01  7.994487e+00
     vertex -1.681556e+00  2.607009e+01  8.054700e+00
     vertex -1.681556e+00  2.661299e+01  8.063525e+00
   endloop
 endfacet
 facet normal -1.000000e+00 -2.648384e-15  1.303065e-16
   outer loop
     vertex -1.681556e+00  2.681317e+01  8.225570e+00
     vertex -1.681556e+00  2.675162e+01  8.678660e+00
     vertex -1.681556e+00  2.683370e+01  8.642916e+00
   endloop
 endfacet
 facet normal -1.000000e+00  2.249870e-15  7.956926e-16
   outer loop
     vertex -1.681556e+00  2.681317e+01  8.225570e+00
     vertex -1.681556e+00  2.672952e+01  8.183044e+00
     vertex -1.681556e+00  2.675162e+01  8.678660e+00
   endloop
 endfacet
 facet normal -1.000000e+00 -0.000000e+00  0.000000e+00
   outer loop
     vertex -1.681556e+00  2.793741e+01  9.301791e+00
     vertex -1.681556e+00  2.724818e+01  9.293422e+00
     vertex -1.681556e+00  2.795044e+01  9.931766e+00
   endloop
 endfacet
 facet normal -1.000000e+00  8.716005e-16  5.535401e-15
   outer loop
     vertex -1.681556e+00  2.655627e+01  7.912715e+00
     vertex -1.681556e+00  2.612313e+01  7.900691e+00
     vertex -1.681556e+00  2.610326e+01  7.984045e+00
   endloop
 endfacet
 facet normal -1.000000e+00 -4.101790e-16 -2.604984e-15
   outer loop
     vertex -1.681556e+00  2.655627e+01  7.912715e+00
     vertex -1.681556e+00  2.610326e+01  7.984045e+00
     vertex -1.681556e+00  2.657828e+01  7.994487e+00
   endloop
 endfacet
 facet normal -1.000000e+00 -0.000000e+00  0.000000e+00
   outer loop
     vertex -1.681556e+00  2.800458e+01  9.358104e+00
     vertex -1.681556e+00  2.793741e+01  9.301791e+00
     vertex -1.681556e+00  2.795044e+01  9.931766e+00
   endloop
 endfacet
 facet normal -1.000000e+00  3.133417e-15  2.957241e-16
   outer loop
     vertex -1.681556e+00  2.800458e+01  9.358104e+00
     vertex -1.681556e+00  2.795044e+01  9.931766e+00
     vertex -1.681556e+00  2.802669e+01  9.874746e+00
   endloop
 endfacet
 facet normal -1.000000e+00 -0.000000e+00  0.000000e+00
   outer loop
     vertex -1.681556e+00  2.788806e+01  9.238585e+00
     vertex -1.681556e+00  2.729515e+01  9.229759e+00
     vertex -1.681556e+00  2.724818e+01  9.293422e+00
   endloop
 endfacet
 facet normal -1.000000e+00  0.000000e+00  0.000000e+00
   outer loop
     vertex -1.681556e+00  2.788806e+01  9.238585e+00
     vertex -1.681556e+00  2.724818e+01  9.293422e+00
     vertex -1.681556e+00  2.793741e+01  9.301791e+00
   endloop
 endfacet
 facet normal -1.000000e+00  2.356486e-15 -1.159445e-16
   outer loop
     vertex -1.681556e+00  2.690850e+01  8.247897e+00
     vertex -1.681556e+00  2.681317e+01  8.225570e+00
     vertex -1.681556e+00  2.683370e+01  8.642916e+00
   endloop
 endfacet
 facet normal -1.000000e+00  3.713901e-15  1.410619e-16
   outer loop
     vertex -1.681556e+00  2.690850e+01  8.247897e+00
     vertex -1.681556e+00  2.683370e+01  8.642916e+00
     vertex -1.681556e+00  2.689401e+01  8.629354e+00
   endloop
 endfacet
 facet normal -1.000000e+00  0.000000e+00  0.000000e+00
   outer loop
     vertex -1.681556e+00  2.690850e+01  8.247897e+00
     vertex -1.681556e+00  2.689401e+01  8.629354e+00
     vertex -1.681556e+00  2.695137e+01  8.625220e+00
   endloop
 endfacet
 facet normal -1.000000e+00 -3.570861e-16 -3.310320e-15
   outer loop
     vertex -1.681556e+00  2.785335e+01  9.169547e+00
     vertex -1.681556e+00  2.732833e+01  9.159105e+00
     vertex -1.681556e+00  2.729515e+01  9.229759e+00
   endloop
 endfacet
 facet normal -1.000000e+00  0.000000e+00  0.000000e+00
   outer loop
     vertex -1.681556e+00  2.785335e+01  9.169547e+00
     vertex -1.681556e+00  2.729515e+01  9.229759e+00
     vertex -1.681556e+00  2.788806e+01  9.238585e+00
   endloop
 endfacet
 facet normal -1.000000e+00 -2.233436e-16  4.393396e-16
   outer loop
     vertex -1.681556e+00  2.808824e+01  9.400630e+00
     vertex -1.681556e+00  2.800458e+01  9.358104e+00
     vertex -1.681556e+00  2.802669e+01  9.874746e+00
   endloop
 endfacet
 facet normal -1.000000e+00  2.161620e-16  4.963949e-16
   outer loop
     vertex -1.681556e+00  2.808824e+01  9.400630e+00
     vertex -1.681556e+00  2.802669e+01  9.874746e+00
     vertex -1.681556e+00  2.810877e+01  9.839002e+00
   endloop
 endfacet
 facet normal -1.000000e+00  5.908229e-16 -2.399038e-15
   outer loop
     vertex -1.681556e+00  2.655239e+01  7.821297e+00
     vertex -1.681556e+00  2.612414e+01  7.808384e+00
     vertex -1.681556e+00  2.612313e+01  7.900691e+00
   endloop
 endfacet
 facet normal -1.000000e+00  1.026483e-15 -4.350063e-17
   outer loop
     vertex -1.681556e+00  2.655239e+01  7.821297e+00
     vertex -1.681556e+00  2.612313e+01  7.900691e+00
     vertex -1.681556e+00  2.655627e+01  7.912715e+00
   endloop
 endfacet
 facet normal -1.000000e+00 -4.794964e-16  2.844538e-15
   outer loop
     vertex -1.681556e+00  2.783133e+01  9.087775e+00
     vertex -1.681556e+00  2.732833e+01  9.159105e+00
     vertex -1.681556e+00  2.785335e+01  9.169547e+00
   endloop
 endfacet
 facet normal -1.000000e+00 -1.318192e-16  5.296307e-15
   outer loop
     vertex -1.681556e+00  2.783133e+01  9.087775e+00
     vertex -1.681556e+00  2.734819e+01  9.075750e+00
     vertex -1.681556e+00  2.732833e+01  9.159105e+00
   endloop
 endfacet
 facet normal -1.000000e+00 -1.199496e-16  5.121392e-16
   outer loop
     vertex -1.681556e+00  2.818356e+01  9.422956e+00
     vertex -1.681556e+00  2.808824e+01  9.400630e+00
     vertex -1.681556e+00  2.810877e+01  9.839002e+00
   endloop
 endfacet
 facet normal -1.000000e+00 -7.549551e-15 -8.234544e-16
   outer loop
     vertex -1.681556e+00  2.818356e+01  9.422956e+00
     vertex -1.681556e+00  2.810877e+01  9.839002e+00
     vertex -1.681556e+00  2.816907e+01  9.825440e+00
   endloop
 endfacet
 facet normal -1.000000e+00  3.841175e-15 -4.134121e-16
   outer loop
     vertex -1.681556e+00  2.818356e+01  9.422956e+00
     vertex -1.681556e+00  2.816907e+01  9.825440e+00
     vertex -1.681556e+00  2.822643e+01  9.821306e+00
   endloop
 endfacet
 facet normal -1.000000e+00 -2.234373e-15  2.538781e-16
   outer loop
     vertex -1.681556e+00  2.700768e+01  8.246217e+00
     vertex -1.681556e+00  2.690850e+01  8.247897e+00
     vertex -1.681556e+00  2.695137e+01  8.625220e+00
   endloop
 endfacet
 facet normal -1.000000e+00 -7.103889e-17  5.753105e-16
   outer loop
     vertex -1.681556e+00  2.700768e+01  8.246217e+00
     vertex -1.681556e+00  2.695137e+01  8.625220e+00
     vertex -1.681556e+00  2.704867e+01  8.637235e+00
   endloop
 endfacet
 facet normal -1.000000e+00  0.000000e+00  0.000000e+00
   outer loop
     vertex -1.681556e+00  2.782746e+01  8.996357e+00
     vertex -1.681556e+00  2.734819e+01  9.075750e+00
     vertex -1.681556e+00  2.783133e+01  9.087775e+00
   endloop
 endfacet
 facet normal -1.000000e+00 -3.992115e-16 -2.409895e-15
   outer loop
     vertex -1.681556e+00  2.782746e+01  8.996357e+00
     vertex -1.681556e+00  2.734920e+01  8.983444e+00
     vertex -1.681556e+00  2.734819e+01  9.075750e+00
   endloop
 endfacet
 facet normal -1.000000e+00  4.126253e-16  2.253062e-15
   outer loop
     vertex -1.681556e+00  2.657093e+01  7.726559e+00
     vertex -1.681556e+00  2.610237e+01  7.713819e+00
     vertex -1.681556e+00  2.612414e+01  7.808384e+00
   endloop
 endfacet
 facet normal -1.000000e+00  4.451903e-16  2.430877e-15
   outer loop
     vertex -1.681556e+00  2.657093e+01  7.726559e+00
     vertex -1.681556e+00  2.612414e+01  7.808384e+00
     vertex -1.681556e+00  2.655239e+01  7.821297e+00
   endloop
 endfacet
 facet normal -1.000000e+00 -2.234599e-15  2.405020e-16
   outer loop
     vertex -1.681556e+00  2.828275e+01  9.421277e+00
     vertex -1.681556e+00  2.818356e+01  9.422956e+00
     vertex -1.681556e+00  2.822643e+01  9.821306e+00
   endloop
 endfacet
 facet normal -1.000000e+00 -2.310330e-15  2.298412e-16
   outer loop
     vertex -1.681556e+00  2.828275e+01  9.421277e+00
     vertex -1.681556e+00  2.822643e+01  9.821306e+00
     vertex -1.681556e+00  2.832374e+01  9.833321e+00
   endloop
 endfacet
 facet normal -1.000000e+00  0.000000e+00  0.000000e+00
   outer loop
     vertex -1.681556e+00  2.710182e+01  8.220829e+00
     vertex -1.681556e+00  2.704867e+01  8.637235e+00
     vertex -1.681556e+00  2.714008e+01  8.672528e+00
   endloop
 endfacet
 facet normal -1.000000e+00  2.442765e-15  3.117793e-16
   outer loop
     vertex -1.681556e+00  2.710182e+01  8.220829e+00
     vertex -1.681556e+00  2.700768e+01  8.246217e+00
     vertex -1.681556e+00  2.704867e+01  8.637235e+00
   endloop
 endfacet
 facet normal -1.000000e+00 -3.359410e-16 -4.753270e-15
   outer loop
     vertex -1.681556e+00  2.784599e+01  8.901618e+00
     vertex -1.681556e+00  2.734920e+01  8.983444e+00
     vertex -1.681556e+00  2.782746e+01  8.996357e+00
   endloop
 endfacet
 facet normal -1.000000e+00  4.306262e-16 -9.913461e-17
   outer loop
     vertex -1.681556e+00  2.784599e+01  8.901618e+00
     vertex -1.681556e+00  2.732743e+01  8.888878e+00
     vertex -1.681556e+00  2.734920e+01  8.983444e+00
   endloop
 endfacet
 facet normal -1.000000e+00  5.199607e-17 -2.541294e-15
   outer loop
     vertex -1.681556e+00  2.661296e+01  7.636891e+00
     vertex -1.681556e+00  2.605728e+01  7.625522e+00
     vertex -1.681556e+00  2.610237e+01  7.713819e+00
   endloop
 endfacet
 facet normal -1.000000e+00  4.679222e-16  2.193051e-16
   outer loop
     vertex -1.681556e+00  2.661296e+01  7.636891e+00
     vertex -1.681556e+00  2.610237e+01  7.713819e+00
     vertex -1.681556e+00  2.657093e+01  7.726559e+00
   endloop
 endfacet
 facet normal -1.000000e+00  0.000000e+00  0.000000e+00
   outer loop
     vertex -1.681556e+00  2.837689e+01  9.395889e+00
     vertex -1.681556e+00  2.828275e+01  9.421277e+00
     vertex -1.681556e+00  2.832374e+01  9.833321e+00
   endloop
 endfacet
 facet normal -1.000000e+00  0.000000e+00  0.000000e+00
   outer loop
     vertex -1.681556e+00  2.837689e+01  9.395889e+00
     vertex -1.681556e+00  2.832374e+01  9.833321e+00
     vertex -1.681556e+00  2.841514e+01  9.868614e+00
   endloop
 endfacet
 facet normal -1.000000e+00  2.944223e-16 -4.214974e-16
   outer loop
     vertex -1.681556e+00  2.718343e+01  8.176010e+00
     vertex -1.681556e+00  2.714008e+01  8.672528e+00
     vertex -1.681556e+00  2.721759e+01  8.726673e+00
   endloop
 endfacet
 facet normal -1.000000e+00  2.599990e-15 -2.201940e-16
   outer loop
     vertex -1.681556e+00  2.718343e+01  8.176010e+00
     vertex -1.681556e+00  2.710182e+01  8.220829e+00
     vertex -1.681556e+00  2.714008e+01  8.672528e+00
   endloop
 endfacet
 facet normal -1.000000e+00  3.030269e-16  5.094631e-15
   outer loop
     vertex -1.681556e+00  2.788802e+01  8.811951e+00
     vertex -1.681556e+00  2.732743e+01  8.888878e+00
     vertex -1.681556e+00  2.784599e+01  8.901618e+00
   endloop
 endfacet
 facet normal -1.000000e+00 -3.701544e-16  1.890048e-16
   outer loop
     vertex -1.681556e+00  2.788802e+01  8.811951e+00
     vertex -1.681556e+00  2.728234e+01  8.800581e+00
     vertex -1.681556e+00  2.732743e+01  8.888878e+00
   endloop
 endfacet
 facet normal -1.000000e+00  2.605140e-15 -2.108169e-16
   outer loop
     vertex -1.681556e+00  2.845849e+01  9.351070e+00
     vertex -1.681556e+00  2.837689e+01  9.395889e+00
     vertex -1.681556e+00  2.841514e+01  9.868614e+00
   endloop
 endfacet
 facet normal -1.000000e+00  2.989319e-15 -1.786362e-16
   outer loop
     vertex -1.681556e+00  2.845849e+01  9.351070e+00
     vertex -1.681556e+00  2.841514e+01  9.868614e+00
     vertex -1.681556e+00  2.849266e+01  9.922759e+00
   endloop
 endfacet
 facet normal -1.000000e+00  5.858522e-17 -2.863337e-15
   outer loop
     vertex -1.681556e+00  2.667538e+01  7.560621e+00
     vertex -1.681556e+00  2.605728e+01  7.625522e+00
     vertex -1.681556e+00  2.661296e+01  7.636891e+00
   endloop
 endfacet
 facet normal -1.000000e+00  6.178589e-16  2.462998e-15
   outer loop
     vertex -1.681556e+00  2.667538e+01  7.560621e+00
     vertex -1.681556e+00  2.599253e+01  7.551613e+00
     vertex -1.681556e+00  2.605728e+01  7.625522e+00
   endloop
 endfacet
 facet normal -1.000000e+00 -3.590009e-15 -1.805076e-16
   outer loop
     vertex -1.681556e+00  2.724818e+01  8.118362e+00
     vertex -1.681556e+00  2.718343e+01  8.176010e+00
     vertex -1.681556e+00  2.721759e+01  8.726673e+00
   endloop
 endfacet
 facet normal -1.000000e+00 -3.072377e-16 -3.162738e-15
   outer loop
     vertex -1.681556e+00  2.795044e+01  8.735680e+00
     vertex -1.681556e+00  2.728234e+01  8.800581e+00
     vertex -1.681556e+00  2.788802e+01  8.811951e+00
   endloop
 endfacet
 facet normal -1.000000e+00 -0.000000e+00  0.000000e+00
   outer loop
     vertex -1.681556e+00  2.795044e+01  8.735680e+00
     vertex -1.681556e+00  2.721759e+01  8.726673e+00
     vertex -1.681556e+00  2.728234e+01  8.800581e+00
   endloop
 endfacet
 facet normal -1.000000e+00  0.000000e+00  0.000000e+00
   outer loop
     vertex -1.681556e+00  2.852324e+01  9.293422e+00
     vertex -1.681556e+00  2.845849e+01  9.351070e+00
     vertex -1.681556e+00  2.849266e+01  9.922759e+00
   endloop
 endfacet
 facet normal -1.000000e+00  3.248845e-15  1.578961e-16
   outer loop
     vertex -1.681556e+00  2.852324e+01  9.293422e+00
     vertex -1.681556e+00  2.849266e+01  9.922759e+00
     vertex -1.681556e+00  2.855741e+01  9.996667e+00
   endloop
 endfacet
 facet normal -1.000000e+00  3.038053e-17 -4.144391e-15
   outer loop
     vertex -1.681556e+00  2.675162e+01  7.503601e+00
     vertex -1.681556e+00  2.591501e+01  7.497468e+00
     vertex -1.681556e+00  2.599253e+01  7.551613e+00
   endloop
 endfacet
 facet normal -1.000000e+00  5.885989e-16  4.681211e-15
   outer loop
     vertex -1.681556e+00  2.675162e+01  7.503601e+00
     vertex -1.681556e+00  2.599253e+01  7.551613e+00
     vertex -1.681556e+00  2.667538e+01  7.560621e+00
   endloop
 endfacet
 facet normal -1.000000e+00 -1.008702e-14  1.210511e-16
   outer loop
     vertex -1.681556e+00  2.857022e+01  9.229759e+00
     vertex -1.681556e+00  2.855741e+01  9.996667e+00
     vertex -1.681556e+00  2.860249e+01  1.008496e+01
   endloop
 endfacet
 facet normal -1.000000e+00  4.014542e-16  2.962378e-16
   outer loop
     vertex -1.681556e+00  2.857022e+01  9.229759e+00
     vertex -1.681556e+00  2.852324e+01  9.293422e+00
     vertex -1.681556e+00  2.855741e+01  9.996667e+00
   endloop
 endfacet
 facet normal -1.000000e+00 -0.000000e+00  0.000000e+00
   outer loop
     vertex -1.681556e+00  2.683370e+01  7.467857e+00
     vertex -1.681556e+00  2.582361e+01  7.462175e+00
     vertex -1.681556e+00  2.591501e+01  7.497468e+00
   endloop
 endfacet
 facet normal -1.000000e+00  0.000000e+00  0.000000e+00
   outer loop
     vertex -1.681556e+00  2.683370e+01  7.467857e+00
     vertex -1.681556e+00  2.591501e+01  7.497468e+00
     vertex -1.681556e+00  2.675162e+01  7.503601e+00
   endloop
 endfacet
 facet normal -1.000000e+00 -1.957684e-16  1.585436e-15
   outer loop
     vertex -1.681556e+00  2.689401e+01  7.454294e+00
     vertex -1.681556e+00  2.572631e+01  7.450160e+00
     vertex -1.681556e+00  2.582361e+01  7.462175e+00
   endloop
 endfacet
 facet normal -1.000000e+00 -8.984056e-17  1.597247e-14
   outer loop
     vertex -1.681556e+00  2.689401e+01  7.454294e+00
     vertex -1.681556e+00  2.582361e+01  7.462175e+00
     vertex -1.681556e+00  2.683370e+01  7.467857e+00
   endloop
 endfacet
 facet normal -1.000000e+00  5.683819e-15 -4.741499e-16
   outer loop
     vertex -1.681556e+00  2.860339e+01  9.159105e+00
     vertex -1.681556e+00  2.857022e+01  9.229759e+00
     vertex -1.681556e+00  2.860249e+01  1.008496e+01
   endloop
 endfacet
 facet normal -1.000000e+00 -0.000000e+00 -5.371078e-14
   outer loop
     vertex -1.681556e+00  2.695137e+01  7.450160e+00
     vertex -1.681556e+00  2.572631e+01  7.450160e+00
     vertex -1.681556e+00  2.689401e+01  7.454294e+00
   endloop
 endfacet
 facet normal -1.000000e+00 -2.447147e-14 -5.033344e-16
   outer loop
     vertex -1.681556e+00  2.862325e+01  9.075750e+00
     vertex -1.681556e+00  2.860339e+01  9.159105e+00
     vertex -1.681556e+00  2.860249e+01  1.008496e+01
   endloop
 endfacet
 facet normal -1.000000e+00  0.000000e+00  0.000000e+00
   outer loop
     vertex -1.681556e+00  2.792456e+01  8.126731e+00
     vertex -1.681556e+00  2.721759e+01  8.726673e+00
     vertex -1.681556e+00  2.795044e+01  8.735680e+00
   endloop
 endfacet
 facet normal -1.000000e+00 -0.000000e+00  0.000000e+00
   outer loop
     vertex -1.681556e+00  2.792456e+01  8.126731e+00
     vertex -1.681556e+00  2.724818e+01  8.118362e+00
     vertex -1.681556e+00  2.721759e+01  8.726673e+00
   endloop
 endfacet
 facet normal -1.000000e+00 -6.855199e-15  2.913884e-16
   outer loop
     vertex -1.681556e+00  2.799173e+01  8.183044e+00
     vertex -1.681556e+00  2.792456e+01  8.126731e+00
     vertex -1.681556e+00  2.795044e+01  8.735680e+00
   endloop
 endfacet
 facet normal -1.000000e+00  6.365296e-16  8.511427e-16
   outer loop
     vertex -1.681556e+00  2.799173e+01  8.183044e+00
     vertex -1.681556e+00  2.795044e+01  8.735680e+00
     vertex -1.681556e+00  2.802669e+01  8.678660e+00
   endloop
 endfacet
 facet normal -1.000000e+00  7.046231e-16  4.007814e-15
   outer loop
     vertex -1.681556e+00  2.787521e+01  8.063525e+00
     vertex -1.681556e+00  2.729515e+01  8.054700e+00
     vertex -1.681556e+00  2.724818e+01  8.118362e+00
   endloop
 endfacet
 facet normal -1.000000e+00  4.389247e-17 -3.547330e-15
   outer loop
     vertex -1.681556e+00  2.787521e+01  8.063525e+00
     vertex -1.681556e+00  2.724818e+01  8.118362e+00
     vertex -1.681556e+00  2.792456e+01  8.126731e+00
   endloop
 endfacet
 facet normal -1.000000e+00 -3.024967e-16 -6.427361e-15
   outer loop
     vertex -1.681556e+00  2.784050e+01  7.994487e+00
     vertex -1.681556e+00  2.732833e+01  7.984045e+00
     vertex -1.681556e+00  2.729515e+01  8.054700e+00
   endloop
 endfacet
 facet normal -1.000000e+00  7.221910e-16  2.853197e-15
   outer loop
     vertex -1.681556e+00  2.784050e+01  7.994487e+00
     vertex -1.681556e+00  2.729515e+01  8.054700e+00
     vertex -1.681556e+00  2.787521e+01  8.063525e+00
   endloop
 endfacet
 facet normal -1.000000e+00  2.280627e-15  7.351909e-16
   outer loop
     vertex -1.681556e+00  2.807539e+01  8.225570e+00
     vertex -1.681556e+00  2.799173e+01  8.183044e+00
     vertex -1.681556e+00  2.802669e+01  8.678660e+00
   endloop
 endfacet
 facet normal -1.000000e+00 -2.614070e-15  2.091041e-16
   outer loop
     vertex -1.681556e+00  2.807539e+01  8.225570e+00
     vertex -1.681556e+00  2.802669e+01  8.678660e+00
     vertex -1.681556e+00  2.810877e+01  8.642916e+00
   endloop
 endfacet
 facet normal -1.000000e+00  8.031621e-16  5.519094e-15
   outer loop
     vertex -1.681556e+00  2.781848e+01  7.912715e+00
     vertex -1.681556e+00  2.734819e+01  7.900691e+00
     vertex -1.681556e+00  2.732833e+01  7.984045e+00
   endloop
 endfacet
 facet normal -1.000000e+00 -3.802607e-16 -2.613040e-15
   outer loop
     vertex -1.681556e+00  2.781848e+01  7.912715e+00
     vertex -1.681556e+00  2.732833e+01  7.984045e+00
     vertex -1.681556e+00  2.784050e+01  7.994487e+00
   endloop
 endfacet
 facet normal -1.000000e+00  2.373804e-15 -1.898848e-16
   outer loop
     vertex -1.681556e+00  2.817071e+01  8.247897e+00
     vertex -1.681556e+00  2.807539e+01  8.225570e+00
     vertex -1.681556e+00  2.810877e+01  8.642916e+00
   endloop
 endfacet
 facet normal -1.000000e+00  3.685736e-15  1.583329e-17
   outer loop
     vertex -1.681556e+00  2.817071e+01  8.247897e+00
     vertex -1.681556e+00  2.810877e+01  8.642916e+00
     vertex -1.681556e+00  2.816907e+01  8.629354e+00
   endloop
 endfacet
 facet normal -1.000000e+00  0.000000e+00  0.000000e+00
   outer loop
     vertex -1.681556e+00  2.817071e+01  8.247897e+00
     vertex -1.681556e+00  2.816907e+01  8.629354e+00
     vertex -1.681556e+00  2.822643e+01  8.625220e+00
   endloop
 endfacet
 facet normal -1.000000e+00  5.436729e-16 -2.399555e-15
   outer loop
     vertex -1.681556e+00  2.781461e+01  7.821297e+00
     vertex -1.681556e+00  2.734920e+01  7.808384e+00
     vertex -1.681556e+00  2.734819e+01  7.900691e+00
   endloop
 endfacet
 facet normal -1.000000e+00  9.453037e-16 -4.006041e-17
   outer loop
     vertex -1.681556e+00  2.781461e+01  7.821297e+00
     vertex -1.681556e+00  2.734819e+01  7.900691e+00
     vertex -1.681556e+00  2.781848e+01  7.912715e+00
   endloop
 endfacet
 facet normal -1.000000e+00 -2.233088e-15  3.297808e-16
   outer loop
     vertex -1.681556e+00  2.826990e+01  8.246217e+00
     vertex -1.681556e+00  2.817071e+01  8.247897e+00
     vertex -1.681556e+00  2.822643e+01  8.625220e+00
   endloop
 endfacet
 facet normal -1.000000e+00 -7.133214e-17  5.776854e-16
   outer loop
     vertex -1.681556e+00  2.826990e+01  8.246217e+00
     vertex -1.681556e+00  2.822643e+01  8.625220e+00
     vertex -1.681556e+00  2.832374e+01  8.637235e+00
   endloop
 endfacet
 facet normal -1.000000e+00  3.821347e-16  2.260081e-15
   outer loop
     vertex -1.681556e+00  2.783314e+01  7.726559e+00
     vertex -1.681556e+00  2.732743e+01  7.713819e+00
     vertex -1.681556e+00  2.734920e+01  7.808384e+00
   endloop
 endfacet
 facet normal -1.000000e+00  4.098435e-16  2.423961e-15
   outer loop
     vertex -1.681556e+00  2.783314e+01  7.726559e+00
     vertex -1.681556e+00  2.734920e+01  7.808384e+00
     vertex -1.681556e+00  2.781461e+01  7.821297e+00
   endloop
 endfacet
 facet normal -1.000000e+00  2.421891e-15  2.343778e-16
   outer loop
     vertex -1.681556e+00  2.836404e+01  8.220829e+00
     vertex -1.681556e+00  2.826990e+01  8.246217e+00
     vertex -1.681556e+00  2.832374e+01  8.637235e+00
   endloop
 endfacet
 facet normal -1.000000e+00  0.000000e+00  0.000000e+00
   outer loop
     vertex -1.681556e+00  2.836404e+01  8.220829e+00
     vertex -1.681556e+00  2.832374e+01  8.637235e+00
     vertex -1.681556e+00  2.841514e+01  8.672528e+00
   endloop
 endfacet
 facet normal -1.000000e+00  4.870523e-17 -2.539614e-15
   outer loop
     vertex -1.681556e+00  2.787517e+01  7.636891e+00
     vertex -1.681556e+00  2.728234e+01  7.625522e+00
     vertex -1.681556e+00  2.732743e+01  7.713819e+00
   endloop
 endfacet
 facet normal -1.000000e+00  4.339471e-16  2.033818e-16
   outer loop
     vertex -1.681556e+00  2.787517e+01  7.636891e+00
     vertex -1.681556e+00  2.732743e+01  7.713819e+00
     vertex -1.681556e+00  2.783314e+01  7.726559e+00
   endloop
 endfacet
 facet normal -1.000000e+00  2.561744e-15 -2.898313e-16
   outer loop
     vertex -1.681556e+00  2.844564e+01  8.176010e+00
     vertex -1.681556e+00  2.836404e+01  8.220829e+00
     vertex -1.681556e+00  2.841514e+01  8.672528e+00
   endloop
 endfacet
 facet normal -1.000000e+00  2.995257e-16 -4.288036e-16
   outer loop
     vertex -1.681556e+00  2.844564e+01  8.176010e+00
     vertex -1.681556e+00  2.841514e+01  8.672528e+00
     vertex -1.681556e+00  2.849266e+01  8.726673e+00
   endloop
 endfacet
 facet normal -1.000000e+00  5.856236e-16  2.491240e-15
   outer loop
     vertex -1.681556e+00  2.793759e+01  7.560621e+00
     vertex -1.681556e+00  2.721759e+01  7.551613e+00
     vertex -1.681556e+00  2.728234e+01  7.625522e+00
   endloop
 endfacet
 facet normal -1.000000e+00  5.497039e-17 -2.866296e-15
   outer loop
     vertex -1.681556e+00  2.793759e+01  7.560621e+00
     vertex -1.681556e+00  2.728234e+01  7.625522e+00
     vertex -1.681556e+00  2.787517e+01  7.636891e+00
   endloop
 endfacet
 facet normal -1.000000e+00  0.000000e+00  0.000000e+00
   outer loop
     vertex -1.681556e+00  2.851039e+01  8.118362e+00
     vertex -1.681556e+00  2.849266e+01  8.726673e+00
     vertex -1.681556e+00  2.855741e+01  8.800581e+00
   endloop
 endfacet
 facet normal -1.000000e+00 -3.520691e-15 -1.026517e-16
   outer loop
     vertex -1.681556e+00  2.851039e+01  8.118362e+00
     vertex -1.681556e+00  2.844564e+01  8.176010e+00
     vertex -1.681556e+00  2.849266e+01  8.726673e+00
   endloop
 endfacet
 facet normal -1.000000e+00 -4.322924e-15  2.979283e-16
   outer loop
     vertex -1.681556e+00  2.855737e+01  8.054700e+00
     vertex -1.681556e+00  2.851039e+01  8.118362e+00
     vertex -1.681556e+00  2.855741e+01  8.800581e+00
   endloop
 endfacet
 facet normal -1.000000e+00 -5.830777e-16  2.977258e-16
   outer loop
     vertex -1.681556e+00  2.855737e+01  8.054700e+00
     vertex -1.681556e+00  2.855741e+01  8.800581e+00
     vertex -1.681556e+00  2.860249e+01  8.888878e+00
   endloop
 endfacet
 facet normal -1.000000e+00  2.907563e-17 -4.142523e-15
   outer loop
     vertex -1.681556e+00  2.801384e+01  7.503601e+00
     vertex -1.681556e+00  2.714008e+01  7.497468e+00
     vertex -1.681556e+00  2.721759e+01  7.551613e+00
   endloop
 endfacet
 facet normal -1.000000e+00  5.587264e-16  4.641267e-15
   outer loop
     vertex -1.681556e+00  2.801384e+01  7.503601e+00
     vertex -1.681556e+00  2.721759e+01  7.551613e+00
     vertex -1.681556e+00  2.793759e+01  7.560621e+00
   endloop
 endfacet
 facet normal -1.000000e+00  1.251269e-14 -4.107046e-16
   outer loop
     vertex -1.681556e+00  2.859054e+01  7.984045e+00
     vertex -1.681556e+00  2.855737e+01  8.054700e+00
     vertex -1.681556e+00  2.860249e+01  8.888878e+00
   endloop
 endfacet
 facet normal -1.000000e+00  0.000000e+00  0.000000e+00
   outer loop
     vertex -1.681556e+00  2.809592e+01  7.467857e+00
     vertex -1.681556e+00  2.714008e+01  7.497468e+00
     vertex -1.681556e+00  2.801384e+01  7.503601e+00
   endloop
 endfacet
 facet normal -1.000000e+00 -0.000000e+00  0.000000e+00
   outer loop
     vertex -1.681556e+00  2.809592e+01  7.467857e+00
     vertex -1.681556e+00  2.704867e+01  7.462175e+00
     vertex -1.681556e+00  2.714008e+01  7.497468e+00
   endloop
 endfacet
 facet normal -1.000000e+00 -8.672840e-17  1.598631e-14
   outer loop
     vertex -1.681556e+00  2.815622e+01  7.454294e+00
     vertex -1.681556e+00  2.704867e+01  7.462175e+00
     vertex -1.681556e+00  2.809592e+01  7.467857e+00
   endloop
 endfacet
 facet normal -1.000000e+00 -1.895592e-16  1.535151e-15
   outer loop
     vertex -1.681556e+00  2.815622e+01  7.454294e+00
     vertex -1.681556e+00  2.695137e+01  7.450160e+00
     vertex -1.681556e+00  2.704867e+01  7.462175e+00
   endloop
 endfacet
 facet normal -1.000000e+00 -2.216033e-14  4.736371e-17
   outer loop
     vertex -1.681556e+00  2.861040e+01  7.900691e+00
     vertex -1.681556e+00  2.859054e+01  7.984045e+00
     vertex -1.681556e+00  2.860249e+01  8.888878e+00
   endloop
 endfacet
 facet normal -1.000000e+00 -9.432694e-16  2.171504e-16
   outer loop
     vertex -1.681556e+00  2.861040e+01  7.900691e+00
     vertex -1.681556e+00  2.860249e+01  8.888878e+00
     vertex -1.681556e+00  2.862426e+01  8.983444e+00
   endloop
 endfacet
 facet normal -1.000000e+00 -0.000000e+00 -5.371078e-14
   outer loop
     vertex -1.681556e+00  2.821358e+01  7.450160e+00
     vertex -1.681556e+00  2.695137e+01  7.450160e+00
     vertex -1.681556e+00  2.815622e+01  7.454294e+00
   endloop
 endfacet
 facet normal -1.000000e+00  1.445544e-15 -7.276491e-15
   outer loop
     vertex -1.681556e+00  3.344892e+01  1.156907e+01
     vertex -1.681556e+00  2.845849e+01  1.054716e+01
     vertex -1.681556e+00  2.837689e+01  1.059197e+01
   endloop
 endfacet
 facet normal -1.000000e+00  5.458184e-17 -5.608122e-17
   outer loop
     vertex -1.681556e+00  3.364854e+01  1.176335e+01
     vertex -1.681556e+00  3.344892e+01  1.156907e+01
     vertex -1.681556e+00  2.837689e+01  1.059197e+01
   endloop
 endfacet
 facet normal -1.000000e+00 -1.042400e-15  4.880773e-15
   outer loop
     vertex -1.681556e+00  3.364854e+01  1.176335e+01
     vertex -1.681556e+00  2.837689e+01  1.059197e+01
     vertex -1.681556e+00  2.828275e+01  1.061736e+01
   endloop
 endfacet
 facet normal -1.000000e+00 -3.009196e-16  1.252236e-15
   outer loop
     vertex -1.681556e+00  3.327832e+01  1.135075e+01
     vertex -1.681556e+00  2.845849e+01  1.054716e+01
     vertex -1.681556e+00  3.344892e+01  1.156907e+01
   endloop
 endfacet
 facet normal -1.000000e+00 -6.184999e-16  3.157026e-15
   outer loop
     vertex -1.681556e+00  3.327832e+01  1.135075e+01
     vertex -1.681556e+00  2.852324e+01  1.048951e+01
     vertex -1.681556e+00  2.845849e+01  1.054716e+01
   endloop
 endfacet
 facet normal -1.000000e+00  0.000000e+00  0.000000e+00
   outer loop
     vertex -1.681556e+00  3.387388e+01  1.192956e+01
     vertex -1.681556e+00  3.364854e+01  1.176335e+01
     vertex -1.681556e+00  2.828275e+01  1.061736e+01
   endloop
 endfacet
 facet normal -1.000000e+00 -4.257895e-16  3.173669e-15
   outer loop
     vertex -1.681556e+00  3.313728e+01  1.110854e+01
     vertex -1.681556e+00  2.857022e+01  1.042585e+01
     vertex -1.681556e+00  2.852324e+01  1.048951e+01
   endloop
 endfacet
 facet normal -1.000000e+00  1.334161e-16 -9.944315e-16
   outer loop
     vertex -1.681556e+00  3.313728e+01  1.110854e+01
     vertex -1.681556e+00  2.852324e+01  1.048951e+01
     vertex -1.681556e+00  3.327832e+01  1.135075e+01
   endloop
 endfacet
 facet normal -1.000000e+00  2.207573e-19 -1.545658e-16
   outer loop
     vertex -1.681556e+00  3.412103e+01  1.206409e+01
     vertex -1.681556e+00  2.818356e+01  1.061904e+01
     vertex -1.681556e+00  2.700768e+01  1.061736e+01
   endloop
 endfacet
 facet normal -1.000000e+00 -2.367069e-18 -1.397965e-16
   outer loop
     vertex -1.681556e+00  3.412103e+01  1.206409e+01
     vertex -1.681556e+00  2.575762e+01  1.061736e+01
     vertex -1.681556e+00  2.565843e+01  1.061904e+01
   endloop
 endfacet
 facet normal -1.000000e+00 -2.399039e-18 -1.416846e-16
   outer loop
     vertex -1.681556e+00  3.412103e+01  1.206409e+01
     vertex -1.681556e+00  2.700768e+01  1.061736e+01
     vertex -1.681556e+00  2.690850e+01  1.061904e+01
   endloop
 endfacet
 facet normal -1.000000e+00  2.258745e-19 -1.547861e-16
   outer loop
     vertex -1.681556e+00  3.412103e+01  1.206409e+01
     vertex -1.681556e+00  2.690850e+01  1.061904e+01
     vertex -1.681556e+00  2.575762e+01  1.061736e+01
   endloop
 endfacet
 facet normal -1.000000e+00 -2.432550e-18 -1.436638e-16
   outer loop
     vertex -1.681556e+00  3.412103e+01  1.206409e+01
     vertex -1.681556e+00  2.828275e+01  1.061736e+01
     vertex -1.681556e+00  2.818356e+01  1.061904e+01
   endloop
 endfacet
 facet normal -1.000000e+00  6.809149e-16 -2.901314e-15
   outer loop
     vertex -1.681556e+00  3.412103e+01  1.206409e+01
     vertex -1.681556e+00  3.387388e+01  1.192956e+01
     vertex -1.681556e+00  2.828275e+01  1.061736e+01
   endloop
 endfacet
 facet normal -1.000000e+00  3.415855e-16 -2.982298e-15
   outer loop
     vertex -1.681556e+00  3.303514e+01  1.086279e+01
     vertex -1.681556e+00  2.860339e+01  1.035519e+01
     vertex -1.681556e+00  2.857022e+01  1.042585e+01
   endloop
 endfacet
 facet normal -1.000000e+00  5.183963e-17 -2.154748e-17
   outer loop
     vertex -1.681556e+00  3.303514e+01  1.086279e+01
     vertex -1.681556e+00  2.857022e+01  1.042585e+01
     vertex -1.681556e+00  3.313728e+01  1.110854e+01
   endloop
 endfacet
 facet normal -1.000000e+00 -7.417709e-16  4.190347e-15
   outer loop
     vertex -1.681556e+00  3.438560e+01  1.216392e+01
     vertex -1.681556e+00  3.412103e+01  1.206409e+01
     vertex -1.681556e+00  2.565843e+01  1.061904e+01
   endloop
 endfacet
 facet normal -1.000000e+00  3.656856e-17 -2.065799e-16
   outer loop
     vertex -1.681556e+00  3.438560e+01  1.216392e+01
     vertex -1.681556e+00  2.565843e+01  1.061904e+01
     vertex -1.681556e+00  5.623978e-01  1.800004e+01
   endloop
 endfacet
 facet normal -1.000000e+00 -1.016110e-16  2.639646e-15
   outer loop
     vertex -1.681556e+00  3.296596e+01  1.060724e+01
     vertex -1.681556e+00  2.862325e+01  1.027184e+01
     vertex -1.681556e+00  2.860339e+01  1.035519e+01
   endloop
 endfacet
 facet normal -1.000000e+00  1.027052e-16 -8.966935e-16
   outer loop
     vertex -1.681556e+00  3.296596e+01  1.060724e+01
     vertex -1.681556e+00  2.860339e+01  1.035519e+01
     vertex -1.681556e+00  3.303514e+01  1.086279e+01
   endloop
 endfacet
 facet normal -1.000000e+00 -3.057648e-16 -2.190572e-15
   outer loop
     vertex -1.681556e+00  3.466276e+01  1.222659e+01
     vertex -1.681556e+00  3.438560e+01  1.216392e+01
     vertex -1.681556e+00  5.623978e-01  1.800004e+01
   endloop
 endfacet
 facet normal -1.000000e+00  1.446082e-16 -2.403931e-15
   outer loop
     vertex -1.681556e+00  3.293038e+01  1.034620e+01
     vertex -1.681556e+00  2.862426e+01  1.017953e+01
     vertex -1.681556e+00  2.862325e+01  1.027184e+01
   endloop
 endfacet
 facet normal -1.000000e+00  1.033487e-16 -1.408477e-17
   outer loop
     vertex -1.681556e+00  3.293038e+01  1.034620e+01
     vertex -1.681556e+00  2.862325e+01  1.027184e+01
     vertex -1.681556e+00  3.296596e+01  1.060724e+01
   endloop
 endfacet
 facet normal -1.000000e+00  1.879858e-17  8.465732e-16
   outer loop
     vertex -1.681556e+00  3.292851e+01  1.008395e+01
     vertex -1.681556e+00  2.862426e+01  1.017953e+01
     vertex -1.681556e+00  3.293038e+01  1.034620e+01
   endloop
 endfacet
 facet normal -1.000000e+00  2.388556e-16  2.293066e-15
   outer loop
     vertex -1.681556e+00  3.295992e+01  9.824742e+00
     vertex -1.681556e+00  2.860249e+01  1.008496e+01
     vertex -1.681556e+00  2.862426e+01  1.017953e+01
   endloop
 endfacet
 facet normal -1.000000e+00 -1.907304e-17 -8.589333e-16
   outer loop
     vertex -1.681556e+00  3.295992e+01  9.824742e+00
     vertex -1.681556e+00  2.862426e+01  1.017953e+01
     vertex -1.681556e+00  3.292851e+01  1.008395e+01
   endloop
 endfacet
 facet normal -1.000000e+00  1.020409e-16  2.098799e-18
   outer loop
     vertex -1.681556e+00  3.295992e+01  9.824742e+00
     vertex -1.681556e+00  2.862325e+01  9.075750e+00
     vertex -1.681556e+00  2.860249e+01  1.008496e+01
   endloop
 endfacet
 facet normal -1.000000e+00  3.721046e-16 -2.401436e-15
   outer loop
     vertex -1.681556e+00  3.302368e+01  9.572674e+00
     vertex -1.681556e+00  2.862426e+01  8.983444e+00
     vertex -1.681556e+00  2.862325e+01  9.075750e+00
   endloop
 endfacet
 facet normal -1.000000e+00  9.811674e-17  2.481962e-17
   outer loop
     vertex -1.681556e+00  3.302368e+01  9.572674e+00
     vertex -1.681556e+00  2.862325e+01  9.075750e+00
     vertex -1.681556e+00  3.295992e+01  9.824742e+00
   endloop
 endfacet
 facet normal -1.000000e+00  4.794790e-17  1.884121e-17
   outer loop
     vertex -1.681556e+00  3.311839e+01  9.331666e+00
     vertex -1.681556e+00  2.862426e+01  8.983444e+00
     vertex -1.681556e+00  3.302368e+01  9.572674e+00
   endloop
 endfacet
 facet normal -1.000000e+00  3.355115e-17  2.046445e-16
   outer loop
     vertex -1.681556e+00  3.311839e+01  9.331666e+00
     vertex -1.681556e+00  2.861040e+01  7.900691e+00
     vertex -1.681556e+00  2.862426e+01  8.983444e+00
   endloop
 endfacet
 facet normal -1.000000e+00  7.194926e-16 -2.397627e-15
   outer loop
     vertex -1.681556e+00  3.324216e+01  9.105393e+00
     vertex -1.681556e+00  2.861141e+01  7.808384e+00
     vertex -1.681556e+00  2.861040e+01  7.900691e+00
   endloop
 endfacet
 facet normal -1.000000e+00  8.393670e-17  4.591551e-17
   outer loop
     vertex -1.681556e+00  3.324216e+01  9.105393e+00
     vertex -1.681556e+00  2.861040e+01  7.900691e+00
     vertex -1.681556e+00  3.311839e+01  9.331666e+00
   endloop
 endfacet
 facet normal -1.000000e+00 -4.526567e-16  2.452259e-15
   outer loop
     vertex -1.681556e+00  3.341095e+01  8.875413e+00
     vertex -1.681556e+00  2.858964e+01  7.713819e+00
     vertex -1.681556e+00  2.861141e+01  7.808384e+00
   endloop
 endfacet
 facet normal -1.000000e+00  2.640858e-16 -7.716756e-16
   outer loop
     vertex -1.681556e+00  3.341095e+01  8.875413e+00
     vertex -1.681556e+00  2.861141e+01  7.808384e+00
     vertex -1.681556e+00  3.324216e+01  9.105393e+00
   endloop
 endfacet
 facet normal -1.000000e+00  6.789568e-16 -2.861427e-15
   outer loop
     vertex -1.681556e+00  3.360900e+01  8.672009e+00
     vertex -1.681556e+00  2.854456e+01  7.625522e+00
     vertex -1.681556e+00  2.858964e+01  7.713819e+00
   endloop
 endfacet
 facet normal -1.000000e+00  1.119117e-16  1.089651e-16
   outer loop
     vertex -1.681556e+00  3.360900e+01  8.672009e+00
     vertex -1.681556e+00  2.858964e+01  7.713819e+00
     vertex -1.681556e+00  3.341095e+01  8.875413e+00
   endloop
 endfacet
 facet normal -1.000000e+00  6.926474e-17  8.915741e-17
   outer loop
     vertex -1.681556e+00  3.383211e+01  8.498682e+00
     vertex -1.681556e+00  2.854456e+01  7.625522e+00
     vertex -1.681556e+00  3.360900e+01  8.672009e+00
   endloop
 endfacet
 facet normal -1.000000e+00 -4.818463e-16  3.426489e-15
   outer loop
     vertex -1.681556e+00  3.383211e+01  8.498682e+00
     vertex -1.681556e+00  2.847981e+01  7.551613e+00
     vertex -1.681556e+00  2.854456e+01  7.625522e+00
   endloop
 endfacet
 facet normal -1.000000e+00  9.522590e-17  1.652006e-16
   outer loop
     vertex -1.681556e+00  3.407567e+01  8.358282e+00
     vertex -1.681556e+00  2.847981e+01  7.551613e+00
     vertex -1.681556e+00  3.383211e+01  8.498682e+00
   endloop
 endfacet
 facet normal -1.000000e+00  8.787120e-17  2.162202e-16
   outer loop
     vertex -1.681556e+00  3.433482e+01  8.252966e+00
     vertex -1.681556e+00  2.847981e+01  7.551613e+00
     vertex -1.681556e+00  3.407567e+01  8.358282e+00
   endloop
 endfacet
 facet normal -1.000000e+00  7.302297e-16 -5.146301e-15
   outer loop
     vertex -1.681556e+00  3.433482e+01  8.252966e+00
     vertex -1.681556e+00  2.840229e+01  7.497468e+00
     vertex -1.681556e+00  2.847981e+01  7.551613e+00
   endloop
 endfacet
 facet normal -1.000000e+00  4.993331e-17  1.957098e-16
   outer loop
     vertex -1.681556e+00  3.460447e+01  8.184169e+00
     vertex -1.681556e+00  2.840229e+01  7.497468e+00
     vertex -1.681556e+00  3.433482e+01  8.252966e+00
   endloop
 endfacet
 facet normal -1.000000e+00  1.003876e-16 -2.599856e-16
   outer loop
     vertex -1.681556e+00  3.460447e+01  8.184169e+00
     vertex -1.681556e+00  2.831089e+01  7.462175e+00
     vertex -1.681556e+00  2.840229e+01  7.497468e+00
   endloop
 endfacet
 facet normal -1.000000e+00  5.753971e-16 -4.400614e-15
   outer loop
     vertex -1.681556e+00  3.479350e+01  8.158428e+00
     vertex -1.681556e+00  2.831089e+01  7.462175e+00
     vertex -1.681556e+00  3.460447e+01  8.184169e+00
   endloop
 endfacet
 facet normal -1.000000e+00  3.667866e-16 -1.239217e-15
   outer loop
     vertex -1.681556e+00  4.953840e+01  1.800004e+01
     vertex -1.681556e+00  3.594631e+01  1.200602e+01
     vertex -1.681556e+00  3.570873e+01  1.211488e+01
   endloop
 endfacet
 facet normal -1.000000e+00 -5.836680e-16  9.942798e-16
   outer loop
     vertex -1.681556e+00  4.953840e+01  1.800004e+01
     vertex -1.681556e+00  3.570873e+01  1.211488e+01
     vertex -1.681556e+00  3.546030e+01  1.219237e+01
   endloop
 endfacet
 facet normal -1.000000e+00  5.562933e-16 -1.769048e-15
   outer loop
     vertex -1.681556e+00  4.953840e+01  1.800004e+01
     vertex -1.681556e+00  3.546030e+01  1.219237e+01
     vertex -1.681556e+00  3.520511e+01  1.223764e+01
   endloop
 endfacet
 facet normal -1.000000e+00 -1.694558e-17 -3.431835e-16
   outer loop
     vertex -1.681556e+00  4.953840e+01  1.800004e+01
     vertex -1.681556e+00  3.520511e+01  1.223764e+01
     vertex -1.681556e+00  3.494730e+01  1.225037e+01
   endloop
 endfacet
 facet normal -1.000000e+00  4.094647e-17 -4.900979e-16
   outer loop
     vertex -1.681556e+00  4.953840e+01  1.800004e+01
     vertex -1.681556e+00  3.494730e+01  1.225037e+01
     vertex -1.681556e+00  3.466276e+01  1.222659e+01
   endloop
 endfacet
 facet normal -1.000000e+00 -0.000000e+00 -3.845967e-16
   outer loop
     vertex -1.681556e+00  4.953840e+01  1.800004e+01
     vertex -1.681556e+00  3.466276e+01  1.222659e+01
     vertex -1.681556e+00  5.623978e-01  1.800004e+01
   endloop
 endfacet
 facet normal -1.000000e+00 -1.997143e-17 -1.170151e-15
   outer loop
     vertex -1.681556e+00  4.405094e+01  1.156907e+01
     vertex -1.681556e+00  3.655493e+01  1.150725e+01
     vertex -1.681556e+00  3.637315e+01  1.170011e+01
   endloop
 endfacet
 facet normal -1.000000e+00  5.582739e-17  6.820801e-17
   outer loop
     vertex -1.681556e+00  4.425056e+01  1.176335e+01
     vertex -1.681556e+00  3.637315e+01  1.170011e+01
     vertex -1.681556e+00  3.616907e+01  1.186714e+01
   endloop
 endfacet
 facet normal -1.000000e+00  3.833992e-17  2.246385e-15
   outer loop
     vertex -1.681556e+00  4.425056e+01  1.176335e+01
     vertex -1.681556e+00  4.405094e+01  1.156907e+01
     vertex -1.681556e+00  3.637315e+01  1.170011e+01
   endloop
 endfacet
 facet normal -1.000000e+00 -3.078724e-17 -2.226535e-17
   outer loop
     vertex -1.681556e+00  4.388033e+01  1.135075e+01
     vertex -1.681556e+00  3.671106e+01  1.129135e+01
     vertex -1.681556e+00  3.655493e+01  1.150725e+01
   endloop
 endfacet
 facet normal -1.000000e+00 -2.981384e-17  2.329819e-17
   outer loop
     vertex -1.681556e+00  4.388033e+01  1.135075e+01
     vertex -1.681556e+00  3.655493e+01  1.150725e+01
     vertex -1.681556e+00  4.405094e+01  1.156907e+01
   endloop
 endfacet
 facet normal -1.000000e+00  1.454219e-17  1.622201e-15
   outer loop
     vertex -1.681556e+00  4.447589e+01  1.192956e+01
     vertex -1.681556e+00  3.616907e+01  1.186714e+01
     vertex -1.681556e+00  3.594631e+01  1.200602e+01
   endloop
 endfacet
 facet normal -1.000000e+00  3.714645e-17 -1.386336e-15
   outer loop
     vertex -1.681556e+00  4.447589e+01  1.192956e+01
     vertex -1.681556e+00  4.425056e+01  1.176335e+01
     vertex -1.681556e+00  3.616907e+01  1.186714e+01
   endloop
 endfacet
 facet normal -1.000000e+00 -0.000000e+00  0.000000e+00
   outer loop
     vertex -1.681556e+00  4.373930e+01  1.110854e+01
     vertex -1.681556e+00  3.684246e+01  1.104700e+01
     vertex -1.681556e+00  3.671106e+01  1.129135e+01
   endloop
 endfacet
 facet normal -1.000000e+00 -2.348958e-17 -9.030673e-16
   outer loop
     vertex -1.681556e+00  4.373930e+01  1.110854e+01
     vertex -1.681556e+00  3.671106e+01  1.129135e+01
     vertex -1.681556e+00  4.388033e+01  1.135075e+01
   endloop
 endfacet
 facet normal -1.000000e+00  2.737354e-18 -4.136954e-16
   outer loop
     vertex -1.681556e+00  4.472304e+01  1.206409e+01
     vertex -1.681556e+00  3.594631e+01  1.200602e+01
     vertex -1.681556e+00  4.953840e+01  1.800004e+01
   endloop
 endfacet
 facet normal -1.000000e+00  0.000000e+00  0.000000e+00
   outer loop
     vertex -1.681556e+00  4.472304e+01  1.206409e+01
     vertex -1.681556e+00  4.447589e+01  1.192956e+01
     vertex -1.681556e+00  3.594631e+01  1.200602e+01
   endloop
 endfacet
 facet normal -1.000000e+00  3.301395e-17  1.235006e-17
   outer loop
     vertex -1.681556e+00  4.363715e+01  1.086279e+01
     vertex -1.681556e+00  3.693964e+01  1.078722e+01
     vertex -1.681556e+00  3.684246e+01  1.104700e+01
   endloop
 endfacet
 facet normal -1.000000e+00  8.092656e-18 -9.069042e-16
   outer loop
     vertex -1.681556e+00  4.363715e+01  1.086279e+01
     vertex -1.681556e+00  3.684246e+01  1.104700e+01
     vertex -1.681556e+00  4.373930e+01  1.110854e+01
   endloop
 endfacet
 facet normal -1.000000e+00 -2.195125e-15  1.369255e-15
   outer loop
     vertex -1.681556e+00  4.498762e+01  1.216392e+01
     vertex -1.681556e+00  4.472304e+01  1.206409e+01
     vertex -1.681556e+00  4.953840e+01  1.800004e+01
   endloop
 endfacet
 facet normal -1.000000e+00 -0.000000e+00  0.000000e+00
   outer loop
     vertex -1.681556e+00  4.356797e+01  1.060724e+01
     vertex -1.681556e+00  3.700109e+01  1.051524e+01
     vertex -1.681556e+00  3.693964e+01  1.078722e+01
   endloop
 endfacet
 facet normal -1.000000e+00  2.342077e-17  8.625513e-16
   outer loop
     vertex -1.681556e+00  4.356797e+01  1.060724e+01
     vertex -1.681556e+00  3.693964e+01  1.078722e+01
     vertex -1.681556e+00  4.363715e+01  1.086279e+01
   endloop
 endfacet
 facet normal -1.000000e+00  2.039380e-15 -1.932651e-15
   outer loop
     vertex -1.681556e+00  4.526477e+01  1.222659e+01
     vertex -1.681556e+00  4.498762e+01  1.216392e+01
     vertex -1.681556e+00  4.953840e+01  1.800004e+01
   endloop
 endfacet
 facet normal -1.000000e+00 -4.125401e-17 -1.593913e-15
   outer loop
     vertex -1.681556e+00  4.353240e+01  1.034620e+01
     vertex -1.681556e+00  3.702510e+01  1.023600e+01
     vertex -1.681556e+00  3.700109e+01  1.051524e+01
   endloop
 endfacet
 facet normal -1.000000e+00  0.000000e+00  0.000000e+00
   outer loop
     vertex -1.681556e+00  4.353240e+01  1.034620e+01
     vertex -1.681556e+00  3.700109e+01  1.051524e+01
     vertex -1.681556e+00  4.356797e+01  1.060724e+01
   endloop
 endfacet
 facet normal -1.000000e+00 -7.941273e-16  1.647744e-16
   outer loop
     vertex -1.681556e+00  4.554931e+01  1.225037e+01
     vertex -1.681556e+00  4.526477e+01  1.222659e+01
     vertex -1.681556e+00  4.953840e+01  1.800004e+01
   endloop
 endfacet
 facet normal -1.000000e+00 -6.825302e-17  4.877293e-19
   outer loop
     vertex -1.681556e+00  4.353052e+01  1.008395e+01
     vertex -1.681556e+00  3.702510e+01  1.023600e+01
     vertex -1.681556e+00  4.353240e+01  1.034620e+01
   endloop
 endfacet
 facet normal -1.000000e+00 -4.975442e-17  7.919336e-16
   outer loop
     vertex -1.681556e+00  4.353052e+01  1.008395e+01
     vertex -1.681556e+00  3.701062e+01  9.954712e+00
     vertex -1.681556e+00  3.702510e+01  1.023600e+01
   endloop
 endfacet
 facet normal -1.000000e+00 -1.843736e-17 -3.733951e-16
   outer loop
     vertex -1.681556e+00  4.580713e+01  1.223764e+01
     vertex -1.681556e+00  4.554931e+01  1.225037e+01
     vertex -1.681556e+00  4.953840e+01  1.800004e+01
   endloop
 endfacet
 facet normal -1.000000e+00 -3.397484e-17 -4.116745e-18
   outer loop
     vertex -1.681556e+00  4.356193e+01  9.824742e+00
     vertex -1.681556e+00  3.701062e+01  9.954712e+00
     vertex -1.681556e+00  4.353052e+01  1.008395e+01
   endloop
 endfacet
 facet normal -1.000000e+00 -4.955109e-17 -7.892597e-16
   outer loop
     vertex -1.681556e+00  4.356193e+01  9.824742e+00
     vertex -1.681556e+00  3.695738e+01  9.676722e+00
     vertex -1.681556e+00  3.701062e+01  9.954712e+00
   endloop
 endfacet
 facet normal -1.000000e+00 -6.131847e-17 -3.456287e-16
   outer loop
     vertex -1.681556e+00  4.606231e+01  1.219237e+01
     vertex -1.681556e+00  4.580713e+01  1.223764e+01
     vertex -1.681556e+00  4.953840e+01  1.800004e+01
   endloop
 endfacet
 facet normal -1.000000e+00 -4.722972e-17 -8.928376e-16
   outer loop
     vertex -1.681556e+00  4.362570e+01  9.572674e+00
     vertex -1.681556e+00  3.695738e+01  9.676722e+00
     vertex -1.681556e+00  4.356193e+01  9.824742e+00
   endloop
 endfacet
 facet normal -1.000000e+00 -3.312272e-17  1.126223e-17
   outer loop
     vertex -1.681556e+00  4.362570e+01  9.572674e+00
     vertex -1.681556e+00  3.686582e+01  9.407445e+00
     vertex -1.681556e+00  3.695738e+01  9.676722e+00
   endloop
 endfacet
 facet normal -1.000000e+00  6.526908e-16 -7.729880e-16
   outer loop
     vertex -1.681556e+00  4.631074e+01  1.211488e+01
     vertex -1.681556e+00  4.606231e+01  1.219237e+01
     vertex -1.681556e+00  4.953840e+01  1.800004e+01
   endloop
 endfacet
 facet normal -1.000000e+00 -6.442815e-17  3.247919e-17
   outer loop
     vertex -1.681556e+00  4.372040e+01  9.331666e+00
     vertex -1.681556e+00  3.673717e+01  9.152241e+00
     vertex -1.681556e+00  3.686582e+01  9.407445e+00
   endloop
 endfacet
 facet normal -1.000000e+00 -5.483999e-17  8.997658e-16
   outer loop
     vertex -1.681556e+00  4.372040e+01  9.331666e+00
     vertex -1.681556e+00  3.686582e+01  9.407445e+00
     vertex -1.681556e+00  4.362570e+01  9.572674e+00
   endloop
 endfacet
 facet normal -1.000000e+00 -8.988614e-16  7.794710e-17
   outer loop
     vertex -1.681556e+00  4.654833e+01  1.200602e+01
     vertex -1.681556e+00  4.631074e+01  1.211488e+01
     vertex -1.681556e+00  4.953840e+01  1.800004e+01
   endloop
 endfacet
 facet normal -1.000000e+00 -3.784818e-17 -1.002020e-15
   outer loop
     vertex -1.681556e+00  4.384418e+01  9.105393e+00
     vertex -1.681556e+00  3.673717e+01  9.152241e+00
     vertex -1.681556e+00  4.372040e+01  9.331666e+00
   endloop
 endfacet
 facet normal -1.000000e+00 -2.427032e-17  1.057785e-15
   outer loop
     vertex -1.681556e+00  4.384418e+01  9.105393e+00
     vertex -1.681556e+00  3.659135e+01  8.938981e+00
     vertex -1.681556e+00  3.673717e+01  9.152241e+00
   endloop
 endfacet
 facet normal -1.000000e+00 -1.761653e-16 -2.825649e-16
   outer loop
     vertex -1.681556e+00  4.677108e+01  1.186714e+01
     vertex -1.681556e+00  4.654833e+01  1.200602e+01
     vertex -1.681556e+00  4.953840e+01  1.800004e+01
   endloop
 endfacet
 facet normal -1.000000e+00  0.000000e+00  0.000000e+00
   outer loop
     vertex -1.681556e+00  4.401296e+01  8.875413e+00
     vertex -1.681556e+00  3.659135e+01  8.938981e+00
     vertex -1.681556e+00  4.384418e+01  9.105393e+00
   endloop
 endfacet
 facet normal -1.000000e+00  9.731197e-18  1.136128e-15
   outer loop
     vertex -1.681556e+00  4.401296e+01  8.875413e+00
     vertex -1.681556e+00  3.641912e+01  8.745016e+00
     vertex -1.681556e+00  3.659135e+01  8.938981e+00
   endloop
 endfacet
 facet normal -1.000000e+00  5.781672e-16 -6.229394e-16
   outer loop
     vertex -1.681556e+00  4.697516e+01  1.170011e+01
     vertex -1.681556e+00  4.677108e+01  1.186714e+01
     vertex -1.681556e+00  4.953840e+01  1.800004e+01
   endloop
 endfacet
 facet normal -1.000000e+00  4.719601e-17 -1.045688e-15
   outer loop
     vertex -1.681556e+00  4.421101e+01  8.672009e+00
     vertex -1.681556e+00  3.641912e+01  8.745016e+00
     vertex -1.681556e+00  4.401296e+01  8.875413e+00
   endloop
 endfacet
 facet normal -1.000000e+00  3.235889e-17 -2.629212e-15
   outer loop
     vertex -1.681556e+00  4.421101e+01  8.672009e+00
     vertex -1.681556e+00  3.622293e+01  8.573696e+00
     vertex -1.681556e+00  3.641912e+01  8.745016e+00
   endloop
 endfacet
 facet normal -1.000000e+00 -2.873077e-16 -2.708049e-16
   outer loop
     vertex -1.681556e+00  4.715694e+01  1.150725e+01
     vertex -1.681556e+00  4.697516e+01  1.170011e+01
     vertex -1.681556e+00  4.953840e+01  1.800004e+01
   endloop
 endfacet
 facet normal -1.000000e+00  0.000000e+00  0.000000e+00
   outer loop
     vertex -1.681556e+00  4.443412e+01  8.498682e+00
     vertex -1.681556e+00  3.622293e+01  8.573696e+00
     vertex -1.681556e+00  4.421101e+01  8.672009e+00
   endloop
 endfacet
 facet normal -1.000000e+00 -0.000000e+00  0.000000e+00
   outer loop
     vertex -1.681556e+00  4.443412e+01  8.498682e+00
     vertex -1.681556e+00  3.600563e+01  8.428071e+00
     vertex -1.681556e+00  3.622293e+01  8.573696e+00
   endloop
 endfacet
 facet normal -1.000000e+00 -3.451284e-16 -2.495971e-16
   outer loop
     vertex -1.681556e+00  4.731308e+01  1.129135e+01
     vertex -1.681556e+00  4.715694e+01  1.150725e+01
     vertex -1.681556e+00  4.953840e+01  1.800004e+01
   endloop
 endfacet
 facet normal -1.000000e+00 -1.305951e-17  1.558862e-15
   outer loop
     vertex -1.681556e+00  4.467769e+01  8.358282e+00
     vertex -1.681556e+00  3.600563e+01  8.428071e+00
     vertex -1.681556e+00  4.443412e+01  8.498682e+00
   endloop
 endfacet
 facet normal -1.000000e+00  6.263987e-16 -5.718606e-16
   outer loop
     vertex -1.681556e+00  4.744448e+01  1.104700e+01
     vertex -1.681556e+00  4.731308e+01  1.129135e+01
     vertex -1.681556e+00  4.953840e+01  1.800004e+01
   endloop
 endfacet
 facet normal -1.000000e+00 -5.675309e-16 -2.123054e-16
   outer loop
     vertex -1.681556e+00  4.754166e+01  1.078722e+01
     vertex -1.681556e+00  4.744448e+01  1.104700e+01
     vertex -1.681556e+00  4.953840e+01  1.800004e+01
   endloop
 endfacet
 facet normal -1.000000e+00 -2.358523e-15  2.835009e-16
   outer loop
     vertex -1.681556e+00  4.760311e+01  1.051524e+01
     vertex -1.681556e+00  4.754166e+01  1.078722e+01
     vertex -1.681556e+00  4.953840e+01  1.800004e+01
   endloop
 endfacet
 facet normal -1.000000e+00  1.360885e-15 -6.782023e-16
   outer loop
     vertex -1.681556e+00  4.762711e+01  1.023600e+01
     vertex -1.681556e+00  4.760311e+01  1.051524e+01
     vertex -1.681556e+00  4.953840e+01  1.800004e+01
   endloop
 endfacet
 facet normal -1.000000e+00 -2.314745e-17  3.053285e-16
   outer loop
     vertex -1.681556e+00  4.953840e+01  0.000000e+00
     vertex -1.681556e+00  3.600563e+01  8.428071e+00
     vertex -1.681556e+00  4.467769e+01  8.358282e+00
   endloop
 endfacet
 facet normal -1.000000e+00 -1.394102e-15  0.000000e+00
   outer loop
     vertex -1.681556e+00  4.953840e+01  0.000000e+00
     vertex -1.681556e+00  4.762711e+01  1.023600e+01
     vertex -1.681556e+00  4.953840e+01  1.800004e+01
   endloop
 endfacet
 facet normal -1.000000e+00 -2.991043e-17  2.422305e-16
   outer loop
     vertex -1.681556e+00  4.953840e+01  0.000000e+00
     vertex -1.681556e+00  2.821358e+01  7.450160e+00
     vertex -1.681556e+00  2.831089e+01  7.462175e+00
   endloop
 endfacet
 facet normal -1.000000e+00 -3.965476e-15 -6.785860e-15
   outer loop
     vertex -1.681556e+00  4.953840e+01  0.000000e+00
     vertex -1.681556e+00  3.479350e+01  8.158428e+00
     vertex -1.681556e+00  3.497530e+01  8.150351e+00
   endloop
 endfacet
 facet normal -1.000000e+00  1.597445e-15  1.076041e-15
   outer loop
     vertex -1.681556e+00  4.953840e+01  0.000000e+00
     vertex -1.681556e+00  4.557732e+01  8.150351e+00
     vertex -1.681556e+00  4.584361e+01  8.167720e+00
   endloop
 endfacet
 facet normal -1.000000e+00 -6.558073e-17  3.237468e-16
   outer loop
     vertex -1.681556e+00  4.953840e+01  0.000000e+00
     vertex -1.681556e+00  4.584361e+01  8.167720e+00
     vertex -1.681556e+00  4.612308e+01  8.224331e+00
   endloop
 endfacet
 facet normal -1.000000e+00  5.178157e-17  4.746183e-16
   outer loop
     vertex -1.681556e+00  4.953840e+01  0.000000e+00
     vertex -1.681556e+00  2.831089e+01  7.462175e+00
     vertex -1.681556e+00  3.479350e+01  8.158428e+00
   endloop
 endfacet
 facet normal -1.000000e+00 -1.064187e-16  3.067880e-16
   outer loop
     vertex -1.681556e+00  4.953840e+01  0.000000e+00
     vertex -1.681556e+00  4.612308e+01  8.224331e+00
     vertex -1.681556e+00  4.637249e+01  8.310847e+00
   endloop
 endfacet
 facet normal -1.000000e+00 -1.455110e-16  2.918963e-16
   outer loop
     vertex -1.681556e+00  4.953840e+01  0.000000e+00
     vertex -1.681556e+00  4.637249e+01  8.310847e+00
     vertex -1.681556e+00  4.660765e+01  8.428071e+00
   endloop
 endfacet
 facet normal -1.000000e+00 -1.861470e-16  2.777657e-16
   outer loop
     vertex -1.681556e+00  4.953840e+01  0.000000e+00
     vertex -1.681556e+00  4.660765e+01  8.428071e+00
     vertex -1.681556e+00  4.682495e+01  8.573696e+00
   endloop
 endfacet
 facet normal -1.000000e+00 -2.303390e-16  2.637795e-16
   outer loop
     vertex -1.681556e+00  4.953840e+01  0.000000e+00
     vertex -1.681556e+00  4.682495e+01  8.573696e+00
     vertex -1.681556e+00  4.702114e+01  8.745016e+00
   endloop
 endfacet
 facet normal -1.000000e+00 -1.254372e-15 -3.098970e-17
   outer loop
     vertex -1.681556e+00  4.953840e+01  0.000000e+00
     vertex -1.681556e+00  4.702114e+01  8.745016e+00
     vertex -1.681556e+00  4.719336e+01  8.938981e+00
   endloop
 endfacet
 facet normal -1.000000e+00 -3.150624e-16  2.154274e-16
   outer loop
     vertex -1.681556e+00  4.953840e+01  0.000000e+00
     vertex -1.681556e+00  4.719336e+01  8.938981e+00
     vertex -1.681556e+00  4.733918e+01  9.152241e+00
   endloop
 endfacet
 facet normal -1.000000e+00 -3.910957e-16  1.971572e-16
   outer loop
     vertex -1.681556e+00  4.953840e+01  0.000000e+00
     vertex -1.681556e+00  4.733918e+01  9.152241e+00
     vertex -1.681556e+00  4.746783e+01  9.407445e+00
   endloop
 endfacet
 facet normal -1.000000e+00  9.665171e-16  4.959661e-16
   outer loop
     vertex -1.681556e+00  4.953840e+01  0.000000e+00
     vertex -1.681556e+00  4.746783e+01  9.407445e+00
     vertex -1.681556e+00  4.755939e+01  9.676722e+00
   endloop
 endfacet
 facet normal -1.000000e+00 -2.769997e-15 -2.681974e-16
   outer loop
     vertex -1.681556e+00  4.953840e+01  0.000000e+00
     vertex -1.681556e+00  4.755939e+01  9.676722e+00
     vertex -1.681556e+00  4.761264e+01  9.954712e+00
   endloop
 endfacet
 facet normal -1.000000e+00 -1.092933e-15  5.623508e-17
   outer loop
     vertex -1.681556e+00  4.953840e+01  0.000000e+00
     vertex -1.681556e+00  4.761264e+01  9.954712e+00
     vertex -1.681556e+00  4.762711e+01  1.023600e+01
   endloop
 endfacet
 facet normal -1.000000e+00  1.291653e-15  1.069944e-15
   outer loop
     vertex -1.681556e+00  4.953840e+01  0.000000e+00
     vertex -1.681556e+00  4.467769e+01  8.358282e+00
     vertex -1.681556e+00  4.493684e+01  8.252966e+00
   endloop
 endfacet
 facet normal -1.000000e+00 -8.560062e-16 -1.275166e-16
   outer loop
     vertex -1.681556e+00  4.953840e+01  0.000000e+00
     vertex -1.681556e+00  4.493684e+01  8.252966e+00
     vertex -1.681556e+00  4.520648e+01  8.184169e+00
   endloop
 endfacet
 facet normal -1.000000e+00  4.777857e-17  3.508613e-16
   outer loop
     vertex -1.681556e+00  4.953840e+01  0.000000e+00
     vertex -1.681556e+00  4.520648e+01  8.184169e+00
     vertex -1.681556e+00  4.539551e+01  8.158428e+00
   endloop
 endfacet
 facet normal -1.000000e+00 -1.234676e-15 -3.003760e-16
   outer loop
     vertex -1.681556e+00  4.953840e+01  0.000000e+00
     vertex -1.681556e+00  4.539551e+01  8.158428e+00
     vertex -1.681556e+00  4.557732e+01  8.150351e+00
   endloop
 endfacet
 facet normal -1.000000e+00  1.476059e-15  2.937111e-15
   outer loop
     vertex -1.681556e+00  4.953840e+01  0.000000e+00
     vertex -1.681556e+00  3.497530e+01  8.150351e+00
     vertex -1.681556e+00  3.524160e+01  8.167720e+00
   endloop
 endfacet
 facet normal -1.000000e+00 -5.285064e-17  2.609033e-16
   outer loop
     vertex -1.681556e+00  4.953840e+01  0.000000e+00
     vertex -1.681556e+00  3.524160e+01  8.167720e+00
     vertex -1.681556e+00  3.552107e+01  8.224331e+00
   endloop
 endfacet
 facet normal -1.000000e+00 -7.651279e-17  2.205741e-16
   outer loop
     vertex -1.681556e+00  4.953840e+01  0.000000e+00
     vertex -1.681556e+00  3.552107e+01  8.224331e+00
     vertex -1.681556e+00  3.577048e+01  8.310847e+00
   endloop
 endfacet
 facet normal -1.000000e+00 -9.482991e-17  1.902296e-16
   outer loop
     vertex -1.681556e+00  4.953840e+01  0.000000e+00
     vertex -1.681556e+00  3.577048e+01  8.310847e+00
     vertex -1.681556e+00  3.600563e+01  8.428071e+00
   endloop
 endfacet
 facet normal -1.000000e+00  0.000000e+00  3.380445e-16
   outer loop
     vertex -1.681556e+00  4.953840e+01  0.000000e+00
     vertex -1.681556e+00  5.623978e-01  0.000000e+00
     vertex -1.681556e+00  2.035103e+01  7.225352e+00
   endloop
 endfacet
 facet normal -1.000000e+00 -1.209459e-17  2.891875e-16
   outer loop
     vertex -1.681556e+00  4.953840e+01  0.000000e+00
     vertex -1.681556e+00  2.035103e+01  7.225352e+00
     vertex -1.681556e+00  2.572631e+01  7.450160e+00
   endloop
 endfacet
 facet normal -1.000000e+00  0.000000e+00  3.278441e-16
   outer loop
     vertex -1.681556e+00  4.953840e+01  0.000000e+00
     vertex -1.681556e+00  2.572631e+01  7.450160e+00
     vertex -1.681556e+00  2.695137e+01  7.450160e+00
   endloop
 endfacet
 facet normal -1.000000e+00  0.000000e+00  3.278441e-16
   outer loop
     vertex -1.681556e+00  4.953840e+01  0.000000e+00
     vertex -1.681556e+00  2.695137e+01  7.450160e+00
     vertex -1.681556e+00  2.821358e+01  7.450160e+00
   endloop
 endfacet
 facet normal -9.994170e-01 -3.414111e-02  0.000000e+00
   outer loop
     vertex -1.681556e+00  5.623978e-01  0.000000e+00
     vertex -1.676310e+00  4.088521e-01  0.000000e+00
     vertex -1.676310e+00  4.088521e-01  1.800004e+01
   endloop
 endfacet
 facet normal -9.994170e-01 -3.414111e-02  0.000000e+00
   outer loop
     vertex -1.681556e+00  5.623978e-01  0.000000e+00
     vertex -1.676310e+00  4.088521e-01  1.800004e+01
     vertex -1.681556e+00  5.623978e-01  1.800004e+01
   endloop
 endfacet
 facet normal  0.000000e+00  0.000000e+00 -1.000000e+00
   outer loop
     vertex  6.945314e+01 -5.500127e-02  0.000000e+00
     vertex  7.099950e+01  5.623978e-01  0.000000e+00
     vertex  7.099425e+01  4.088521e-01  0.000000e+00
   endloop
 endfacet
 facet normal  0.000000e+00  0.000000e+00 -1.000000e+00
   outer loop
     vertex  6.945314e+01 -5.500127e-02  0.000000e+00
     vertex  7.099425e+01  4.088521e-01  0.000000e+00
     vertex  7.097854e+01  2.560223e-01  0.000000e+00
   endloop
 endfacet
 facet normal  0.000000e+00  0.000000e+00 -1.000000e+00
   outer loop
     vertex  6.945314e+01 -5.500127e-02  0.000000e+00
     vertex  7.097854e+01  2.560223e-01  0.000000e+00
     vertex  7.095243e+01  1.046210e-01  0.000000e+00
   endloop
 endfacet
 facet normal  0.000000e+00  0.000000e+00 -1.000000e+00
   outer loop
     vertex  6.945314e+01 -5.500127e-02  0.000000e+00
     vertex  7.095243e+01  1.046210e-01  0.000000e+00
     vertex  7.091606e+01 -4.464600e-02  0.000000e+00
   endloop
 endfacet
 facet normal  0.000000e+00  0.000000e+00 -1.000000e+00
   outer loop
     vertex  6.945314e+01 -5.500127e-02  0.000000e+00
     vertex  7.091606e+01 -4.464600e-02  0.000000e+00
     vertex  7.086958e+01 -1.910826e-01  0.000000e+00
   endloop
 endfacet
 facet normal  0.000000e+00  0.000000e+00 -1.000000e+00
   outer loop
     vertex  6.945314e+01 -5.500127e-02  0.000000e+00
     vertex  7.086958e+01 -1.910826e-01  0.000000e+00
     vertex  7.081322e+01 -3.340062e-01  0.000000e+00
   endloop
 endfacet
 facet normal  0.000000e+00  0.000000e+00 -1.000000e+00
   outer loop
     vertex  6.945314e+01 -5.500127e-02  0.000000e+00
     vertex  7.081322e+01 -3.340062e-01  0.000000e+00
     vertex  7.074724e+01 -4.727503e-01  0.000000e+00
   endloop
 endfacet
 facet normal  0.000000e+00  0.000000e+00 -1.000000e+00
   outer loop
     vertex  6.945314e+01 -5.500127e-02  0.000000e+00
     vertex  7.074724e+01 -4.727503e-01  0.000000e+00
     vertex  7.067194e+01 -6.066681e-01  0.000000e+00
   endloop
 endfacet
 facet normal  0.000000e+00  0.000000e+00 -1.000000e+00
   outer loop
     vertex  6.945314e+01 -5.500127e-02  0.000000e+00
     vertex  7.067194e+01 -6.066681e-01  0.000000e+00
     vertex  7.058768e+01 -7.351352e-01  0.000000e+00
   endloop
 endfacet
 facet normal  0.000000e+00  0.000000e+00 -1.000000e+00
   outer loop
     vertex  6.945314e+01 -5.500127e-02  0.000000e+00
     vertex  7.058768e+01 -7.351352e-01  0.000000e+00
     vertex  7.049485e+01 -8.575525e-01  0.000000e+00
   endloop
 endfacet
 facet normal  0.000000e+00  0.000000e+00 -1.000000e+00
   outer loop
     vertex  6.945314e+01 -5.500127e-02  0.000000e+00
     vertex  7.049485e+01 -8.575525e-01  0.000000e+00
     vertex  7.039388e+01 -9.733494e-01  0.000000e+00
   endloop
 endfacet
 facet normal  0.000000e+00  0.000000e+00 -1.000000e+00
   outer loop
     vertex  6.945314e+01 -5.500127e-02  0.000000e+00
     vertex  7.039388e+01 -9.733494e-01  0.000000e+00
     vertex  7.028524e+01 -1.081986e+00  0.000000e+00
   endloop
 endfacet
 facet normal  0.000000e+00  0.000000e+00 -1.000000e+00
   outer loop
     vertex  6.945314e+01 -5.500127e-02  0.000000e+00
     vertex  7.028524e+01 -1.081986e+00  0.000000e+00
     vertex  7.016944e+01 -1.182956e+00  0.000000e+00
   endloop
 endfacet
 facet normal  0.000000e+00  0.000000e+00 -1.000000e+00
   outer loop
     vertex  6.945314e+01 -5.500127e-02  0.000000e+00
     vertex  7.016944e+01 -1.182956e+00  0.000000e+00
     vertex  7.004702e+01 -1.275788e+00  0.000000e+00
   endloop
 endfacet
 facet normal  0.000000e+00  0.000000e+00 -1.000000e+00
   outer loop
     vertex  6.945314e+01 -5.500127e-02  0.000000e+00
     vertex  7.004702e+01 -1.275788e+00  0.000000e+00
     vertex  6.991856e+01 -1.360049e+00  0.000000e+00
   endloop
 endfacet
 facet normal  0.000000e+00  0.000000e+00 -1.000000e+00
   outer loop
     vertex  6.945314e+01 -5.500127e-02  0.000000e+00
     vertex  6.991856e+01 -1.360049e+00  0.000000e+00
     vertex  6.978464e+01 -1.435347e+00  0.000000e+00
   endloop
 endfacet
 facet normal  0.000000e+00  0.000000e+00 -1.000000e+00
   outer loop
     vertex  6.945314e+01 -5.500127e-02  0.000000e+00
     vertex  6.978464e+01 -1.435347e+00  0.000000e+00
     vertex  6.964590e+01 -1.501331e+00  0.000000e+00
   endloop
 endfacet
 facet normal  0.000000e+00  0.000000e+00 -1.000000e+00
   outer loop
     vertex  6.945314e+01 -5.500127e-02  0.000000e+00
     vertex  6.964590e+01 -1.501331e+00  0.000000e+00
     vertex  6.950297e+01 -1.557693e+00  0.000000e+00
   endloop
 endfacet
 facet normal  0.000000e+00 -0.000000e+00 -1.000000e+00
   outer loop
     vertex  6.945314e+01 -5.500127e-02  0.000000e+00
     vertex  6.950297e+01 -1.557693e+00  0.000000e+00
     vertex  6.935654e+01 -1.604170e+00  0.000000e+00
   endloop
 endfacet
 facet normal  0.000000e+00  0.000000e+00 -1.000000e+00
   outer loop
     vertex  6.945314e+01 -5.500127e-02  0.000000e+00
     vertex  6.935654e+01 -1.604170e+00  0.000000e+00
     vertex  6.920727e+01 -1.640545e+00  0.000000e+00
   endloop
 endfacet
 facet normal  0.000000e+00  0.000000e+00 -1.000000e+00
   outer loop
     vertex  6.945314e+01 -5.500127e-02  0.000000e+00
     vertex  6.920727e+01 -1.640545e+00  0.000000e+00
     vertex  6.905587e+01 -1.666649e+00  0.000000e+00
   endloop
 endfacet
 facet normal  0.000000e+00  0.000000e+00 -1.000000e+00
   outer loop
     vertex  6.945314e+01 -5.500127e-02  0.000000e+00
     vertex  6.905587e+01 -1.666649e+00  0.000000e+00
     vertex  6.890304e+01 -1.682361e+00  0.000000e+00
   endloop
 endfacet
 facet normal  0.000000e+00  0.000000e+00 -1.000000e+00
   outer loop
     vertex  6.945314e+01 -5.500127e-02  0.000000e+00
     vertex  6.890304e+01 -1.682361e+00  0.000000e+00
     vertex  6.874949e+01 -1.687606e+00  0.000000e+00
   endloop
 endfacet
 facet normal  0.000000e+00  0.000000e+00 -1.000000e+00
   outer loop
     vertex  6.945314e+01  3.455006e+00  0.000000e+00
     vertex  7.099950e+01  5.623978e-01  0.000000e+00
     vertex  6.945314e+01 -5.500127e-02  0.000000e+00
   endloop
 endfacet
 facet normal  0.000000e+00 -0.000000e+00 -1.000000e+00
   outer loop
     vertex  6.938283e+01  4.669099e+01  0.000000e+00
     vertex  6.945314e+01  3.455006e+00  0.000000e+00
     vertex  6.915100e+01  3.455006e+00  0.000000e+00
   endloop
 endfacet
 facet normal  0.000000e+00  0.000000e+00 -1.000000e+00
   outer loop
     vertex  6.915100e+01  4.669099e+01  0.000000e+00
     vertex  6.938283e+01  4.669099e+01  0.000000e+00
     vertex  6.915100e+01  3.455006e+00  0.000000e+00
   endloop
 endfacet
 facet normal  0.000000e+00  0.000000e+00 -1.000000e+00
   outer loop
     vertex  7.099950e+01  4.953840e+01  0.000000e+00
     vertex  6.945314e+01  3.455006e+00  0.000000e+00
     vertex  6.938283e+01  4.669099e+01  0.000000e+00
   endloop
 endfacet
 facet normal  0.000000e+00 -0.000000e+00 -1.000000e+00
   outer loop
     vertex  7.099950e+01  4.953840e+01  0.000000e+00
     vertex  7.099950e+01  5.623978e-01  0.000000e+00
     vertex  6.945314e+01  3.455006e+00  0.000000e+00
   endloop
 endfacet
 facet normal  0.000000e+00  0.000000e+00 -1.000000e+00
   outer loop
     vertex  6.938283e+01  5.020100e+01  0.000000e+00
     vertex  7.099950e+01  4.953840e+01  0.000000e+00
     vertex  6.938283e+01  4.669099e+01  0.000000e+00
   endloop
 endfacet
 facet normal  0.000000e+00  0.000000e+00 -1.000000e+00
   outer loop
     vertex  6.938283e+01  5.020100e+01  0.000000e+00
     vertex  7.039388e+01  5.107415e+01  0.000000e+00
     vertex  7.049485e+01  5.095835e+01  0.000000e+00
   endloop
 endfacet
 facet normal  0.000000e+00  0.000000e+00 -1.000000e+00
   outer loop
     vertex  6.938283e+01  5.020100e+01  0.000000e+00
     vertex  7.049485e+01  5.095835e+01  0.000000e+00
     vertex  7.058768e+01  5.083594e+01  0.000000e+00
   endloop
 endfacet
 facet normal  0.000000e+00  0.000000e+00 -1.000000e+00
   outer loop
     vertex  6.938283e+01  5.020100e+01  0.000000e+00
     vertex  7.058768e+01  5.083594e+01  0.000000e+00
     vertex  7.067194e+01  5.070747e+01  0.000000e+00
   endloop
 endfacet
 facet normal  0.000000e+00  0.000000e+00 -1.000000e+00
   outer loop
     vertex  6.938283e+01  5.020100e+01  0.000000e+00
     vertex  7.067194e+01  5.070747e+01  0.000000e+00
     vertex  7.074724e+01  5.057355e+01  0.000000e+00
   endloop
 endfacet
 facet normal  0.000000e+00  0.000000e+00 -1.000000e+00
   outer loop
     vertex  6.938283e+01  5.020100e+01  0.000000e+00
     vertex  7.074724e+01  5.057355e+01  0.000000e+00
     vertex  7.081322e+01  5.043481e+01  0.000000e+00
   endloop
 endfacet
 facet normal  0.000000e+00  0.000000e+00 -1.000000e+00
   outer loop
     vertex  6.938283e+01  5.020100e+01  0.000000e+00
     vertex  7.081322e+01  5.043481e+01  0.000000e+00
     vertex  7.086958e+01  5.029188e+01  0.000000e+00
   endloop
 endfacet
 facet normal  0.000000e+00  0.000000e+00 -1.000000e+00
   outer loop
     vertex  6.938283e+01  5.020100e+01  0.000000e+00
     vertex  7.086958e+01  5.029188e+01  0.000000e+00
     vertex  7.091606e+01  5.014545e+01  0.000000e+00
   endloop
 endfacet
 facet normal  0.000000e+00  0.000000e+00 -1.000000e+00
   outer loop
     vertex  6.938283e+01  5.020100e+01  0.000000e+00
     vertex  7.091606e+01  5.014545e+01  0.000000e+00
     vertex  7.095243e+01  4.999618e+01  0.000000e+00
   endloop
 endfacet
 facet normal  0.000000e+00  0.000000e+00 -1.000000e+00
   outer loop
     vertex  6.938283e+01  5.020100e+01  0.000000e+00
     vertex  7.095243e+01  4.999618e+01  0.000000e+00
     vertex  7.097854e+01  4.984478e+01  0.000000e+00
   endloop
 endfacet
 facet normal  0.000000e+00  0.000000e+00 -1.000000e+00
   outer loop
     vertex  6.938283e+01  5.020100e+01  0.000000e+00
     vertex  7.097854e+01  4.984478e+01  0.000000e+00
     vertex  7.099425e+01  4.969195e+01  0.000000e+00
   endloop
 endfacet
 facet normal  0.000000e+00  0.000000e+00 -1.000000e+00
   outer loop
     vertex  6.938283e+01  5.020100e+01  0.000000e+00
     vertex  7.099425e+01  4.969195e+01  0.000000e+00
     vertex  7.099950e+01  4.953840e+01  0.000000e+00
   endloop
 endfacet
 facet normal  0.000000e+00 -0.000000e+00 -1.000000e+00
   outer loop
     vertex  7.028524e+01  5.118279e+01  0.000000e+00
     vertex  7.039388e+01  5.107415e+01  0.000000e+00
     vertex  6.938283e+01  5.020100e+01  0.000000e+00
   endloop
 endfacet
 facet normal  0.000000e+00  0.000000e+00 -1.000000e+00
   outer loop
     vertex  6.915100e+01  5.020200e+01  0.000000e+00
     vertex  6.938283e+01  5.020100e+01  0.000000e+00
     vertex  6.915100e+01  5.020100e+01  0.000000e+00
   endloop
 endfacet
 facet normal  0.000000e+00 -0.000000e+00 -1.000000e+00
   outer loop
     vertex  7.016944e+01  5.128376e+01  0.000000e+00
     vertex  7.028524e+01  5.118279e+01  0.000000e+00
     vertex  6.938283e+01  5.020100e+01  0.000000e+00
   endloop
 endfacet
 facet normal  0.000000e+00 -0.000000e+00 -1.000000e+00
   outer loop
     vertex  7.004702e+01  5.137659e+01  0.000000e+00
     vertex  7.016944e+01  5.128376e+01  0.000000e+00
     vertex  6.938283e+01  5.020100e+01  0.000000e+00
   endloop
 endfacet
 facet normal  0.000000e+00 -0.000000e+00 -1.000000e+00
   outer loop
     vertex  6.991856e+01  5.146085e+01  0.000000e+00
     vertex  7.004702e+01  5.137659e+01  0.000000e+00
     vertex  6.938283e+01  5.020100e+01  0.000000e+00
   endloop
 endfacet
 facet normal  0.000000e+00 -0.000000e+00 -1.000000e+00
   outer loop
     vertex  6.978464e+01  5.153615e+01  0.000000e+00
     vertex  6.991856e+01  5.146085e+01  0.000000e+00
     vertex  6.938283e+01  5.020100e+01  0.000000e+00
   endloop
 endfacet
 facet normal  0.000000e+00 -0.000000e+00 -1.000000e+00
   outer loop
     vertex  6.964590e+01  5.160213e+01  0.000000e+00
     vertex  6.978464e+01  5.153615e+01  0.000000e+00
     vertex  6.938283e+01  5.020100e+01  0.000000e+00
   endloop
 endfacet
 facet normal  0.000000e+00 -0.000000e+00 -1.000000e+00
   outer loop
     vertex  6.950297e+01  5.165849e+01  0.000000e+00
     vertex  6.964590e+01  5.160213e+01  0.000000e+00
     vertex  6.938283e+01  5.020100e+01  0.000000e+00
   endloop
 endfacet
 facet normal  0.000000e+00  0.000000e+00 -1.000000e+00
   outer loop
     vertex  6.950297e+01  5.165849e+01  0.000000e+00
     vertex  6.938283e+01  5.020100e+01  0.000000e+00
     vertex  6.915100e+01  5.020200e+01  0.000000e+00
   endloop
 endfacet
 facet normal  0.000000e+00 -0.000000e+00 -1.000000e+00
   outer loop
     vertex  6.935654e+01  5.170497e+01  0.000000e+00
     vertex  6.950297e+01  5.165849e+01  0.000000e+00
     vertex  6.915100e+01  5.020200e+01  0.000000e+00
   endloop
 endfacet
 facet normal  0.000000e+00 -0.000000e+00 -1.000000e+00
   outer loop
     vertex  6.920727e+01  5.174135e+01  0.000000e+00
     vertex  6.935654e+01  5.170497e+01  0.000000e+00
     vertex  6.915100e+01  5.020200e+01  0.000000e+00
   endloop
 endfacet
 facet normal  0.000000e+00  0.000000e+00 -1.000000e+00
   outer loop
     vertex  6.905587e+01  5.176745e+01  0.000000e+00
     vertex  6.920727e+01  5.174135e+01  0.000000e+00
     vertex  6.915100e+01  5.020200e+01  0.000000e+00
   endloop
 endfacet
 facet normal  0.000000e+00  0.000000e+00 -1.000000e+00
   outer loop
     vertex  6.890304e+01  5.178316e+01  0.000000e+00
     vertex  6.905587e+01  5.176745e+01  0.000000e+00
     vertex  6.915100e+01  5.020200e+01  0.000000e+00
   endloop
 endfacet
 facet normal  0.000000e+00  0.000000e+00 -1.000000e+00
   outer loop
     vertex  6.874949e+01  5.178841e+01  0.000000e+00
     vertex  6.890304e+01  5.178316e+01  0.000000e+00
     vertex  6.915100e+01  5.020200e+01  0.000000e+00
   endloop
 endfacet
 facet normal  0.000000e+00  0.000000e+00 -1.000000e+00
   outer loop
     vertex -1.059995e-01 -5.500127e-02  0.000000e+00
     vertex  5.684481e-01 -1.687606e+00  0.000000e+00
     vertex  4.149024e-01 -1.682361e+00  0.000000e+00
   endloop
 endfacet
 facet normal  0.000000e+00  0.000000e+00 -1.000000e+00
   outer loop
     vertex -1.059995e-01 -5.500127e-02  0.000000e+00
     vertex  4.149024e-01 -1.682361e+00  0.000000e+00
     vertex  2.620726e-01 -1.666649e+00  0.000000e+00
   endloop
 endfacet
 facet normal  0.000000e+00  0.000000e+00 -1.000000e+00
   outer loop
     vertex -1.059995e-01 -5.500127e-02  0.000000e+00
     vertex  2.620726e-01 -1.666649e+00  0.000000e+00
     vertex  1.106713e-01 -1.640545e+00  0.000000e+00
   endloop
 endfacet
 facet normal  0.000000e+00  0.000000e+00 -1.000000e+00
   outer loop
     vertex -1.059995e-01 -5.500127e-02  0.000000e+00
     vertex  1.106713e-01 -1.640545e+00  0.000000e+00
     vertex -3.859571e-02 -1.604170e+00  0.000000e+00
   endloop
 endfacet
 facet normal  0.000000e+00 -0.000000e+00 -1.000000e+00
   outer loop
     vertex -1.059995e-01 -5.500127e-02  0.000000e+00
     vertex -3.859571e-02 -1.604170e+00  0.000000e+00
     vertex -1.850323e-01 -1.557693e+00  0.000000e+00
   endloop
 endfacet
 facet normal  0.000000e+00  0.000000e+00 -1.000000e+00
   outer loop
     vertex -1.059995e-01 -5.500127e-02  0.000000e+00
     vertex -1.850323e-01 -1.557693e+00  0.000000e+00
     vertex -3.279559e-01 -1.501331e+00  0.000000e+00
   endloop
 endfacet
 facet normal  0.000000e+00  0.000000e+00 -1.000000e+00
   outer loop
     vertex -1.059995e-01 -5.500127e-02  0.000000e+00
     vertex -3.279559e-01 -1.501331e+00  0.000000e+00
     vertex -4.667000e-01 -1.435347e+00  0.000000e+00
   endloop
 endfacet
 facet normal  0.000000e+00  0.000000e+00 -1.000000e+00
   outer loop
     vertex -1.059995e-01 -5.500127e-02  0.000000e+00
     vertex -4.667000e-01 -1.435347e+00  0.000000e+00
     vertex -6.006178e-01 -1.360049e+00  0.000000e+00
   endloop
 endfacet
 facet normal  0.000000e+00  0.000000e+00 -1.000000e+00
   outer loop
     vertex -1.059995e-01 -5.500127e-02  0.000000e+00
     vertex -6.006178e-01 -1.360049e+00  0.000000e+00
     vertex -7.290849e-01 -1.275788e+00  0.000000e+00
   endloop
 endfacet
 facet normal  0.000000e+00  0.000000e+00 -1.000000e+00
   outer loop
     vertex -1.059995e-01 -5.500127e-02  0.000000e+00
     vertex -7.290849e-01 -1.275788e+00  0.000000e+00
     vertex -8.515022e-01 -1.182956e+00  0.000000e+00
   endloop
 endfacet
 facet normal  0.000000e+00  0.000000e+00 -1.000000e+00
   outer loop
     vertex -1.059995e-01 -5.500127e-02  0.000000e+00
     vertex -8.515022e-01 -1.182956e+00  0.000000e+00
     vertex -9.672991e-01 -1.081986e+00  0.000000e+00
   endloop
 endfacet
 facet normal  0.000000e+00  0.000000e+00 -1.000000e+00
   outer loop
     vertex -1.075936e+00 -9.733494e-01  0.000000e+00
     vertex -1.059995e-01 -5.500127e-02  0.000000e+00
     vertex -9.672991e-01 -1.081986e+00  0.000000e+00
   endloop
 endfacet
 facet normal  0.000000e+00  0.000000e+00 -1.000000e+00
   outer loop
     vertex -1.176905e+00 -8.575525e-01  0.000000e+00
     vertex -1.059995e-01 -5.500127e-02  0.000000e+00
     vertex -1.075936e+00 -9.733494e-01  0.000000e+00
   endloop
 endfacet
 facet normal  0.000000e+00  0.000000e+00 -1.000000e+00
   outer loop
     vertex -1.269737e+00 -7.351352e-01  0.000000e+00
     vertex -1.059995e-01 -5.500127e-02  0.000000e+00
     vertex -1.176905e+00 -8.575525e-01  0.000000e+00
   endloop
 endfacet
 facet normal  0.000000e+00  0.000000e+00 -1.000000e+00
   outer loop
     vertex -1.353999e+00 -6.066681e-01  0.000000e+00
     vertex -1.059995e-01 -5.500127e-02  0.000000e+00
     vertex -1.269737e+00 -7.351352e-01  0.000000e+00
   endloop
 endfacet
 facet normal  0.000000e+00  0.000000e+00 -1.000000e+00
   outer loop
     vertex -1.429297e+00 -4.727503e-01  0.000000e+00
     vertex -1.059995e-01 -5.500127e-02  0.000000e+00
     vertex -1.353999e+00 -6.066681e-01  0.000000e+00
   endloop
 endfacet
 facet normal  0.000000e+00  0.000000e+00 -1.000000e+00
   outer loop
     vertex -1.495281e+00 -3.340062e-01  0.000000e+00
     vertex -1.059995e-01 -5.500127e-02  0.000000e+00
     vertex -1.429297e+00 -4.727503e-01  0.000000e+00
   endloop
 endfacet
 facet normal  0.000000e+00  0.000000e+00 -1.000000e+00
   outer loop
     vertex -1.551643e+00 -1.910826e-01  0.000000e+00
     vertex -1.059995e-01 -5.500127e-02  0.000000e+00
     vertex -1.495281e+00 -3.340062e-01  0.000000e+00
   endloop
 endfacet
 facet normal  0.000000e+00  0.000000e+00 -1.000000e+00
   outer loop
     vertex -1.598120e+00 -4.464600e-02  0.000000e+00
     vertex -1.059995e-01 -5.500127e-02  0.000000e+00
     vertex -1.551643e+00 -1.910826e-01  0.000000e+00
   endloop
 endfacet
 facet normal  0.000000e+00  0.000000e+00 -1.000000e+00
   outer loop
     vertex -1.634495e+00  1.046210e-01  0.000000e+00
     vertex -1.059995e-01 -5.500127e-02  0.000000e+00
     vertex -1.598120e+00 -4.464600e-02  0.000000e+00
   endloop
 endfacet
 facet normal  0.000000e+00  0.000000e+00 -1.000000e+00
   outer loop
     vertex -1.660599e+00  2.560223e-01  0.000000e+00
     vertex -1.059995e-01 -5.500127e-02  0.000000e+00
     vertex -1.634495e+00  1.046210e-01  0.000000e+00
   endloop
 endfacet
 facet normal  0.000000e+00  0.000000e+00 -1.000000e+00
   outer loop
     vertex -1.676310e+00  4.088521e-01  0.000000e+00
     vertex -1.059995e-01 -5.500127e-02  0.000000e+00
     vertex -1.660599e+00  2.560223e-01  0.000000e+00
   endloop
 endfacet
 facet normal  0.000000e+00  0.000000e+00 -1.000000e+00
   outer loop
     vertex -1.681556e+00  5.623978e-01  0.000000e+00
     vertex -1.059995e-01 -5.500127e-02  0.000000e+00
     vertex -1.676310e+00  4.088521e-01  0.000000e+00
   endloop
 endfacet
 facet normal  0.000000e+00  0.000000e+00 -1.000000e+00
   outer loop
     vertex -1.681556e+00  4.953840e+01  0.000000e+00
     vertex -1.059995e-01  5.020200e+01  0.000000e+00
     vertex -1.059995e-01 -5.500127e-02  0.000000e+00
   endloop
 endfacet
 facet normal  0.000000e+00  0.000000e+00 -1.000000e+00
   outer loop
     vertex -1.681556e+00  4.953840e+01  0.000000e+00
     vertex -1.059995e-01 -5.500127e-02  0.000000e+00
     vertex -1.681556e+00  5.623978e-01  0.000000e+00
   endloop
 endfacet
 facet normal  0.000000e+00 -0.000000e+00 -1.000000e+00
   outer loop
     vertex -1.676310e+00  4.969195e+01  0.000000e+00
     vertex -1.059995e-01  5.020200e+01  0.000000e+00
     vertex -1.681556e+00  4.953840e+01  0.000000e+00
   endloop
 endfacet
 facet normal  0.000000e+00 -0.000000e+00 -1.000000e+00
   outer loop
     vertex  4.149024e-01  5.178316e+01  0.000000e+00
     vertex  5.684481e-01  5.178841e+01  0.000000e+00
     vertex -1.059995e-01  5.020200e+01  0.000000e+00
   endloop
 endfacet
 facet normal  0.000000e+00 -0.000000e+00 -1.000000e+00
   outer loop
     vertex  2.620726e-01  5.176745e+01  0.000000e+00
     vertex  4.149024e-01  5.178316e+01  0.000000e+00
     vertex -1.059995e-01  5.020200e+01  0.000000e+00
   endloop
 endfacet
 facet normal  0.000000e+00 -0.000000e+00 -1.000000e+00
   outer loop
     vertex -1.660599e+00  4.984478e+01  0.000000e+00
     vertex -1.059995e-01  5.020200e+01  0.000000e+00
     vertex -1.676310e+00  4.969195e+01  0.000000e+00
   endloop
 endfacet
 facet normal  0.000000e+00 -0.000000e+00 -1.000000e+00
   outer loop
     vertex -1.634495e+00  4.999618e+01  0.000000e+00
     vertex -1.059995e-01  5.020200e+01  0.000000e+00
     vertex -1.660599e+00  4.984478e+01  0.000000e+00
   endloop
 endfacet
 facet normal  0.000000e+00 -0.000000e+00 -1.000000e+00
   outer loop
     vertex  1.106713e-01  5.174135e+01  0.000000e+00
     vertex  2.620726e-01  5.176745e+01  0.000000e+00
     vertex -1.059995e-01  5.020200e+01  0.000000e+00
   endloop
 endfacet
 facet normal  0.000000e+00 -0.000000e+00 -1.000000e+00
   outer loop
     vertex -1.598120e+00  5.014545e+01  0.000000e+00
     vertex -1.059995e-01  5.020200e+01  0.000000e+00
     vertex -1.634495e+00  4.999618e+01  0.000000e+00
   endloop
 endfacet
 facet normal  0.000000e+00 -0.000000e+00 -1.000000e+00
   outer loop
     vertex -3.859571e-02  5.170497e+01  0.000000e+00
     vertex  1.106713e-01  5.174135e+01  0.000000e+00
     vertex -1.059995e-01  5.020200e+01  0.000000e+00
   endloop
 endfacet
 facet normal  0.000000e+00 -0.000000e+00 -1.000000e+00
   outer loop
     vertex -1.551643e+00  5.029188e+01  0.000000e+00
     vertex -1.059995e-01  5.020200e+01  0.000000e+00
     vertex -1.598120e+00  5.014545e+01  0.000000e+00
   endloop
 endfacet
 facet normal  0.000000e+00  0.000000e+00 -1.000000e+00
   outer loop
     vertex -1.850323e-01  5.165849e+01  0.000000e+00
     vertex -3.859571e-02  5.170497e+01  0.000000e+00
     vertex -1.059995e-01  5.020200e+01  0.000000e+00
   endloop
 endfacet
 facet normal  0.000000e+00  0.000000e+00 -1.000000e+00
   outer loop
     vertex -3.279559e-01  5.160213e+01  0.000000e+00
     vertex -1.850323e-01  5.165849e+01  0.000000e+00
     vertex -1.059995e-01  5.020200e+01  0.000000e+00
   endloop
 endfacet
 facet normal  0.000000e+00 -0.000000e+00 -1.000000e+00
   outer loop
     vertex -1.495281e+00  5.043481e+01  0.000000e+00
     vertex -1.059995e-01  5.020200e+01  0.000000e+00
     vertex -1.551643e+00  5.029188e+01  0.000000e+00
   endloop
 endfacet
 facet normal  0.000000e+00 -0.000000e+00 -1.000000e+00
   outer loop
     vertex -1.429297e+00  5.057355e+01  0.000000e+00
     vertex -1.059995e-01  5.020200e+01  0.000000e+00
     vertex -1.495281e+00  5.043481e+01  0.000000e+00
   endloop
 endfacet
 facet normal  0.000000e+00  0.000000e+00 -1.000000e+00
   outer loop
     vertex -4.667000e-01  5.153615e+01  0.000000e+00
     vertex -3.279559e-01  5.160213e+01  0.000000e+00
     vertex -1.059995e-01  5.020200e+01  0.000000e+00
   endloop
 endfacet
 facet normal  0.000000e+00 -0.000000e+00 -1.000000e+00
   outer loop
     vertex -1.353999e+00  5.070747e+01  0.000000e+00
     vertex -1.059995e-01  5.020200e+01  0.000000e+00
     vertex -1.429297e+00  5.057355e+01  0.000000e+00
   endloop
 endfacet
 facet normal  0.000000e+00  0.000000e+00 -1.000000e+00
   outer loop
     vertex -6.006178e-01  5.146085e+01  0.000000e+00
     vertex -4.667000e-01  5.153615e+01  0.000000e+00
     vertex -1.059995e-01  5.020200e+01  0.000000e+00
   endloop
 endfacet
 facet normal  0.000000e+00 -0.000000e+00 -1.000000e+00
   outer loop
     vertex -1.269737e+00  5.083594e+01  0.000000e+00
     vertex -1.059995e-01  5.020200e+01  0.000000e+00
     vertex -1.353999e+00  5.070747e+01  0.000000e+00
   endloop
 endfacet
 facet normal  0.000000e+00  0.000000e+00 -1.000000e+00
   outer loop
     vertex -7.290849e-01  5.137659e+01  0.000000e+00
     vertex -6.006178e-01  5.146085e+01  0.000000e+00
     vertex -1.059995e-01  5.020200e+01  0.000000e+00
   endloop
 endfacet
 facet normal  0.000000e+00  0.000000e+00 -1.000000e+00
   outer loop
     vertex -8.515022e-01  5.128376e+01  0.000000e+00
     vertex -7.290849e-01  5.137659e+01  0.000000e+00
     vertex -1.059995e-01  5.020200e+01  0.000000e+00
   endloop
 endfacet
 facet normal  0.000000e+00 -0.000000e+00 -1.000000e+00
   outer loop
     vertex -1.176905e+00  5.095835e+01  0.000000e+00
     vertex -1.059995e-01  5.020200e+01  0.000000e+00
     vertex -1.269737e+00  5.083594e+01  0.000000e+00
   endloop
 endfacet
 facet normal  0.000000e+00  0.000000e+00 -1.000000e+00
   outer loop
     vertex -9.672991e-01  5.118279e+01  0.000000e+00
     vertex -8.515022e-01  5.128376e+01  0.000000e+00
     vertex -1.059995e-01  5.020200e+01  0.000000e+00
   endloop
 endfacet
 facet normal  0.000000e+00 -0.000000e+00 -1.000000e+00
   outer loop
     vertex -1.075936e+00  5.107415e+01  0.000000e+00
     vertex -1.059995e-01  5.020200e+01  0.000000e+00
     vertex -1.176905e+00  5.095835e+01  0.000000e+00
   endloop
 endfacet
 facet normal  0.000000e+00  0.000000e+00 -1.000000e+00
   outer loop
     vertex -1.075936e+00  5.107415e+01  0.000000e+00
     vertex -9.672991e-01  5.118279e+01  0.000000e+00
     vertex -1.059995e-01  5.020200e+01  0.000000e+00
   endloop
 endfacet
 facet normal  0.000000e+00  0.000000e+00 -1.000000e+00
   outer loop
     vertex  6.915100e+01  5.020200e+01  0.000000e+00
     vertex -1.059995e-01  5.020200e+01  0.000000e+00
     vertex  5.684481e-01  5.178841e+01  0.000000e+00
   endloop
 endfacet
 facet normal  0.000000e+00  0.000000e+00 -1.000000e+00
   outer loop
     vertex  6.915100e+01  5.020200e+01  0.000000e+00
     vertex  5.684481e-01  5.178841e+01  0.000000e+00
     vertex  6.874949e+01  5.178841e+01  0.000000e+00
   endloop
 endfacet
 facet normal  0.000000e+00  0.000000e+00 -1.000000e+00
   outer loop
     vertex -1.059995e-01 -5.500127e-02  0.000000e+00
     vertex  6.945314e+01 -5.500127e-02  0.000000e+00
     vertex  6.874949e+01 -1.687606e+00  0.000000e+00
   endloop
 endfacet
 facet normal  0.000000e+00  0.000000e+00 -1.000000e+00
   outer loop
     vertex -1.059995e-01 -5.500127e-02  0.000000e+00
     vertex  6.874949e+01 -1.687606e+00  0.000000e+00
     vertex  5.684481e-01 -1.687606e+00  0.000000e+00
   endloop
 endfacet
 facet normal  0.000000e+00  0.000000e+00  1.000000e+00
   outer loop
     vertex  6.926141e+01  1.426986e-02  1.800004e+01
     vertex  7.028524e+01 -1.081986e+00  1.800004e+01
     vertex  7.039388e+01 -9.733494e-01  1.800004e+01
   endloop
 endfacet
 facet normal  0.000000e+00  0.000000e+00  1.000000e+00
   outer loop
     vertex  6.929762e+01  5.048204e-02  1.800004e+01
     vertex  6.926141e+01  1.426986e-02  1.800004e+01
     vertex  7.039388e+01 -9.733494e-01  1.800004e+01
   endloop
 endfacet
 facet normal -0.000000e+00  0.000000e+00  1.000000e+00
   outer loop
     vertex  6.922281e+01 -1.938669e-02  1.800004e+01
     vertex  7.028524e+01 -1.081986e+00  1.800004e+01
     vertex  6.926141e+01  1.426986e-02  1.800004e+01
   endloop
 endfacet
 facet normal  0.000000e+00  0.000000e+00  1.000000e+00
   outer loop
     vertex  6.922281e+01 -1.938669e-02  1.800004e+01
     vertex  7.016944e+01 -1.182956e+00  1.800004e+01
     vertex  7.028524e+01 -1.081986e+00  1.800004e+01
   endloop
 endfacet
 facet normal  0.000000e+00  0.000000e+00  1.000000e+00
   outer loop
     vertex  6.933128e+01  8.908101e-02  1.800004e+01
     vertex  6.929762e+01  5.048204e-02  1.800004e+01
     vertex  7.039388e+01 -9.733494e-01  1.800004e+01
   endloop
 endfacet
 facet normal  0.000000e+00  0.000000e+00  1.000000e+00
   outer loop
     vertex  6.933128e+01  8.908101e-02  1.800004e+01
     vertex  7.039388e+01 -9.733494e-01  1.800004e+01
     vertex  7.049485e+01 -8.575525e-01  1.800004e+01
   endloop
 endfacet
 facet normal  0.000000e+00  0.000000e+00  1.000000e+00
   outer loop
     vertex  6.936222e+01  1.298868e-01  1.800004e+01
     vertex  6.933128e+01  8.908101e-02  1.800004e+01
     vertex  7.049485e+01 -8.575525e-01  1.800004e+01
   endloop
 endfacet
 facet normal  0.000000e+00  0.000000e+00  1.000000e+00
   outer loop
     vertex  6.936222e+01  1.298868e-01  1.800004e+01
     vertex  7.058768e+01 -7.351352e-01  1.800004e+01
     vertex  7.067194e+01 -6.066681e-01  1.800004e+01
   endloop
 endfacet
 facet normal  0.000000e+00  0.000000e+00  1.000000e+00
   outer loop
     vertex  6.936222e+01  1.298868e-01  1.800004e+01
     vertex  7.049485e+01 -8.575525e-01  1.800004e+01
     vertex  7.058768e+01 -7.351352e-01  1.800004e+01
   endloop
 endfacet
 facet normal -0.000000e+00  0.000000e+00  1.000000e+00
   outer loop
     vertex  6.918200e+01 -5.033069e-02  1.800004e+01
     vertex  7.016944e+01 -1.182956e+00  1.800004e+01
     vertex  6.922281e+01 -1.938669e-02  1.800004e+01
   endloop
 endfacet
 facet normal  0.000000e+00  0.000000e+00  1.000000e+00
   outer loop
     vertex  6.918200e+01 -5.033069e-02  1.800004e+01
     vertex  7.004702e+01 -1.275788e+00  1.800004e+01
     vertex  7.016944e+01 -1.182956e+00  1.800004e+01
   endloop
 endfacet
 facet normal  0.000000e+00  0.000000e+00  1.000000e+00
   outer loop
     vertex  6.918200e+01 -5.033069e-02  1.800004e+01
     vertex  6.991856e+01 -1.360049e+00  1.800004e+01
     vertex  7.004702e+01 -1.275788e+00  1.800004e+01
   endloop
 endfacet
 facet normal  0.000000e+00  0.000000e+00  1.000000e+00
   outer loop
     vertex  6.939031e+01  1.727091e-01  1.800004e+01
     vertex  6.936222e+01  1.298868e-01  1.800004e+01
     vertex  7.067194e+01 -6.066681e-01  1.800004e+01
   endloop
 endfacet
 facet normal  0.000000e+00  0.000000e+00  1.000000e+00
   outer loop
     vertex  6.939031e+01  1.727091e-01  1.800004e+01
     vertex  7.067194e+01 -6.066681e-01  1.800004e+01
     vertex  7.074724e+01 -4.727503e-01  1.800004e+01
   endloop
 endfacet
 facet normal  0.000000e+00  0.000000e+00  1.000000e+00
   outer loop
     vertex  6.913918e+01 -7.841787e-02  1.800004e+01
     vertex  6.978464e+01 -1.435347e+00  1.800004e+01
     vertex  6.991856e+01 -1.360049e+00  1.800004e+01
   endloop
 endfacet
 facet normal -0.000000e+00  0.000000e+00  1.000000e+00
   outer loop
     vertex  6.913918e+01 -7.841787e-02  1.800004e+01
     vertex  6.991856e+01 -1.360049e+00  1.800004e+01
     vertex  6.918200e+01 -5.033069e-02  1.800004e+01
   endloop
 endfacet
 facet normal  0.000000e+00  0.000000e+00  1.000000e+00
   outer loop
     vertex  6.941541e+01  2.173484e-01  1.800004e+01
     vertex  6.939031e+01  1.727091e-01  1.800004e+01
     vertex  7.074724e+01 -4.727503e-01  1.800004e+01
   endloop
 endfacet
 facet normal -0.000000e+00  0.000000e+00  1.000000e+00
   outer loop
     vertex  6.909454e+01 -1.035173e-01  1.800004e+01
     vertex  6.978464e+01 -1.435347e+00  1.800004e+01
     vertex  6.913918e+01 -7.841787e-02  1.800004e+01
   endloop
 endfacet
 facet normal  0.000000e+00  0.000000e+00  1.000000e+00
   outer loop
     vertex  6.909454e+01 -1.035173e-01  1.800004e+01
     vertex  6.964590e+01 -1.501331e+00  1.800004e+01
     vertex  6.978464e+01 -1.435347e+00  1.800004e+01
   endloop
 endfacet
 facet normal  0.000000e+00  0.000000e+00  1.000000e+00
   outer loop
     vertex  6.943740e+01  2.635964e-01  1.800004e+01
     vertex  6.941541e+01  2.173484e-01  1.800004e+01
     vertex  7.074724e+01 -4.727503e-01  1.800004e+01
   endloop
 endfacet
 facet normal  0.000000e+00  0.000000e+00  1.000000e+00
   outer loop
     vertex  6.943740e+01  2.635964e-01  1.800004e+01
     vertex  7.081322e+01 -3.340062e-01  1.800004e+01
     vertex  7.086958e+01 -1.910826e-01  1.800004e+01
   endloop
 endfacet
 facet normal  0.000000e+00  0.000000e+00  1.000000e+00
   outer loop
     vertex  6.943740e+01  2.635964e-01  1.800004e+01
     vertex  7.074724e+01 -4.727503e-01  1.800004e+01
     vertex  7.081322e+01 -3.340062e-01  1.800004e+01
   endloop
 endfacet
 facet normal -0.000000e+00  0.000000e+00  1.000000e+00
   outer loop
     vertex  6.904829e+01 -1.255119e-01  1.800004e+01
     vertex  6.964590e+01 -1.501331e+00  1.800004e+01
     vertex  6.909454e+01 -1.035173e-01  1.800004e+01
   endloop
 endfacet
 facet normal -0.000000e+00  0.000000e+00  1.000000e+00
   outer loop
     vertex  6.900065e+01 -1.442991e-01  1.800004e+01
     vertex  6.964590e+01 -1.501331e+00  1.800004e+01
     vertex  6.904829e+01 -1.255119e-01  1.800004e+01
   endloop
 endfacet
 facet normal  0.000000e+00  0.000000e+00  1.000000e+00
   outer loop
     vertex  6.900065e+01 -1.442991e-01  1.800004e+01
     vertex  6.950297e+01 -1.557693e+00  1.800004e+01
     vertex  6.964590e+01 -1.501331e+00  1.800004e+01
   endloop
 endfacet
 facet normal  0.000000e+00  0.000000e+00  1.000000e+00
   outer loop
     vertex  6.945619e+01  3.112376e-01  1.800004e+01
     vertex  6.943740e+01  2.635964e-01  1.800004e+01
     vertex  7.086958e+01 -1.910826e-01  1.800004e+01
   endloop
 endfacet
 facet normal  0.000000e+00  0.000000e+00  1.000000e+00
   outer loop
     vertex  6.945619e+01  3.112376e-01  1.800004e+01
     vertex  7.086958e+01 -1.910826e-01  1.800004e+01
     vertex  7.091606e+01 -4.464600e-02  1.800004e+01
   endloop
 endfacet
 facet normal -0.000000e+00  0.000000e+00  1.000000e+00
   outer loop
     vertex  6.895184e+01 -1.597914e-01  1.800004e+01
     vertex  6.950297e+01 -1.557693e+00  1.800004e+01
     vertex  6.900065e+01 -1.442991e-01  1.800004e+01
   endloop
 endfacet
 facet normal  0.000000e+00  0.000000e+00  1.000000e+00
   outer loop
     vertex  6.895184e+01 -1.597914e-01  1.800004e+01
     vertex  6.935654e+01 -1.604170e+00  1.800004e+01
     vertex  6.950297e+01 -1.557693e+00  1.800004e+01
   endloop
 endfacet
 facet normal  0.000000e+00  0.000000e+00  1.000000e+00
   outer loop
     vertex  6.895184e+01 -1.597914e-01  1.800004e+01
     vertex  6.920727e+01 -1.640545e+00  1.800004e+01
     vertex  6.935654e+01 -1.604170e+00  1.800004e+01
   endloop
 endfacet
 facet normal  0.000000e+00  0.000000e+00  1.000000e+00
   outer loop
     vertex  6.947168e+01  3.600498e-01  1.800004e+01
     vertex  6.945619e+01  3.112376e-01  1.800004e+01
     vertex  7.091606e+01 -4.464600e-02  1.800004e+01
   endloop
 endfacet
 facet normal  0.000000e+00  0.000000e+00  1.000000e+00
   outer loop
     vertex  6.948381e+01  4.098055e-01  1.800004e+01
     vertex  6.947168e+01  3.600498e-01  1.800004e+01
     vertex  7.091606e+01 -4.464600e-02  1.800004e+01
   endloop
 endfacet
 facet normal  0.000000e+00  0.000000e+00  1.000000e+00
   outer loop
     vertex  6.948381e+01  4.098055e-01  1.800004e+01
     vertex  7.095243e+01  1.046210e-01  1.800004e+01
     vertex  7.097854e+01  2.560223e-01  1.800004e+01
   endloop
 endfacet
 facet normal  0.000000e+00  0.000000e+00  1.000000e+00
   outer loop
     vertex  6.948381e+01  4.098055e-01  1.800004e+01
     vertex  7.091606e+01 -4.464600e-02  1.800004e+01
     vertex  7.095243e+01  1.046210e-01  1.800004e+01
   endloop
 endfacet
 facet normal -0.000000e+00  0.000000e+00  1.000000e+00
   outer loop
     vertex  6.890208e+01 -1.719165e-01  1.800004e+01
     vertex  6.920727e+01 -1.640545e+00  1.800004e+01
     vertex  6.895184e+01 -1.597914e-01  1.800004e+01
   endloop
 endfacet
 facet normal -0.000000e+00  0.000000e+00  1.000000e+00
   outer loop
     vertex  6.885162e+01 -1.806180e-01  1.800004e+01
     vertex  6.920727e+01 -1.640545e+00  1.800004e+01
     vertex  6.890208e+01 -1.719165e-01  1.800004e+01
   endloop
 endfacet
 facet normal  0.000000e+00  0.000000e+00  1.000000e+00
   outer loop
     vertex  6.885162e+01 -1.806180e-01  1.800004e+01
     vertex  6.905587e+01 -1.666649e+00  1.800004e+01
     vertex  6.920727e+01 -1.640545e+00  1.800004e+01
   endloop
 endfacet
 facet normal  0.000000e+00  0.000000e+00  1.000000e+00
   outer loop
     vertex  6.885162e+01 -1.806180e-01  1.800004e+01
     vertex  6.890304e+01 -1.682361e+00  1.800004e+01
     vertex  6.905587e+01 -1.666649e+00  1.800004e+01
   endloop
 endfacet
 facet normal  0.000000e+00  0.000000e+00  1.000000e+00
   outer loop
     vertex  6.949251e+01  4.602726e-01  1.800004e+01
     vertex  6.948381e+01  4.098055e-01  1.800004e+01
     vertex  7.097854e+01  2.560223e-01  1.800004e+01
   endloop
 endfacet
 facet normal -0.000000e+00  0.000000e+00  1.000000e+00
   outer loop
     vertex  6.949774e+01  5.112159e-01  1.800004e+01
     vertex  7.099425e+01  4.088521e-01  1.800004e+01
     vertex  7.099950e+01  5.623978e-01  1.800004e+01
   endloop
 endfacet
 facet normal  0.000000e+00  0.000000e+00  1.000000e+00
   outer loop
     vertex  6.949774e+01  5.112159e-01  1.800004e+01
     vertex  7.097854e+01  2.560223e-01  1.800004e+01
     vertex  7.099425e+01  4.088521e-01  1.800004e+01
   endloop
 endfacet
 facet normal  0.000000e+00  0.000000e+00  1.000000e+00
   outer loop
     vertex  6.949774e+01  5.112159e-01  1.800004e+01
     vertex  6.949251e+01  4.602726e-01  1.800004e+01
     vertex  7.097854e+01  2.560223e-01  1.800004e+01
   endloop
 endfacet
 facet normal -0.000000e+00  0.000000e+00  1.000000e+00
   outer loop
     vertex  6.880067e+01 -1.858551e-01  1.800004e+01
     vertex  6.890304e+01 -1.682361e+00  1.800004e+01
     vertex  6.885162e+01 -1.806180e-01  1.800004e+01
   endloop
 endfacet
 facet normal  0.000000e+00  0.000000e+00  1.000000e+00
   outer loop
     vertex  6.874949e+01 -1.876035e-01  1.800004e+01
     vertex  6.874949e+01 -1.687606e+00  1.800004e+01
     vertex  6.890304e+01 -1.682361e+00  1.800004e+01
   endloop
 endfacet
 facet normal -0.000000e+00  0.000000e+00  1.000000e+00
   outer loop
     vertex  6.874949e+01 -1.876035e-01  1.800004e+01
     vertex  6.890304e+01 -1.682361e+00  1.800004e+01
     vertex  6.880067e+01 -1.858551e-01  1.800004e+01
   endloop
 endfacet
 facet normal -0.000000e+00  0.000000e+00  1.000000e+00
   outer loop
     vertex  6.949949e+01  5.623978e-01  1.800004e+01
     vertex  6.949774e+01  5.112159e-01  1.800004e+01
     vertex  7.099950e+01  5.623978e-01  1.800004e+01
   endloop
 endfacet
 facet normal  0.000000e+00  0.000000e+00  1.000000e+00
   outer loop
     vertex  7.019264e+01  4.007412e+00  1.800004e+01
     vertex  6.949949e+01  5.623978e-01  1.800004e+01
     vertex  7.099950e+01  5.623978e-01  1.800004e+01
   endloop
 endfacet
 facet normal  0.000000e+00  0.000000e+00  1.000000e+00
   outer loop
     vertex  6.949949e+01  4.007412e+00  1.800004e+01
     vertex  6.949949e+01  5.623978e-01  1.800004e+01
     vertex  7.019264e+01  4.007412e+00  1.800004e+01
   endloop
 endfacet
 facet normal -0.000000e+00  0.000000e+00  1.000000e+00
   outer loop
     vertex  6.949949e+01  4.953840e+01  1.800004e+01
     vertex  7.019264e+01  4.619700e+01  1.800004e+01
     vertex  7.099950e+01  4.953840e+01  1.800004e+01
   endloop
 endfacet
 facet normal  0.000000e+00  0.000000e+00  1.000000e+00
   outer loop
     vertex  6.949949e+01  4.953840e+01  1.800004e+01
     vertex  7.099950e+01  4.953840e+01  1.800004e+01
     vertex  7.099425e+01  4.969195e+01  1.800004e+01
   endloop
 endfacet
 facet normal  0.000000e+00  0.000000e+00  1.000000e+00
   outer loop
     vertex  6.949949e+01  4.953840e+01  1.800004e+01
     vertex  6.949949e+01  4.619700e+01  1.800004e+01
     vertex  7.019264e+01  4.619700e+01  1.800004e+01
   endloop
 endfacet
 facet normal -0.000000e+00  0.000000e+00  1.000000e+00
   outer loop
     vertex  6.949774e+01  4.958958e+01  1.800004e+01
     vertex  6.949949e+01  4.953840e+01  1.800004e+01
     vertex  7.099425e+01  4.969195e+01  1.800004e+01
   endloop
 endfacet
 facet normal -0.000000e+00  0.000000e+00  1.000000e+00
   outer loop
     vertex  6.949251e+01  4.964053e+01  1.800004e+01
     vertex  6.949774e+01  4.958958e+01  1.800004e+01
     vertex  7.099425e+01  4.969195e+01  1.800004e+01
   endloop
 endfacet
 facet normal  0.000000e+00  0.000000e+00  1.000000e+00
   outer loop
     vertex  6.949251e+01  4.964053e+01  1.800004e+01
     vertex  7.099425e+01  4.969195e+01  1.800004e+01
     vertex  7.097854e+01  4.984478e+01  1.800004e+01
   endloop
 endfacet
 facet normal -0.000000e+00  0.000000e+00  1.000000e+00
   outer loop
     vertex  6.948381e+01  4.969099e+01  1.800004e+01
     vertex  6.949251e+01  4.964053e+01  1.800004e+01
     vertex  7.097854e+01  4.984478e+01  1.800004e+01
   endloop
 endfacet
 facet normal  0.000000e+00  0.000000e+00  1.000000e+00
   outer loop
     vertex  6.948381e+01  4.969099e+01  1.800004e+01
     vertex  7.095243e+01  4.999618e+01  1.800004e+01
     vertex  7.091606e+01  5.014545e+01  1.800004e+01
   endloop
 endfacet
 facet normal  0.000000e+00  0.000000e+00  1.000000e+00
   outer loop
     vertex  6.948381e+01  4.969099e+01  1.800004e+01
     vertex  7.097854e+01  4.984478e+01  1.800004e+01
     vertex  7.095243e+01  4.999618e+01  1.800004e+01
   endloop
 endfacet
 facet normal -0.000000e+00  0.000000e+00  1.000000e+00
   outer loop
     vertex  6.947168e+01  4.974075e+01  1.800004e+01
     vertex  6.948381e+01  4.969099e+01  1.800004e+01
     vertex  7.091606e+01  5.014545e+01  1.800004e+01
   endloop
 endfacet
 facet normal -0.000000e+00  0.000000e+00  1.000000e+00
   outer loop
     vertex  6.945619e+01  4.978956e+01  1.800004e+01
     vertex  6.947168e+01  4.974075e+01  1.800004e+01
     vertex  7.091606e+01  5.014545e+01  1.800004e+01
   endloop
 endfacet
 facet normal  0.000000e+00  0.000000e+00  1.000000e+00
   outer loop
     vertex  6.945619e+01  4.978956e+01  1.800004e+01
     vertex  7.086958e+01  5.029188e+01  1.800004e+01
     vertex  7.081322e+01  5.043481e+01  1.800004e+01
   endloop
 endfacet
 facet normal  0.000000e+00  0.000000e+00  1.000000e+00
   outer loop
     vertex  6.945619e+01  4.978956e+01  1.800004e+01
     vertex  7.091606e+01  5.014545e+01  1.800004e+01
     vertex  7.086958e+01  5.029188e+01  1.800004e+01
   endloop
 endfacet
 facet normal -0.000000e+00  0.000000e+00  1.000000e+00
   outer loop
     vertex  6.943740e+01  4.983720e+01  1.800004e+01
     vertex  6.945619e+01  4.978956e+01  1.800004e+01
     vertex  7.081322e+01  5.043481e+01  1.800004e+01
   endloop
 endfacet
 facet normal -0.000000e+00  0.000000e+00  1.000000e+00
   outer loop
     vertex  6.941541e+01  4.988345e+01  1.800004e+01
     vertex  6.943740e+01  4.983720e+01  1.800004e+01
     vertex  7.081322e+01  5.043481e+01  1.800004e+01
   endloop
 endfacet
 facet normal  0.000000e+00  0.000000e+00  1.000000e+00
   outer loop
     vertex  6.941541e+01  4.988345e+01  1.800004e+01
     vertex  7.081322e+01  5.043481e+01  1.800004e+01
     vertex  7.074724e+01  5.057355e+01  1.800004e+01
   endloop
 endfacet
 facet normal -0.000000e+00  0.000000e+00  1.000000e+00
   outer loop
     vertex  6.939031e+01  4.992809e+01  1.800004e+01
     vertex  6.941541e+01  4.988345e+01  1.800004e+01
     vertex  7.074724e+01  5.057355e+01  1.800004e+01
   endloop
 endfacet
 facet normal  0.000000e+00  0.000000e+00  1.000000e+00
   outer loop
     vertex  6.939031e+01  4.992809e+01  1.800004e+01
     vertex  7.074724e+01  5.057355e+01  1.800004e+01
     vertex  7.067194e+01  5.070747e+01  1.800004e+01
   endloop
 endfacet
 facet normal  0.000000e+00  0.000000e+00  1.000000e+00
   outer loop
     vertex  6.936222e+01  4.997091e+01  1.800004e+01
     vertex  7.067194e+01  5.070747e+01  1.800004e+01
     vertex  7.058768e+01  5.083594e+01  1.800004e+01
   endloop
 endfacet
 facet normal -0.000000e+00  0.000000e+00  1.000000e+00
   outer loop
     vertex  6.936222e+01  4.997091e+01  1.800004e+01
     vertex  6.939031e+01  4.992809e+01  1.800004e+01
     vertex  7.067194e+01  5.070747e+01  1.800004e+01
   endloop
 endfacet
 facet normal -0.000000e+00  0.000000e+00  1.000000e+00
   outer loop
     vertex  6.933128e+01  5.001172e+01  1.800004e+01
     vertex  6.936222e+01  4.997091e+01  1.800004e+01
     vertex  7.058768e+01  5.083594e+01  1.800004e+01
   endloop
 endfacet
 facet normal  0.000000e+00  0.000000e+00  1.000000e+00
   outer loop
     vertex  6.933128e+01  5.001172e+01  1.800004e+01
     vertex  7.058768e+01  5.083594e+01  1.800004e+01
     vertex  7.049485e+01  5.095835e+01  1.800004e+01
   endloop
 endfacet
 facet normal -0.000000e+00  0.000000e+00  1.000000e+00
   outer loop
     vertex  6.929762e+01  5.005032e+01  1.800004e+01
     vertex  6.933128e+01  5.001172e+01  1.800004e+01
     vertex  7.049485e+01  5.095835e+01  1.800004e+01
   endloop
 endfacet
 facet normal  0.000000e+00  0.000000e+00  1.000000e+00
   outer loop
     vertex  6.929762e+01  5.005032e+01  1.800004e+01
     vertex  7.049485e+01  5.095835e+01  1.800004e+01
     vertex  7.039388e+01  5.107415e+01  1.800004e+01
   endloop
 endfacet
 facet normal  0.000000e+00  0.000000e+00  1.000000e+00
   outer loop
     vertex  7.028524e+01  5.118279e+01  1.800004e+01
     vertex  6.929762e+01  5.005032e+01  1.800004e+01
     vertex  7.039388e+01  5.107415e+01  1.800004e+01
   endloop
 endfacet
 facet normal  0.000000e+00  0.000000e+00  1.000000e+00
   outer loop
     vertex  7.028524e+01  5.118279e+01  1.800004e+01
     vertex  6.926141e+01  5.008653e+01  1.800004e+01
     vertex  6.929762e+01  5.005032e+01  1.800004e+01
   endloop
 endfacet
 facet normal  0.000000e+00  0.000000e+00  1.000000e+00
   outer loop
     vertex  7.016944e+01  5.128376e+01  1.800004e+01
     vertex  6.926141e+01  5.008653e+01  1.800004e+01
     vertex  7.028524e+01  5.118279e+01  1.800004e+01
   endloop
 endfacet
 facet normal  0.000000e+00  0.000000e+00  1.000000e+00
   outer loop
     vertex  7.016944e+01  5.128376e+01  1.800004e+01
     vertex  6.922281e+01  5.012019e+01  1.800004e+01
     vertex  6.926141e+01  5.008653e+01  1.800004e+01
   endloop
 endfacet
 facet normal  0.000000e+00  0.000000e+00  1.000000e+00
   outer loop
     vertex  7.004702e+01  5.137659e+01  1.800004e+01
     vertex  6.922281e+01  5.012019e+01  1.800004e+01
     vertex  7.016944e+01  5.128376e+01  1.800004e+01
   endloop
 endfacet
 facet normal  0.000000e+00  0.000000e+00  1.000000e+00
   outer loop
     vertex  7.004702e+01  5.137659e+01  1.800004e+01
     vertex  6.918200e+01  5.015113e+01  1.800004e+01
     vertex  6.922281e+01  5.012019e+01  1.800004e+01
   endloop
 endfacet
 facet normal  0.000000e+00  0.000000e+00  1.000000e+00
   outer loop
     vertex  6.991856e+01  5.146085e+01  1.800004e+01
     vertex  6.918200e+01  5.015113e+01  1.800004e+01
     vertex  7.004702e+01  5.137659e+01  1.800004e+01
   endloop
 endfacet
 facet normal  0.000000e+00  0.000000e+00  1.000000e+00
   outer loop
     vertex  6.991856e+01  5.146085e+01  1.800004e+01
     vertex  6.913918e+01  5.017922e+01  1.800004e+01
     vertex  6.918200e+01  5.015113e+01  1.800004e+01
   endloop
 endfacet
 facet normal  0.000000e+00  0.000000e+00  1.000000e+00
   outer loop
     vertex  6.991856e+01  5.146085e+01  1.800004e+01
     vertex  6.909454e+01  5.020432e+01  1.800004e+01
     vertex  6.913918e+01  5.017922e+01  1.800004e+01
   endloop
 endfacet
 facet normal  0.000000e+00  0.000000e+00  1.000000e+00
   outer loop
     vertex  6.978464e+01  5.153615e+01  1.800004e+01
     vertex  6.909454e+01  5.020432e+01  1.800004e+01
     vertex  6.991856e+01  5.146085e+01  1.800004e+01
   endloop
 endfacet
 facet normal  0.000000e+00  0.000000e+00  1.000000e+00
   outer loop
     vertex  6.964590e+01  5.160213e+01  1.800004e+01
     vertex  6.909454e+01  5.020432e+01  1.800004e+01
     vertex  6.978464e+01  5.153615e+01  1.800004e+01
   endloop
 endfacet
 facet normal  0.000000e+00  0.000000e+00  1.000000e+00
   outer loop
     vertex  6.964590e+01  5.160213e+01  1.800004e+01
     vertex  6.904829e+01  5.022631e+01  1.800004e+01
     vertex  6.909454e+01  5.020432e+01  1.800004e+01
   endloop
 endfacet
 facet normal  0.000000e+00  0.000000e+00  1.000000e+00
   outer loop
     vertex  6.964590e+01  5.160213e+01  1.800004e+01
     vertex  6.900065e+01  5.024510e+01  1.800004e+01
     vertex  6.904829e+01  5.022631e+01  1.800004e+01
   endloop
 endfacet
 facet normal  0.000000e+00  0.000000e+00  1.000000e+00
   outer loop
     vertex  6.950297e+01  5.165849e+01  1.800004e+01
     vertex  6.900065e+01  5.024510e+01  1.800004e+01
     vertex  6.964590e+01  5.160213e+01  1.800004e+01
   endloop
 endfacet
 facet normal  0.000000e+00  0.000000e+00  1.000000e+00
   outer loop
     vertex  6.950297e+01  5.165849e+01  1.800004e+01
     vertex  6.895184e+01  5.026059e+01  1.800004e+01
     vertex  6.900065e+01  5.024510e+01  1.800004e+01
   endloop
 endfacet
 facet normal  0.000000e+00  0.000000e+00  1.000000e+00
   outer loop
     vertex  6.935654e+01  5.170497e+01  1.800004e+01
     vertex  6.895184e+01  5.026059e+01  1.800004e+01
     vertex  6.950297e+01  5.165849e+01  1.800004e+01
   endloop
 endfacet
 facet normal  0.000000e+00  0.000000e+00  1.000000e+00
   outer loop
     vertex  6.920727e+01  5.174135e+01  1.800004e+01
     vertex  6.895184e+01  5.026059e+01  1.800004e+01
     vertex  6.935654e+01  5.170497e+01  1.800004e+01
   endloop
 endfacet
 facet normal  0.000000e+00  0.000000e+00  1.000000e+00
   outer loop
     vertex  6.920727e+01  5.174135e+01  1.800004e+01
     vertex  6.890208e+01  5.027272e+01  1.800004e+01
     vertex  6.895184e+01  5.026059e+01  1.800004e+01
   endloop
 endfacet
 facet normal  0.000000e+00  0.000000e+00  1.000000e+00
   outer loop
     vertex  6.920727e+01  5.174135e+01  1.800004e+01
     vertex  6.885162e+01  5.028142e+01  1.800004e+01
     vertex  6.890208e+01  5.027272e+01  1.800004e+01
   endloop
 endfacet
 facet normal  0.000000e+00  0.000000e+00  1.000000e+00
   outer loop
     vertex  6.905587e+01  5.176745e+01  1.800004e+01
     vertex  6.885162e+01  5.028142e+01  1.800004e+01
     vertex  6.920727e+01  5.174135e+01  1.800004e+01
   endloop
 endfacet
 facet normal  0.000000e+00  0.000000e+00  1.000000e+00
   outer loop
     vertex  6.905587e+01  5.176745e+01  1.800004e+01
     vertex  6.880067e+01  5.028666e+01  1.800004e+01
     vertex  6.885162e+01  5.028142e+01  1.800004e+01
   endloop
 endfacet
 facet normal  0.000000e+00  0.000000e+00  1.000000e+00
   outer loop
     vertex  6.890304e+01  5.178316e+01  1.800004e+01
     vertex  6.880067e+01  5.028666e+01  1.800004e+01
     vertex  6.905587e+01  5.176745e+01  1.800004e+01
   endloop
 endfacet
 facet normal  0.000000e+00  0.000000e+00  1.000000e+00
   outer loop
     vertex  6.874949e+01  5.178841e+01  1.800004e+01
     vertex  6.874949e+01  5.028840e+01  1.800004e+01
     vertex  6.880067e+01  5.028666e+01  1.800004e+01
   endloop
 endfacet
 facet normal  0.000000e+00  0.000000e+00  1.000000e+00
   outer loop
     vertex  6.874949e+01  5.178841e+01  1.800004e+01
     vertex  6.880067e+01  5.028666e+01  1.800004e+01
     vertex  6.890304e+01  5.178316e+01  1.800004e+01
   endloop
 endfacet
 facet normal -0.000000e+00  0.000000e+00  1.000000e+00
   outer loop
     vertex  5.684481e-01 -1.876035e-01  1.800004e+01
     vertex  6.874949e+01 -1.687606e+00  1.800004e+01
     vertex  6.874949e+01 -1.876035e-01  1.800004e+01
   endloop
 endfacet
 facet normal  0.000000e+00  0.000000e+00  1.000000e+00
   outer loop
     vertex  5.684481e-01 -1.876035e-01  1.800004e+01
     vertex  5.684481e-01 -1.687606e+00  1.800004e+01
     vertex  6.874949e+01 -1.687606e+00  1.800004e+01
   endloop
 endfacet
 facet normal  0.000000e+00  0.000000e+00  1.000000e+00
   outer loop
     vertex  5.684481e-01 -1.876035e-01  1.800004e+01
     vertex  4.149024e-01 -1.682361e+00  1.800004e+01
     vertex  5.684481e-01 -1.687606e+00  1.800004e+01
   endloop
 endfacet
 facet normal  0.000000e+00  0.000000e+00  1.000000e+00
   outer loop
     vertex  5.172662e-01 -1.858551e-01  1.800004e+01
     vertex  4.149024e-01 -1.682361e+00  1.800004e+01
     vertex  5.684481e-01 -1.876035e-01  1.800004e+01
   endloop
 endfacet
 facet normal  0.000000e+00  0.000000e+00  1.000000e+00
   outer loop
     vertex  4.663229e-01 -1.806180e-01  1.800004e+01
     vertex  4.149024e-01 -1.682361e+00  1.800004e+01
     vertex  5.172662e-01 -1.858551e-01  1.800004e+01
   endloop
 endfacet
 facet normal  0.000000e+00  0.000000e+00  1.000000e+00
   outer loop
     vertex  4.663229e-01 -1.806180e-01  1.800004e+01
     vertex  2.620726e-01 -1.666649e+00  1.800004e+01
     vertex  4.149024e-01 -1.682361e+00  1.800004e+01
   endloop
 endfacet
 facet normal  0.000000e+00  0.000000e+00  1.000000e+00
   outer loop
     vertex  4.158558e-01 -1.719165e-01  1.800004e+01
     vertex  2.620726e-01 -1.666649e+00  1.800004e+01
     vertex  4.663229e-01 -1.806180e-01  1.800004e+01
   endloop
 endfacet
 facet normal  0.000000e+00  0.000000e+00  1.000000e+00
   outer loop
     vertex  4.158558e-01 -1.719165e-01  1.800004e+01
     vertex  1.106713e-01 -1.640545e+00  1.800004e+01
     vertex  2.620726e-01 -1.666649e+00  1.800004e+01
   endloop
 endfacet
 facet normal  0.000000e+00  0.000000e+00  1.000000e+00
   outer loop
     vertex  3.661001e-01 -1.597914e-01  1.800004e+01
     vertex  1.106713e-01 -1.640545e+00  1.800004e+01
     vertex  4.158558e-01 -1.719165e-01  1.800004e+01
   endloop
 endfacet
 facet normal  0.000000e+00  0.000000e+00  1.000000e+00
   outer loop
     vertex  3.661001e-01 -1.597914e-01  1.800004e+01
     vertex -3.859571e-02 -1.604170e+00  1.800004e+01
     vertex  1.106713e-01 -1.640545e+00  1.800004e+01
   endloop
 endfacet
 facet normal  0.000000e+00  0.000000e+00  1.000000e+00
   outer loop
     vertex  3.172879e-01 -1.442991e-01  1.800004e+01
     vertex -3.859571e-02 -1.604170e+00  1.800004e+01
     vertex  3.661001e-01 -1.597914e-01  1.800004e+01
   endloop
 endfacet
 facet normal  0.000000e+00  0.000000e+00  1.000000e+00
   outer loop
     vertex  3.172879e-01 -1.442991e-01  1.800004e+01
     vertex -1.850323e-01 -1.557693e+00  1.800004e+01
     vertex -3.859571e-02 -1.604170e+00  1.800004e+01
   endloop
 endfacet
 facet normal  0.000000e+00  0.000000e+00  1.000000e+00
   outer loop
     vertex  2.696467e-01 -1.255119e-01  1.800004e+01
     vertex -1.850323e-01 -1.557693e+00  1.800004e+01
     vertex  3.172879e-01 -1.442991e-01  1.800004e+01
   endloop
 endfacet
 facet normal  0.000000e+00  0.000000e+00  1.000000e+00
   outer loop
     vertex  2.696467e-01 -1.255119e-01  1.800004e+01
     vertex -3.279559e-01 -1.501331e+00  1.800004e+01
     vertex -1.850323e-01 -1.557693e+00  1.800004e+01
   endloop
 endfacet
 facet normal  0.000000e+00  0.000000e+00  1.000000e+00
   outer loop
     vertex  2.233987e-01 -1.035173e-01  1.800004e+01
     vertex -3.279559e-01 -1.501331e+00  1.800004e+01
     vertex  2.696467e-01 -1.255119e-01  1.800004e+01
   endloop
 endfacet
 facet normal  0.000000e+00  0.000000e+00  1.000000e+00
   outer loop
     vertex  2.233987e-01 -1.035173e-01  1.800004e+01
     vertex -4.667000e-01 -1.435347e+00  1.800004e+01
     vertex -3.279559e-01 -1.501331e+00  1.800004e+01
   endloop
 endfacet
 facet normal  0.000000e+00  0.000000e+00  1.000000e+00
   outer loop
     vertex  1.787594e-01 -7.841787e-02  1.800004e+01
     vertex -4.667000e-01 -1.435347e+00  1.800004e+01
     vertex  2.233987e-01 -1.035173e-01  1.800004e+01
   endloop
 endfacet
 facet normal  0.000000e+00  0.000000e+00  1.000000e+00
   outer loop
     vertex  1.787594e-01 -7.841787e-02  1.800004e+01
     vertex -6.006178e-01 -1.360049e+00  1.800004e+01
     vertex -4.667000e-01 -1.435347e+00  1.800004e+01
   endloop
 endfacet
 facet normal  0.000000e+00  0.000000e+00  1.000000e+00
   outer loop
     vertex  1.359371e-01 -5.033069e-02  1.800004e+01
     vertex -6.006178e-01 -1.360049e+00  1.800004e+01
     vertex  1.787594e-01 -7.841787e-02  1.800004e+01
   endloop
 endfacet
 facet normal  0.000000e+00  0.000000e+00  1.000000e+00
   outer loop
     vertex  1.359371e-01 -5.033069e-02  1.800004e+01
     vertex -7.290849e-01 -1.275788e+00  1.800004e+01
     vertex -6.006178e-01 -1.360049e+00  1.800004e+01
   endloop
 endfacet
 facet normal  0.000000e+00  0.000000e+00  1.000000e+00
   outer loop
     vertex  1.359371e-01 -5.033069e-02  1.800004e+01
     vertex -8.515022e-01 -1.182956e+00  1.800004e+01
     vertex -7.290849e-01 -1.275788e+00  1.800004e+01
   endloop
 endfacet
 facet normal  0.000000e+00  0.000000e+00  1.000000e+00
   outer loop
     vertex  9.513130e-02 -1.938669e-02  1.800004e+01
     vertex -8.515022e-01 -1.182956e+00  1.800004e+01
     vertex  1.359371e-01 -5.033069e-02  1.800004e+01
   endloop
 endfacet
 facet normal  0.000000e+00  0.000000e+00  1.000000e+00
   outer loop
     vertex  5.653233e-02  1.426986e-02  1.800004e+01
     vertex -8.515022e-01 -1.182956e+00  1.800004e+01
     vertex  9.513130e-02 -1.938669e-02  1.800004e+01
   endloop
 endfacet
 facet normal  0.000000e+00  0.000000e+00  1.000000e+00
   outer loop
     vertex  5.653233e-02  1.426986e-02  1.800004e+01
     vertex -9.672991e-01 -1.081986e+00  1.800004e+01
     vertex -8.515022e-01 -1.182956e+00  1.800004e+01
   endloop
 endfacet
 facet normal  0.000000e+00  0.000000e+00  1.000000e+00
   outer loop
     vertex  2.032016e-02  5.048204e-02  1.800004e+01
     vertex -9.672991e-01 -1.081986e+00  1.800004e+01
     vertex  5.653233e-02  1.426986e-02  1.800004e+01
   endloop
 endfacet
 facet normal  0.000000e+00  0.000000e+00  1.000000e+00
   outer loop
     vertex -1.075936e+00 -9.733494e-01  1.800004e+01
     vertex  2.032016e-02  5.048204e-02  1.800004e+01
     vertex -1.333640e-02  8.908101e-02  1.800004e+01
   endloop
 endfacet
 facet normal -0.000000e+00  0.000000e+00  1.000000e+00
   outer loop
     vertex -1.075936e+00 -9.733494e-01  1.800004e+01
     vertex -9.672991e-01 -1.081986e+00  1.800004e+01
     vertex  2.032016e-02  5.048204e-02  1.800004e+01
   endloop
 endfacet
 facet normal -0.000000e+00  0.000000e+00  1.000000e+00
   outer loop
     vertex -1.176905e+00 -8.575525e-01  1.800004e+01
     vertex -1.075936e+00 -9.733494e-01  1.800004e+01
     vertex -1.333640e-02  8.908101e-02  1.800004e+01
   endloop
 endfacet
 facet normal  0.000000e+00  0.000000e+00  1.000000e+00
   outer loop
     vertex -1.269737e+00 -7.351352e-01  1.800004e+01
     vertex -1.333640e-02  8.908101e-02  1.800004e+01
     vertex -4.428040e-02  1.298868e-01  1.800004e+01
   endloop
 endfacet
 facet normal -0.000000e+00  0.000000e+00  1.000000e+00
   outer loop
     vertex -1.269737e+00 -7.351352e-01  1.800004e+01
     vertex -1.176905e+00 -8.575525e-01  1.800004e+01
     vertex -1.333640e-02  8.908101e-02  1.800004e+01
   endloop
 endfacet
 facet normal  0.000000e+00  0.000000e+00  1.000000e+00
   outer loop
     vertex -1.353999e+00 -6.066681e-01  1.800004e+01
     vertex -7.236758e-02  1.727091e-01  1.800004e+01
     vertex -9.746698e-02  2.173484e-01  1.800004e+01
   endloop
 endfacet
 facet normal  0.000000e+00  0.000000e+00  1.000000e+00
   outer loop
     vertex -1.353999e+00 -6.066681e-01  1.800004e+01
     vertex -4.428040e-02  1.298868e-01  1.800004e+01
     vertex -7.236758e-02  1.727091e-01  1.800004e+01
   endloop
 endfacet
 facet normal -0.000000e+00  0.000000e+00  1.000000e+00
   outer loop
     vertex -1.353999e+00 -6.066681e-01  1.800004e+01
     vertex -1.269737e+00 -7.351352e-01  1.800004e+01
     vertex -4.428040e-02  1.298868e-01  1.800004e+01
   endloop
 endfacet
 facet normal  0.000000e+00  0.000000e+00  1.000000e+00
   outer loop
     vertex -1.429297e+00 -4.727503e-01  1.800004e+01
     vertex -9.746698e-02  2.173484e-01  1.800004e+01
     vertex -1.194616e-01  2.635964e-01  1.800004e+01
   endloop
 endfacet
 facet normal -0.000000e+00  0.000000e+00  1.000000e+00
   outer loop
     vertex -1.429297e+00 -4.727503e-01  1.800004e+01
     vertex -1.353999e+00 -6.066681e-01  1.800004e+01
     vertex -9.746698e-02  2.173484e-01  1.800004e+01
   endloop
 endfacet
 facet normal -0.000000e+00  0.000000e+00  1.000000e+00
   outer loop
     vertex -1.495281e+00 -3.340062e-01  1.800004e+01
     vertex -1.429297e+00 -4.727503e-01  1.800004e+01
     vertex -1.194616e-01  2.635964e-01  1.800004e+01
   endloop
 endfacet
 facet normal  0.000000e+00  0.000000e+00  1.000000e+00
   outer loop
     vertex -1.551643e+00 -1.910826e-01  1.800004e+01
     vertex -1.382488e-01  3.112376e-01  1.800004e+01
     vertex -1.537411e-01  3.600498e-01  1.800004e+01
   endloop
 endfacet
 facet normal  0.000000e+00  0.000000e+00  1.000000e+00
   outer loop
     vertex -1.551643e+00 -1.910826e-01  1.800004e+01
     vertex -1.194616e-01  2.635964e-01  1.800004e+01
     vertex -1.382488e-01  3.112376e-01  1.800004e+01
   endloop
 endfacet
 facet normal -0.000000e+00  0.000000e+00  1.000000e+00
   outer loop
     vertex -1.551643e+00 -1.910826e-01  1.800004e+01
     vertex -1.495281e+00 -3.340062e-01  1.800004e+01
     vertex -1.194616e-01  2.635964e-01  1.800004e+01
   endloop
 endfacet
 facet normal -0.000000e+00  0.000000e+00  1.000000e+00
   outer loop
     vertex -1.598120e+00 -4.464600e-02  1.800004e+01
     vertex -1.551643e+00 -1.910826e-01  1.800004e+01
     vertex -1.537411e-01  3.600498e-01  1.800004e+01
   endloop
 endfacet
 facet normal  0.000000e+00  0.000000e+00  1.000000e+00
   outer loop
     vertex -1.634495e+00  1.046210e-01  1.800004e+01
     vertex -1.537411e-01  3.600498e-01  1.800004e+01
     vertex -1.658663e-01  4.098055e-01  1.800004e+01
   endloop
 endfacet
 facet normal -0.000000e+00  0.000000e+00  1.000000e+00
   outer loop
     vertex -1.634495e+00  1.046210e-01  1.800004e+01
     vertex -1.598120e+00 -4.464600e-02  1.800004e+01
     vertex -1.537411e-01  3.600498e-01  1.800004e+01
   endloop
 endfacet
 facet normal  0.000000e+00  0.000000e+00  1.000000e+00
   outer loop
     vertex -1.660599e+00  2.560223e-01  1.800004e+01
     vertex -1.658663e-01  4.098055e-01  1.800004e+01
     vertex -1.745677e-01  4.602726e-01  1.800004e+01
   endloop
 endfacet
 facet normal -0.000000e+00  0.000000e+00  1.000000e+00
   outer loop
     vertex -1.660599e+00  2.560223e-01  1.800004e+01
     vertex -1.634495e+00  1.046210e-01  1.800004e+01
     vertex -1.658663e-01  4.098055e-01  1.800004e+01
   endloop
 endfacet
 facet normal  0.000000e+00  0.000000e+00  1.000000e+00
   outer loop
     vertex -1.676310e+00  4.088521e-01  1.800004e+01
     vertex -1.798048e-01  5.112159e-01  1.800004e+01
     vertex -1.815532e-01  5.623978e-01  1.800004e+01
   endloop
 endfacet
 facet normal  0.000000e+00  0.000000e+00  1.000000e+00
   outer loop
     vertex -1.676310e+00  4.088521e-01  1.800004e+01
     vertex -1.745677e-01  4.602726e-01  1.800004e+01
     vertex -1.798048e-01  5.112159e-01  1.800004e+01
   endloop
 endfacet
 facet normal -0.000000e+00  0.000000e+00  1.000000e+00
   outer loop
     vertex -1.676310e+00  4.088521e-01  1.800004e+01
     vertex -1.660599e+00  2.560223e-01  1.800004e+01
     vertex -1.745677e-01  4.602726e-01  1.800004e+01
   endloop
 endfacet
 facet normal  0.000000e+00  0.000000e+00  1.000000e+00
   outer loop
     vertex -1.681556e+00  5.623978e-01  1.800004e+01
     vertex -1.676310e+00  4.088521e-01  1.800004e+01
     vertex -1.815532e-01  5.623978e-01  1.800004e+01
   endloop
 endfacet
 facet normal  0.000000e+00  0.000000e+00  1.000000e+00
   outer loop
     vertex -1.815532e-01  4.953840e+01  1.800004e+01
     vertex -1.681556e+00  5.623978e-01  1.800004e+01
     vertex -1.815532e-01  5.623978e-01  1.800004e+01
   endloop
 endfacet
 facet normal -0.000000e+00  0.000000e+00  1.000000e+00
   outer loop
     vertex -1.681556e+00  4.953840e+01  1.800004e+01
     vertex -1.681556e+00  5.623978e-01  1.800004e+01
     vertex -1.815532e-01  4.953840e+01  1.800004e+01
   endloop
 endfacet
 facet normal -0.000000e+00  0.000000e+00  1.000000e+00
   outer loop
     vertex  5.684481e-01  5.178841e+01  1.800004e+01
     vertex  6.874949e+01  5.028840e+01  1.800004e+01
     vertex  6.874949e+01  5.178841e+01  1.800004e+01
   endloop
 endfacet
 facet normal  0.000000e+00  0.000000e+00  1.000000e+00
   outer loop
     vertex  5.684481e-01  5.178841e+01  1.800004e+01
     vertex  5.684481e-01  5.028840e+01  1.800004e+01
     vertex  6.874949e+01  5.028840e+01  1.800004e+01
   endloop
 endfacet
 facet normal  0.000000e+00  0.000000e+00  1.000000e+00
   outer loop
     vertex -1.676310e+00  4.969195e+01  1.800004e+01
     vertex -1.815532e-01  4.953840e+01  1.800004e+01
     vertex -1.798048e-01  4.958958e+01  1.800004e+01
   endloop
 endfacet
 facet normal  0.000000e+00  0.000000e+00  1.000000e+00
   outer loop
     vertex -1.676310e+00  4.969195e+01  1.800004e+01
     vertex -1.681556e+00  4.953840e+01  1.800004e+01
     vertex -1.815532e-01  4.953840e+01  1.800004e+01
   endloop
 endfacet
 facet normal -0.000000e+00  0.000000e+00  1.000000e+00
   outer loop
     vertex  4.149024e-01  5.178316e+01  1.800004e+01
     vertex  5.684481e-01  5.028840e+01  1.800004e+01
     vertex  5.684481e-01  5.178841e+01  1.800004e+01
   endloop
 endfacet
 facet normal  0.000000e+00  0.000000e+00  1.000000e+00
   outer loop
     vertex  4.149024e-01  5.178316e+01  1.800004e+01
     vertex  5.172662e-01  5.028666e+01  1.800004e+01
     vertex  5.684481e-01  5.028840e+01  1.800004e+01
   endloop
 endfacet
 facet normal -0.000000e+00  0.000000e+00  1.000000e+00
   outer loop
     vertex  2.620726e-01  5.176745e+01  1.800004e+01
     vertex  5.172662e-01  5.028666e+01  1.800004e+01
     vertex  4.149024e-01  5.178316e+01  1.800004e+01
   endloop
 endfacet
 facet normal  0.000000e+00  0.000000e+00  1.000000e+00
   outer loop
     vertex  2.620726e-01  5.176745e+01  1.800004e+01
     vertex  4.663229e-01  5.028142e+01  1.800004e+01
     vertex  5.172662e-01  5.028666e+01  1.800004e+01
   endloop
 endfacet
 facet normal  0.000000e+00  0.000000e+00  1.000000e+00
   outer loop
     vertex -1.660599e+00  4.984478e+01  1.800004e+01
     vertex -1.745677e-01  4.964053e+01  1.800004e+01
     vertex -1.658663e-01  4.969099e+01  1.800004e+01
   endloop
 endfacet
 facet normal  0.000000e+00  0.000000e+00  1.000000e+00
   outer loop
     vertex -1.660599e+00  4.984478e+01  1.800004e+01
     vertex -1.798048e-01  4.958958e+01  1.800004e+01
     vertex -1.745677e-01  4.964053e+01  1.800004e+01
   endloop
 endfacet
 facet normal  0.000000e+00  0.000000e+00  1.000000e+00
   outer loop
     vertex -1.660599e+00  4.984478e+01  1.800004e+01
     vertex -1.676310e+00  4.969195e+01  1.800004e+01
     vertex -1.798048e-01  4.958958e+01  1.800004e+01
   endloop
 endfacet
 facet normal  0.000000e+00  0.000000e+00  1.000000e+00
   outer loop
     vertex -1.634495e+00  4.999618e+01  1.800004e+01
     vertex -1.660599e+00  4.984478e+01  1.800004e+01
     vertex -1.658663e-01  4.969099e+01  1.800004e+01
   endloop
 endfacet
 facet normal  0.000000e+00  0.000000e+00  1.000000e+00
   outer loop
     vertex  1.106713e-01  5.174135e+01  1.800004e+01
     vertex  3.661001e-01  5.026059e+01  1.800004e+01
     vertex  4.158558e-01  5.027272e+01  1.800004e+01
   endloop
 endfacet
 facet normal -0.000000e+00  0.000000e+00  1.000000e+00
   outer loop
     vertex  1.106713e-01  5.174135e+01  1.800004e+01
     vertex  4.663229e-01  5.028142e+01  1.800004e+01
     vertex  2.620726e-01  5.176745e+01  1.800004e+01
   endloop
 endfacet
 facet normal  0.000000e+00  0.000000e+00  1.000000e+00
   outer loop
     vertex  1.106713e-01  5.174135e+01  1.800004e+01
     vertex  4.158558e-01  5.027272e+01  1.800004e+01
     vertex  4.663229e-01  5.028142e+01  1.800004e+01
   endloop
 endfacet
 facet normal  0.000000e+00  0.000000e+00  1.000000e+00
   outer loop
     vertex -1.598120e+00  5.014545e+01  1.800004e+01
     vertex -1.658663e-01  4.969099e+01  1.800004e+01
     vertex -1.537411e-01  4.974075e+01  1.800004e+01
   endloop
 endfacet
 facet normal  0.000000e+00  0.000000e+00  1.000000e+00
   outer loop
     vertex -1.598120e+00  5.014545e+01  1.800004e+01
     vertex -1.634495e+00  4.999618e+01  1.800004e+01
     vertex -1.658663e-01  4.969099e+01  1.800004e+01
   endloop
 endfacet
 facet normal -0.000000e+00  0.000000e+00  1.000000e+00
   outer loop
     vertex -3.859571e-02  5.170497e+01  1.800004e+01
     vertex  3.661001e-01  5.026059e+01  1.800004e+01
     vertex  1.106713e-01  5.174135e+01  1.800004e+01
   endloop
 endfacet
 facet normal  0.000000e+00  0.000000e+00  1.000000e+00
   outer loop
     vertex -1.551643e+00  5.029188e+01  1.800004e+01
     vertex -1.382488e-01  4.978956e+01  1.800004e+01
     vertex -1.194616e-01  4.983720e+01  1.800004e+01
   endloop
 endfacet
 facet normal  0.000000e+00  0.000000e+00  1.000000e+00
   outer loop
     vertex -1.551643e+00  5.029188e+01  1.800004e+01
     vertex -1.537411e-01  4.974075e+01  1.800004e+01
     vertex -1.382488e-01  4.978956e+01  1.800004e+01
   endloop
 endfacet
 facet normal  0.000000e+00  0.000000e+00  1.000000e+00
   outer loop
     vertex -1.551643e+00  5.029188e+01  1.800004e+01
     vertex -1.598120e+00  5.014545e+01  1.800004e+01
     vertex -1.537411e-01  4.974075e+01  1.800004e+01
   endloop
 endfacet
 facet normal  0.000000e+00  0.000000e+00  1.000000e+00
   outer loop
     vertex -1.850323e-01  5.165849e+01  1.800004e+01
     vertex  3.172879e-01  5.024510e+01  1.800004e+01
     vertex  3.661001e-01  5.026059e+01  1.800004e+01
   endloop
 endfacet
 facet normal -0.000000e+00  0.000000e+00  1.000000e+00
   outer loop
     vertex -1.850323e-01  5.165849e+01  1.800004e+01
     vertex  3.661001e-01  5.026059e+01  1.800004e+01
     vertex -3.859571e-02  5.170497e+01  1.800004e+01
   endloop
 endfacet
 facet normal  0.000000e+00  0.000000e+00  1.000000e+00
   outer loop
     vertex -3.279559e-01  5.160213e+01  1.800004e+01
     vertex  2.696467e-01  5.022631e+01  1.800004e+01
     vertex  3.172879e-01  5.024510e+01  1.800004e+01
   endloop
 endfacet
 facet normal -0.000000e+00  0.000000e+00  1.000000e+00
   outer loop
     vertex -3.279559e-01  5.160213e+01  1.800004e+01
     vertex  3.172879e-01  5.024510e+01  1.800004e+01
     vertex -1.850323e-01  5.165849e+01  1.800004e+01
   endloop
 endfacet
 facet normal  0.000000e+00  0.000000e+00  1.000000e+00
   outer loop
     vertex -3.279559e-01  5.160213e+01  1.800004e+01
     vertex  2.233987e-01  5.020432e+01  1.800004e+01
     vertex  2.696467e-01  5.022631e+01  1.800004e+01
   endloop
 endfacet
 facet normal  0.000000e+00  0.000000e+00  1.000000e+00
   outer loop
     vertex -1.495281e+00  5.043481e+01  1.800004e+01
     vertex -1.551643e+00  5.029188e+01  1.800004e+01
     vertex -1.194616e-01  4.983720e+01  1.800004e+01
   endloop
 endfacet
 facet normal  0.000000e+00  0.000000e+00  1.000000e+00
   outer loop
     vertex -1.429297e+00  5.057355e+01  1.800004e+01
     vertex -1.194616e-01  4.983720e+01  1.800004e+01
     vertex -9.746698e-02  4.988345e+01  1.800004e+01
   endloop
 endfacet
 facet normal  0.000000e+00  0.000000e+00  1.000000e+00
   outer loop
     vertex -1.429297e+00  5.057355e+01  1.800004e+01
     vertex -1.495281e+00  5.043481e+01  1.800004e+01
     vertex -1.194616e-01  4.983720e+01  1.800004e+01
   endloop
 endfacet
 facet normal -0.000000e+00  0.000000e+00  1.000000e+00
   outer loop
     vertex -4.667000e-01  5.153615e+01  1.800004e+01
     vertex  2.233987e-01  5.020432e+01  1.800004e+01
     vertex -3.279559e-01  5.160213e+01  1.800004e+01
   endloop
 endfacet
 facet normal  0.000000e+00  0.000000e+00  1.000000e+00
   outer loop
     vertex -1.353999e+00  5.070747e+01  1.800004e+01
     vertex -9.746698e-02  4.988345e+01  1.800004e+01
     vertex -7.236758e-02  4.992809e+01  1.800004e+01
   endloop
 endfacet
 facet normal  0.000000e+00  0.000000e+00  1.000000e+00
   outer loop
     vertex -1.353999e+00  5.070747e+01  1.800004e+01
     vertex -1.429297e+00  5.057355e+01  1.800004e+01
     vertex -9.746698e-02  4.988345e+01  1.800004e+01
   endloop
 endfacet
 facet normal  0.000000e+00  0.000000e+00  1.000000e+00
   outer loop
     vertex -6.006178e-01  5.146085e+01  1.800004e+01
     vertex  1.787594e-01  5.017922e+01  1.800004e+01
     vertex  2.233987e-01  5.020432e+01  1.800004e+01
   endloop
 endfacet
 facet normal -0.000000e+00  0.000000e+00  1.000000e+00
   outer loop
     vertex -6.006178e-01  5.146085e+01  1.800004e+01
     vertex  2.233987e-01  5.020432e+01  1.800004e+01
     vertex -4.667000e-01  5.153615e+01  1.800004e+01
   endloop
 endfacet
 facet normal  0.000000e+00  0.000000e+00  1.000000e+00
   outer loop
     vertex -1.269737e+00  5.083594e+01  1.800004e+01
     vertex -7.236758e-02  4.992809e+01  1.800004e+01
     vertex -4.428040e-02  4.997091e+01  1.800004e+01
   endloop
 endfacet
 facet normal  0.000000e+00  0.000000e+00  1.000000e+00
   outer loop
     vertex -1.269737e+00  5.083594e+01  1.800004e+01
     vertex -1.353999e+00  5.070747e+01  1.800004e+01
     vertex -7.236758e-02  4.992809e+01  1.800004e+01
   endloop
 endfacet
 facet normal  0.000000e+00  0.000000e+00  1.000000e+00
   outer loop
     vertex -7.290849e-01  5.137659e+01  1.800004e+01
     vertex  1.359371e-01  5.015113e+01  1.800004e+01
     vertex  1.787594e-01  5.017922e+01  1.800004e+01
   endloop
 endfacet
 facet normal  0.000000e+00  0.000000e+00  1.000000e+00
   outer loop
     vertex -7.290849e-01  5.137659e+01  1.800004e+01
     vertex  9.513130e-02  5.012019e+01  1.800004e+01
     vertex  1.359371e-01  5.015113e+01  1.800004e+01
   endloop
 endfacet
 facet normal -0.000000e+00  0.000000e+00  1.000000e+00
   outer loop
     vertex -7.290849e-01  5.137659e+01  1.800004e+01
     vertex  1.787594e-01  5.017922e+01  1.800004e+01
     vertex -6.006178e-01  5.146085e+01  1.800004e+01
   endloop
 endfacet
 facet normal -0.000000e+00  0.000000e+00  1.000000e+00
   outer loop
     vertex -8.515022e-01  5.128376e+01  1.800004e+01
     vertex  9.513130e-02  5.012019e+01  1.800004e+01
     vertex -7.290849e-01  5.137659e+01  1.800004e+01
   endloop
 endfacet
 facet normal  0.000000e+00  0.000000e+00  1.000000e+00
   outer loop
     vertex -1.176905e+00  5.095835e+01  1.800004e+01
     vertex -4.428040e-02  4.997091e+01  1.800004e+01
     vertex -1.333640e-02  5.001172e+01  1.800004e+01
   endloop
 endfacet
 facet normal  0.000000e+00  0.000000e+00  1.000000e+00
   outer loop
     vertex -1.176905e+00  5.095835e+01  1.800004e+01
     vertex -1.269737e+00  5.083594e+01  1.800004e+01
     vertex -4.428040e-02  4.997091e+01  1.800004e+01
   endloop
 endfacet
 facet normal  0.000000e+00  0.000000e+00  1.000000e+00
   outer loop
     vertex -9.672991e-01  5.118279e+01  1.800004e+01
     vertex  5.653233e-02  5.008653e+01  1.800004e+01
     vertex  9.513130e-02  5.012019e+01  1.800004e+01
   endloop
 endfacet
 facet normal  0.000000e+00  0.000000e+00  1.000000e+00
   outer loop
     vertex -9.672991e-01  5.118279e+01  1.800004e+01
     vertex  2.032016e-02  5.005032e+01  1.800004e+01
     vertex  5.653233e-02  5.008653e+01  1.800004e+01
   endloop
 endfacet
 facet normal -0.000000e+00  0.000000e+00  1.000000e+00
   outer loop
     vertex -9.672991e-01  5.118279e+01  1.800004e+01
     vertex  9.513130e-02  5.012019e+01  1.800004e+01
     vertex -8.515022e-01  5.128376e+01  1.800004e+01
   endloop
 endfacet
 facet normal  0.000000e+00  0.000000e+00  1.000000e+00
   outer loop
     vertex -1.075936e+00  5.107415e+01  1.800004e+01
     vertex -1.333640e-02  5.001172e+01  1.800004e+01
     vertex  2.032016e-02  5.005032e+01  1.800004e+01
   endloop
 endfacet
 facet normal -0.000000e+00  0.000000e+00  1.000000e+00
   outer loop
     vertex -1.075936e+00  5.107415e+01  1.800004e+01
     vertex  2.032016e-02  5.005032e+01  1.800004e+01
     vertex -9.672991e-01  5.118279e+01  1.800004e+01
   endloop
 endfacet
 facet normal  0.000000e+00  0.000000e+00  1.000000e+00
   outer loop
     vertex -1.075936e+00  5.107415e+01  1.800004e+01
     vertex -1.176905e+00  5.095835e+01  1.800004e+01
     vertex -1.333640e-02  5.001172e+01  1.800004e+01
   endloop
 endfacet
 facet normal  0.000000e+00  0.000000e+00  1.000000e+00
   outer loop
     vertex  7.099950e+01  4.953840e+01  1.800004e+01
     vertex  7.019264e+01  4.007412e+00  1.800004e+01
     vertex  7.099950e+01  5.623978e-01  1.800004e+01
   endloop
 endfacet
 facet normal  0.000000e+00  0.000000e+00  1.000000e+00
   outer loop
     vertex  7.099950e+01  4.953840e+01  1.800004e+01
     vertex  7.019264e+01  4.619700e+01  1.800004e+01
     vertex  7.019264e+01  4.007412e+00  1.800004e+01
   endloop
 endfacet
 facet normal -9.994170e-01  3.414111e-02  0.000000e+00
   outer loop
     vertex -1.676310e+00  4.969195e+01  0.000000e+00
     vertex -1.681556e+00  4.953840e+01  0.000000e+00
     vertex -1.681556e+00  4.953840e+01  1.800004e+01
   endloop
 endfacet
 facet normal -9.994170e-01  3.414111e-02  0.000000e+00
   outer loop
     vertex -1.676310e+00  4.969195e+01  0.000000e+00
     vertex -1.681556e+00  4.953840e+01  1.800004e+01
     vertex -1.676310e+00  4.969195e+01  1.800004e+01
   endloop
 endfacet
 facet normal  0.000000e+00 -1.225485e-01  9.924625e-01
   outer loop
     vertex -1.815532e-01  2.579861e+01  9.833321e+00
     vertex -1.681556e+00  2.570131e+01  9.821306e+00
     vertex -1.815532e-01  2.570131e+01  9.821306e+00
   endloop
 endfacet
 facet normal  0.000000e+00 -1.225485e-01  9.924625e-01
   outer loop
     vertex -1.815532e-01  2.579861e+01  9.833321e+00
     vertex -1.681556e+00  2.579861e+01  9.833321e+00
     vertex -1.681556e+00  2.570131e+01  9.821306e+00
   endloop
 endfacet
 facet normal  0.000000e+00 -3.602077e-01  9.328721e-01
   outer loop
     vertex -1.815532e-01  2.589001e+01  9.868614e+00
     vertex -1.681556e+00  2.589001e+01  9.868614e+00
     vertex -1.681556e+00  2.579861e+01  9.833321e+00
   endloop
 endfacet
 facet normal  0.000000e+00 -3.602077e-01  9.328721e-01
   outer loop
     vertex -1.815532e-01  2.589001e+01  9.868614e+00
     vertex -1.681556e+00  2.579861e+01  9.833321e+00
     vertex -1.815532e-01  2.579861e+01  9.833321e+00
   endloop
 endfacet
 facet normal  0.000000e+00 -5.726450e-01  8.198034e-01
   outer loop
     vertex -1.815532e-01  2.596753e+01  9.922759e+00
     vertex -1.681556e+00  2.596753e+01  9.922759e+00
     vertex -1.681556e+00  2.589001e+01  9.868614e+00
   endloop
 endfacet
 facet normal  0.000000e+00 -5.726450e-01  8.198034e-01
   outer loop
     vertex -1.815532e-01  2.596753e+01  9.922759e+00
     vertex -1.681556e+00  2.589001e+01  9.868614e+00
     vertex -1.815532e-01  2.589001e+01  9.868614e+00
   endloop
 endfacet
 facet normal  0.000000e+00 -7.521532e-01  6.589883e-01
   outer loop
     vertex -1.815532e-01  2.603228e+01  9.996667e+00
     vertex -1.681556e+00  2.596753e+01  9.922759e+00
     vertex -1.815532e-01  2.596753e+01  9.922759e+00
   endloop
 endfacet
 facet normal  0.000000e+00 -7.521532e-01  6.589883e-01
   outer loop
     vertex -1.815532e-01  2.603228e+01  9.996667e+00
     vertex -1.681556e+00  2.603228e+01  9.996667e+00
     vertex -1.681556e+00  2.596753e+01  9.922759e+00
   endloop
 endfacet
 facet normal  0.000000e+00 -8.906152e-01  4.547578e-01
   outer loop
     vertex -1.815532e-01  2.607737e+01  1.008496e+01
     vertex -1.681556e+00  2.603228e+01  9.996667e+00
     vertex -1.815532e-01  2.603228e+01  9.996667e+00
   endloop
 endfacet
 facet normal  0.000000e+00 -8.906152e-01  4.547578e-01
   outer loop
     vertex -1.815532e-01  2.607737e+01  1.008496e+01
     vertex -1.681556e+00  2.607737e+01  1.008496e+01
     vertex -1.681556e+00  2.603228e+01  9.996667e+00
   endloop
 endfacet
 facet normal  0.000000e+00 -9.745104e-01  2.243424e-01
   outer loop
     vertex -1.815532e-01  2.609914e+01  1.017953e+01
     vertex -1.681556e+00  2.607737e+01  1.008496e+01
     vertex -1.815532e-01  2.607737e+01  1.008496e+01
   endloop
 endfacet
 facet normal  0.000000e+00 -9.745104e-01  2.243424e-01
   outer loop
     vertex -1.815532e-01  2.609914e+01  1.017953e+01
     vertex -1.681556e+00  2.609914e+01  1.017953e+01
     vertex -1.681556e+00  2.607737e+01  1.008496e+01
   endloop
 endfacet
 facet normal  0.000000e+00 -9.999399e-01 -1.096514e-02
   outer loop
     vertex -1.815532e-01  2.609812e+01  1.027184e+01
     vertex -1.681556e+00  2.609914e+01  1.017953e+01
     vertex -1.815532e-01  2.609914e+01  1.017953e+01
   endloop
 endfacet
 facet normal -0.000000e+00 -9.999399e-01 -1.096514e-02
   outer loop
     vertex -1.815532e-01  2.609812e+01  1.027184e+01
     vertex -1.681556e+00  2.609812e+01  1.027184e+01
     vertex -1.681556e+00  2.609914e+01  1.017953e+01
   endloop
 endfacet
 facet normal -0.000000e+00 -9.727658e-01 -2.317902e-01
   outer loop
     vertex -1.815532e-01  2.609812e+01  1.027184e+01
     vertex -1.681556e+00  2.607826e+01  1.035519e+01
     vertex -1.681556e+00  2.609812e+01  1.027184e+01
   endloop
 endfacet
 facet normal -0.000000e+00 -9.727658e-01 -2.317902e-01
   outer loop
     vertex -1.815532e-01  2.607826e+01  1.035519e+01
     vertex -1.681556e+00  2.607826e+01  1.035519e+01
     vertex -1.815532e-01  2.609812e+01  1.027184e+01
   endloop
 endfacet
 facet normal  0.000000e+00 -9.051998e-01 -4.249862e-01
   outer loop
     vertex -1.815532e-01  2.604509e+01  1.042585e+01
     vertex -1.681556e+00  2.607826e+01  1.035519e+01
     vertex -1.815532e-01  2.607826e+01  1.035519e+01
   endloop
 endfacet
 facet normal -0.000000e+00 -9.051998e-01 -4.249862e-01
   outer loop
     vertex -1.815532e-01  2.604509e+01  1.042585e+01
     vertex -1.681556e+00  2.604509e+01  1.042585e+01
     vertex -1.681556e+00  2.607826e+01  1.035519e+01
   endloop
 endfacet
 facet normal  0.000000e+00 -8.046446e-01 -5.937567e-01
   outer loop
     vertex -1.815532e-01  2.599811e+01  1.048951e+01
     vertex -1.681556e+00  2.604509e+01  1.042585e+01
     vertex -1.815532e-01  2.604509e+01  1.042585e+01
   endloop
 endfacet
 facet normal -0.000000e+00 -8.046446e-01 -5.937567e-01
   outer loop
     vertex -1.815532e-01  2.599811e+01  1.048951e+01
     vertex -1.681556e+00  2.599811e+01  1.048951e+01
     vertex -1.681556e+00  2.604509e+01  1.042585e+01
   endloop
 endfacet
 facet normal  0.000000e+00 -6.649652e-01 -7.468743e-01
   outer loop
     vertex -1.815532e-01  2.593336e+01  1.054716e+01
     vertex -1.681556e+00  2.599811e+01  1.048951e+01
     vertex -1.815532e-01  2.599811e+01  1.048951e+01
   endloop
 endfacet
 facet normal -0.000000e+00 -6.649652e-01 -7.468743e-01
   outer loop
     vertex -1.815532e-01  2.593336e+01  1.054716e+01
     vertex -1.681556e+00  2.593336e+01  1.054716e+01
     vertex -1.681556e+00  2.599811e+01  1.048951e+01
   endloop
 endfacet
 facet normal  0.000000e+00 -4.813850e-01 -8.765092e-01
   outer loop
     vertex -1.815532e-01  2.585176e+01  1.059197e+01
     vertex -1.681556e+00  2.593336e+01  1.054716e+01
     vertex -1.815532e-01  2.593336e+01  1.054716e+01
   endloop
 endfacet
 facet normal -0.000000e+00 -4.813850e-01 -8.765092e-01
   outer loop
     vertex -1.815532e-01  2.585176e+01  1.059197e+01
     vertex -1.681556e+00  2.585176e+01  1.059197e+01
     vertex -1.681556e+00  2.593336e+01  1.054716e+01
   endloop
 endfacet
 facet normal  0.000000e+00 -2.603843e-01 -9.655051e-01
   outer loop
     vertex -1.815532e-01  2.575762e+01  1.061736e+01
     vertex -1.681556e+00  2.585176e+01  1.059197e+01
     vertex -1.815532e-01  2.585176e+01  1.059197e+01
   endloop
 endfacet
 facet normal -0.000000e+00 -2.603843e-01 -9.655051e-01
   outer loop
     vertex -1.815532e-01  2.575762e+01  1.061736e+01
     vertex -1.681556e+00  2.575762e+01  1.061736e+01
     vertex -1.681556e+00  2.585176e+01  1.059197e+01
   endloop
 endfacet
 facet normal  0.000000e+00 -1.692982e-02 -9.998567e-01
   outer loop
     vertex -1.815532e-01  2.565843e+01  1.061904e+01
     vertex -1.681556e+00  2.575762e+01  1.061736e+01
     vertex -1.815532e-01  2.575762e+01  1.061736e+01
   endloop
 endfacet
 facet normal -0.000000e+00 -1.692982e-02 -9.998567e-01
   outer loop
     vertex -1.815532e-01  2.565843e+01  1.061904e+01
     vertex -1.681556e+00  2.565843e+01  1.061904e+01
     vertex -1.681556e+00  2.575762e+01  1.061736e+01
   endloop
 endfacet
 facet normal  0.000000e+00  2.280417e-01 -9.736514e-01
   outer loop
     vertex -1.815532e-01  2.556311e+01  1.059672e+01
     vertex -1.681556e+00  2.556311e+01  1.059672e+01
     vertex -1.681556e+00  2.565843e+01  1.061904e+01
   endloop
 endfacet
 facet normal  0.000000e+00  2.280417e-01 -9.736514e-01
   outer loop
     vertex -1.815532e-01  2.556311e+01  1.059672e+01
     vertex -1.681556e+00  2.565843e+01  1.061904e+01
     vertex -1.815532e-01  2.565843e+01  1.061904e+01
   endloop
 endfacet
 facet normal  0.000000e+00  4.531670e-01 -8.914256e-01
   outer loop
     vertex -1.815532e-01  2.547945e+01  1.055419e+01
     vertex -1.681556e+00  2.547945e+01  1.055419e+01
     vertex -1.681556e+00  2.556311e+01  1.059672e+01
   endloop
 endfacet
 facet normal  0.000000e+00  6.424314e-01 -7.663432e-01
   outer loop
     vertex -1.815532e-01  2.547945e+01  1.055419e+01
     vertex -1.681556e+00  2.541228e+01  1.049788e+01
     vertex -1.681556e+00  2.547945e+01  1.055419e+01
   endloop
 endfacet
 facet normal  0.000000e+00  4.531670e-01 -8.914256e-01
   outer loop
     vertex -1.815532e-01  2.547945e+01  1.055419e+01
     vertex -1.681556e+00  2.556311e+01  1.059672e+01
     vertex -1.815532e-01  2.556311e+01  1.059672e+01
   endloop
 endfacet
 facet normal  0.000000e+00  6.424314e-01 -7.663432e-01
   outer loop
     vertex -1.815532e-01  2.541228e+01  1.049788e+01
     vertex -1.681556e+00  2.541228e+01  1.049788e+01
     vertex -1.815532e-01  2.547945e+01  1.055419e+01
   endloop
 endfacet
 facet normal  0.000000e+00  7.881853e-01 -6.154380e-01
   outer loop
     vertex -1.815532e-01  2.536293e+01  1.043467e+01
     vertex -1.681556e+00  2.536293e+01  1.043467e+01
     vertex -1.681556e+00  2.541228e+01  1.049788e+01
   endloop
 endfacet
 facet normal  0.000000e+00  7.881853e-01 -6.154380e-01
   outer loop
     vertex -1.815532e-01  2.536293e+01  1.043467e+01
     vertex -1.681556e+00  2.541228e+01  1.049788e+01
     vertex -1.815532e-01  2.541228e+01  1.049788e+01
   endloop
 endfacet
 facet normal  0.000000e+00  8.934605e-01 -4.491417e-01
   outer loop
     vertex -1.815532e-01  2.532822e+01  1.036563e+01
     vertex -1.681556e+00  2.532822e+01  1.036563e+01
     vertex -1.681556e+00  2.536293e+01  1.043467e+01
   endloop
 endfacet
 facet normal  0.000000e+00  8.934605e-01 -4.491417e-01
   outer loop
     vertex -1.815532e-01  2.532822e+01  1.036563e+01
     vertex -1.681556e+00  2.536293e+01  1.043467e+01
     vertex -1.815532e-01  2.536293e+01  1.043467e+01
   endloop
 endfacet
 facet normal  0.000000e+00  9.656087e-01 -2.599996e-01
   outer loop
     vertex -1.815532e-01  2.530620e+01  1.028386e+01
     vertex -1.681556e+00  2.530620e+01  1.028386e+01
     vertex -1.681556e+00  2.532822e+01  1.036563e+01
   endloop
 endfacet
 facet normal  0.000000e+00  9.991032e-01 -4.234034e-02
   outer loop
     vertex -1.815532e-01  2.530620e+01  1.028386e+01
     vertex -1.681556e+00  2.530233e+01  1.019244e+01
     vertex -1.681556e+00  2.530620e+01  1.028386e+01
   endloop
 endfacet
 facet normal  0.000000e+00  9.656087e-01 -2.599996e-01
   outer loop
     vertex -1.815532e-01  2.530620e+01  1.028386e+01
     vertex -1.681556e+00  2.532822e+01  1.036563e+01
     vertex -1.815532e-01  2.532822e+01  1.036563e+01
   endloop
 endfacet
 facet normal  0.000000e+00  9.991032e-01 -4.234034e-02
   outer loop
     vertex -1.815532e-01  2.530233e+01  1.019244e+01
     vertex -1.681556e+00  2.530233e+01  1.019244e+01
     vertex -1.815532e-01  2.530620e+01  1.028386e+01
   endloop
 endfacet
 facet normal  0.000000e+00  9.813901e-01  1.920246e-01
   outer loop
     vertex -1.815532e-01  2.532087e+01  1.009770e+01
     vertex -1.681556e+00  2.532087e+01  1.009770e+01
     vertex -1.681556e+00  2.530233e+01  1.019244e+01
   endloop
 endfacet
 facet normal  0.000000e+00  9.813901e-01  1.920246e-01
   outer loop
     vertex -1.815532e-01  2.532087e+01  1.009770e+01
     vertex -1.681556e+00  2.530233e+01  1.019244e+01
     vertex -1.815532e-01  2.530233e+01  1.019244e+01
   endloop
 endfacet
 facet normal  0.000000e+00  9.054837e-01  4.243809e-01
   outer loop
     vertex -1.815532e-01  2.536289e+01  1.000804e+01
     vertex -1.681556e+00  2.536289e+01  1.000804e+01
     vertex -1.681556e+00  2.532087e+01  1.009770e+01
   endloop
 endfacet
 facet normal  0.000000e+00  9.054837e-01  4.243809e-01
   outer loop
     vertex -1.815532e-01  2.536289e+01  1.000804e+01
     vertex -1.681556e+00  2.532087e+01  1.009770e+01
     vertex -1.815532e-01  2.532087e+01  1.009770e+01
   endloop
 endfacet
 facet normal  0.000000e+00  7.738624e-01  6.333537e-01
   outer loop
     vertex -1.815532e-01  2.542531e+01  9.931766e+00
     vertex -1.681556e+00  2.542531e+01  9.931766e+00
     vertex -1.681556e+00  2.536289e+01  1.000804e+01
   endloop
 endfacet
 facet normal  0.000000e+00  7.738624e-01  6.333537e-01
   outer loop
     vertex -1.815532e-01  2.542531e+01  9.931766e+00
     vertex -1.681556e+00  2.536289e+01  1.000804e+01
     vertex -1.815532e-01  2.536289e+01  1.000804e+01
   endloop
 endfacet
 facet normal  0.000000e+00  5.988990e-01  8.008246e-01
   outer loop
     vertex -1.815532e-01  2.550156e+01  9.874746e+00
     vertex -1.681556e+00  2.550156e+01  9.874746e+00
     vertex -1.681556e+00  2.542531e+01  9.931766e+00
   endloop
 endfacet
 facet normal  0.000000e+00  3.992513e-01  9.168415e-01
   outer loop
     vertex -1.815532e-01  2.550156e+01  9.874746e+00
     vertex -1.681556e+00  2.558364e+01  9.839002e+00
     vertex -1.681556e+00  2.550156e+01  9.874746e+00
   endloop
 endfacet
 facet normal  0.000000e+00  5.988990e-01  8.008246e-01
   outer loop
     vertex -1.815532e-01  2.550156e+01  9.874746e+00
     vertex -1.681556e+00  2.542531e+01  9.931766e+00
     vertex -1.815532e-01  2.542531e+01  9.931766e+00
   endloop
 endfacet
 facet normal  0.000000e+00  2.194267e-01  9.756290e-01
   outer loop
     vertex -1.815532e-01  2.558364e+01  9.839002e+00
     vertex -1.681556e+00  2.564394e+01  9.825440e+00
     vertex -1.681556e+00  2.558364e+01  9.839002e+00
   endloop
 endfacet
 facet normal  0.000000e+00  3.992513e-01  9.168415e-01
   outer loop
     vertex -1.815532e-01  2.558364e+01  9.839002e+00
     vertex -1.681556e+00  2.558364e+01  9.839002e+00
     vertex -1.815532e-01  2.550156e+01  9.874746e+00
   endloop
 endfacet
 facet normal  0.000000e+00  2.194267e-01  9.756290e-01
   outer loop
     vertex -1.815532e-01  2.564394e+01  9.825440e+00
     vertex -1.681556e+00  2.564394e+01  9.825440e+00
     vertex -1.815532e-01  2.558364e+01  9.839002e+00
   endloop
 endfacet
 facet normal  0.000000e+00  7.188419e-02  9.974130e-01
   outer loop
     vertex -1.815532e-01  2.570131e+01  9.821306e+00
     vertex -1.681556e+00  2.570131e+01  9.821306e+00
     vertex -1.681556e+00  2.564394e+01  9.825440e+00
   endloop
 endfacet
 facet normal  0.000000e+00  7.188419e-02  9.974130e-01
   outer loop
     vertex -1.815532e-01  2.570131e+01  9.821306e+00
     vertex -1.681556e+00  2.564394e+01  9.825440e+00
     vertex -1.815532e-01  2.564394e+01  9.825440e+00
   endloop
 endfacet
 facet normal  0.000000e+00 -1.225485e-01  9.924625e-01
   outer loop
     vertex -1.815532e-01  2.704867e+01  9.833321e+00
     vertex -1.681556e+00  2.695137e+01  9.821306e+00
     vertex -1.815532e-01  2.695137e+01  9.821306e+00
   endloop
 endfacet
 facet normal  0.000000e+00 -1.225485e-01  9.924625e-01
   outer loop
     vertex -1.815532e-01  2.704867e+01  9.833321e+00
     vertex -1.681556e+00  2.704867e+01  9.833321e+00
     vertex -1.681556e+00  2.695137e+01  9.821306e+00
   endloop
 endfacet
 facet normal  0.000000e+00 -3.602077e-01  9.328721e-01
   outer loop
     vertex -1.815532e-01  2.714008e+01  9.868614e+00
     vertex -1.681556e+00  2.714008e+01  9.868614e+00
     vertex -1.681556e+00  2.704867e+01  9.833321e+00
   endloop
 endfacet
 facet normal  0.000000e+00 -3.602077e-01  9.328721e-01
   outer loop
     vertex -1.815532e-01  2.714008e+01  9.868614e+00
     vertex -1.681556e+00  2.704867e+01  9.833321e+00
     vertex -1.815532e-01  2.704867e+01  9.833321e+00
   endloop
 endfacet
 facet normal  0.000000e+00 -5.726450e-01  8.198034e-01
   outer loop
     vertex -1.815532e-01  2.721759e+01  9.922759e+00
     vertex -1.681556e+00  2.721759e+01  9.922759e+00
     vertex -1.681556e+00  2.714008e+01  9.868614e+00
   endloop
 endfacet
 facet normal  0.000000e+00 -5.726450e-01  8.198034e-01
   outer loop
     vertex -1.815532e-01  2.721759e+01  9.922759e+00
     vertex -1.681556e+00  2.714008e+01  9.868614e+00
     vertex -1.815532e-01  2.714008e+01  9.868614e+00
   endloop
 endfacet
 facet normal  0.000000e+00 -7.521532e-01  6.589883e-01
   outer loop
     vertex -1.815532e-01  2.728234e+01  9.996667e+00
     vertex -1.681556e+00  2.721759e+01  9.922759e+00
     vertex -1.815532e-01  2.721759e+01  9.922759e+00
   endloop
 endfacet
 facet normal  0.000000e+00 -7.521532e-01  6.589883e-01
   outer loop
     vertex -1.815532e-01  2.728234e+01  9.996667e+00
     vertex -1.681556e+00  2.728234e+01  9.996667e+00
     vertex -1.681556e+00  2.721759e+01  9.922759e+00
   endloop
 endfacet
 facet normal  0.000000e+00 -8.906152e-01  4.547578e-01
   outer loop
     vertex -1.815532e-01  2.732743e+01  1.008496e+01
     vertex -1.681556e+00  2.728234e+01  9.996667e+00
     vertex -1.815532e-01  2.728234e+01  9.996667e+00
   endloop
 endfacet
 facet normal  0.000000e+00 -8.906152e-01  4.547578e-01
   outer loop
     vertex -1.815532e-01  2.732743e+01  1.008496e+01
     vertex -1.681556e+00  2.732743e+01  1.008496e+01
     vertex -1.681556e+00  2.728234e+01  9.996667e+00
   endloop
 endfacet
 facet normal  0.000000e+00 -9.745104e-01  2.243424e-01
   outer loop
     vertex -1.815532e-01  2.734920e+01  1.017953e+01
     vertex -1.681556e+00  2.732743e+01  1.008496e+01
     vertex -1.815532e-01  2.732743e+01  1.008496e+01
   endloop
 endfacet
 facet normal  0.000000e+00 -9.745104e-01  2.243424e-01
   outer loop
     vertex -1.815532e-01  2.734920e+01  1.017953e+01
     vertex -1.681556e+00  2.734920e+01  1.017953e+01
     vertex -1.681556e+00  2.732743e+01  1.008496e+01
   endloop
 endfacet
 facet normal  0.000000e+00 -9.999399e-01 -1.096514e-02
   outer loop
     vertex -1.815532e-01  2.734819e+01  1.027184e+01
     vertex -1.681556e+00  2.734920e+01  1.017953e+01
     vertex -1.815532e-01  2.734920e+01  1.017953e+01
   endloop
 endfacet
 facet normal -0.000000e+00 -9.999399e-01 -1.096514e-02
   outer loop
     vertex -1.815532e-01  2.734819e+01  1.027184e+01
     vertex -1.681556e+00  2.734819e+01  1.027184e+01
     vertex -1.681556e+00  2.734920e+01  1.017953e+01
   endloop
 endfacet
 facet normal -0.000000e+00 -9.727658e-01 -2.317902e-01
   outer loop
     vertex -1.815532e-01  2.734819e+01  1.027184e+01
     vertex -1.681556e+00  2.732833e+01  1.035519e+01
     vertex -1.681556e+00  2.734819e+01  1.027184e+01
   endloop
 endfacet
 facet normal -0.000000e+00 -9.727658e-01 -2.317902e-01
   outer loop
     vertex -1.815532e-01  2.732833e+01  1.035519e+01
     vertex -1.681556e+00  2.732833e+01  1.035519e+01
     vertex -1.815532e-01  2.734819e+01  1.027184e+01
   endloop
 endfacet
 facet normal  0.000000e+00 -9.051998e-01 -4.249862e-01
   outer loop
     vertex -1.815532e-01  2.729515e+01  1.042585e+01
     vertex -1.681556e+00  2.732833e+01  1.035519e+01
     vertex -1.815532e-01  2.732833e+01  1.035519e+01
   endloop
 endfacet
 facet normal -0.000000e+00 -9.051998e-01 -4.249862e-01
   outer loop
     vertex -1.815532e-01  2.729515e+01  1.042585e+01
     vertex -1.681556e+00  2.729515e+01  1.042585e+01
     vertex -1.681556e+00  2.732833e+01  1.035519e+01
   endloop
 endfacet
 facet normal  0.000000e+00 -8.046446e-01 -5.937567e-01
   outer loop
     vertex -1.815532e-01  2.724818e+01  1.048951e+01
     vertex -1.681556e+00  2.729515e+01  1.042585e+01
     vertex -1.815532e-01  2.729515e+01  1.042585e+01
   endloop
 endfacet
 facet normal -0.000000e+00 -8.046446e-01 -5.937567e-01
   outer loop
     vertex -1.815532e-01  2.724818e+01  1.048951e+01
     vertex -1.681556e+00  2.724818e+01  1.048951e+01
     vertex -1.681556e+00  2.729515e+01  1.042585e+01
   endloop
 endfacet
 facet normal  0.000000e+00 -6.649652e-01 -7.468743e-01
   outer loop
     vertex -1.815532e-01  2.718343e+01  1.054716e+01
     vertex -1.681556e+00  2.724818e+01  1.048951e+01
     vertex -1.815532e-01  2.724818e+01  1.048951e+01
   endloop
 endfacet
 facet normal -0.000000e+00 -6.649652e-01 -7.468743e-01
   outer loop
     vertex -1.815532e-01  2.718343e+01  1.054716e+01
     vertex -1.681556e+00  2.718343e+01  1.054716e+01
     vertex -1.681556e+00  2.724818e+01  1.048951e+01
   endloop
 endfacet
 facet normal  0.000000e+00 -4.813850e-01 -8.765092e-01
   outer loop
     vertex -1.815532e-01  2.710182e+01  1.059197e+01
     vertex -1.681556e+00  2.718343e+01  1.054716e+01
     vertex -1.815532e-01  2.718343e+01  1.054716e+01
   endloop
 endfacet
 facet normal -0.000000e+00 -4.813850e-01 -8.765092e-01
   outer loop
     vertex -1.815532e-01  2.710182e+01  1.059197e+01
     vertex -1.681556e+00  2.710182e+01  1.059197e+01
     vertex -1.681556e+00  2.718343e+01  1.054716e+01
   endloop
 endfacet
 facet normal  0.000000e+00 -2.603843e-01 -9.655051e-01
   outer loop
     vertex -1.815532e-01  2.700768e+01  1.061736e+01
     vertex -1.681556e+00  2.710182e+01  1.059197e+01
     vertex -1.815532e-01  2.710182e+01  1.059197e+01
   endloop
 endfacet
 facet normal -0.000000e+00 -2.603843e-01 -9.655051e-01
   outer loop
     vertex -1.815532e-01  2.700768e+01  1.061736e+01
     vertex -1.681556e+00  2.700768e+01  1.061736e+01
     vertex -1.681556e+00  2.710182e+01  1.059197e+01
   endloop
 endfacet
 facet normal  0.000000e+00 -1.692982e-02 -9.998567e-01
   outer loop
     vertex -1.815532e-01  2.690850e+01  1.061904e+01
     vertex -1.681556e+00  2.700768e+01  1.061736e+01
     vertex -1.815532e-01  2.700768e+01  1.061736e+01
   endloop
 endfacet
 facet normal -0.000000e+00 -1.692982e-02 -9.998567e-01
   outer loop
     vertex -1.815532e-01  2.690850e+01  1.061904e+01
     vertex -1.681556e+00  2.690850e+01  1.061904e+01
     vertex -1.681556e+00  2.700768e+01  1.061736e+01
   endloop
 endfacet
 facet normal  0.000000e+00  2.280417e-01 -9.736514e-01
   outer loop
     vertex -1.815532e-01  2.681317e+01  1.059672e+01
     vertex -1.681556e+00  2.681317e+01  1.059672e+01
     vertex -1.681556e+00  2.690850e+01  1.061904e+01
   endloop
 endfacet
 facet normal  0.000000e+00  2.280417e-01 -9.736514e-01
   outer loop
     vertex -1.815532e-01  2.681317e+01  1.059672e+01
     vertex -1.681556e+00  2.690850e+01  1.061904e+01
     vertex -1.815532e-01  2.690850e+01  1.061904e+01
   endloop
 endfacet
 facet normal  0.000000e+00  4.531670e-01 -8.914256e-01
   outer loop
     vertex -1.815532e-01  2.672952e+01  1.055419e+01
     vertex -1.681556e+00  2.672952e+01  1.055419e+01
     vertex -1.681556e+00  2.681317e+01  1.059672e+01
   endloop
 endfacet
 facet normal  0.000000e+00  6.424314e-01 -7.663432e-01
   outer loop
     vertex -1.815532e-01  2.672952e+01  1.055419e+01
     vertex -1.681556e+00  2.666234e+01  1.049788e+01
     vertex -1.681556e+00  2.672952e+01  1.055419e+01
   endloop
 endfacet
 facet normal  0.000000e+00  4.531670e-01 -8.914256e-01
   outer loop
     vertex -1.815532e-01  2.672952e+01  1.055419e+01
     vertex -1.681556e+00  2.681317e+01  1.059672e+01
     vertex -1.815532e-01  2.681317e+01  1.059672e+01
   endloop
 endfacet
 facet normal  0.000000e+00  6.424314e-01 -7.663432e-01
   outer loop
     vertex -1.815532e-01  2.666234e+01  1.049788e+01
     vertex -1.681556e+00  2.666234e+01  1.049788e+01
     vertex -1.815532e-01  2.672952e+01  1.055419e+01
   endloop
 endfacet
 facet normal  0.000000e+00  7.881853e-01 -6.154380e-01
   outer loop
     vertex -1.815532e-01  2.661299e+01  1.043467e+01
     vertex -1.681556e+00  2.661299e+01  1.043467e+01
     vertex -1.681556e+00  2.666234e+01  1.049788e+01
   endloop
 endfacet
 facet normal  0.000000e+00  7.881853e-01 -6.154380e-01
   outer loop
     vertex -1.815532e-01  2.661299e+01  1.043467e+01
     vertex -1.681556e+00  2.666234e+01  1.049788e+01
     vertex -1.815532e-01  2.666234e+01  1.049788e+01
   endloop
 endfacet
 facet normal  0.000000e+00  8.934605e-01 -4.491417e-01
   outer loop
     vertex -1.815532e-01  2.657828e+01  1.036563e+01
     vertex -1.681556e+00  2.657828e+01  1.036563e+01
     vertex -1.681556e+00  2.661299e+01  1.043467e+01
   endloop
 endfacet
 facet normal  0.000000e+00  8.934605e-01 -4.491417e-01
   outer loop
     vertex -1.815532e-01  2.657828e+01  1.036563e+01
     vertex -1.681556e+00  2.661299e+01  1.043467e+01
     vertex -1.815532e-01  2.661299e+01  1.043467e+01
   endloop
 endfacet
 facet normal  0.000000e+00  9.656087e-01 -2.599996e-01
   outer loop
     vertex -1.815532e-01  2.655627e+01  1.028386e+01
     vertex -1.681556e+00  2.655627e+01  1.028386e+01
     vertex -1.681556e+00  2.657828e+01  1.036563e+01
   endloop
 endfacet
 facet normal  0.000000e+00  9.656087e-01 -2.599996e-01
   outer loop
     vertex -1.815532e-01  2.655627e+01  1.028386e+01
     vertex -1.681556e+00  2.657828e+01  1.036563e+01
     vertex -1.815532e-01  2.657828e+01  1.036563e+01
   endloop
 endfacet
 facet normal  0.000000e+00  9.991032e-01 -4.234034e-02
   outer loop
     vertex -1.815532e-01  2.655239e+01  1.019244e+01
     vertex -1.681556e+00  2.655627e+01  1.028386e+01
     vertex -1.815532e-01  2.655627e+01  1.028386e+01
   endloop
 endfacet
 facet normal  0.000000e+00  9.991032e-01 -4.234034e-02
   outer loop
     vertex -1.815532e-01  2.655239e+01  1.019244e+01
     vertex -1.681556e+00  2.655239e+01  1.019244e+01
     vertex -1.681556e+00  2.655627e+01  1.028386e+01
   endloop
 endfacet
 facet normal  0.000000e+00  9.813901e-01  1.920246e-01
   outer loop
     vertex -1.815532e-01  2.657093e+01  1.009770e+01
     vertex -1.681556e+00  2.657093e+01  1.009770e+01
     vertex -1.681556e+00  2.655239e+01  1.019244e+01
   endloop
 endfacet
 facet normal  0.000000e+00  9.813901e-01  1.920246e-01
   outer loop
     vertex -1.815532e-01  2.657093e+01  1.009770e+01
     vertex -1.681556e+00  2.655239e+01  1.019244e+01
     vertex -1.815532e-01  2.655239e+01  1.019244e+01
   endloop
 endfacet
 facet normal  0.000000e+00  9.054837e-01  4.243809e-01
   outer loop
     vertex -1.815532e-01  2.661296e+01  1.000804e+01
     vertex -1.681556e+00  2.661296e+01  1.000804e+01
     vertex -1.681556e+00  2.657093e+01  1.009770e+01
   endloop
 endfacet
 facet normal  0.000000e+00  9.054837e-01  4.243809e-01
   outer loop
     vertex -1.815532e-01  2.661296e+01  1.000804e+01
     vertex -1.681556e+00  2.657093e+01  1.009770e+01
     vertex -1.815532e-01  2.657093e+01  1.009770e+01
   endloop
 endfacet
 facet normal  0.000000e+00  7.738624e-01  6.333537e-01
   outer loop
     vertex -1.815532e-01  2.667538e+01  9.931766e+00
     vertex -1.681556e+00  2.667538e+01  9.931766e+00
     vertex -1.681556e+00  2.661296e+01  1.000804e+01
   endloop
 endfacet
 facet normal  0.000000e+00  7.738624e-01  6.333537e-01
   outer loop
     vertex -1.815532e-01  2.667538e+01  9.931766e+00
     vertex -1.681556e+00  2.661296e+01  1.000804e+01
     vertex -1.815532e-01  2.661296e+01  1.000804e+01
   endloop
 endfacet
 facet normal  0.000000e+00  5.988990e-01  8.008246e-01
   outer loop
     vertex -1.815532e-01  2.675162e+01  9.874746e+00
     vertex -1.681556e+00  2.675162e+01  9.874746e+00
     vertex -1.681556e+00  2.667538e+01  9.931766e+00
   endloop
 endfacet
 facet normal  0.000000e+00  5.988990e-01  8.008246e-01
   outer loop
     vertex -1.815532e-01  2.675162e+01  9.874746e+00
     vertex -1.681556e+00  2.667538e+01  9.931766e+00
     vertex -1.815532e-01  2.667538e+01  9.931766e+00
   endloop
 endfacet
 facet normal  0.000000e+00  3.992513e-01  9.168415e-01
   outer loop
     vertex -1.815532e-01  2.683370e+01  9.839002e+00
     vertex -1.681556e+00  2.683370e+01  9.839002e+00
     vertex -1.681556e+00  2.675162e+01  9.874746e+00
   endloop
 endfacet
 facet normal  0.000000e+00  2.194267e-01  9.756290e-01
   outer loop
     vertex -1.815532e-01  2.683370e+01  9.839002e+00
     vertex -1.681556e+00  2.689401e+01  9.825440e+00
     vertex -1.681556e+00  2.683370e+01  9.839002e+00
   endloop
 endfacet
 facet normal  0.000000e+00  3.992513e-01  9.168415e-01
   outer loop
     vertex -1.815532e-01  2.683370e+01  9.839002e+00
     vertex -1.681556e+00  2.675162e+01  9.874746e+00
     vertex -1.815532e-01  2.675162e+01  9.874746e+00
   endloop
 endfacet
 facet normal  0.000000e+00  2.194267e-01  9.756290e-01
   outer loop
     vertex -1.815532e-01  2.689401e+01  9.825440e+00
     vertex -1.681556e+00  2.689401e+01  9.825440e+00
     vertex -1.815532e-01  2.683370e+01  9.839002e+00
   endloop
 endfacet
 facet normal  0.000000e+00  7.188419e-02  9.974130e-01
   outer loop
     vertex -1.815532e-01  2.695137e+01  9.821306e+00
     vertex -1.681556e+00  2.695137e+01  9.821306e+00
     vertex -1.681556e+00  2.689401e+01  9.825440e+00
   endloop
 endfacet
 facet normal  0.000000e+00  7.188419e-02  9.974130e-01
   outer loop
     vertex -1.815532e-01  2.695137e+01  9.821306e+00
     vertex -1.681556e+00  2.689401e+01  9.825440e+00
     vertex -1.815532e-01  2.689401e+01  9.825440e+00
   endloop
 endfacet
 facet normal  0.000000e+00 -1.225485e-01  9.924625e-01
   outer loop
     vertex -1.815532e-01  2.832374e+01  9.833321e+00
     vertex -1.681556e+00  2.822643e+01  9.821306e+00
     vertex -1.815532e-01  2.822643e+01  9.821306e+00
   endloop
 endfacet
 facet normal  0.000000e+00 -1.225485e-01  9.924625e-01
   outer loop
     vertex -1.815532e-01  2.832374e+01  9.833321e+00
     vertex -1.681556e+00  2.832374e+01  9.833321e+00
     vertex -1.681556e+00  2.822643e+01  9.821306e+00
   endloop
 endfacet
 facet normal  0.000000e+00 -3.602077e-01  9.328721e-01
   outer loop
     vertex -1.815532e-01  2.841514e+01  9.868614e+00
     vertex -1.681556e+00  2.841514e+01  9.868614e+00
     vertex -1.681556e+00  2.832374e+01  9.833321e+00
   endloop
 endfacet
 facet normal  0.000000e+00 -3.602077e-01  9.328721e-01
   outer loop
     vertex -1.815532e-01  2.841514e+01  9.868614e+00
     vertex -1.681556e+00  2.832374e+01  9.833321e+00
     vertex -1.815532e-01  2.832374e+01  9.833321e+00
   endloop
 endfacet
 facet normal  0.000000e+00 -5.726450e-01  8.198034e-01
   outer loop
     vertex -1.815532e-01  2.849266e+01  9.922759e+00
     vertex -1.681556e+00  2.849266e+01  9.922759e+00
     vertex -1.681556e+00  2.841514e+01  9.868614e+00
   endloop
 endfacet
 facet normal  0.000000e+00 -5.726450e-01  8.198034e-01
   outer loop
     vertex -1.815532e-01  2.849266e+01  9.922759e+00
     vertex -1.681556e+00  2.841514e+01  9.868614e+00
     vertex -1.815532e-01  2.841514e+01  9.868614e+00
   endloop
 endfacet
 facet normal  0.000000e+00 -7.521532e-01  6.589883e-01
   outer loop
     vertex -1.815532e-01  2.855741e+01  9.996667e+00
     vertex -1.681556e+00  2.849266e+01  9.922759e+00
     vertex -1.815532e-01  2.849266e+01  9.922759e+00
   endloop
 endfacet
 facet normal  0.000000e+00 -7.521532e-01  6.589883e-01
   outer loop
     vertex -1.815532e-01  2.855741e+01  9.996667e+00
     vertex -1.681556e+00  2.855741e+01  9.996667e+00
     vertex -1.681556e+00  2.849266e+01  9.922759e+00
   endloop
 endfacet
 facet normal  0.000000e+00 -8.906152e-01  4.547578e-01
   outer loop
     vertex -1.815532e-01  2.860249e+01  1.008496e+01
     vertex -1.681556e+00  2.855741e+01  9.996667e+00
     vertex -1.815532e-01  2.855741e+01  9.996667e+00
   endloop
 endfacet
 facet normal  0.000000e+00 -8.906152e-01  4.547578e-01
   outer loop
     vertex -1.815532e-01  2.860249e+01  1.008496e+01
     vertex -1.681556e+00  2.860249e+01  1.008496e+01
     vertex -1.681556e+00  2.855741e+01  9.996667e+00
   endloop
 endfacet
 facet normal  0.000000e+00 -9.745104e-01  2.243424e-01
   outer loop
     vertex -1.815532e-01  2.862426e+01  1.017953e+01
     vertex -1.681556e+00  2.860249e+01  1.008496e+01
     vertex -1.815532e-01  2.860249e+01  1.008496e+01
   endloop
 endfacet
 facet normal  0.000000e+00 -9.745104e-01  2.243424e-01
   outer loop
     vertex -1.815532e-01  2.862426e+01  1.017953e+01
     vertex -1.681556e+00  2.862426e+01  1.017953e+01
     vertex -1.681556e+00  2.860249e+01  1.008496e+01
   endloop
 endfacet
 facet normal  0.000000e+00 -9.999399e-01 -1.096514e-02
   outer loop
     vertex -1.815532e-01  2.862325e+01  1.027184e+01
     vertex -1.681556e+00  2.862426e+01  1.017953e+01
     vertex -1.815532e-01  2.862426e+01  1.017953e+01
   endloop
 endfacet
 facet normal -0.000000e+00 -9.999399e-01 -1.096514e-02
   outer loop
     vertex -1.815532e-01  2.862325e+01  1.027184e+01
     vertex -1.681556e+00  2.862325e+01  1.027184e+01
     vertex -1.681556e+00  2.862426e+01  1.017953e+01
   endloop
 endfacet
 facet normal -0.000000e+00 -9.727658e-01 -2.317902e-01
   outer loop
     vertex -1.815532e-01  2.862325e+01  1.027184e+01
     vertex -1.681556e+00  2.860339e+01  1.035519e+01
     vertex -1.681556e+00  2.862325e+01  1.027184e+01
   endloop
 endfacet
 facet normal -0.000000e+00 -9.727658e-01 -2.317902e-01
   outer loop
     vertex -1.815532e-01  2.860339e+01  1.035519e+01
     vertex -1.681556e+00  2.860339e+01  1.035519e+01
     vertex -1.815532e-01  2.862325e+01  1.027184e+01
   endloop
 endfacet
 facet normal  0.000000e+00 -9.051998e-01 -4.249862e-01
   outer loop
     vertex -1.815532e-01  2.857022e+01  1.042585e+01
     vertex -1.681556e+00  2.860339e+01  1.035519e+01
     vertex -1.815532e-01  2.860339e+01  1.035519e+01
   endloop
 endfacet
 facet normal -0.000000e+00 -9.051998e-01 -4.249862e-01
   outer loop
     vertex -1.815532e-01  2.857022e+01  1.042585e+01
     vertex -1.681556e+00  2.857022e+01  1.042585e+01
     vertex -1.681556e+00  2.860339e+01  1.035519e+01
   endloop
 endfacet
 facet normal  0.000000e+00 -8.046446e-01 -5.937567e-01
   outer loop
     vertex -1.815532e-01  2.852324e+01  1.048951e+01
     vertex -1.681556e+00  2.857022e+01  1.042585e+01
     vertex -1.815532e-01  2.857022e+01  1.042585e+01
   endloop
 endfacet
 facet normal -0.000000e+00 -8.046446e-01 -5.937567e-01
   outer loop
     vertex -1.815532e-01  2.852324e+01  1.048951e+01
     vertex -1.681556e+00  2.852324e+01  1.048951e+01
     vertex -1.681556e+00  2.857022e+01  1.042585e+01
   endloop
 endfacet
 facet normal  0.000000e+00 -6.649652e-01 -7.468743e-01
   outer loop
     vertex -1.815532e-01  2.845849e+01  1.054716e+01
     vertex -1.681556e+00  2.852324e+01  1.048951e+01
     vertex -1.815532e-01  2.852324e+01  1.048951e+01
   endloop
 endfacet
 facet normal -0.000000e+00 -6.649652e-01 -7.468743e-01
   outer loop
     vertex -1.815532e-01  2.845849e+01  1.054716e+01
     vertex -1.681556e+00  2.845849e+01  1.054716e+01
     vertex -1.681556e+00  2.852324e+01  1.048951e+01
   endloop
 endfacet
 facet normal  0.000000e+00 -4.813850e-01 -8.765092e-01
   outer loop
     vertex -1.815532e-01  2.837689e+01  1.059197e+01
     vertex -1.681556e+00  2.845849e+01  1.054716e+01
     vertex -1.815532e-01  2.845849e+01  1.054716e+01
   endloop
 endfacet
 facet normal -0.000000e+00 -4.813850e-01 -8.765092e-01
   outer loop
     vertex -1.815532e-01  2.837689e+01  1.059197e+01
     vertex -1.681556e+00  2.837689e+01  1.059197e+01
     vertex -1.681556e+00  2.845849e+01  1.054716e+01
   endloop
 endfacet
 facet normal  0.000000e+00 -2.603843e-01 -9.655051e-01
   outer loop
     vertex -1.815532e-01  2.828275e+01  1.061736e+01
     vertex -1.681556e+00  2.837689e+01  1.059197e+01
     vertex -1.815532e-01  2.837689e+01  1.059197e+01
   endloop
 endfacet
 facet normal -0.000000e+00 -2.603843e-01 -9.655051e-01
   outer loop
     vertex -1.815532e-01  2.828275e+01  1.061736e+01
     vertex -1.681556e+00  2.828275e+01  1.061736e+01
     vertex -1.681556e+00  2.837689e+01  1.059197e+01
   endloop
 endfacet
 facet normal  0.000000e+00 -1.692982e-02 -9.998567e-01
   outer loop
     vertex -1.815532e-01  2.818356e+01  1.061904e+01
     vertex -1.681556e+00  2.828275e+01  1.061736e+01
     vertex -1.815532e-01  2.828275e+01  1.061736e+01
   endloop
 endfacet
 facet normal -0.000000e+00 -1.692982e-02 -9.998567e-01
   outer loop
     vertex -1.815532e-01  2.818356e+01  1.061904e+01
     vertex -1.681556e+00  2.818356e+01  1.061904e+01
     vertex -1.681556e+00  2.828275e+01  1.061736e+01
   endloop
 endfacet
 facet normal  0.000000e+00  2.280417e-01 -9.736514e-01
   outer loop
     vertex -1.815532e-01  2.808824e+01  1.059672e+01
     vertex -1.681556e+00  2.808824e+01  1.059672e+01
     vertex -1.681556e+00  2.818356e+01  1.061904e+01
   endloop
 endfacet
 facet normal  0.000000e+00  2.280417e-01 -9.736514e-01
   outer loop
     vertex -1.815532e-01  2.808824e+01  1.059672e+01
     vertex -1.681556e+00  2.818356e+01  1.061904e+01
     vertex -1.815532e-01  2.818356e+01  1.061904e+01
   endloop
 endfacet
 facet normal  0.000000e+00  4.531670e-01 -8.914256e-01
   outer loop
     vertex -1.815532e-01  2.800458e+01  1.055419e+01
     vertex -1.681556e+00  2.800458e+01  1.055419e+01
     vertex -1.681556e+00  2.808824e+01  1.059672e+01
   endloop
 endfacet
 facet normal  0.000000e+00  6.424314e-01 -7.663432e-01
   outer loop
     vertex -1.815532e-01  2.800458e+01  1.055419e+01
     vertex -1.681556e+00  2.793741e+01  1.049788e+01
     vertex -1.681556e+00  2.800458e+01  1.055419e+01
   endloop
 endfacet
 facet normal  0.000000e+00  4.531670e-01 -8.914256e-01
   outer loop
     vertex -1.815532e-01  2.800458e+01  1.055419e+01
     vertex -1.681556e+00  2.808824e+01  1.059672e+01
     vertex -1.815532e-01  2.808824e+01  1.059672e+01
   endloop
 endfacet
 facet normal  0.000000e+00  6.424314e-01 -7.663432e-01
   outer loop
     vertex -1.815532e-01  2.793741e+01  1.049788e+01
     vertex -1.681556e+00  2.793741e+01  1.049788e+01
     vertex -1.815532e-01  2.800458e+01  1.055419e+01
   endloop
 endfacet
 facet normal  0.000000e+00  7.881853e-01 -6.154380e-01
   outer loop
     vertex -1.815532e-01  2.788806e+01  1.043467e+01
     vertex -1.681556e+00  2.788806e+01  1.043467e+01
     vertex -1.681556e+00  2.793741e+01  1.049788e+01
   endloop
 endfacet
 facet normal  0.000000e+00  7.881853e-01 -6.154380e-01
   outer loop
     vertex -1.815532e-01  2.788806e+01  1.043467e+01
     vertex -1.681556e+00  2.793741e+01  1.049788e+01
     vertex -1.815532e-01  2.793741e+01  1.049788e+01
   endloop
 endfacet
 facet normal  0.000000e+00  8.934605e-01 -4.491417e-01
   outer loop
     vertex -1.815532e-01  2.785335e+01  1.036563e+01
     vertex -1.681556e+00  2.785335e+01  1.036563e+01
     vertex -1.681556e+00  2.788806e+01  1.043467e+01
   endloop
 endfacet
 facet normal  0.000000e+00  8.934605e-01 -4.491417e-01
   outer loop
     vertex -1.815532e-01  2.785335e+01  1.036563e+01
     vertex -1.681556e+00  2.788806e+01  1.043467e+01
     vertex -1.815532e-01  2.788806e+01  1.043467e+01
   endloop
 endfacet
 facet normal  0.000000e+00  9.656087e-01 -2.599996e-01
   outer loop
     vertex -1.815532e-01  2.783133e+01  1.028386e+01
     vertex -1.681556e+00  2.783133e+01  1.028386e+01
     vertex -1.681556e+00  2.785335e+01  1.036563e+01
   endloop
 endfacet
 facet normal  0.000000e+00  9.656087e-01 -2.599996e-01
   outer loop
     vertex -1.815532e-01  2.783133e+01  1.028386e+01
     vertex -1.681556e+00  2.785335e+01  1.036563e+01
     vertex -1.815532e-01  2.785335e+01  1.036563e+01
   endloop
 endfacet
 facet normal  0.000000e+00  9.991032e-01 -4.234034e-02
   outer loop
     vertex -1.815532e-01  2.782746e+01  1.019244e+01
     vertex -1.681556e+00  2.783133e+01  1.028386e+01
     vertex -1.815532e-01  2.783133e+01  1.028386e+01
   endloop
 endfacet
 facet normal  0.000000e+00  9.991032e-01 -4.234034e-02
   outer loop
     vertex -1.815532e-01  2.782746e+01  1.019244e+01
     vertex -1.681556e+00  2.782746e+01  1.019244e+01
     vertex -1.681556e+00  2.783133e+01  1.028386e+01
   endloop
 endfacet
 facet normal  0.000000e+00  9.813901e-01  1.920246e-01
   outer loop
     vertex -1.815532e-01  2.784599e+01  1.009770e+01
     vertex -1.681556e+00  2.784599e+01  1.009770e+01
     vertex -1.681556e+00  2.782746e+01  1.019244e+01
   endloop
 endfacet
 facet normal  0.000000e+00  9.813901e-01  1.920246e-01
   outer loop
     vertex -1.815532e-01  2.784599e+01  1.009770e+01
     vertex -1.681556e+00  2.782746e+01  1.019244e+01
     vertex -1.815532e-01  2.782746e+01  1.019244e+01
   endloop
 endfacet
 facet normal  0.000000e+00  9.054837e-01  4.243809e-01
   outer loop
     vertex -1.815532e-01  2.788802e+01  1.000804e+01
     vertex -1.681556e+00  2.788802e+01  1.000804e+01
     vertex -1.681556e+00  2.784599e+01  1.009770e+01
   endloop
 endfacet
 facet normal  0.000000e+00  9.054837e-01  4.243809e-01
   outer loop
     vertex -1.815532e-01  2.788802e+01  1.000804e+01
     vertex -1.681556e+00  2.784599e+01  1.009770e+01
     vertex -1.815532e-01  2.784599e+01  1.009770e+01
   endloop
 endfacet
 facet normal  0.000000e+00  7.738624e-01  6.333537e-01
   outer loop
     vertex -1.815532e-01  2.795044e+01  9.931766e+00
     vertex -1.681556e+00  2.795044e+01  9.931766e+00
     vertex -1.681556e+00  2.788802e+01  1.000804e+01
   endloop
 endfacet
 facet normal  0.000000e+00  7.738624e-01  6.333537e-01
   outer loop
     vertex -1.815532e-01  2.795044e+01  9.931766e+00
     vertex -1.681556e+00  2.788802e+01  1.000804e+01
     vertex -1.815532e-01  2.788802e+01  1.000804e+01
   endloop
 endfacet
 facet normal  0.000000e+00  5.988990e-01  8.008246e-01
   outer loop
     vertex -1.815532e-01  2.802669e+01  9.874746e+00
     vertex -1.681556e+00  2.802669e+01  9.874746e+00
     vertex -1.681556e+00  2.795044e+01  9.931766e+00
   endloop
 endfacet
 facet normal  0.000000e+00  5.988990e-01  8.008246e-01
   outer loop
     vertex -1.815532e-01  2.802669e+01  9.874746e+00
     vertex -1.681556e+00  2.795044e+01  9.931766e+00
     vertex -1.815532e-01  2.795044e+01  9.931766e+00
   endloop
 endfacet
 facet normal  0.000000e+00  3.992513e-01  9.168415e-01
   outer loop
     vertex -1.815532e-01  2.810877e+01  9.839002e+00
     vertex -1.681556e+00  2.810877e+01  9.839002e+00
     vertex -1.681556e+00  2.802669e+01  9.874746e+00
   endloop
 endfacet
 facet normal  0.000000e+00  2.194267e-01  9.756290e-01
   outer loop
     vertex -1.815532e-01  2.810877e+01  9.839002e+00
     vertex -1.681556e+00  2.816907e+01  9.825440e+00
     vertex -1.681556e+00  2.810877e+01  9.839002e+00
   endloop
 endfacet
 facet normal  0.000000e+00  3.992513e-01  9.168415e-01
   outer loop
     vertex -1.815532e-01  2.810877e+01  9.839002e+00
     vertex -1.681556e+00  2.802669e+01  9.874746e+00
     vertex -1.815532e-01  2.802669e+01  9.874746e+00
   endloop
 endfacet
 facet normal  0.000000e+00  7.188419e-02  9.974130e-01
   outer loop
     vertex -1.815532e-01  2.816907e+01  9.825440e+00
     vertex -1.681556e+00  2.822643e+01  9.821306e+00
     vertex -1.681556e+00  2.816907e+01  9.825440e+00
   endloop
 endfacet
 facet normal  0.000000e+00  2.194267e-01  9.756290e-01
   outer loop
     vertex -1.815532e-01  2.816907e+01  9.825440e+00
     vertex -1.681556e+00  2.816907e+01  9.825440e+00
     vertex -1.815532e-01  2.810877e+01  9.839002e+00
   endloop
 endfacet
 facet normal  0.000000e+00  7.188419e-02  9.974130e-01
   outer loop
     vertex -1.815532e-01  2.822643e+01  9.821306e+00
     vertex -1.681556e+00  2.822643e+01  9.821306e+00
     vertex -1.815532e-01  2.816907e+01  9.825440e+00
   endloop
 endfacet
 facet normal  0.000000e+00 -6.508586e-02  9.978797e-01
   outer loop
     vertex -1.815532e-01  3.524160e+01  8.167720e+00
     vertex -1.681556e+00  3.497530e+01  8.150351e+00
     vertex -1.815532e-01  3.497530e+01  8.150351e+00
   endloop
 endfacet
 facet normal  0.000000e+00 -6.508586e-02  9.978797e-01
   outer loop
     vertex -1.815532e-01  3.524160e+01  8.167720e+00
     vertex -1.681556e+00  3.524160e+01  8.167720e+00
     vertex -1.681556e+00  3.497530e+01  8.150351e+00
   endloop
 endfacet
 facet normal  0.000000e+00 -1.985356e-01  9.800937e-01
   outer loop
     vertex -1.815532e-01  3.552107e+01  8.224331e+00
     vertex -1.681556e+00  3.524160e+01  8.167720e+00
     vertex -1.815532e-01  3.524160e+01  8.167720e+00
   endloop
 endfacet
 facet normal  0.000000e+00 -1.985356e-01  9.800937e-01
   outer loop
     vertex -1.815532e-01  3.552107e+01  8.224331e+00
     vertex -1.681556e+00  3.552107e+01  8.224331e+00
     vertex -1.681556e+00  3.524160e+01  8.167720e+00
   endloop
 endfacet
 facet normal  0.000000e+00 -3.277233e-01  9.447738e-01
   outer loop
     vertex -1.815532e-01  3.577048e+01  8.310847e+00
     vertex -1.681556e+00  3.552107e+01  8.224331e+00
     vertex -1.815532e-01  3.552107e+01  8.224331e+00
   endloop
 endfacet
 facet normal  0.000000e+00 -3.277233e-01  9.447738e-01
   outer loop
     vertex -1.815532e-01  3.577048e+01  8.310847e+00
     vertex -1.681556e+00  3.577048e+01  8.310847e+00
     vertex -1.681556e+00  3.552107e+01  8.224331e+00
   endloop
 endfacet
 facet normal  0.000000e+00 -4.461411e-01  8.949627e-01
   outer loop
     vertex -1.815532e-01  3.600563e+01  8.428071e+00
     vertex -1.681556e+00  3.577048e+01  8.310847e+00
     vertex -1.815532e-01  3.577048e+01  8.310847e+00
   endloop
 endfacet
 facet normal  0.000000e+00 -4.461411e-01  8.949627e-01
   outer loop
     vertex -1.815532e-01  3.600563e+01  8.428071e+00
     vertex -1.681556e+00  3.600563e+01  8.428071e+00
     vertex -1.681556e+00  3.577048e+01  8.310847e+00
   endloop
 endfacet
 facet normal  0.000000e+00 -5.567066e-01  8.307092e-01
   outer loop
     vertex -1.815532e-01  3.600563e+01  8.428071e+00
     vertex -1.681556e+00  3.622293e+01  8.573696e+00
     vertex -1.681556e+00  3.600563e+01  8.428071e+00
   endloop
 endfacet
 facet normal  0.000000e+00 -5.567066e-01  8.307092e-01
   outer loop
     vertex -1.815532e-01  3.622293e+01  8.573696e+00
     vertex -1.681556e+00  3.622293e+01  8.573696e+00
     vertex -1.815532e-01  3.600563e+01  8.428071e+00
   endloop
 endfacet
 facet normal  0.000000e+00 -6.577474e-01  7.532386e-01
   outer loop
     vertex -1.815532e-01  3.641912e+01  8.745016e+00
     vertex -1.681556e+00  3.622293e+01  8.573696e+00
     vertex -1.815532e-01  3.622293e+01  8.573696e+00
   endloop
 endfacet
 facet normal  0.000000e+00 -6.577474e-01  7.532386e-01
   outer loop
     vertex -1.815532e-01  3.641912e+01  8.745016e+00
     vertex -1.681556e+00  3.641912e+01  8.745016e+00
     vertex -1.681556e+00  3.622293e+01  8.573696e+00
   endloop
 endfacet
 facet normal  0.000000e+00 -7.477700e-01  6.639578e-01
   outer loop
     vertex -1.815532e-01  3.659135e+01  8.938981e+00
     vertex -1.681556e+00  3.641912e+01  8.745016e+00
     vertex -1.815532e-01  3.641912e+01  8.745016e+00
   endloop
 endfacet
 facet normal  0.000000e+00 -7.477700e-01  6.639578e-01
   outer loop
     vertex -1.815532e-01  3.659135e+01  8.938981e+00
     vertex -1.681556e+00  3.659135e+01  8.938981e+00
     vertex -1.681556e+00  3.641912e+01  8.745016e+00
   endloop
 endfacet
 facet normal  0.000000e+00 -8.254801e-01  5.644312e-01
   outer loop
     vertex -1.815532e-01  3.659135e+01  8.938981e+00
     vertex -1.681556e+00  3.673717e+01  9.152241e+00
     vertex -1.681556e+00  3.659135e+01  8.938981e+00
   endloop
 endfacet
 facet normal  0.000000e+00 -8.254801e-01  5.644312e-01
   outer loop
     vertex -1.815532e-01  3.673717e+01  9.152241e+00
     vertex -1.681556e+00  3.673717e+01  9.152241e+00
     vertex -1.815532e-01  3.659135e+01  8.938981e+00
   endloop
 endfacet
 facet normal  0.000000e+00 -8.929526e-01  4.501507e-01
   outer loop
     vertex -1.815532e-01  3.686582e+01  9.407445e+00
     vertex -1.681556e+00  3.673717e+01  9.152241e+00
     vertex -1.815532e-01  3.673717e+01  9.152241e+00
   endloop
 endfacet
 facet normal  0.000000e+00 -8.929526e-01  4.501507e-01
   outer loop
     vertex -1.815532e-01  3.686582e+01  9.407445e+00
     vertex -1.681556e+00  3.686582e+01  9.407445e+00
     vertex -1.681556e+00  3.673717e+01  9.152241e+00
   endloop
 endfacet
 facet normal  0.000000e+00 -9.467684e-01  3.219156e-01
   outer loop
     vertex -1.815532e-01  3.695738e+01  9.676722e+00
     vertex -1.681556e+00  3.686582e+01  9.407445e+00
     vertex -1.815532e-01  3.686582e+01  9.407445e+00
   endloop
 endfacet
 facet normal  0.000000e+00 -9.467684e-01  3.219156e-01
   outer loop
     vertex -1.815532e-01  3.695738e+01  9.676722e+00
     vertex -1.681556e+00  3.695738e+01  9.676722e+00
     vertex -1.681556e+00  3.686582e+01  9.407445e+00
   endloop
 endfacet
 facet normal  0.000000e+00 -9.821468e-01  1.881161e-01
   outer loop
     vertex -1.815532e-01  3.701062e+01  9.954712e+00
     vertex -1.681556e+00  3.695738e+01  9.676722e+00
     vertex -1.815532e-01  3.695738e+01  9.676722e+00
   endloop
 endfacet
 facet normal  0.000000e+00 -9.821468e-01  1.881161e-01
   outer loop
     vertex -1.815532e-01  3.701062e+01  9.954712e+00
     vertex -1.681556e+00  3.701062e+01  9.954712e+00
     vertex -1.681556e+00  3.695738e+01  9.676722e+00
   endloop
 endfacet
 facet normal  0.000000e+00 -9.986789e-01  5.138540e-02
   outer loop
     vertex -1.815532e-01  3.701062e+01  9.954712e+00
     vertex -1.681556e+00  3.702510e+01  1.023600e+01
     vertex -1.681556e+00  3.701062e+01  9.954712e+00
   endloop
 endfacet
 facet normal  0.000000e+00 -9.986789e-01  5.138540e-02
   outer loop
     vertex -1.815532e-01  3.702510e+01  1.023600e+01
     vertex -1.681556e+00  3.702510e+01  1.023600e+01
     vertex -1.815532e-01  3.701062e+01  9.954712e+00
   endloop
 endfacet
 facet normal  0.000000e+00 -9.963258e-01 -8.564378e-02
   outer loop
     vertex -1.815532e-01  3.700109e+01  1.051524e+01
     vertex -1.681556e+00  3.702510e+01  1.023600e+01
     vertex -1.815532e-01  3.702510e+01  1.023600e+01
   endloop
 endfacet
 facet normal -0.000000e+00 -9.963258e-01 -8.564378e-02
   outer loop
     vertex -1.815532e-01  3.700109e+01  1.051524e+01
     vertex -1.681556e+00  3.700109e+01  1.051524e+01
     vertex -1.681556e+00  3.702510e+01  1.023600e+01
   endloop
 endfacet
 facet normal -0.000000e+00 -9.754118e-01 -2.203901e-01
   outer loop
     vertex -1.815532e-01  3.700109e+01  1.051524e+01
     vertex -1.681556e+00  3.693964e+01  1.078722e+01
     vertex -1.681556e+00  3.700109e+01  1.051524e+01
   endloop
 endfacet
 facet normal -0.000000e+00 -9.754118e-01 -2.203901e-01
   outer loop
     vertex -1.815532e-01  3.693964e+01  1.078722e+01
     vertex -1.681556e+00  3.693964e+01  1.078722e+01
     vertex -1.815532e-01  3.700109e+01  1.051524e+01
   endloop
 endfacet
 facet normal -0.000000e+00 -9.366103e-01 -3.503729e-01
   outer loop
     vertex -1.815532e-01  3.693964e+01  1.078722e+01
     vertex -1.681556e+00  3.684246e+01  1.104700e+01
     vertex -1.681556e+00  3.693964e+01  1.078722e+01
   endloop
 endfacet
 facet normal -0.000000e+00 -9.366103e-01 -3.503729e-01
   outer loop
     vertex -1.815532e-01  3.684246e+01  1.104700e+01
     vertex -1.681556e+00  3.684246e+01  1.104700e+01
     vertex -1.815532e-01  3.693964e+01  1.078722e+01
   endloop
 endfacet
 facet normal -0.000000e+00 -8.807356e-01 -4.736083e-01
   outer loop
     vertex -1.815532e-01  3.671106e+01  1.129135e+01
     vertex -1.681556e+00  3.671106e+01  1.129135e+01
     vertex -1.681556e+00  3.684246e+01  1.104700e+01
   endloop
 endfacet
 facet normal  0.000000e+00 -8.807356e-01 -4.736083e-01
   outer loop
     vertex -1.815532e-01  3.671106e+01  1.129135e+01
     vertex -1.681556e+00  3.684246e+01  1.104700e+01
     vertex -1.815532e-01  3.684246e+01  1.104700e+01
   endloop
 endfacet
 facet normal -0.000000e+00 -8.103027e-01 -5.860115e-01
   outer loop
     vertex -1.815532e-01  3.655493e+01  1.150725e+01
     vertex -1.681556e+00  3.655493e+01  1.150725e+01
     vertex -1.681556e+00  3.671106e+01  1.129135e+01
   endloop
 endfacet
 facet normal  0.000000e+00 -8.103027e-01 -5.860115e-01
   outer loop
     vertex -1.815532e-01  3.655493e+01  1.150725e+01
     vertex -1.681556e+00  3.671106e+01  1.129135e+01
     vertex -1.815532e-01  3.671106e+01  1.129135e+01
   endloop
 endfacet
 facet normal -0.000000e+00 -7.276972e-01 -6.858985e-01
   outer loop
     vertex -1.815532e-01  3.637315e+01  1.170011e+01
     vertex -1.681556e+00  3.637315e+01  1.170011e+01
     vertex -1.681556e+00  3.655493e+01  1.150725e+01
   endloop
 endfacet
 facet normal  0.000000e+00 -7.276972e-01 -6.858985e-01
   outer loop
     vertex -1.815532e-01  3.637315e+01  1.170011e+01
     vertex -1.681556e+00  3.655493e+01  1.150725e+01
     vertex -1.815532e-01  3.655493e+01  1.150725e+01
   endloop
 endfacet
 facet normal -0.000000e+00 -6.333794e-01 -7.738414e-01
   outer loop
     vertex -1.815532e-01  3.616907e+01  1.186714e+01
     vertex -1.681556e+00  3.616907e+01  1.186714e+01
     vertex -1.681556e+00  3.637315e+01  1.170011e+01
   endloop
 endfacet
 facet normal -0.000000e+00 -5.290533e-01 -8.485886e-01
   outer loop
     vertex -1.815532e-01  3.616907e+01  1.186714e+01
     vertex -1.681556e+00  3.594631e+01  1.200602e+01
     vertex -1.681556e+00  3.616907e+01  1.186714e+01
   endloop
 endfacet
 facet normal  0.000000e+00 -6.333794e-01 -7.738414e-01
   outer loop
     vertex -1.815532e-01  3.616907e+01  1.186714e+01
     vertex -1.681556e+00  3.637315e+01  1.170011e+01
     vertex -1.815532e-01  3.637315e+01  1.170011e+01
   endloop
 endfacet
 facet normal -0.000000e+00 -5.290533e-01 -8.485886e-01
   outer loop
     vertex -1.815532e-01  3.594631e+01  1.200602e+01
     vertex -1.681556e+00  3.594631e+01  1.200602e+01
     vertex -1.815532e-01  3.616907e+01  1.186714e+01
   endloop
 endfacet
 facet normal -0.000000e+00 -4.165422e-01 -9.091164e-01
   outer loop
     vertex -1.815532e-01  3.570873e+01  1.211488e+01
     vertex -1.681556e+00  3.570873e+01  1.211488e+01
     vertex -1.681556e+00  3.594631e+01  1.200602e+01
   endloop
 endfacet
 facet normal -0.000000e+00 -2.977605e-01 -9.546406e-01
   outer loop
     vertex -1.815532e-01  3.570873e+01  1.211488e+01
     vertex -1.681556e+00  3.546030e+01  1.219237e+01
     vertex -1.681556e+00  3.570873e+01  1.211488e+01
   endloop
 endfacet
 facet normal  0.000000e+00 -4.165422e-01 -9.091164e-01
   outer loop
     vertex -1.815532e-01  3.570873e+01  1.211488e+01
     vertex -1.681556e+00  3.594631e+01  1.200602e+01
     vertex -1.815532e-01  3.594631e+01  1.200602e+01
   endloop
 endfacet
 facet normal -0.000000e+00 -2.977605e-01 -9.546406e-01
   outer loop
     vertex -1.815532e-01  3.546030e+01  1.219237e+01
     vertex -1.681556e+00  3.546030e+01  1.219237e+01
     vertex -1.815532e-01  3.570873e+01  1.211488e+01
   endloop
 endfacet
 facet normal -0.000000e+00 -1.746836e-01 -9.846246e-01
   outer loop
     vertex -1.815532e-01  3.520511e+01  1.223764e+01
     vertex -1.681556e+00  3.520511e+01  1.223764e+01
     vertex -1.681556e+00  3.546030e+01  1.219237e+01
   endloop
 endfacet
 facet normal -0.000000e+00 -4.931752e-02 -9.987832e-01
   outer loop
     vertex -1.815532e-01  3.520511e+01  1.223764e+01
     vertex -1.681556e+00  3.494730e+01  1.225037e+01
     vertex -1.681556e+00  3.520511e+01  1.223764e+01
   endloop
 endfacet
 facet normal  0.000000e+00 -1.746836e-01 -9.846246e-01
   outer loop
     vertex -1.815532e-01  3.520511e+01  1.223764e+01
     vertex -1.681556e+00  3.546030e+01  1.219237e+01
     vertex -1.815532e-01  3.546030e+01  1.219237e+01
   endloop
 endfacet
 facet normal -0.000000e+00 -4.931752e-02 -9.987832e-01
   outer loop
     vertex -1.815532e-01  3.494730e+01  1.225037e+01
     vertex -1.681556e+00  3.494730e+01  1.225037e+01
     vertex -1.815532e-01  3.520511e+01  1.223764e+01
   endloop
 endfacet
 facet normal  0.000000e+00  8.325747e-02 -9.965281e-01
   outer loop
     vertex -1.815532e-01  3.466276e+01  1.222659e+01
     vertex -1.681556e+00  3.494730e+01  1.225037e+01
     vertex -1.815532e-01  3.494730e+01  1.225037e+01
   endloop
 endfacet
 facet normal  0.000000e+00  8.325747e-02 -9.965281e-01
   outer loop
     vertex -1.815532e-01  3.466276e+01  1.222659e+01
     vertex -1.681556e+00  3.466276e+01  1.222659e+01
     vertex -1.681556e+00  3.494730e+01  1.225037e+01
   endloop
 endfacet
 facet normal  0.000000e+00  2.205776e-01 -9.753694e-01
   outer loop
     vertex -1.815532e-01  3.438560e+01  1.216392e+01
     vertex -1.681556e+00  3.466276e+01  1.222659e+01
     vertex -1.815532e-01  3.466276e+01  1.222659e+01
   endloop
 endfacet
 facet normal  0.000000e+00  2.205776e-01 -9.753694e-01
   outer loop
     vertex -1.815532e-01  3.438560e+01  1.216392e+01
     vertex -1.681556e+00  3.438560e+01  1.216392e+01
     vertex -1.681556e+00  3.466276e+01  1.222659e+01
   endloop
 endfacet
 facet normal  0.000000e+00  3.530102e-01 -9.356195e-01
   outer loop
     vertex -1.815532e-01  3.438560e+01  1.216392e+01
     vertex -1.681556e+00  3.412103e+01  1.206409e+01
     vertex -1.681556e+00  3.438560e+01  1.216392e+01
   endloop
 endfacet
 facet normal  0.000000e+00  3.530102e-01 -9.356195e-01
   outer loop
     vertex -1.815532e-01  3.412103e+01  1.206409e+01
     vertex -1.681556e+00  3.412103e+01  1.206409e+01
     vertex -1.815532e-01  3.438560e+01  1.216392e+01
   endloop
 endfacet
 facet normal  0.000000e+00  4.781024e-01 -8.783041e-01
   outer loop
     vertex -1.815532e-01  3.387388e+01  1.192956e+01
     vertex -1.681556e+00  3.412103e+01  1.206409e+01
     vertex -1.815532e-01  3.412103e+01  1.206409e+01
   endloop
 endfacet
 facet normal  0.000000e+00  4.781024e-01 -8.783041e-01
   outer loop
     vertex -1.815532e-01  3.387388e+01  1.192956e+01
     vertex -1.681556e+00  3.387388e+01  1.192956e+01
     vertex -1.681556e+00  3.412103e+01  1.206409e+01
   endloop
 endfacet
 facet normal  0.000000e+00  5.935950e-01 -8.047639e-01
   outer loop
     vertex -1.815532e-01  3.364854e+01  1.176335e+01
     vertex -1.681556e+00  3.364854e+01  1.176335e+01
     vertex -1.681556e+00  3.387388e+01  1.192956e+01
   endloop
 endfacet
 facet normal  0.000000e+00  6.974621e-01 -7.166216e-01
   outer loop
     vertex -1.815532e-01  3.364854e+01  1.176335e+01
     vertex -1.681556e+00  3.344892e+01  1.156907e+01
     vertex -1.681556e+00  3.364854e+01  1.176335e+01
   endloop
 endfacet
 facet normal  0.000000e+00  5.935950e-01 -8.047639e-01
   outer loop
     vertex -1.815532e-01  3.364854e+01  1.176335e+01
     vertex -1.681556e+00  3.387388e+01  1.192956e+01
     vertex -1.815532e-01  3.387388e+01  1.192956e+01
   endloop
 endfacet
 facet normal  0.000000e+00  6.974621e-01 -7.166216e-01
   outer loop
     vertex -1.815532e-01  3.344892e+01  1.156907e+01
     vertex -1.681556e+00  3.344892e+01  1.156907e+01
     vertex -1.815532e-01  3.364854e+01  1.176335e+01
   endloop
 endfacet
 facet normal  0.000000e+00  7.879459e-01 -6.157445e-01
   outer loop
     vertex -1.815532e-01  3.327832e+01  1.135075e+01
     vertex -1.681556e+00  3.344892e+01  1.156907e+01
     vertex -1.815532e-01  3.344892e+01  1.156907e+01
   endloop
 endfacet
 facet normal  0.000000e+00  7.879459e-01 -6.157445e-01
   outer loop
     vertex -1.815532e-01  3.327832e+01  1.135075e+01
     vertex -1.681556e+00  3.327832e+01  1.135075e+01
     vertex -1.681556e+00  3.344892e+01  1.156907e+01
   endloop
 endfacet
 facet normal  0.000000e+00  8.641720e-01 -5.031965e-01
   outer loop
     vertex -1.815532e-01  3.313728e+01  1.110854e+01
     vertex -1.681556e+00  3.327832e+01  1.135075e+01
     vertex -1.815532e-01  3.327832e+01  1.135075e+01
   endloop
 endfacet
 facet normal  0.000000e+00  8.641720e-01 -5.031965e-01
   outer loop
     vertex -1.815532e-01  3.313728e+01  1.110854e+01
     vertex -1.681556e+00  3.313728e+01  1.110854e+01
     vertex -1.681556e+00  3.327832e+01  1.135075e+01
   endloop
 endfacet
 facet normal  0.000000e+00  9.234077e-01 -3.838204e-01
   outer loop
     vertex -1.815532e-01  3.313728e+01  1.110854e+01
     vertex -1.681556e+00  3.303514e+01  1.086279e+01
     vertex -1.681556e+00  3.313728e+01  1.110854e+01
   endloop
 endfacet
 facet normal  0.000000e+00  9.234077e-01 -3.838204e-01
   outer loop
     vertex -1.815532e-01  3.303514e+01  1.086279e+01
     vertex -1.681556e+00  3.303514e+01  1.086279e+01
     vertex -1.815532e-01  3.313728e+01  1.110854e+01
   endloop
 endfacet
 facet normal  0.000000e+00  9.652591e-01 -2.612945e-01
   outer loop
     vertex -1.815532e-01  3.296596e+01  1.060724e+01
     vertex -1.681556e+00  3.303514e+01  1.086279e+01
     vertex -1.815532e-01  3.303514e+01  1.086279e+01
   endloop
 endfacet
 facet normal  0.000000e+00  9.652591e-01 -2.612945e-01
   outer loop
     vertex -1.815532e-01  3.296596e+01  1.060724e+01
     vertex -1.681556e+00  3.296596e+01  1.060724e+01
     vertex -1.681556e+00  3.303514e+01  1.086279e+01
   endloop
 endfacet
 facet normal  0.000000e+00  9.908407e-01 -1.350357e-01
   outer loop
     vertex -1.815532e-01  3.293038e+01  1.034620e+01
     vertex -1.681556e+00  3.296596e+01  1.060724e+01
     vertex -1.815532e-01  3.296596e+01  1.060724e+01
   endloop
 endfacet
 facet normal  0.000000e+00  9.908407e-01 -1.350357e-01
   outer loop
     vertex -1.815532e-01  3.293038e+01  1.034620e+01
     vertex -1.681556e+00  3.293038e+01  1.034620e+01
     vertex -1.681556e+00  3.296596e+01  1.060724e+01
   endloop
 endfacet
 facet normal  0.000000e+00  9.999745e-01 -7.145718e-03
   outer loop
     vertex -1.815532e-01  3.293038e+01  1.034620e+01
     vertex -1.681556e+00  3.292851e+01  1.008395e+01
     vertex -1.681556e+00  3.293038e+01  1.034620e+01
   endloop
 endfacet
 facet normal  0.000000e+00  9.999745e-01 -7.145718e-03
   outer loop
     vertex -1.815532e-01  3.292851e+01  1.008395e+01
     vertex -1.681556e+00  3.292851e+01  1.008395e+01
     vertex -1.815532e-01  3.293038e+01  1.034620e+01
   endloop
 endfacet
 facet normal  0.000000e+00  9.927387e-01  1.202906e-01
   outer loop
     vertex -1.815532e-01  3.295992e+01  9.824742e+00
     vertex -1.681556e+00  3.292851e+01  1.008395e+01
     vertex -1.815532e-01  3.292851e+01  1.008395e+01
   endloop
 endfacet
 facet normal  0.000000e+00  9.927387e-01  1.202906e-01
   outer loop
     vertex -1.815532e-01  3.295992e+01  9.824742e+00
     vertex -1.681556e+00  3.295992e+01  9.824742e+00
     vertex -1.681556e+00  3.292851e+01  1.008395e+01
   endloop
 endfacet
 facet normal  0.000000e+00  9.694635e-01  2.452356e-01
   outer loop
     vertex -1.815532e-01  3.302368e+01  9.572674e+00
     vertex -1.681556e+00  3.295992e+01  9.824742e+00
     vertex -1.815532e-01  3.295992e+01  9.824742e+00
   endloop
 endfacet
 facet normal  0.000000e+00  9.694635e-01  2.452356e-01
   outer loop
     vertex -1.815532e-01  3.302368e+01  9.572674e+00
     vertex -1.681556e+00  3.302368e+01  9.572674e+00
     vertex -1.681556e+00  3.295992e+01  9.824742e+00
   endloop
 endfacet
 facet normal  0.000000e+00  9.307216e-01  3.657286e-01
   outer loop
     vertex -1.815532e-01  3.311839e+01  9.331666e+00
     vertex -1.681556e+00  3.302368e+01  9.572674e+00
     vertex -1.815532e-01  3.302368e+01  9.572674e+00
   endloop
 endfacet
 facet normal  0.000000e+00  9.307216e-01  3.657286e-01
   outer loop
     vertex -1.815532e-01  3.311839e+01  9.331666e+00
     vertex -1.681556e+00  3.311839e+01  9.331666e+00
     vertex -1.681556e+00  3.302368e+01  9.572674e+00
   endloop
 endfacet
 facet normal  0.000000e+00  8.773156e-01  4.799140e-01
   outer loop
     vertex -1.815532e-01  3.324216e+01  9.105393e+00
     vertex -1.681556e+00  3.311839e+01  9.331666e+00
     vertex -1.815532e-01  3.311839e+01  9.331666e+00
   endloop
 endfacet
 facet normal  0.000000e+00  8.773156e-01  4.799140e-01
   outer loop
     vertex -1.815532e-01  3.324216e+01  9.105393e+00
     vertex -1.681556e+00  3.324216e+01  9.105393e+00
     vertex -1.681556e+00  3.311839e+01  9.331666e+00
   endloop
 endfacet
 facet normal  0.000000e+00  8.061782e-01  5.916728e-01
   outer loop
     vertex -1.815532e-01  3.341095e+01  8.875413e+00
     vertex -1.681556e+00  3.324216e+01  9.105393e+00
     vertex -1.815532e-01  3.324216e+01  9.105393e+00
   endloop
 endfacet
 facet normal  0.000000e+00  8.061782e-01  5.916728e-01
   outer loop
     vertex -1.815532e-01  3.341095e+01  8.875413e+00
     vertex -1.681556e+00  3.341095e+01  8.875413e+00
     vertex -1.681556e+00  3.324216e+01  9.105393e+00
   endloop
 endfacet
 facet normal  0.000000e+00  7.164763e-01  6.976114e-01
   outer loop
     vertex -1.815532e-01  3.341095e+01  8.875413e+00
     vertex -1.681556e+00  3.360900e+01  8.672009e+00
     vertex -1.681556e+00  3.341095e+01  8.875413e+00
   endloop
 endfacet
 facet normal  0.000000e+00  7.164763e-01  6.976114e-01
   outer loop
     vertex -1.815532e-01  3.360900e+01  8.672009e+00
     vertex -1.681556e+00  3.360900e+01  8.672009e+00
     vertex -1.815532e-01  3.341095e+01  8.875413e+00
   endloop
 endfacet
 facet normal  0.000000e+00  6.134995e-01  7.896951e-01
   outer loop
     vertex -1.815532e-01  3.383211e+01  8.498682e+00
     vertex -1.681556e+00  3.360900e+01  8.672009e+00
     vertex -1.815532e-01  3.360900e+01  8.672009e+00
   endloop
 endfacet
 facet normal  0.000000e+00  6.134995e-01  7.896951e-01
   outer loop
     vertex -1.815532e-01  3.383211e+01  8.498682e+00
     vertex -1.681556e+00  3.383211e+01  8.498682e+00
     vertex -1.681556e+00  3.360900e+01  8.672009e+00
   endloop
 endfacet
 facet normal  0.000000e+00  4.993993e-01  8.663719e-01
   outer loop
     vertex -1.815532e-01  3.407567e+01  8.358282e+00
     vertex -1.681556e+00  3.383211e+01  8.498682e+00
     vertex -1.815532e-01  3.383211e+01  8.498682e+00
   endloop
 endfacet
 facet normal  0.000000e+00  4.993993e-01  8.663719e-01
   outer loop
     vertex -1.815532e-01  3.407567e+01  8.358282e+00
     vertex -1.681556e+00  3.407567e+01  8.358282e+00
     vertex -1.681556e+00  3.383211e+01  8.498682e+00
   endloop
 endfacet
 facet normal  0.000000e+00  3.764939e-01  9.264191e-01
   outer loop
     vertex -1.815532e-01  3.407567e+01  8.358282e+00
     vertex -1.681556e+00  3.433482e+01  8.252966e+00
     vertex -1.681556e+00  3.407567e+01  8.358282e+00
   endloop
 endfacet
 facet normal  0.000000e+00  3.764939e-01  9.264191e-01
   outer loop
     vertex -1.815532e-01  3.433482e+01  8.252966e+00
     vertex -1.681556e+00  3.433482e+01  8.252966e+00
     vertex -1.815532e-01  3.407567e+01  8.358282e+00
   endloop
 endfacet
 facet normal  0.000000e+00  2.472199e-01  9.689594e-01
   outer loop
     vertex -1.815532e-01  3.460447e+01  8.184169e+00
     vertex -1.681556e+00  3.433482e+01  8.252966e+00
     vertex -1.815532e-01  3.433482e+01  8.252966e+00
   endloop
 endfacet
 facet normal  0.000000e+00  2.472199e-01  9.689594e-01
   outer loop
     vertex -1.815532e-01  3.460447e+01  8.184169e+00
     vertex -1.681556e+00  3.460447e+01  8.184169e+00
     vertex -1.681556e+00  3.433482e+01  8.252966e+00
   endloop
 endfacet
 facet normal  0.000000e+00  1.349298e-01  9.908552e-01
   outer loop
     vertex -1.815532e-01  3.479350e+01  8.158428e+00
     vertex -1.681556e+00  3.460447e+01  8.184169e+00
     vertex -1.815532e-01  3.460447e+01  8.184169e+00
   endloop
 endfacet
 facet normal  0.000000e+00  1.349298e-01  9.908552e-01
   outer loop
     vertex -1.815532e-01  3.479350e+01  8.158428e+00
     vertex -1.681556e+00  3.479350e+01  8.158428e+00
     vertex -1.681556e+00  3.460447e+01  8.184169e+00
   endloop
 endfacet
 facet normal  0.000000e+00  4.438427e-02  9.990145e-01
   outer loop
     vertex -1.815532e-01  3.497530e+01  8.150351e+00
     vertex -1.681556e+00  3.479350e+01  8.158428e+00
     vertex -1.815532e-01  3.479350e+01  8.158428e+00
   endloop
 endfacet
 facet normal  0.000000e+00  4.438427e-02  9.990145e-01
   outer loop
     vertex -1.815532e-01  3.497530e+01  8.150351e+00
     vertex -1.681556e+00  3.497530e+01  8.150351e+00
     vertex -1.681556e+00  3.479350e+01  8.158428e+00
   endloop
 endfacet
 facet normal  0.000000e+00 -6.508586e-02  9.978797e-01
   outer loop
     vertex -1.815532e-01  4.584361e+01  8.167720e+00
     vertex -1.681556e+00  4.557732e+01  8.150351e+00
     vertex -1.815532e-01  4.557732e+01  8.150351e+00
   endloop
 endfacet
 facet normal  0.000000e+00 -6.508586e-02  9.978797e-01
   outer loop
     vertex -1.815532e-01  4.584361e+01  8.167720e+00
     vertex -1.681556e+00  4.584361e+01  8.167720e+00
     vertex -1.681556e+00  4.557732e+01  8.150351e+00
   endloop
 endfacet
 facet normal  0.000000e+00 -1.985356e-01  9.800937e-01
   outer loop
     vertex -1.815532e-01  4.612308e+01  8.224331e+00
     vertex -1.681556e+00  4.584361e+01  8.167720e+00
     vertex -1.815532e-01  4.584361e+01  8.167720e+00
   endloop
 endfacet
 facet normal  0.000000e+00 -1.985356e-01  9.800937e-01
   outer loop
     vertex -1.815532e-01  4.612308e+01  8.224331e+00
     vertex -1.681556e+00  4.612308e+01  8.224331e+00
     vertex -1.681556e+00  4.584361e+01  8.167720e+00
   endloop
 endfacet
 facet normal  0.000000e+00 -3.277233e-01  9.447738e-01
   outer loop
     vertex -1.815532e-01  4.637249e+01  8.310847e+00
     vertex -1.681556e+00  4.612308e+01  8.224331e+00
     vertex -1.815532e-01  4.612308e+01  8.224331e+00
   endloop
 endfacet
 facet normal  0.000000e+00 -3.277233e-01  9.447738e-01
   outer loop
     vertex -1.815532e-01  4.637249e+01  8.310847e+00
     vertex -1.681556e+00  4.637249e+01  8.310847e+00
     vertex -1.681556e+00  4.612308e+01  8.224331e+00
   endloop
 endfacet
 facet normal  0.000000e+00 -4.461411e-01  8.949627e-01
   outer loop
     vertex -1.815532e-01  4.637249e+01  8.310847e+00
     vertex -1.681556e+00  4.660765e+01  8.428071e+00
     vertex -1.681556e+00  4.637249e+01  8.310847e+00
   endloop
 endfacet
 facet normal  0.000000e+00 -4.461411e-01  8.949627e-01
   outer loop
     vertex -1.815532e-01  4.660765e+01  8.428071e+00
     vertex -1.681556e+00  4.660765e+01  8.428071e+00
     vertex -1.815532e-01  4.637249e+01  8.310847e+00
   endloop
 endfacet
 facet normal  0.000000e+00 -5.567066e-01  8.307092e-01
   outer loop
     vertex -1.815532e-01  4.660765e+01  8.428071e+00
     vertex -1.681556e+00  4.682495e+01  8.573696e+00
     vertex -1.681556e+00  4.660765e+01  8.428071e+00
   endloop
 endfacet
 facet normal  0.000000e+00 -5.567066e-01  8.307092e-01
   outer loop
     vertex -1.815532e-01  4.682495e+01  8.573696e+00
     vertex -1.681556e+00  4.682495e+01  8.573696e+00
     vertex -1.815532e-01  4.660765e+01  8.428071e+00
   endloop
 endfacet
 facet normal  0.000000e+00 -6.577474e-01  7.532386e-01
   outer loop
     vertex -1.815532e-01  4.702114e+01  8.745016e+00
     vertex -1.681556e+00  4.682495e+01  8.573696e+00
     vertex -1.815532e-01  4.682495e+01  8.573696e+00
   endloop
 endfacet
 facet normal  0.000000e+00 -6.577474e-01  7.532386e-01
   outer loop
     vertex -1.815532e-01  4.702114e+01  8.745016e+00
     vertex -1.681556e+00  4.702114e+01  8.745016e+00
     vertex -1.681556e+00  4.682495e+01  8.573696e+00
   endloop
 endfacet
 facet normal  0.000000e+00 -7.477700e-01  6.639578e-01
   outer loop
     vertex -1.815532e-01  4.719336e+01  8.938981e+00
     vertex -1.681556e+00  4.702114e+01  8.745016e+00
     vertex -1.815532e-01  4.702114e+01  8.745016e+00
   endloop
 endfacet
 facet normal  0.000000e+00 -7.477700e-01  6.639578e-01
   outer loop
     vertex -1.815532e-01  4.719336e+01  8.938981e+00
     vertex -1.681556e+00  4.719336e+01  8.938981e+00
     vertex -1.681556e+00  4.702114e+01  8.745016e+00
   endloop
 endfacet
 facet normal  0.000000e+00 -8.254801e-01  5.644312e-01
   outer loop
     vertex -1.815532e-01  4.719336e+01  8.938981e+00
     vertex -1.681556e+00  4.733918e+01  9.152241e+00
     vertex -1.681556e+00  4.719336e+01  8.938981e+00
   endloop
 endfacet
 facet normal  0.000000e+00 -8.254801e-01  5.644312e-01
   outer loop
     vertex -1.815532e-01  4.733918e+01  9.152241e+00
     vertex -1.681556e+00  4.733918e+01  9.152241e+00
     vertex -1.815532e-01  4.719336e+01  8.938981e+00
   endloop
 endfacet
 facet normal  0.000000e+00 -8.929526e-01  4.501507e-01
   outer loop
     vertex -1.815532e-01  4.733918e+01  9.152241e+00
     vertex -1.681556e+00  4.746783e+01  9.407445e+00
     vertex -1.681556e+00  4.733918e+01  9.152241e+00
   endloop
 endfacet
 facet normal  0.000000e+00 -8.929526e-01  4.501507e-01
   outer loop
     vertex -1.815532e-01  4.746783e+01  9.407445e+00
     vertex -1.681556e+00  4.746783e+01  9.407445e+00
     vertex -1.815532e-01  4.733918e+01  9.152241e+00
   endloop
 endfacet
 facet normal  0.000000e+00 -9.467684e-01  3.219156e-01
   outer loop
     vertex -1.815532e-01  4.755939e+01  9.676722e+00
     vertex -1.681556e+00  4.746783e+01  9.407445e+00
     vertex -1.815532e-01  4.746783e+01  9.407445e+00
   endloop
 endfacet
 facet normal  0.000000e+00 -9.467684e-01  3.219156e-01
   outer loop
     vertex -1.815532e-01  4.755939e+01  9.676722e+00
     vertex -1.681556e+00  4.755939e+01  9.676722e+00
     vertex -1.681556e+00  4.746783e+01  9.407445e+00
   endloop
 endfacet
 facet normal  0.000000e+00 -9.821468e-01  1.881161e-01
   outer loop
     vertex -1.815532e-01  4.755939e+01  9.676722e+00
     vertex -1.681556e+00  4.761264e+01  9.954712e+00
     vertex -1.681556e+00  4.755939e+01  9.676722e+00
   endloop
 endfacet
 facet normal  0.000000e+00 -9.821468e-01  1.881161e-01
   outer loop
     vertex -1.815532e-01  4.761264e+01  9.954712e+00
     vertex -1.681556e+00  4.761264e+01  9.954712e+00
     vertex -1.815532e-01  4.755939e+01  9.676722e+00
   endloop
 endfacet
 facet normal  0.000000e+00 -9.986789e-01  5.138540e-02
   outer loop
     vertex -1.815532e-01  4.762711e+01  1.023600e+01
     vertex -1.681556e+00  4.761264e+01  9.954712e+00
     vertex -1.815532e-01  4.761264e+01  9.954712e+00
   endloop
 endfacet
 facet normal  0.000000e+00 -9.986789e-01  5.138540e-02
   outer loop
     vertex -1.815532e-01  4.762711e+01  1.023600e+01
     vertex -1.681556e+00  4.762711e+01  1.023600e+01
     vertex -1.681556e+00  4.761264e+01  9.954712e+00
   endloop
 endfacet
 facet normal -0.000000e+00 -9.963258e-01 -8.564378e-02
   outer loop
     vertex -1.815532e-01  4.762711e+01  1.023600e+01
     vertex -1.681556e+00  4.760311e+01  1.051524e+01
     vertex -1.681556e+00  4.762711e+01  1.023600e+01
   endloop
 endfacet
 facet normal -0.000000e+00 -9.963258e-01 -8.564378e-02
   outer loop
     vertex -1.815532e-01  4.760311e+01  1.051524e+01
     vertex -1.681556e+00  4.760311e+01  1.051524e+01
     vertex -1.815532e-01  4.762711e+01  1.023600e+01
   endloop
 endfacet
 facet normal -0.000000e+00 -9.754118e-01 -2.203901e-01
   outer loop
     vertex -1.815532e-01  4.760311e+01  1.051524e+01
     vertex -1.681556e+00  4.754166e+01  1.078722e+01
     vertex -1.681556e+00  4.760311e+01  1.051524e+01
   endloop
 endfacet
 facet normal -0.000000e+00 -9.754118e-01 -2.203901e-01
   outer loop
     vertex -1.815532e-01  4.754166e+01  1.078722e+01
     vertex -1.681556e+00  4.754166e+01  1.078722e+01
     vertex -1.815532e-01  4.760311e+01  1.051524e+01
   endloop
 endfacet
 facet normal -0.000000e+00 -9.366103e-01 -3.503729e-01
   outer loop
     vertex -1.815532e-01  4.754166e+01  1.078722e+01
     vertex -1.681556e+00  4.744448e+01  1.104700e+01
     vertex -1.681556e+00  4.754166e+01  1.078722e+01
   endloop
 endfacet
 facet normal -0.000000e+00 -9.366103e-01 -3.503729e-01
   outer loop
     vertex -1.815532e-01  4.744448e+01  1.104700e+01
     vertex -1.681556e+00  4.744448e+01  1.104700e+01
     vertex -1.815532e-01  4.754166e+01  1.078722e+01
   endloop
 endfacet
 facet normal -0.000000e+00 -8.807356e-01 -4.736083e-01
   outer loop
     vertex -1.815532e-01  4.731308e+01  1.129135e+01
     vertex -1.681556e+00  4.731308e+01  1.129135e+01
     vertex -1.681556e+00  4.744448e+01  1.104700e+01
   endloop
 endfacet
 facet normal  0.000000e+00 -8.807356e-01 -4.736083e-01
   outer loop
     vertex -1.815532e-01  4.731308e+01  1.129135e+01
     vertex -1.681556e+00  4.744448e+01  1.104700e+01
     vertex -1.815532e-01  4.744448e+01  1.104700e+01
   endloop
 endfacet
 facet normal -0.000000e+00 -8.103027e-01 -5.860115e-01
   outer loop
     vertex -1.815532e-01  4.715694e+01  1.150725e+01
     vertex -1.681556e+00  4.715694e+01  1.150725e+01
     vertex -1.681556e+00  4.731308e+01  1.129135e+01
   endloop
 endfacet
 facet normal  0.000000e+00 -8.103027e-01 -5.860115e-01
   outer loop
     vertex -1.815532e-01  4.715694e+01  1.150725e+01
     vertex -1.681556e+00  4.731308e+01  1.129135e+01
     vertex -1.815532e-01  4.731308e+01  1.129135e+01
   endloop
 endfacet
 facet normal -0.000000e+00 -7.276972e-01 -6.858985e-01
   outer loop
     vertex -1.815532e-01  4.697516e+01  1.170011e+01
     vertex -1.681556e+00  4.697516e+01  1.170011e+01
     vertex -1.681556e+00  4.715694e+01  1.150725e+01
   endloop
 endfacet
 facet normal  0.000000e+00 -7.276972e-01 -6.858985e-01
   outer loop
     vertex -1.815532e-01  4.697516e+01  1.170011e+01
     vertex -1.681556e+00  4.715694e+01  1.150725e+01
     vertex -1.815532e-01  4.715694e+01  1.150725e+01
   endloop
 endfacet
 facet normal -0.000000e+00 -6.333794e-01 -7.738414e-01
   outer loop
     vertex -1.815532e-01  4.677108e+01  1.186714e+01
     vertex -1.681556e+00  4.677108e+01  1.186714e+01
     vertex -1.681556e+00  4.697516e+01  1.170011e+01
   endloop
 endfacet
 facet normal  0.000000e+00 -6.333794e-01 -7.738414e-01
   outer loop
     vertex -1.815532e-01  4.677108e+01  1.186714e+01
     vertex -1.681556e+00  4.697516e+01  1.170011e+01
     vertex -1.815532e-01  4.697516e+01  1.170011e+01
   endloop
 endfacet
 facet normal -0.000000e+00 -5.290533e-01 -8.485886e-01
   outer loop
     vertex -1.815532e-01  4.654833e+01  1.200602e+01
     vertex -1.681556e+00  4.654833e+01  1.200602e+01
     vertex -1.681556e+00  4.677108e+01  1.186714e+01
   endloop
 endfacet
 facet normal -0.000000e+00 -4.165422e-01 -9.091164e-01
   outer loop
     vertex -1.815532e-01  4.654833e+01  1.200602e+01
     vertex -1.681556e+00  4.631074e+01  1.211488e+01
     vertex -1.681556e+00  4.654833e+01  1.200602e+01
   endloop
 endfacet
 facet normal  0.000000e+00 -5.290533e-01 -8.485886e-01
   outer loop
     vertex -1.815532e-01  4.654833e+01  1.200602e+01
     vertex -1.681556e+00  4.677108e+01  1.186714e+01
     vertex -1.815532e-01  4.677108e+01  1.186714e+01
   endloop
 endfacet
 facet normal -0.000000e+00 -4.165422e-01 -9.091164e-01
   outer loop
     vertex -1.815532e-01  4.631074e+01  1.211488e+01
     vertex -1.681556e+00  4.631074e+01  1.211488e+01
     vertex -1.815532e-01  4.654833e+01  1.200602e+01
   endloop
 endfacet
 facet normal -0.000000e+00 -2.977605e-01 -9.546406e-01
   outer loop
     vertex -1.815532e-01  4.606231e+01  1.219237e+01
     vertex -1.681556e+00  4.606231e+01  1.219237e+01
     vertex -1.681556e+00  4.631074e+01  1.211488e+01
   endloop
 endfacet
 facet normal -0.000000e+00 -1.746836e-01 -9.846246e-01
   outer loop
     vertex -1.815532e-01  4.606231e+01  1.219237e+01
     vertex -1.681556e+00  4.580713e+01  1.223764e+01
     vertex -1.681556e+00  4.606231e+01  1.219237e+01
   endloop
 endfacet
 facet normal  0.000000e+00 -2.977605e-01 -9.546406e-01
   outer loop
     vertex -1.815532e-01  4.606231e+01  1.219237e+01
     vertex -1.681556e+00  4.631074e+01  1.211488e+01
     vertex -1.815532e-01  4.631074e+01  1.211488e+01
   endloop
 endfacet
 facet normal -0.000000e+00 -1.746836e-01 -9.846246e-01
   outer loop
     vertex -1.815532e-01  4.580713e+01  1.223764e+01
     vertex -1.681556e+00  4.580713e+01  1.223764e+01
     vertex -1.815532e-01  4.606231e+01  1.219237e+01
   endloop
 endfacet
 facet normal  0.000000e+00 -4.931752e-02 -9.987832e-01
   outer loop
     vertex -1.815532e-01  4.554931e+01  1.225037e+01
     vertex -1.681556e+00  4.580713e+01  1.223764e+01
     vertex -1.815532e-01  4.580713e+01  1.223764e+01
   endloop
 endfacet
 facet normal -0.000000e+00 -4.931752e-02 -9.987832e-01
   outer loop
     vertex -1.815532e-01  4.554931e+01  1.225037e+01
     vertex -1.681556e+00  4.554931e+01  1.225037e+01
     vertex -1.681556e+00  4.580713e+01  1.223764e+01
   endloop
 endfacet
 facet normal  0.000000e+00  8.325747e-02 -9.965281e-01
   outer loop
     vertex -1.815532e-01  4.526477e+01  1.222659e+01
     vertex -1.681556e+00  4.554931e+01  1.225037e+01
     vertex -1.815532e-01  4.554931e+01  1.225037e+01
   endloop
 endfacet
 facet normal  0.000000e+00  8.325747e-02 -9.965281e-01
   outer loop
     vertex -1.815532e-01  4.526477e+01  1.222659e+01
     vertex -1.681556e+00  4.526477e+01  1.222659e+01
     vertex -1.681556e+00  4.554931e+01  1.225037e+01
   endloop
 endfacet
 facet normal  0.000000e+00  2.205776e-01 -9.753694e-01
   outer loop
     vertex -1.815532e-01  4.526477e+01  1.222659e+01
     vertex -1.681556e+00  4.498762e+01  1.216392e+01
     vertex -1.681556e+00  4.526477e+01  1.222659e+01
   endloop
 endfacet
 facet normal  0.000000e+00  2.205776e-01 -9.753694e-01
   outer loop
     vertex -1.815532e-01  4.498762e+01  1.216392e+01
     vertex -1.681556e+00  4.498762e+01  1.216392e+01
     vertex -1.815532e-01  4.526477e+01  1.222659e+01
   endloop
 endfacet
 facet normal  0.000000e+00  3.530102e-01 -9.356195e-01
   outer loop
     vertex -1.815532e-01  4.472304e+01  1.206409e+01
     vertex -1.681556e+00  4.498762e+01  1.216392e+01
     vertex -1.815532e-01  4.498762e+01  1.216392e+01
   endloop
 endfacet
 facet normal  0.000000e+00  3.530102e-01 -9.356195e-01
   outer loop
     vertex -1.815532e-01  4.472304e+01  1.206409e+01
     vertex -1.681556e+00  4.472304e+01  1.206409e+01
     vertex -1.681556e+00  4.498762e+01  1.216392e+01
   endloop
 endfacet
 facet normal  0.000000e+00  4.781024e-01 -8.783041e-01
   outer loop
     vertex -1.815532e-01  4.447589e+01  1.192956e+01
     vertex -1.681556e+00  4.472304e+01  1.206409e+01
     vertex -1.815532e-01  4.472304e+01  1.206409e+01
   endloop
 endfacet
 facet normal  0.000000e+00  4.781024e-01 -8.783041e-01
   outer loop
     vertex -1.815532e-01  4.447589e+01  1.192956e+01
     vertex -1.681556e+00  4.447589e+01  1.192956e+01
     vertex -1.681556e+00  4.472304e+01  1.206409e+01
   endloop
 endfacet
 facet normal  0.000000e+00  5.935950e-01 -8.047639e-01
   outer loop
     vertex -1.815532e-01  4.425056e+01  1.176335e+01
     vertex -1.681556e+00  4.447589e+01  1.192956e+01
     vertex -1.815532e-01  4.447589e+01  1.192956e+01
   endloop
 endfacet
 facet normal  0.000000e+00  5.935950e-01 -8.047639e-01
   outer loop
     vertex -1.815532e-01  4.425056e+01  1.176335e+01
     vertex -1.681556e+00  4.425056e+01  1.176335e+01
     vertex -1.681556e+00  4.447589e+01  1.192956e+01
   endloop
 endfacet
 facet normal  0.000000e+00  6.974621e-01 -7.166216e-01
   outer loop
     vertex -1.815532e-01  4.425056e+01  1.176335e+01
     vertex -1.681556e+00  4.405094e+01  1.156907e+01
     vertex -1.681556e+00  4.425056e+01  1.176335e+01
   endloop
 endfacet
 facet normal  0.000000e+00  6.974621e-01 -7.166216e-01
   outer loop
     vertex -1.815532e-01  4.405094e+01  1.156907e+01
     vertex -1.681556e+00  4.405094e+01  1.156907e+01
     vertex -1.815532e-01  4.425056e+01  1.176335e+01
   endloop
 endfacet
 facet normal  0.000000e+00  7.879459e-01 -6.157445e-01
   outer loop
     vertex -1.815532e-01  4.388033e+01  1.135075e+01
     vertex -1.681556e+00  4.405094e+01  1.156907e+01
     vertex -1.815532e-01  4.405094e+01  1.156907e+01
   endloop
 endfacet
 facet normal  0.000000e+00  7.879459e-01 -6.157445e-01
   outer loop
     vertex -1.815532e-01  4.388033e+01  1.135075e+01
     vertex -1.681556e+00  4.388033e+01  1.135075e+01
     vertex -1.681556e+00  4.405094e+01  1.156907e+01
   endloop
 endfacet
 facet normal  0.000000e+00  8.641720e-01 -5.031965e-01
   outer loop
     vertex -1.815532e-01  4.373930e+01  1.110854e+01
     vertex -1.681556e+00  4.388033e+01  1.135075e+01
     vertex -1.815532e-01  4.388033e+01  1.135075e+01
   endloop
 endfacet
 facet normal  0.000000e+00  8.641720e-01 -5.031965e-01
   outer loop
     vertex -1.815532e-01  4.373930e+01  1.110854e+01
     vertex -1.681556e+00  4.373930e+01  1.110854e+01
     vertex -1.681556e+00  4.388033e+01  1.135075e+01
   endloop
 endfacet
 facet normal  0.000000e+00  9.234077e-01 -3.838204e-01
   outer loop
     vertex -1.815532e-01  4.363715e+01  1.086279e+01
     vertex -1.681556e+00  4.373930e+01  1.110854e+01
     vertex -1.815532e-01  4.373930e+01  1.110854e+01
   endloop
 endfacet
 facet normal  0.000000e+00  9.234077e-01 -3.838204e-01
   outer loop
     vertex -1.815532e-01  4.363715e+01  1.086279e+01
     vertex -1.681556e+00  4.363715e+01  1.086279e+01
     vertex -1.681556e+00  4.373930e+01  1.110854e+01
   endloop
 endfacet
 facet normal  0.000000e+00  9.652591e-01 -2.612945e-01
   outer loop
     vertex -1.815532e-01  4.356797e+01  1.060724e+01
     vertex -1.681556e+00  4.363715e+01  1.086279e+01
     vertex -1.815532e-01  4.363715e+01  1.086279e+01
   endloop
 endfacet
 facet normal  0.000000e+00  9.652591e-01 -2.612945e-01
   outer loop
     vertex -1.815532e-01  4.356797e+01  1.060724e+01
     vertex -1.681556e+00  4.356797e+01  1.060724e+01
     vertex -1.681556e+00  4.363715e+01  1.086279e+01
   endloop
 endfacet
 facet normal  0.000000e+00  9.908407e-01 -1.350357e-01
   outer loop
     vertex -1.815532e-01  4.356797e+01  1.060724e+01
     vertex -1.681556e+00  4.353240e+01  1.034620e+01
     vertex -1.681556e+00  4.356797e+01  1.060724e+01
   endloop
 endfacet
 facet normal  0.000000e+00  9.908407e-01 -1.350357e-01
   outer loop
     vertex -1.815532e-01  4.353240e+01  1.034620e+01
     vertex -1.681556e+00  4.353240e+01  1.034620e+01
     vertex -1.815532e-01  4.356797e+01  1.060724e+01
   endloop
 endfacet
 facet normal  0.000000e+00  9.999745e-01 -7.145718e-03
   outer loop
     vertex -1.815532e-01  4.353052e+01  1.008395e+01
     vertex -1.681556e+00  4.353240e+01  1.034620e+01
     vertex -1.815532e-01  4.353240e+01  1.034620e+01
   endloop
 endfacet
 facet normal  0.000000e+00  9.999745e-01 -7.145718e-03
   outer loop
     vertex -1.815532e-01  4.353052e+01  1.008395e+01
     vertex -1.681556e+00  4.353052e+01  1.008395e+01
     vertex -1.681556e+00  4.353240e+01  1.034620e+01
   endloop
 endfacet
 facet normal  0.000000e+00  9.927387e-01  1.202906e-01
   outer loop
     vertex -1.815532e-01  4.356193e+01  9.824742e+00
     vertex -1.681556e+00  4.353052e+01  1.008395e+01
     vertex -1.815532e-01  4.353052e+01  1.008395e+01
   endloop
 endfacet
 facet normal  0.000000e+00  9.927387e-01  1.202906e-01
   outer loop
     vertex -1.815532e-01  4.356193e+01  9.824742e+00
     vertex -1.681556e+00  4.356193e+01  9.824742e+00
     vertex -1.681556e+00  4.353052e+01  1.008395e+01
   endloop
 endfacet
 facet normal  0.000000e+00  9.694635e-01  2.452356e-01
   outer loop
     vertex -1.815532e-01  4.362570e+01  9.572674e+00
     vertex -1.681556e+00  4.356193e+01  9.824742e+00
     vertex -1.815532e-01  4.356193e+01  9.824742e+00
   endloop
 endfacet
 facet normal  0.000000e+00  9.694635e-01  2.452356e-01
   outer loop
     vertex -1.815532e-01  4.362570e+01  9.572674e+00
     vertex -1.681556e+00  4.362570e+01  9.572674e+00
     vertex -1.681556e+00  4.356193e+01  9.824742e+00
   endloop
 endfacet
 facet normal  0.000000e+00  9.307216e-01  3.657286e-01
   outer loop
     vertex -1.815532e-01  4.372040e+01  9.331666e+00
     vertex -1.681556e+00  4.362570e+01  9.572674e+00
     vertex -1.815532e-01  4.362570e+01  9.572674e+00
   endloop
 endfacet
 facet normal  0.000000e+00  9.307216e-01  3.657286e-01
   outer loop
     vertex -1.815532e-01  4.372040e+01  9.331666e+00
     vertex -1.681556e+00  4.372040e+01  9.331666e+00
     vertex -1.681556e+00  4.362570e+01  9.572674e+00
   endloop
 endfacet
 facet normal  0.000000e+00  8.773156e-01  4.799140e-01
   outer loop
     vertex -1.815532e-01  4.384418e+01  9.105393e+00
     vertex -1.681556e+00  4.372040e+01  9.331666e+00
     vertex -1.815532e-01  4.372040e+01  9.331666e+00
   endloop
 endfacet
 facet normal  0.000000e+00  8.773156e-01  4.799140e-01
   outer loop
     vertex -1.815532e-01  4.384418e+01  9.105393e+00
     vertex -1.681556e+00  4.384418e+01  9.105393e+00
     vertex -1.681556e+00  4.372040e+01  9.331666e+00
   endloop
 endfacet
 facet normal  0.000000e+00  8.061782e-01  5.916728e-01
   outer loop
     vertex -1.815532e-01  4.401296e+01  8.875413e+00
     vertex -1.681556e+00  4.384418e+01  9.105393e+00
     vertex -1.815532e-01  4.384418e+01  9.105393e+00
   endloop
 endfacet
 facet normal  0.000000e+00  8.061782e-01  5.916728e-01
   outer loop
     vertex -1.815532e-01  4.401296e+01  8.875413e+00
     vertex -1.681556e+00  4.401296e+01  8.875413e+00
     vertex -1.681556e+00  4.384418e+01  9.105393e+00
   endloop
 endfacet
 facet normal  0.000000e+00  7.164763e-01  6.976114e-01
   outer loop
     vertex -1.815532e-01  4.421101e+01  8.672009e+00
     vertex -1.681556e+00  4.401296e+01  8.875413e+00
     vertex -1.815532e-01  4.401296e+01  8.875413e+00
   endloop
 endfacet
 facet normal  0.000000e+00  7.164763e-01  6.976114e-01
   outer loop
     vertex -1.815532e-01  4.421101e+01  8.672009e+00
     vertex -1.681556e+00  4.421101e+01  8.672009e+00
     vertex -1.681556e+00  4.401296e+01  8.875413e+00
   endloop
 endfacet
 facet normal  0.000000e+00  6.134995e-01  7.896951e-01
   outer loop
     vertex -1.815532e-01  4.443412e+01  8.498682e+00
     vertex -1.681556e+00  4.421101e+01  8.672009e+00
     vertex -1.815532e-01  4.421101e+01  8.672009e+00
   endloop
 endfacet
 facet normal  0.000000e+00  6.134995e-01  7.896951e-01
   outer loop
     vertex -1.815532e-01  4.443412e+01  8.498682e+00
     vertex -1.681556e+00  4.443412e+01  8.498682e+00
     vertex -1.681556e+00  4.421101e+01  8.672009e+00
   endloop
 endfacet
 facet normal  0.000000e+00  4.993993e-01  8.663719e-01
   outer loop
     vertex -1.815532e-01  4.467769e+01  8.358282e+00
     vertex -1.681556e+00  4.443412e+01  8.498682e+00
     vertex -1.815532e-01  4.443412e+01  8.498682e+00
   endloop
 endfacet
 facet normal  0.000000e+00  4.993993e-01  8.663719e-01
   outer loop
     vertex -1.815532e-01  4.467769e+01  8.358282e+00
     vertex -1.681556e+00  4.467769e+01  8.358282e+00
     vertex -1.681556e+00  4.443412e+01  8.498682e+00
   endloop
 endfacet
 facet normal  0.000000e+00  3.764939e-01  9.264191e-01
   outer loop
     vertex -1.815532e-01  4.467769e+01  8.358282e+00
     vertex -1.681556e+00  4.493684e+01  8.252966e+00
     vertex -1.681556e+00  4.467769e+01  8.358282e+00
   endloop
 endfacet
 facet normal  0.000000e+00  3.764939e-01  9.264191e-01
   outer loop
     vertex -1.815532e-01  4.493684e+01  8.252966e+00
     vertex -1.681556e+00  4.493684e+01  8.252966e+00
     vertex -1.815532e-01  4.467769e+01  8.358282e+00
   endloop
 endfacet
 facet normal  0.000000e+00  2.472199e-01  9.689594e-01
   outer loop
     vertex -1.815532e-01  4.520648e+01  8.184169e+00
     vertex -1.681556e+00  4.493684e+01  8.252966e+00
     vertex -1.815532e-01  4.493684e+01  8.252966e+00
   endloop
 endfacet
 facet normal  0.000000e+00  2.472199e-01  9.689594e-01
   outer loop
     vertex -1.815532e-01  4.520648e+01  8.184169e+00
     vertex -1.681556e+00  4.520648e+01  8.184169e+00
     vertex -1.681556e+00  4.493684e+01  8.252966e+00
   endloop
 endfacet
 facet normal  0.000000e+00  1.349298e-01  9.908552e-01
   outer loop
     vertex -1.815532e-01  4.520648e+01  8.184169e+00
     vertex -1.681556e+00  4.539551e+01  8.158428e+00
     vertex -1.681556e+00  4.520648e+01  8.184169e+00
   endloop
 endfacet
 facet normal  0.000000e+00  1.349298e-01  9.908552e-01
   outer loop
     vertex -1.815532e-01  4.539551e+01  8.158428e+00
     vertex -1.681556e+00  4.539551e+01  8.158428e+00
     vertex -1.815532e-01  4.520648e+01  8.184169e+00
   endloop
 endfacet
 facet normal  0.000000e+00  4.438427e-02  9.990145e-01
   outer loop
     vertex -1.815532e-01  4.557732e+01  8.150351e+00
     vertex -1.681556e+00  4.539551e+01  8.158428e+00
     vertex -1.815532e-01  4.539551e+01  8.158428e+00
   endloop
 endfacet
 facet normal  0.000000e+00  4.438427e-02  9.990145e-01
   outer loop
     vertex -1.815532e-01  4.557732e+01  8.150351e+00
     vertex -1.681556e+00  4.557732e+01  8.150351e+00
     vertex -1.681556e+00  4.539551e+01  8.158428e+00
   endloop
 endfacet
 facet normal  0.000000e+00 -1.225485e-01  9.924625e-01
   outer loop
     vertex -1.815532e-01  2.579861e+01  8.637235e+00
     vertex -1.681556e+00  2.570131e+01  8.625220e+00
     vertex -1.815532e-01  2.570131e+01  8.625220e+00
   endloop
 endfacet
 facet normal  0.000000e+00 -1.225485e-01  9.924625e-01
   outer loop
     vertex -1.815532e-01  2.579861e+01  8.637235e+00
     vertex -1.681556e+00  2.579861e+01  8.637235e+00
     vertex -1.681556e+00  2.570131e+01  8.625220e+00
   endloop
 endfacet
 facet normal  0.000000e+00 -3.602077e-01  9.328721e-01
   outer loop
     vertex -1.815532e-01  2.589001e+01  8.672528e+00
     vertex -1.681556e+00  2.589001e+01  8.672528e+00
     vertex -1.681556e+00  2.579861e+01  8.637235e+00
   endloop
 endfacet
 facet normal  0.000000e+00 -3.602077e-01  9.328721e-01
   outer loop
     vertex -1.815532e-01  2.589001e+01  8.672528e+00
     vertex -1.681556e+00  2.579861e+01  8.637235e+00
     vertex -1.815532e-01  2.579861e+01  8.637235e+00
   endloop
 endfacet
 facet normal  0.000000e+00 -5.726450e-01  8.198034e-01
   outer loop
     vertex -1.815532e-01  2.596753e+01  8.726673e+00
     vertex -1.681556e+00  2.596753e+01  8.726673e+00
     vertex -1.681556e+00  2.589001e+01  8.672528e+00
   endloop
 endfacet
 facet normal  0.000000e+00 -5.726450e-01  8.198034e-01
   outer loop
     vertex -1.815532e-01  2.596753e+01  8.726673e+00
     vertex -1.681556e+00  2.589001e+01  8.672528e+00
     vertex -1.815532e-01  2.589001e+01  8.672528e+00
   endloop
 endfacet
 facet normal  0.000000e+00 -7.521532e-01  6.589883e-01
   outer loop
     vertex -1.815532e-01  2.603228e+01  8.800581e+00
     vertex -1.681556e+00  2.596753e+01  8.726673e+00
     vertex -1.815532e-01  2.596753e+01  8.726673e+00
   endloop
 endfacet
 facet normal  0.000000e+00 -7.521532e-01  6.589883e-01
   outer loop
     vertex -1.815532e-01  2.603228e+01  8.800581e+00
     vertex -1.681556e+00  2.603228e+01  8.800581e+00
     vertex -1.681556e+00  2.596753e+01  8.726673e+00
   endloop
 endfacet
 facet normal  0.000000e+00 -8.906152e-01  4.547578e-01
   outer loop
     vertex -1.815532e-01  2.607737e+01  8.888878e+00
     vertex -1.681556e+00  2.603228e+01  8.800581e+00
     vertex -1.815532e-01  2.603228e+01  8.800581e+00
   endloop
 endfacet
 facet normal  0.000000e+00 -8.906152e-01  4.547578e-01
   outer loop
     vertex -1.815532e-01  2.607737e+01  8.888878e+00
     vertex -1.681556e+00  2.607737e+01  8.888878e+00
     vertex -1.681556e+00  2.603228e+01  8.800581e+00
   endloop
 endfacet
 facet normal  0.000000e+00 -9.745104e-01  2.243424e-01
   outer loop
     vertex -1.815532e-01  2.609914e+01  8.983444e+00
     vertex -1.681556e+00  2.607737e+01  8.888878e+00
     vertex -1.815532e-01  2.607737e+01  8.888878e+00
   endloop
 endfacet
 facet normal  0.000000e+00 -9.745104e-01  2.243424e-01
   outer loop
     vertex -1.815532e-01  2.609914e+01  8.983444e+00
     vertex -1.681556e+00  2.609914e+01  8.983444e+00
     vertex -1.681556e+00  2.607737e+01  8.888878e+00
   endloop
 endfacet
 facet normal  0.000000e+00 -9.999399e-01 -1.096514e-02
   outer loop
     vertex -1.815532e-01  2.609812e+01  9.075750e+00
     vertex -1.681556e+00  2.609914e+01  8.983444e+00
     vertex -1.815532e-01  2.609914e+01  8.983444e+00
   endloop
 endfacet
 facet normal -0.000000e+00 -9.999399e-01 -1.096514e-02
   outer loop
     vertex -1.815532e-01  2.609812e+01  9.075750e+00
     vertex -1.681556e+00  2.609812e+01  9.075750e+00
     vertex -1.681556e+00  2.609914e+01  8.983444e+00
   endloop
 endfacet
 facet normal -0.000000e+00 -9.727658e-01 -2.317902e-01
   outer loop
     vertex -1.815532e-01  2.609812e+01  9.075750e+00
     vertex -1.681556e+00  2.607826e+01  9.159105e+00
     vertex -1.681556e+00  2.609812e+01  9.075750e+00
   endloop
 endfacet
 facet normal -0.000000e+00 -9.727658e-01 -2.317902e-01
   outer loop
     vertex -1.815532e-01  2.607826e+01  9.159105e+00
     vertex -1.681556e+00  2.607826e+01  9.159105e+00
     vertex -1.815532e-01  2.609812e+01  9.075750e+00
   endloop
 endfacet
 facet normal  0.000000e+00 -9.051998e-01 -4.249862e-01
   outer loop
     vertex -1.815532e-01  2.604509e+01  9.229759e+00
     vertex -1.681556e+00  2.607826e+01  9.159105e+00
     vertex -1.815532e-01  2.607826e+01  9.159105e+00
   endloop
 endfacet
 facet normal -0.000000e+00 -9.051998e-01 -4.249862e-01
   outer loop
     vertex -1.815532e-01  2.604509e+01  9.229759e+00
     vertex -1.681556e+00  2.604509e+01  9.229759e+00
     vertex -1.681556e+00  2.607826e+01  9.159105e+00
   endloop
 endfacet
 facet normal  0.000000e+00 -8.046446e-01 -5.937567e-01
   outer loop
     vertex -1.815532e-01  2.599811e+01  9.293422e+00
     vertex -1.681556e+00  2.604509e+01  9.229759e+00
     vertex -1.815532e-01  2.604509e+01  9.229759e+00
   endloop
 endfacet
 facet normal -0.000000e+00 -8.046446e-01 -5.937567e-01
   outer loop
     vertex -1.815532e-01  2.599811e+01  9.293422e+00
     vertex -1.681556e+00  2.599811e+01  9.293422e+00
     vertex -1.681556e+00  2.604509e+01  9.229759e+00
   endloop
 endfacet
 facet normal  0.000000e+00 -6.649652e-01 -7.468743e-01
   outer loop
     vertex -1.815532e-01  2.593336e+01  9.351070e+00
     vertex -1.681556e+00  2.599811e+01  9.293422e+00
     vertex -1.815532e-01  2.599811e+01  9.293422e+00
   endloop
 endfacet
 facet normal -0.000000e+00 -6.649652e-01 -7.468743e-01
   outer loop
     vertex -1.815532e-01  2.593336e+01  9.351070e+00
     vertex -1.681556e+00  2.593336e+01  9.351070e+00
     vertex -1.681556e+00  2.599811e+01  9.293422e+00
   endloop
 endfacet
 facet normal  0.000000e+00 -4.813850e-01 -8.765092e-01
   outer loop
     vertex -1.815532e-01  2.585176e+01  9.395889e+00
     vertex -1.681556e+00  2.593336e+01  9.351070e+00
     vertex -1.815532e-01  2.593336e+01  9.351070e+00
   endloop
 endfacet
 facet normal -0.000000e+00 -4.813850e-01 -8.765092e-01
   outer loop
     vertex -1.815532e-01  2.585176e+01  9.395889e+00
     vertex -1.681556e+00  2.585176e+01  9.395889e+00
     vertex -1.681556e+00  2.593336e+01  9.351070e+00
   endloop
 endfacet
 facet normal  0.000000e+00 -2.603843e-01 -9.655051e-01
   outer loop
     vertex -1.815532e-01  2.575762e+01  9.421277e+00
     vertex -1.681556e+00  2.585176e+01  9.395889e+00
     vertex -1.815532e-01  2.585176e+01  9.395889e+00
   endloop
 endfacet
 facet normal -0.000000e+00 -2.603843e-01 -9.655051e-01
   outer loop
     vertex -1.815532e-01  2.575762e+01  9.421277e+00
     vertex -1.681556e+00  2.575762e+01  9.421277e+00
     vertex -1.681556e+00  2.585176e+01  9.395889e+00
   endloop
 endfacet
 facet normal  0.000000e+00 -1.692982e-02 -9.998567e-01
   outer loop
     vertex -1.815532e-01  2.565843e+01  9.422956e+00
     vertex -1.681556e+00  2.575762e+01  9.421277e+00
     vertex -1.815532e-01  2.575762e+01  9.421277e+00
   endloop
 endfacet
 facet normal -0.000000e+00 -1.692982e-02 -9.998567e-01
   outer loop
     vertex -1.815532e-01  2.565843e+01  9.422956e+00
     vertex -1.681556e+00  2.565843e+01  9.422956e+00
     vertex -1.681556e+00  2.575762e+01  9.421277e+00
   endloop
 endfacet
 facet normal  0.000000e+00  2.280417e-01 -9.736514e-01
   outer loop
     vertex -1.815532e-01  2.556311e+01  9.400630e+00
     vertex -1.681556e+00  2.556311e+01  9.400630e+00
     vertex -1.681556e+00  2.565843e+01  9.422956e+00
   endloop
 endfacet
 facet normal  0.000000e+00  4.531670e-01 -8.914256e-01
   outer loop
     vertex -1.815532e-01  2.556311e+01  9.400630e+00
     vertex -1.681556e+00  2.547945e+01  9.358104e+00
     vertex -1.681556e+00  2.556311e+01  9.400630e+00
   endloop
 endfacet
 facet normal  0.000000e+00  2.280417e-01 -9.736514e-01
   outer loop
     vertex -1.815532e-01  2.556311e+01  9.400630e+00
     vertex -1.681556e+00  2.565843e+01  9.422956e+00
     vertex -1.815532e-01  2.565843e+01  9.422956e+00
   endloop
 endfacet
 facet normal  0.000000e+00  6.424314e-01 -7.663432e-01
   outer loop
     vertex -1.815532e-01  2.547945e+01  9.358104e+00
     vertex -1.681556e+00  2.541228e+01  9.301791e+00
     vertex -1.681556e+00  2.547945e+01  9.358104e+00
   endloop
 endfacet
 facet normal  0.000000e+00  4.531670e-01 -8.914256e-01
   outer loop
     vertex -1.815532e-01  2.547945e+01  9.358104e+00
     vertex -1.681556e+00  2.547945e+01  9.358104e+00
     vertex -1.815532e-01  2.556311e+01  9.400630e+00
   endloop
 endfacet
 facet normal  0.000000e+00  6.424314e-01 -7.663432e-01
   outer loop
     vertex -1.815532e-01  2.541228e+01  9.301791e+00
     vertex -1.681556e+00  2.541228e+01  9.301791e+00
     vertex -1.815532e-01  2.547945e+01  9.358104e+00
   endloop
 endfacet
 facet normal  0.000000e+00  7.881853e-01 -6.154380e-01
   outer loop
     vertex -1.815532e-01  2.536293e+01  9.238585e+00
     vertex -1.681556e+00  2.536293e+01  9.238585e+00
     vertex -1.681556e+00  2.541228e+01  9.301791e+00
   endloop
 endfacet
 facet normal  0.000000e+00  7.881853e-01 -6.154380e-01
   outer loop
     vertex -1.815532e-01  2.536293e+01  9.238585e+00
     vertex -1.681556e+00  2.541228e+01  9.301791e+00
     vertex -1.815532e-01  2.541228e+01  9.301791e+00
   endloop
 endfacet
 facet normal  0.000000e+00  8.934605e-01 -4.491417e-01
   outer loop
     vertex -1.815532e-01  2.532822e+01  9.169547e+00
     vertex -1.681556e+00  2.532822e+01  9.169547e+00
     vertex -1.681556e+00  2.536293e+01  9.238585e+00
   endloop
 endfacet
 facet normal  0.000000e+00  8.934605e-01 -4.491417e-01
   outer loop
     vertex -1.815532e-01  2.532822e+01  9.169547e+00
     vertex -1.681556e+00  2.536293e+01  9.238585e+00
     vertex -1.815532e-01  2.536293e+01  9.238585e+00
   endloop
 endfacet
 facet normal  0.000000e+00  9.656087e-01 -2.599996e-01
   outer loop
     vertex -1.815532e-01  2.530620e+01  9.087775e+00
     vertex -1.681556e+00  2.530620e+01  9.087775e+00
     vertex -1.681556e+00  2.532822e+01  9.169547e+00
   endloop
 endfacet
 facet normal  0.000000e+00  9.991032e-01 -4.234034e-02
   outer loop
     vertex -1.815532e-01  2.530620e+01  9.087775e+00
     vertex -1.681556e+00  2.530233e+01  8.996357e+00
     vertex -1.681556e+00  2.530620e+01  9.087775e+00
   endloop
 endfacet
 facet normal  0.000000e+00  9.656087e-01 -2.599996e-01
   outer loop
     vertex -1.815532e-01  2.530620e+01  9.087775e+00
     vertex -1.681556e+00  2.532822e+01  9.169547e+00
     vertex -1.815532e-01  2.532822e+01  9.169547e+00
   endloop
 endfacet
 facet normal  0.000000e+00  9.991032e-01 -4.234034e-02
   outer loop
     vertex -1.815532e-01  2.530233e+01  8.996357e+00
     vertex -1.681556e+00  2.530233e+01  8.996357e+00
     vertex -1.815532e-01  2.530620e+01  9.087775e+00
   endloop
 endfacet
 facet normal  0.000000e+00  9.813901e-01  1.920246e-01
   outer loop
     vertex -1.815532e-01  2.532087e+01  8.901618e+00
     vertex -1.681556e+00  2.532087e+01  8.901618e+00
     vertex -1.681556e+00  2.530233e+01  8.996357e+00
   endloop
 endfacet
 facet normal  0.000000e+00  9.813901e-01  1.920246e-01
   outer loop
     vertex -1.815532e-01  2.532087e+01  8.901618e+00
     vertex -1.681556e+00  2.530233e+01  8.996357e+00
     vertex -1.815532e-01  2.530233e+01  8.996357e+00
   endloop
 endfacet
 facet normal  0.000000e+00  9.054837e-01  4.243809e-01
   outer loop
     vertex -1.815532e-01  2.536289e+01  8.811951e+00
     vertex -1.681556e+00  2.536289e+01  8.811951e+00
     vertex -1.681556e+00  2.532087e+01  8.901618e+00
   endloop
 endfacet
 facet normal  0.000000e+00  9.054837e-01  4.243809e-01
   outer loop
     vertex -1.815532e-01  2.536289e+01  8.811951e+00
     vertex -1.681556e+00  2.532087e+01  8.901618e+00
     vertex -1.815532e-01  2.532087e+01  8.901618e+00
   endloop
 endfacet
 facet normal  0.000000e+00  7.738624e-01  6.333537e-01
   outer loop
     vertex -1.815532e-01  2.542531e+01  8.735680e+00
     vertex -1.681556e+00  2.542531e+01  8.735680e+00
     vertex -1.681556e+00  2.536289e+01  8.811951e+00
   endloop
 endfacet
 facet normal  0.000000e+00  7.738624e-01  6.333537e-01
   outer loop
     vertex -1.815532e-01  2.542531e+01  8.735680e+00
     vertex -1.681556e+00  2.536289e+01  8.811951e+00
     vertex -1.815532e-01  2.536289e+01  8.811951e+00
   endloop
 endfacet
 facet normal  0.000000e+00  5.988990e-01  8.008246e-01
   outer loop
     vertex -1.815532e-01  2.550156e+01  8.678660e+00
     vertex -1.681556e+00  2.550156e+01  8.678660e+00
     vertex -1.681556e+00  2.542531e+01  8.735680e+00
   endloop
 endfacet
 facet normal  0.000000e+00  5.988990e-01  8.008246e-01
   outer loop
     vertex -1.815532e-01  2.550156e+01  8.678660e+00
     vertex -1.681556e+00  2.542531e+01  8.735680e+00
     vertex -1.815532e-01  2.542531e+01  8.735680e+00
   endloop
 endfacet
 facet normal  0.000000e+00  3.992513e-01  9.168415e-01
   outer loop
     vertex -1.815532e-01  2.558364e+01  8.642916e+00
     vertex -1.681556e+00  2.558364e+01  8.642916e+00
     vertex -1.681556e+00  2.550156e+01  8.678660e+00
   endloop
 endfacet
 facet normal  0.000000e+00  2.194267e-01  9.756290e-01
   outer loop
     vertex -1.815532e-01  2.558364e+01  8.642916e+00
     vertex -1.681556e+00  2.564394e+01  8.629354e+00
     vertex -1.681556e+00  2.558364e+01  8.642916e+00
   endloop
 endfacet
 facet normal  0.000000e+00  3.992513e-01  9.168415e-01
   outer loop
     vertex -1.815532e-01  2.558364e+01  8.642916e+00
     vertex -1.681556e+00  2.550156e+01  8.678660e+00
     vertex -1.815532e-01  2.550156e+01  8.678660e+00
   endloop
 endfacet
 facet normal  0.000000e+00  2.194267e-01  9.756290e-01
   outer loop
     vertex -1.815532e-01  2.564394e+01  8.629354e+00
     vertex -1.681556e+00  2.564394e+01  8.629354e+00
     vertex -1.815532e-01  2.558364e+01  8.642916e+00
   endloop
 endfacet
 facet normal  0.000000e+00  7.188419e-02  9.974130e-01
   outer loop
     vertex -1.815532e-01  2.570131e+01  8.625220e+00
     vertex -1.681556e+00  2.570131e+01  8.625220e+00
     vertex -1.681556e+00  2.564394e+01  8.629354e+00
   endloop
 endfacet
 facet normal  0.000000e+00  7.188419e-02  9.974130e-01
   outer loop
     vertex -1.815532e-01  2.570131e+01  8.625220e+00
     vertex -1.681556e+00  2.564394e+01  8.629354e+00
     vertex -1.815532e-01  2.564394e+01  8.629354e+00
   endloop
 endfacet
 facet normal  0.000000e+00  0.000000e+00 -1.000000e+00
   outer loop
     vertex -1.681556e+00  2.035103e+01  9.200452e+00
     vertex -1.815532e-01  5.425276e+00  9.200452e+00
     vertex -1.681556e+00  5.425276e+00  9.200452e+00
   endloop
 endfacet
 facet normal  0.000000e+00  0.000000e+00 -1.000000e+00
   outer loop
     vertex -1.681556e+00  2.035103e+01  9.200452e+00
     vertex -1.815532e-01  2.035103e+01  9.200452e+00
     vertex -1.815532e-01  5.425276e+00  9.200452e+00
   endloop
 endfacet
 facet normal  0.000000e+00 -1.000000e+00  0.000000e+00
   outer loop
     vertex -1.681556e+00  2.035103e+01  7.225352e+00
     vertex -1.815532e-01  2.035103e+01  9.200452e+00
     vertex -1.681556e+00  2.035103e+01  9.200452e+00
   endloop
 endfacet
 facet normal  0.000000e+00 -1.000000e+00  0.000000e+00
   outer loop
     vertex -1.681556e+00  2.035103e+01  7.225352e+00
     vertex -1.815532e-01  2.035103e+01  7.225352e+00
     vertex -1.815532e-01  2.035103e+01  9.200452e+00
   endloop
 endfacet
 facet normal  0.000000e+00  0.000000e+00  1.000000e+00
   outer loop
     vertex -1.681556e+00  5.425276e+00  7.225352e+00
     vertex -1.815532e-01  2.035103e+01  7.225352e+00
     vertex -1.681556e+00  2.035103e+01  7.225352e+00
   endloop
 endfacet
 facet normal  0.000000e+00  0.000000e+00  1.000000e+00
   outer loop
     vertex -1.681556e+00  5.425276e+00  7.225352e+00
     vertex -1.815532e-01  5.425276e+00  7.225352e+00
     vertex -1.815532e-01  2.035103e+01  7.225352e+00
   endloop
 endfacet
 facet normal  0.000000e+00  1.000000e+00  0.000000e+00
   outer loop
     vertex -1.815532e-01  5.425276e+00  9.200452e+00
     vertex -1.815532e-01  5.425276e+00  7.225352e+00
     vertex -1.681556e+00  5.425276e+00  7.225352e+00
   endloop
 endfacet
 facet normal -0.000000e+00  1.000000e+00  0.000000e+00
   outer loop
     vertex -1.681556e+00  5.425276e+00  9.200452e+00
     vertex -1.815532e-01  5.425276e+00  9.200452e+00
     vertex -1.681556e+00  5.425276e+00  7.225352e+00
   endloop
 endfacet
 facet normal  0.000000e+00 -1.225485e-01  9.924625e-01
   outer loop
     vertex -1.815532e-01  2.582361e+01  7.462175e+00
     vertex -1.681556e+00  2.572631e+01  7.450160e+00
     vertex -1.815532e-01  2.572631e+01  7.450160e+00
   endloop
 endfacet
 facet normal  0.000000e+00 -1.225485e-01  9.924625e-01
   outer loop
     vertex -1.815532e-01  2.582361e+01  7.462175e+00
     vertex -1.681556e+00  2.582361e+01  7.462175e+00
     vertex -1.681556e+00  2.572631e+01  7.450160e+00
   endloop
 endfacet
 facet normal  0.000000e+00 -3.602077e-01  9.328721e-01
   outer loop
     vertex -1.815532e-01  2.591501e+01  7.497468e+00
     vertex -1.681556e+00  2.591501e+01  7.497468e+00
     vertex -1.681556e+00  2.582361e+01  7.462175e+00
   endloop
 endfacet
 facet normal  0.000000e+00 -3.602077e-01  9.328721e-01
   outer loop
     vertex -1.815532e-01  2.591501e+01  7.497468e+00
     vertex -1.681556e+00  2.582361e+01  7.462175e+00
     vertex -1.815532e-01  2.582361e+01  7.462175e+00
   endloop
 endfacet
 facet normal  0.000000e+00 -5.726450e-01  8.198034e-01
   outer loop
     vertex -1.815532e-01  2.599253e+01  7.551613e+00
     vertex -1.681556e+00  2.599253e+01  7.551613e+00
     vertex -1.681556e+00  2.591501e+01  7.497468e+00
   endloop
 endfacet
 facet normal  0.000000e+00 -5.726450e-01  8.198034e-01
   outer loop
     vertex -1.815532e-01  2.599253e+01  7.551613e+00
     vertex -1.681556e+00  2.591501e+01  7.497468e+00
     vertex -1.815532e-01  2.591501e+01  7.497468e+00
   endloop
 endfacet
 facet normal  0.000000e+00 -7.521532e-01  6.589883e-01
   outer loop
     vertex -1.815532e-01  2.605728e+01  7.625522e+00
     vertex -1.681556e+00  2.599253e+01  7.551613e+00
     vertex -1.815532e-01  2.599253e+01  7.551613e+00
   endloop
 endfacet
 facet normal  0.000000e+00 -7.521532e-01  6.589883e-01
   outer loop
     vertex -1.815532e-01  2.605728e+01  7.625522e+00
     vertex -1.681556e+00  2.605728e+01  7.625522e+00
     vertex -1.681556e+00  2.599253e+01  7.551613e+00
   endloop
 endfacet
 facet normal  0.000000e+00 -8.906152e-01  4.547578e-01
   outer loop
     vertex -1.815532e-01  2.610237e+01  7.713819e+00
     vertex -1.681556e+00  2.605728e+01  7.625522e+00
     vertex -1.815532e-01  2.605728e+01  7.625522e+00
   endloop
 endfacet
 facet normal  0.000000e+00 -8.906152e-01  4.547578e-01
   outer loop
     vertex -1.815532e-01  2.610237e+01  7.713819e+00
     vertex -1.681556e+00  2.610237e+01  7.713819e+00
     vertex -1.681556e+00  2.605728e+01  7.625522e+00
   endloop
 endfacet
 facet normal  0.000000e+00 -9.745104e-01  2.243424e-01
   outer loop
     vertex -1.815532e-01  2.612414e+01  7.808384e+00
     vertex -1.681556e+00  2.610237e+01  7.713819e+00
     vertex -1.815532e-01  2.610237e+01  7.713819e+00
   endloop
 endfacet
 facet normal  0.000000e+00 -9.745104e-01  2.243424e-01
   outer loop
     vertex -1.815532e-01  2.612414e+01  7.808384e+00
     vertex -1.681556e+00  2.612414e+01  7.808384e+00
     vertex -1.681556e+00  2.610237e+01  7.713819e+00
   endloop
 endfacet
 facet normal  0.000000e+00 -9.999399e-01 -1.096514e-02
   outer loop
     vertex -1.815532e-01  2.612313e+01  7.900691e+00
     vertex -1.681556e+00  2.612414e+01  7.808384e+00
     vertex -1.815532e-01  2.612414e+01  7.808384e+00
   endloop
 endfacet
 facet normal -0.000000e+00 -9.999399e-01 -1.096514e-02
   outer loop
     vertex -1.815532e-01  2.612313e+01  7.900691e+00
     vertex -1.681556e+00  2.612313e+01  7.900691e+00
     vertex -1.681556e+00  2.612414e+01  7.808384e+00
   endloop
 endfacet
 facet normal -0.000000e+00 -9.727658e-01 -2.317902e-01
   outer loop
     vertex -1.815532e-01  2.612313e+01  7.900691e+00
     vertex -1.681556e+00  2.610326e+01  7.984045e+00
     vertex -1.681556e+00  2.612313e+01  7.900691e+00
   endloop
 endfacet
 facet normal -0.000000e+00 -9.727658e-01 -2.317902e-01
   outer loop
     vertex -1.815532e-01  2.610326e+01  7.984045e+00
     vertex -1.681556e+00  2.610326e+01  7.984045e+00
     vertex -1.815532e-01  2.612313e+01  7.900691e+00
   endloop
 endfacet
 facet normal  0.000000e+00 -9.051998e-01 -4.249862e-01
   outer loop
     vertex -1.815532e-01  2.607009e+01  8.054700e+00
     vertex -1.681556e+00  2.610326e+01  7.984045e+00
     vertex -1.815532e-01  2.610326e+01  7.984045e+00
   endloop
 endfacet
 facet normal -0.000000e+00 -9.051998e-01 -4.249862e-01
   outer loop
     vertex -1.815532e-01  2.607009e+01  8.054700e+00
     vertex -1.681556e+00  2.607009e+01  8.054700e+00
     vertex -1.681556e+00  2.610326e+01  7.984045e+00
   endloop
 endfacet
 facet normal  0.000000e+00 -8.046446e-01 -5.937567e-01
   outer loop
     vertex -1.815532e-01  2.602311e+01  8.118362e+00
     vertex -1.681556e+00  2.607009e+01  8.054700e+00
     vertex -1.815532e-01  2.607009e+01  8.054700e+00
   endloop
 endfacet
 facet normal -0.000000e+00 -8.046446e-01 -5.937567e-01
   outer loop
     vertex -1.815532e-01  2.602311e+01  8.118362e+00
     vertex -1.681556e+00  2.602311e+01  8.118362e+00
     vertex -1.681556e+00  2.607009e+01  8.054700e+00
   endloop
 endfacet
 facet normal  0.000000e+00 -6.649652e-01 -7.468743e-01
   outer loop
     vertex -1.815532e-01  2.595837e+01  8.176010e+00
     vertex -1.681556e+00  2.602311e+01  8.118362e+00
     vertex -1.815532e-01  2.602311e+01  8.118362e+00
   endloop
 endfacet
 facet normal -0.000000e+00 -6.649652e-01 -7.468743e-01
   outer loop
     vertex -1.815532e-01  2.595837e+01  8.176010e+00
     vertex -1.681556e+00  2.595837e+01  8.176010e+00
     vertex -1.681556e+00  2.602311e+01  8.118362e+00
   endloop
 endfacet
 facet normal  0.000000e+00 -4.813850e-01 -8.765092e-01
   outer loop
     vertex -1.815532e-01  2.587676e+01  8.220829e+00
     vertex -1.681556e+00  2.595837e+01  8.176010e+00
     vertex -1.815532e-01  2.595837e+01  8.176010e+00
   endloop
 endfacet
 facet normal -0.000000e+00 -4.813850e-01 -8.765092e-01
   outer loop
     vertex -1.815532e-01  2.587676e+01  8.220829e+00
     vertex -1.681556e+00  2.587676e+01  8.220829e+00
     vertex -1.681556e+00  2.595837e+01  8.176010e+00
   endloop
 endfacet
 facet normal  0.000000e+00 -2.603843e-01 -9.655051e-01
   outer loop
     vertex -1.815532e-01  2.578262e+01  8.246217e+00
     vertex -1.681556e+00  2.587676e+01  8.220829e+00
     vertex -1.815532e-01  2.587676e+01  8.220829e+00
   endloop
 endfacet
 facet normal -0.000000e+00 -2.603843e-01 -9.655051e-01
   outer loop
     vertex -1.815532e-01  2.578262e+01  8.246217e+00
     vertex -1.681556e+00  2.578262e+01  8.246217e+00
     vertex -1.681556e+00  2.587676e+01  8.220829e+00
   endloop
 endfacet
 facet normal  0.000000e+00 -1.692982e-02 -9.998567e-01
   outer loop
     vertex -1.815532e-01  2.568343e+01  8.247897e+00
     vertex -1.681556e+00  2.578262e+01  8.246217e+00
     vertex -1.815532e-01  2.578262e+01  8.246217e+00
   endloop
 endfacet
 facet normal -0.000000e+00 -1.692982e-02 -9.998567e-01
   outer loop
     vertex -1.815532e-01  2.568343e+01  8.247897e+00
     vertex -1.681556e+00  2.568343e+01  8.247897e+00
     vertex -1.681556e+00  2.578262e+01  8.246217e+00
   endloop
 endfacet
 facet normal  0.000000e+00  2.280417e-01 -9.736514e-01
   outer loop
     vertex -1.815532e-01  2.558811e+01  8.225570e+00
     vertex -1.681556e+00  2.558811e+01  8.225570e+00
     vertex -1.681556e+00  2.568343e+01  8.247897e+00
   endloop
 endfacet
 facet normal  0.000000e+00  2.280417e-01 -9.736514e-01
   outer loop
     vertex -1.815532e-01  2.558811e+01  8.225570e+00
     vertex -1.681556e+00  2.568343e+01  8.247897e+00
     vertex -1.815532e-01  2.568343e+01  8.247897e+00
   endloop
 endfacet
 facet normal  0.000000e+00  4.531670e-01 -8.914256e-01
   outer loop
     vertex -1.815532e-01  2.550446e+01  8.183044e+00
     vertex -1.681556e+00  2.550446e+01  8.183044e+00
     vertex -1.681556e+00  2.558811e+01  8.225570e+00
   endloop
 endfacet
 facet normal  0.000000e+00  6.424314e-01 -7.663432e-01
   outer loop
     vertex -1.815532e-01  2.550446e+01  8.183044e+00
     vertex -1.681556e+00  2.543728e+01  8.126731e+00
     vertex -1.681556e+00  2.550446e+01  8.183044e+00
   endloop
 endfacet
 facet normal  0.000000e+00  4.531670e-01 -8.914256e-01
   outer loop
     vertex -1.815532e-01  2.550446e+01  8.183044e+00
     vertex -1.681556e+00  2.558811e+01  8.225570e+00
     vertex -1.815532e-01  2.558811e+01  8.225570e+00
   endloop
 endfacet
 facet normal  0.000000e+00  6.424314e-01 -7.663432e-01
   outer loop
     vertex -1.815532e-01  2.543728e+01  8.126731e+00
     vertex -1.681556e+00  2.543728e+01  8.126731e+00
     vertex -1.815532e-01  2.550446e+01  8.183044e+00
   endloop
 endfacet
 facet normal  0.000000e+00  7.881853e-01 -6.154380e-01
   outer loop
     vertex -1.815532e-01  2.538793e+01  8.063525e+00
     vertex -1.681556e+00  2.538793e+01  8.063525e+00
     vertex -1.681556e+00  2.543728e+01  8.126731e+00
   endloop
 endfacet
 facet normal  0.000000e+00  7.881853e-01 -6.154380e-01
   outer loop
     vertex -1.815532e-01  2.538793e+01  8.063525e+00
     vertex -1.681556e+00  2.543728e+01  8.126731e+00
     vertex -1.815532e-01  2.543728e+01  8.126731e+00
   endloop
 endfacet
 facet normal  0.000000e+00  8.934605e-01 -4.491417e-01
   outer loop
     vertex -1.815532e-01  2.535322e+01  7.994487e+00
     vertex -1.681556e+00  2.535322e+01  7.994487e+00
     vertex -1.681556e+00  2.538793e+01  8.063525e+00
   endloop
 endfacet
 facet normal  0.000000e+00  8.934605e-01 -4.491417e-01
   outer loop
     vertex -1.815532e-01  2.535322e+01  7.994487e+00
     vertex -1.681556e+00  2.538793e+01  8.063525e+00
     vertex -1.815532e-01  2.538793e+01  8.063525e+00
   endloop
 endfacet
 facet normal  0.000000e+00  9.656087e-01 -2.599996e-01
   outer loop
     vertex -1.815532e-01  2.533120e+01  7.912715e+00
     vertex -1.681556e+00  2.533120e+01  7.912715e+00
     vertex -1.681556e+00  2.535322e+01  7.994487e+00
   endloop
 endfacet
 facet normal  0.000000e+00  9.656087e-01 -2.599996e-01
   outer loop
     vertex -1.815532e-01  2.533120e+01  7.912715e+00
     vertex -1.681556e+00  2.535322e+01  7.994487e+00
     vertex -1.815532e-01  2.535322e+01  7.994487e+00
   endloop
 endfacet
 facet normal  0.000000e+00  9.991032e-01 -4.234034e-02
   outer loop
     vertex -1.815532e-01  2.532733e+01  7.821297e+00
     vertex -1.681556e+00  2.533120e+01  7.912715e+00
     vertex -1.815532e-01  2.533120e+01  7.912715e+00
   endloop
 endfacet
 facet normal  0.000000e+00  9.991032e-01 -4.234034e-02
   outer loop
     vertex -1.815532e-01  2.532733e+01  7.821297e+00
     vertex -1.681556e+00  2.532733e+01  7.821297e+00
     vertex -1.681556e+00  2.533120e+01  7.912715e+00
   endloop
 endfacet
 facet normal  0.000000e+00  9.813901e-01  1.920246e-01
   outer loop
     vertex -1.815532e-01  2.534587e+01  7.726559e+00
     vertex -1.681556e+00  2.534587e+01  7.726559e+00
     vertex -1.681556e+00  2.532733e+01  7.821297e+00
   endloop
 endfacet
 facet normal  0.000000e+00  9.813901e-01  1.920246e-01
   outer loop
     vertex -1.815532e-01  2.534587e+01  7.726559e+00
     vertex -1.681556e+00  2.532733e+01  7.821297e+00
     vertex -1.815532e-01  2.532733e+01  7.821297e+00
   endloop
 endfacet
 facet normal  0.000000e+00  9.054837e-01  4.243809e-01
   outer loop
     vertex -1.815532e-01  2.538789e+01  7.636891e+00
     vertex -1.681556e+00  2.538789e+01  7.636891e+00
     vertex -1.681556e+00  2.534587e+01  7.726559e+00
   endloop
 endfacet
 facet normal  0.000000e+00  9.054837e-01  4.243809e-01
   outer loop
     vertex -1.815532e-01  2.538789e+01  7.636891e+00
     vertex -1.681556e+00  2.534587e+01  7.726559e+00
     vertex -1.815532e-01  2.534587e+01  7.726559e+00
   endloop
 endfacet
 facet normal  0.000000e+00  7.738624e-01  6.333537e-01
   outer loop
     vertex -1.815532e-01  2.545032e+01  7.560621e+00
     vertex -1.681556e+00  2.545032e+01  7.560621e+00
     vertex -1.681556e+00  2.538789e+01  7.636891e+00
   endloop
 endfacet
 facet normal  0.000000e+00  7.738624e-01  6.333537e-01
   outer loop
     vertex -1.815532e-01  2.545032e+01  7.560621e+00
     vertex -1.681556e+00  2.538789e+01  7.636891e+00
     vertex -1.815532e-01  2.538789e+01  7.636891e+00
   endloop
 endfacet
 facet normal  0.000000e+00  5.988990e-01  8.008246e-01
   outer loop
     vertex -1.815532e-01  2.552656e+01  7.503601e+00
     vertex -1.681556e+00  2.552656e+01  7.503601e+00
     vertex -1.681556e+00  2.545032e+01  7.560621e+00
   endloop
 endfacet
 facet normal  0.000000e+00  3.992513e-01  9.168415e-01
   outer loop
     vertex -1.815532e-01  2.552656e+01  7.503601e+00
     vertex -1.681556e+00  2.560864e+01  7.467857e+00
     vertex -1.681556e+00  2.552656e+01  7.503601e+00
   endloop
 endfacet
 facet normal  0.000000e+00  5.988990e-01  8.008246e-01
   outer loop
     vertex -1.815532e-01  2.552656e+01  7.503601e+00
     vertex -1.681556e+00  2.545032e+01  7.560621e+00
     vertex -1.815532e-01  2.545032e+01  7.560621e+00
   endloop
 endfacet
 facet normal  0.000000e+00  2.194267e-01  9.756290e-01
   outer loop
     vertex -1.815532e-01  2.560864e+01  7.467857e+00
     vertex -1.681556e+00  2.566895e+01  7.454294e+00
     vertex -1.681556e+00  2.560864e+01  7.467857e+00
   endloop
 endfacet
 facet normal  0.000000e+00  3.992513e-01  9.168415e-01
   outer loop
     vertex -1.815532e-01  2.560864e+01  7.467857e+00
     vertex -1.681556e+00  2.560864e+01  7.467857e+00
     vertex -1.815532e-01  2.552656e+01  7.503601e+00
   endloop
 endfacet
 facet normal  0.000000e+00  2.194267e-01  9.756290e-01
   outer loop
     vertex -1.815532e-01  2.566895e+01  7.454294e+00
     vertex -1.681556e+00  2.566895e+01  7.454294e+00
     vertex -1.815532e-01  2.560864e+01  7.467857e+00
   endloop
 endfacet
 facet normal  0.000000e+00  7.188419e-02  9.974130e-01
   outer loop
     vertex -1.815532e-01  2.572631e+01  7.450160e+00
     vertex -1.681556e+00  2.572631e+01  7.450160e+00
     vertex -1.681556e+00  2.566895e+01  7.454294e+00
   endloop
 endfacet
 facet normal  0.000000e+00  7.188419e-02  9.974130e-01
   outer loop
     vertex -1.815532e-01  2.572631e+01  7.450160e+00
     vertex -1.681556e+00  2.566895e+01  7.454294e+00
     vertex -1.815532e-01  2.566895e+01  7.454294e+00
   endloop
 endfacet
 facet normal  0.000000e+00 -1.225485e-01  9.924625e-01
   outer loop
     vertex -1.815532e-01  2.704867e+01  8.637235e+00
     vertex -1.681556e+00  2.695137e+01  8.625220e+00
     vertex -1.815532e-01  2.695137e+01  8.625220e+00
   endloop
 endfacet
 facet normal  0.000000e+00 -1.225485e-01  9.924625e-01
   outer loop
     vertex -1.815532e-01  2.704867e+01  8.637235e+00
     vertex -1.681556e+00  2.704867e+01  8.637235e+00
     vertex -1.681556e+00  2.695137e+01  8.625220e+00
   endloop
 endfacet
 facet normal  0.000000e+00 -3.602077e-01  9.328721e-01
   outer loop
     vertex -1.815532e-01  2.714008e+01  8.672528e+00
     vertex -1.681556e+00  2.714008e+01  8.672528e+00
     vertex -1.681556e+00  2.704867e+01  8.637235e+00
   endloop
 endfacet
 facet normal  0.000000e+00 -3.602077e-01  9.328721e-01
   outer loop
     vertex -1.815532e-01  2.714008e+01  8.672528e+00
     vertex -1.681556e+00  2.704867e+01  8.637235e+00
     vertex -1.815532e-01  2.704867e+01  8.637235e+00
   endloop
 endfacet
 facet normal  0.000000e+00 -5.726450e-01  8.198034e-01
   outer loop
     vertex -1.815532e-01  2.721759e+01  8.726673e+00
     vertex -1.681556e+00  2.721759e+01  8.726673e+00
     vertex -1.681556e+00  2.714008e+01  8.672528e+00
   endloop
 endfacet
 facet normal  0.000000e+00 -5.726450e-01  8.198034e-01
   outer loop
     vertex -1.815532e-01  2.721759e+01  8.726673e+00
     vertex -1.681556e+00  2.714008e+01  8.672528e+00
     vertex -1.815532e-01  2.714008e+01  8.672528e+00
   endloop
 endfacet
 facet normal  0.000000e+00 -7.521532e-01  6.589883e-01
   outer loop
     vertex -1.815532e-01  2.728234e+01  8.800581e+00
     vertex -1.681556e+00  2.721759e+01  8.726673e+00
     vertex -1.815532e-01  2.721759e+01  8.726673e+00
   endloop
 endfacet
 facet normal  0.000000e+00 -7.521532e-01  6.589883e-01
   outer loop
     vertex -1.815532e-01  2.728234e+01  8.800581e+00
     vertex -1.681556e+00  2.728234e+01  8.800581e+00
     vertex -1.681556e+00  2.721759e+01  8.726673e+00
   endloop
 endfacet
 facet normal  0.000000e+00 -8.906152e-01  4.547578e-01
   outer loop
     vertex -1.815532e-01  2.732743e+01  8.888878e+00
     vertex -1.681556e+00  2.728234e+01  8.800581e+00
     vertex -1.815532e-01  2.728234e+01  8.800581e+00
   endloop
 endfacet
 facet normal  0.000000e+00 -8.906152e-01  4.547578e-01
   outer loop
     vertex -1.815532e-01  2.732743e+01  8.888878e+00
     vertex -1.681556e+00  2.732743e+01  8.888878e+00
     vertex -1.681556e+00  2.728234e+01  8.800581e+00
   endloop
 endfacet
 facet normal  0.000000e+00 -9.745104e-01  2.243424e-01
   outer loop
     vertex -1.815532e-01  2.734920e+01  8.983444e+00
     vertex -1.681556e+00  2.732743e+01  8.888878e+00
     vertex -1.815532e-01  2.732743e+01  8.888878e+00
   endloop
 endfacet
 facet normal  0.000000e+00 -9.745104e-01  2.243424e-01
   outer loop
     vertex -1.815532e-01  2.734920e+01  8.983444e+00
     vertex -1.681556e+00  2.734920e+01  8.983444e+00
     vertex -1.681556e+00  2.732743e+01  8.888878e+00
   endloop
 endfacet
 facet normal  0.000000e+00 -9.999399e-01 -1.096514e-02
   outer loop
     vertex -1.815532e-01  2.734819e+01  9.075750e+00
     vertex -1.681556e+00  2.734920e+01  8.983444e+00
     vertex -1.815532e-01  2.734920e+01  8.983444e+00
   endloop
 endfacet
 facet normal -0.000000e+00 -9.999399e-01 -1.096514e-02
   outer loop
     vertex -1.815532e-01  2.734819e+01  9.075750e+00
     vertex -1.681556e+00  2.734819e+01  9.075750e+00
     vertex -1.681556e+00  2.734920e+01  8.983444e+00
   endloop
 endfacet
 facet normal -0.000000e+00 -9.727658e-01 -2.317902e-01
   outer loop
     vertex -1.815532e-01  2.734819e+01  9.075750e+00
     vertex -1.681556e+00  2.732833e+01  9.159105e+00
     vertex -1.681556e+00  2.734819e+01  9.075750e+00
   endloop
 endfacet
 facet normal -0.000000e+00 -9.727658e-01 -2.317902e-01
   outer loop
     vertex -1.815532e-01  2.732833e+01  9.159105e+00
     vertex -1.681556e+00  2.732833e+01  9.159105e+00
     vertex -1.815532e-01  2.734819e+01  9.075750e+00
   endloop
 endfacet
 facet normal  0.000000e+00 -9.051998e-01 -4.249862e-01
   outer loop
     vertex -1.815532e-01  2.729515e+01  9.229759e+00
     vertex -1.681556e+00  2.732833e+01  9.159105e+00
     vertex -1.815532e-01  2.732833e+01  9.159105e+00
   endloop
 endfacet
 facet normal -0.000000e+00 -9.051998e-01 -4.249862e-01
   outer loop
     vertex -1.815532e-01  2.729515e+01  9.229759e+00
     vertex -1.681556e+00  2.729515e+01  9.229759e+00
     vertex -1.681556e+00  2.732833e+01  9.159105e+00
   endloop
 endfacet
 facet normal  0.000000e+00 -8.046446e-01 -5.937567e-01
   outer loop
     vertex -1.815532e-01  2.724818e+01  9.293422e+00
     vertex -1.681556e+00  2.729515e+01  9.229759e+00
     vertex -1.815532e-01  2.729515e+01  9.229759e+00
   endloop
 endfacet
 facet normal -0.000000e+00 -8.046446e-01 -5.937567e-01
   outer loop
     vertex -1.815532e-01  2.724818e+01  9.293422e+00
     vertex -1.681556e+00  2.724818e+01  9.293422e+00
     vertex -1.681556e+00  2.729515e+01  9.229759e+00
   endloop
 endfacet
 facet normal  0.000000e+00 -6.649652e-01 -7.468743e-01
   outer loop
     vertex -1.815532e-01  2.718343e+01  9.351070e+00
     vertex -1.681556e+00  2.724818e+01  9.293422e+00
     vertex -1.815532e-01  2.724818e+01  9.293422e+00
   endloop
 endfacet
 facet normal -0.000000e+00 -6.649652e-01 -7.468743e-01
   outer loop
     vertex -1.815532e-01  2.718343e+01  9.351070e+00
     vertex -1.681556e+00  2.718343e+01  9.351070e+00
     vertex -1.681556e+00  2.724818e+01  9.293422e+00
   endloop
 endfacet
 facet normal  0.000000e+00 -4.813850e-01 -8.765092e-01
   outer loop
     vertex -1.815532e-01  2.710182e+01  9.395889e+00
     vertex -1.681556e+00  2.718343e+01  9.351070e+00
     vertex -1.815532e-01  2.718343e+01  9.351070e+00
   endloop
 endfacet
 facet normal -0.000000e+00 -4.813850e-01 -8.765092e-01
   outer loop
     vertex -1.815532e-01  2.710182e+01  9.395889e+00
     vertex -1.681556e+00  2.710182e+01  9.395889e+00
     vertex -1.681556e+00  2.718343e+01  9.351070e+00
   endloop
 endfacet
 facet normal  0.000000e+00 -2.603843e-01 -9.655051e-01
   outer loop
     vertex -1.815532e-01  2.700768e+01  9.421277e+00
     vertex -1.681556e+00  2.710182e+01  9.395889e+00
     vertex -1.815532e-01  2.710182e+01  9.395889e+00
   endloop
 endfacet
 facet normal -0.000000e+00 -2.603843e-01 -9.655051e-01
   outer loop
     vertex -1.815532e-01  2.700768e+01  9.421277e+00
     vertex -1.681556e+00  2.700768e+01  9.421277e+00
     vertex -1.681556e+00  2.710182e+01  9.395889e+00
   endloop
 endfacet
 facet normal  0.000000e+00 -1.692982e-02 -9.998567e-01
   outer loop
     vertex -1.815532e-01  2.690850e+01  9.422956e+00
     vertex -1.681556e+00  2.700768e+01  9.421277e+00
     vertex -1.815532e-01  2.700768e+01  9.421277e+00
   endloop
 endfacet
 facet normal -0.000000e+00 -1.692982e-02 -9.998567e-01
   outer loop
     vertex -1.815532e-01  2.690850e+01  9.422956e+00
     vertex -1.681556e+00  2.690850e+01  9.422956e+00
     vertex -1.681556e+00  2.700768e+01  9.421277e+00
   endloop
 endfacet
 facet normal  0.000000e+00  2.280417e-01 -9.736514e-01
   outer loop
     vertex -1.815532e-01  2.681317e+01  9.400630e+00
     vertex -1.681556e+00  2.681317e+01  9.400630e+00
     vertex -1.681556e+00  2.690850e+01  9.422956e+00
   endloop
 endfacet
 facet normal  0.000000e+00  2.280417e-01 -9.736514e-01
   outer loop
     vertex -1.815532e-01  2.681317e+01  9.400630e+00
     vertex -1.681556e+00  2.690850e+01  9.422956e+00
     vertex -1.815532e-01  2.690850e+01  9.422956e+00
   endloop
 endfacet
 facet normal  0.000000e+00  4.531670e-01 -8.914256e-01
   outer loop
     vertex -1.815532e-01  2.672952e+01  9.358104e+00
     vertex -1.681556e+00  2.672952e+01  9.358104e+00
     vertex -1.681556e+00  2.681317e+01  9.400630e+00
   endloop
 endfacet
 facet normal  0.000000e+00  6.424314e-01 -7.663432e-01
   outer loop
     vertex -1.815532e-01  2.672952e+01  9.358104e+00
     vertex -1.681556e+00  2.666234e+01  9.301791e+00
     vertex -1.681556e+00  2.672952e+01  9.358104e+00
   endloop
 endfacet
 facet normal  0.000000e+00  4.531670e-01 -8.914256e-01
   outer loop
     vertex -1.815532e-01  2.672952e+01  9.358104e+00
     vertex -1.681556e+00  2.681317e+01  9.400630e+00
     vertex -1.815532e-01  2.681317e+01  9.400630e+00
   endloop
 endfacet
 facet normal  0.000000e+00  6.424314e-01 -7.663432e-01
   outer loop
     vertex -1.815532e-01  2.666234e+01  9.301791e+00
     vertex -1.681556e+00  2.666234e+01  9.301791e+00
     vertex -1.815532e-01  2.672952e+01  9.358104e+00
   endloop
 endfacet
 facet normal  0.000000e+00  7.881853e-01 -6.154380e-01
   outer loop
     vertex -1.815532e-01  2.661299e+01  9.238585e+00
     vertex -1.681556e+00  2.661299e+01  9.238585e+00
     vertex -1.681556e+00  2.666234e+01  9.301791e+00
   endloop
 endfacet
 facet normal  0.000000e+00  7.881853e-01 -6.154380e-01
   outer loop
     vertex -1.815532e-01  2.661299e+01  9.238585e+00
     vertex -1.681556e+00  2.666234e+01  9.301791e+00
     vertex -1.815532e-01  2.666234e+01  9.301791e+00
   endloop
 endfacet
 facet normal  0.000000e+00  8.934605e-01 -4.491417e-01
   outer loop
     vertex -1.815532e-01  2.657828e+01  9.169547e+00
     vertex -1.681556e+00  2.657828e+01  9.169547e+00
     vertex -1.681556e+00  2.661299e+01  9.238585e+00
   endloop
 endfacet
 facet normal  0.000000e+00  8.934605e-01 -4.491417e-01
   outer loop
     vertex -1.815532e-01  2.657828e+01  9.169547e+00
     vertex -1.681556e+00  2.661299e+01  9.238585e+00
     vertex -1.815532e-01  2.661299e+01  9.238585e+00
   endloop
 endfacet
 facet normal  0.000000e+00  9.656087e-01 -2.599996e-01
   outer loop
     vertex -1.815532e-01  2.655627e+01  9.087775e+00
     vertex -1.681556e+00  2.655627e+01  9.087775e+00
     vertex -1.681556e+00  2.657828e+01  9.169547e+00
   endloop
 endfacet
 facet normal  0.000000e+00  9.656087e-01 -2.599996e-01
   outer loop
     vertex -1.815532e-01  2.655627e+01  9.087775e+00
     vertex -1.681556e+00  2.657828e+01  9.169547e+00
     vertex -1.815532e-01  2.657828e+01  9.169547e+00
   endloop
 endfacet
 facet normal  0.000000e+00  9.991032e-01 -4.234034e-02
   outer loop
     vertex -1.815532e-01  2.655239e+01  8.996357e+00
     vertex -1.681556e+00  2.655627e+01  9.087775e+00
     vertex -1.815532e-01  2.655627e+01  9.087775e+00
   endloop
 endfacet
 facet normal  0.000000e+00  9.991032e-01 -4.234034e-02
   outer loop
     vertex -1.815532e-01  2.655239e+01  8.996357e+00
     vertex -1.681556e+00  2.655239e+01  8.996357e+00
     vertex -1.681556e+00  2.655627e+01  9.087775e+00
   endloop
 endfacet
 facet normal  0.000000e+00  9.813901e-01  1.920246e-01
   outer loop
     vertex -1.815532e-01  2.657093e+01  8.901618e+00
     vertex -1.681556e+00  2.657093e+01  8.901618e+00
     vertex -1.681556e+00  2.655239e+01  8.996357e+00
   endloop
 endfacet
 facet normal  0.000000e+00  9.813901e-01  1.920246e-01
   outer loop
     vertex -1.815532e-01  2.657093e+01  8.901618e+00
     vertex -1.681556e+00  2.655239e+01  8.996357e+00
     vertex -1.815532e-01  2.655239e+01  8.996357e+00
   endloop
 endfacet
 facet normal  0.000000e+00  9.054837e-01  4.243809e-01
   outer loop
     vertex -1.815532e-01  2.661296e+01  8.811951e+00
     vertex -1.681556e+00  2.661296e+01  8.811951e+00
     vertex -1.681556e+00  2.657093e+01  8.901618e+00
   endloop
 endfacet
 facet normal  0.000000e+00  9.054837e-01  4.243809e-01
   outer loop
     vertex -1.815532e-01  2.661296e+01  8.811951e+00
     vertex -1.681556e+00  2.657093e+01  8.901618e+00
     vertex -1.815532e-01  2.657093e+01  8.901618e+00
   endloop
 endfacet
 facet normal  0.000000e+00  7.738624e-01  6.333537e-01
   outer loop
     vertex -1.815532e-01  2.667538e+01  8.735680e+00
     vertex -1.681556e+00  2.667538e+01  8.735680e+00
     vertex -1.681556e+00  2.661296e+01  8.811951e+00
   endloop
 endfacet
 facet normal  0.000000e+00  7.738624e-01  6.333537e-01
   outer loop
     vertex -1.815532e-01  2.667538e+01  8.735680e+00
     vertex -1.681556e+00  2.661296e+01  8.811951e+00
     vertex -1.815532e-01  2.661296e+01  8.811951e+00
   endloop
 endfacet
 facet normal  0.000000e+00  5.988990e-01  8.008246e-01
   outer loop
     vertex -1.815532e-01  2.675162e+01  8.678660e+00
     vertex -1.681556e+00  2.675162e+01  8.678660e+00
     vertex -1.681556e+00  2.667538e+01  8.735680e+00
   endloop
 endfacet
 facet normal  0.000000e+00  5.988990e-01  8.008246e-01
   outer loop
     vertex -1.815532e-01  2.675162e+01  8.678660e+00
     vertex -1.681556e+00  2.667538e+01  8.735680e+00
     vertex -1.815532e-01  2.667538e+01  8.735680e+00
   endloop
 endfacet
 facet normal  0.000000e+00  3.992513e-01  9.168415e-01
   outer loop
     vertex -1.815532e-01  2.683370e+01  8.642916e+00
     vertex -1.681556e+00  2.683370e+01  8.642916e+00
     vertex -1.681556e+00  2.675162e+01  8.678660e+00
   endloop
 endfacet
 facet normal  0.000000e+00  2.194267e-01  9.756290e-01
   outer loop
     vertex -1.815532e-01  2.683370e+01  8.642916e+00
     vertex -1.681556e+00  2.689401e+01  8.629354e+00
     vertex -1.681556e+00  2.683370e+01  8.642916e+00
   endloop
 endfacet
 facet normal  0.000000e+00  3.992513e-01  9.168415e-01
   outer loop
     vertex -1.815532e-01  2.683370e+01  8.642916e+00
     vertex -1.681556e+00  2.675162e+01  8.678660e+00
     vertex -1.815532e-01  2.675162e+01  8.678660e+00
   endloop
 endfacet
 facet normal  0.000000e+00  2.194267e-01  9.756290e-01
   outer loop
     vertex -1.815532e-01  2.689401e+01  8.629354e+00
     vertex -1.681556e+00  2.689401e+01  8.629354e+00
     vertex -1.815532e-01  2.683370e+01  8.642916e+00
   endloop
 endfacet
 facet normal  0.000000e+00  7.188419e-02  9.974130e-01
   outer loop
     vertex -1.815532e-01  2.695137e+01  8.625220e+00
     vertex -1.681556e+00  2.695137e+01  8.625220e+00
     vertex -1.681556e+00  2.689401e+01  8.629354e+00
   endloop
 endfacet
 facet normal  0.000000e+00  7.188419e-02  9.974130e-01
   outer loop
     vertex -1.815532e-01  2.695137e+01  8.625220e+00
     vertex -1.681556e+00  2.689401e+01  8.629354e+00
     vertex -1.815532e-01  2.689401e+01  8.629354e+00
   endloop
 endfacet
 facet normal  0.000000e+00 -1.225485e-01  9.924625e-01
   outer loop
     vertex -1.815532e-01  2.832374e+01  8.637235e+00
     vertex -1.681556e+00  2.822643e+01  8.625220e+00
     vertex -1.815532e-01  2.822643e+01  8.625220e+00
   endloop
 endfacet
 facet normal  0.000000e+00 -1.225485e-01  9.924625e-01
   outer loop
     vertex -1.815532e-01  2.832374e+01  8.637235e+00
     vertex -1.681556e+00  2.832374e+01  8.637235e+00
     vertex -1.681556e+00  2.822643e+01  8.625220e+00
   endloop
 endfacet
 facet normal  0.000000e+00 -3.602077e-01  9.328721e-01
   outer loop
     vertex -1.815532e-01  2.841514e+01  8.672528e+00
     vertex -1.681556e+00  2.841514e+01  8.672528e+00
     vertex -1.681556e+00  2.832374e+01  8.637235e+00
   endloop
 endfacet
 facet normal  0.000000e+00 -3.602077e-01  9.328721e-01
   outer loop
     vertex -1.815532e-01  2.841514e+01  8.672528e+00
     vertex -1.681556e+00  2.832374e+01  8.637235e+00
     vertex -1.815532e-01  2.832374e+01  8.637235e+00
   endloop
 endfacet
 facet normal  0.000000e+00 -5.726450e-01  8.198034e-01
   outer loop
     vertex -1.815532e-01  2.849266e+01  8.726673e+00
     vertex -1.681556e+00  2.849266e+01  8.726673e+00
     vertex -1.681556e+00  2.841514e+01  8.672528e+00
   endloop
 endfacet
 facet normal  0.000000e+00 -5.726450e-01  8.198034e-01
   outer loop
     vertex -1.815532e-01  2.849266e+01  8.726673e+00
     vertex -1.681556e+00  2.841514e+01  8.672528e+00
     vertex -1.815532e-01  2.841514e+01  8.672528e+00
   endloop
 endfacet
 facet normal  0.000000e+00 -7.521532e-01  6.589883e-01
   outer loop
     vertex -1.815532e-01  2.855741e+01  8.800581e+00
     vertex -1.681556e+00  2.849266e+01  8.726673e+00
     vertex -1.815532e-01  2.849266e+01  8.726673e+00
   endloop
 endfacet
 facet normal  0.000000e+00 -7.521532e-01  6.589883e-01
   outer loop
     vertex -1.815532e-01  2.855741e+01  8.800581e+00
     vertex -1.681556e+00  2.855741e+01  8.800581e+00
     vertex -1.681556e+00  2.849266e+01  8.726673e+00
   endloop
 endfacet
 facet normal  0.000000e+00 -8.906152e-01  4.547578e-01
   outer loop
     vertex -1.815532e-01  2.860249e+01  8.888878e+00
     vertex -1.681556e+00  2.855741e+01  8.800581e+00
     vertex -1.815532e-01  2.855741e+01  8.800581e+00
   endloop
 endfacet
 facet normal  0.000000e+00 -8.906152e-01  4.547578e-01
   outer loop
     vertex -1.815532e-01  2.860249e+01  8.888878e+00
     vertex -1.681556e+00  2.860249e+01  8.888878e+00
     vertex -1.681556e+00  2.855741e+01  8.800581e+00
   endloop
 endfacet
 facet normal  0.000000e+00 -9.745104e-01  2.243424e-01
   outer loop
     vertex -1.815532e-01  2.862426e+01  8.983444e+00
     vertex -1.681556e+00  2.860249e+01  8.888878e+00
     vertex -1.815532e-01  2.860249e+01  8.888878e+00
   endloop
 endfacet
 facet normal  0.000000e+00 -9.745104e-01  2.243424e-01
   outer loop
     vertex -1.815532e-01  2.862426e+01  8.983444e+00
     vertex -1.681556e+00  2.862426e+01  8.983444e+00
     vertex -1.681556e+00  2.860249e+01  8.888878e+00
   endloop
 endfacet
 facet normal  0.000000e+00 -9.999399e-01 -1.096514e-02
   outer loop
     vertex -1.815532e-01  2.862325e+01  9.075750e+00
     vertex -1.681556e+00  2.862426e+01  8.983444e+00
     vertex -1.815532e-01  2.862426e+01  8.983444e+00
   endloop
 endfacet
 facet normal -0.000000e+00 -9.999399e-01 -1.096514e-02
   outer loop
     vertex -1.815532e-01  2.862325e+01  9.075750e+00
     vertex -1.681556e+00  2.862325e+01  9.075750e+00
     vertex -1.681556e+00  2.862426e+01  8.983444e+00
   endloop
 endfacet
 facet normal -0.000000e+00 -9.727658e-01 -2.317902e-01
   outer loop
     vertex -1.815532e-01  2.862325e+01  9.075750e+00
     vertex -1.681556e+00  2.860339e+01  9.159105e+00
     vertex -1.681556e+00  2.862325e+01  9.075750e+00
   endloop
 endfacet
 facet normal -0.000000e+00 -9.727658e-01 -2.317902e-01
   outer loop
     vertex -1.815532e-01  2.860339e+01  9.159105e+00
     vertex -1.681556e+00  2.860339e+01  9.159105e+00
     vertex -1.815532e-01  2.862325e+01  9.075750e+00
   endloop
 endfacet
 facet normal  0.000000e+00 -9.051998e-01 -4.249862e-01
   outer loop
     vertex -1.815532e-01  2.857022e+01  9.229759e+00
     vertex -1.681556e+00  2.860339e+01  9.159105e+00
     vertex -1.815532e-01  2.860339e+01  9.159105e+00
   endloop
 endfacet
 facet normal -0.000000e+00 -9.051998e-01 -4.249862e-01
   outer loop
     vertex -1.815532e-01  2.857022e+01  9.229759e+00
     vertex -1.681556e+00  2.857022e+01  9.229759e+00
     vertex -1.681556e+00  2.860339e+01  9.159105e+00
   endloop
 endfacet
 facet normal  0.000000e+00 -8.046446e-01 -5.937567e-01
   outer loop
     vertex -1.815532e-01  2.852324e+01  9.293422e+00
     vertex -1.681556e+00  2.857022e+01  9.229759e+00
     vertex -1.815532e-01  2.857022e+01  9.229759e+00
   endloop
 endfacet
 facet normal -0.000000e+00 -8.046446e-01 -5.937567e-01
   outer loop
     vertex -1.815532e-01  2.852324e+01  9.293422e+00
     vertex -1.681556e+00  2.852324e+01  9.293422e+00
     vertex -1.681556e+00  2.857022e+01  9.229759e+00
   endloop
 endfacet
 facet normal  0.000000e+00 -6.649652e-01 -7.468743e-01
   outer loop
     vertex -1.815532e-01  2.845849e+01  9.351070e+00
     vertex -1.681556e+00  2.852324e+01  9.293422e+00
     vertex -1.815532e-01  2.852324e+01  9.293422e+00
   endloop
 endfacet
 facet normal -0.000000e+00 -6.649652e-01 -7.468743e-01
   outer loop
     vertex -1.815532e-01  2.845849e+01  9.351070e+00
     vertex -1.681556e+00  2.845849e+01  9.351070e+00
     vertex -1.681556e+00  2.852324e+01  9.293422e+00
   endloop
 endfacet
 facet normal  0.000000e+00 -4.813850e-01 -8.765092e-01
   outer loop
     vertex -1.815532e-01  2.837689e+01  9.395889e+00
     vertex -1.681556e+00  2.845849e+01  9.351070e+00
     vertex -1.815532e-01  2.845849e+01  9.351070e+00
   endloop
 endfacet
 facet normal -0.000000e+00 -4.813850e-01 -8.765092e-01
   outer loop
     vertex -1.815532e-01  2.837689e+01  9.395889e+00
     vertex -1.681556e+00  2.837689e+01  9.395889e+00
     vertex -1.681556e+00  2.845849e+01  9.351070e+00
   endloop
 endfacet
 facet normal  0.000000e+00 -2.603843e-01 -9.655051e-01
   outer loop
     vertex -1.815532e-01  2.828275e+01  9.421277e+00
     vertex -1.681556e+00  2.837689e+01  9.395889e+00
     vertex -1.815532e-01  2.837689e+01  9.395889e+00
   endloop
 endfacet
 facet normal -0.000000e+00 -2.603843e-01 -9.655051e-01
   outer loop
     vertex -1.815532e-01  2.828275e+01  9.421277e+00
     vertex -1.681556e+00  2.828275e+01  9.421277e+00
     vertex -1.681556e+00  2.837689e+01  9.395889e+00
   endloop
 endfacet
 facet normal  0.000000e+00 -1.692982e-02 -9.998567e-01
   outer loop
     vertex -1.815532e-01  2.818356e+01  9.422956e+00
     vertex -1.681556e+00  2.828275e+01  9.421277e+00
     vertex -1.815532e-01  2.828275e+01  9.421277e+00
   endloop
 endfacet
 facet normal -0.000000e+00 -1.692982e-02 -9.998567e-01
   outer loop
     vertex -1.815532e-01  2.818356e+01  9.422956e+00
     vertex -1.681556e+00  2.818356e+01  9.422956e+00
     vertex -1.681556e+00  2.828275e+01  9.421277e+00
   endloop
 endfacet
 facet normal  0.000000e+00  2.280417e-01 -9.736514e-01
   outer loop
     vertex -1.815532e-01  2.808824e+01  9.400630e+00
     vertex -1.681556e+00  2.808824e+01  9.400630e+00
     vertex -1.681556e+00  2.818356e+01  9.422956e+00
   endloop
 endfacet
 facet normal  0.000000e+00  2.280417e-01 -9.736514e-01
   outer loop
     vertex -1.815532e-01  2.808824e+01  9.400630e+00
     vertex -1.681556e+00  2.818356e+01  9.422956e+00
     vertex -1.815532e-01  2.818356e+01  9.422956e+00
   endloop
 endfacet
 facet normal  0.000000e+00  4.531670e-01 -8.914256e-01
   outer loop
     vertex -1.815532e-01  2.800458e+01  9.358104e+00
     vertex -1.681556e+00  2.800458e+01  9.358104e+00
     vertex -1.681556e+00  2.808824e+01  9.400630e+00
   endloop
 endfacet
 facet normal  0.000000e+00  6.424314e-01 -7.663432e-01
   outer loop
     vertex -1.815532e-01  2.800458e+01  9.358104e+00
     vertex -1.681556e+00  2.793741e+01  9.301791e+00
     vertex -1.681556e+00  2.800458e+01  9.358104e+00
   endloop
 endfacet
 facet normal  0.000000e+00  4.531670e-01 -8.914256e-01
   outer loop
     vertex -1.815532e-01  2.800458e+01  9.358104e+00
     vertex -1.681556e+00  2.808824e+01  9.400630e+00
     vertex -1.815532e-01  2.808824e+01  9.400630e+00
   endloop
 endfacet
 facet normal  0.000000e+00  6.424314e-01 -7.663432e-01
   outer loop
     vertex -1.815532e-01  2.793741e+01  9.301791e+00
     vertex -1.681556e+00  2.793741e+01  9.301791e+00
     vertex -1.815532e-01  2.800458e+01  9.358104e+00
   endloop
 endfacet
 facet normal  0.000000e+00  7.881853e-01 -6.154380e-01
   outer loop
     vertex -1.815532e-01  2.788806e+01  9.238585e+00
     vertex -1.681556e+00  2.788806e+01  9.238585e+00
     vertex -1.681556e+00  2.793741e+01  9.301791e+00
   endloop
 endfacet
 facet normal  0.000000e+00  7.881853e-01 -6.154380e-01
   outer loop
     vertex -1.815532e-01  2.788806e+01  9.238585e+00
     vertex -1.681556e+00  2.793741e+01  9.301791e+00
     vertex -1.815532e-01  2.793741e+01  9.301791e+00
   endloop
 endfacet
 facet normal  0.000000e+00  8.934605e-01 -4.491417e-01
   outer loop
     vertex -1.815532e-01  2.785335e+01  9.169547e+00
     vertex -1.681556e+00  2.785335e+01  9.169547e+00
     vertex -1.681556e+00  2.788806e+01  9.238585e+00
   endloop
 endfacet
 facet normal  0.000000e+00  8.934605e-01 -4.491417e-01
   outer loop
     vertex -1.815532e-01  2.785335e+01  9.169547e+00
     vertex -1.681556e+00  2.788806e+01  9.238585e+00
     vertex -1.815532e-01  2.788806e+01  9.238585e+00
   endloop
 endfacet
 facet normal  0.000000e+00  9.656087e-01 -2.599996e-01
   outer loop
     vertex -1.815532e-01  2.783133e+01  9.087775e+00
     vertex -1.681556e+00  2.783133e+01  9.087775e+00
     vertex -1.681556e+00  2.785335e+01  9.169547e+00
   endloop
 endfacet
 facet normal  0.000000e+00  9.656087e-01 -2.599996e-01
   outer loop
     vertex -1.815532e-01  2.783133e+01  9.087775e+00
     vertex -1.681556e+00  2.785335e+01  9.169547e+00
     vertex -1.815532e-01  2.785335e+01  9.169547e+00
   endloop
 endfacet
 facet normal  0.000000e+00  9.991032e-01 -4.234034e-02
   outer loop
     vertex -1.815532e-01  2.782746e+01  8.996357e+00
     vertex -1.681556e+00  2.783133e+01  9.087775e+00
     vertex -1.815532e-01  2.783133e+01  9.087775e+00
   endloop
 endfacet
 facet normal  0.000000e+00  9.991032e-01 -4.234034e-02
   outer loop
     vertex -1.815532e-01  2.782746e+01  8.996357e+00
     vertex -1.681556e+00  2.782746e+01  8.996357e+00
     vertex -1.681556e+00  2.783133e+01  9.087775e+00
   endloop
 endfacet
 facet normal  0.000000e+00  9.813901e-01  1.920246e-01
   outer loop
     vertex -1.815532e-01  2.784599e+01  8.901618e+00
     vertex -1.681556e+00  2.784599e+01  8.901618e+00
     vertex -1.681556e+00  2.782746e+01  8.996357e+00
   endloop
 endfacet
 facet normal  0.000000e+00  9.813901e-01  1.920246e-01
   outer loop
     vertex -1.815532e-01  2.784599e+01  8.901618e+00
     vertex -1.681556e+00  2.782746e+01  8.996357e+00
     vertex -1.815532e-01  2.782746e+01  8.996357e+00
   endloop
 endfacet
 facet normal  0.000000e+00  9.054837e-01  4.243809e-01
   outer loop
     vertex -1.815532e-01  2.788802e+01  8.811951e+00
     vertex -1.681556e+00  2.788802e+01  8.811951e+00
     vertex -1.681556e+00  2.784599e+01  8.901618e+00
   endloop
 endfacet
 facet normal  0.000000e+00  9.054837e-01  4.243809e-01
   outer loop
     vertex -1.815532e-01  2.788802e+01  8.811951e+00
     vertex -1.681556e+00  2.784599e+01  8.901618e+00
     vertex -1.815532e-01  2.784599e+01  8.901618e+00
   endloop
 endfacet
 facet normal  0.000000e+00  7.738624e-01  6.333537e-01
   outer loop
     vertex -1.815532e-01  2.795044e+01  8.735680e+00
     vertex -1.681556e+00  2.795044e+01  8.735680e+00
     vertex -1.681556e+00  2.788802e+01  8.811951e+00
   endloop
 endfacet
 facet normal  0.000000e+00  5.988990e-01  8.008246e-01
   outer loop
     vertex -1.815532e-01  2.795044e+01  8.735680e+00
     vertex -1.681556e+00  2.802669e+01  8.678660e+00
     vertex -1.681556e+00  2.795044e+01  8.735680e+00
   endloop
 endfacet
 facet normal  0.000000e+00  7.738624e-01  6.333537e-01
   outer loop
     vertex -1.815532e-01  2.795044e+01  8.735680e+00
     vertex -1.681556e+00  2.788802e+01  8.811951e+00
     vertex -1.815532e-01  2.788802e+01  8.811951e+00
   endloop
 endfacet
 facet normal  0.000000e+00  5.988990e-01  8.008246e-01
   outer loop
     vertex -1.815532e-01  2.802669e+01  8.678660e+00
     vertex -1.681556e+00  2.802669e+01  8.678660e+00
     vertex -1.815532e-01  2.795044e+01  8.735680e+00
   endloop
 endfacet
 facet normal  0.000000e+00  3.992513e-01  9.168415e-01
   outer loop
     vertex -1.815532e-01  2.810877e+01  8.642916e+00
     vertex -1.681556e+00  2.810877e+01  8.642916e+00
     vertex -1.681556e+00  2.802669e+01  8.678660e+00
   endloop
 endfacet
 facet normal  0.000000e+00  2.194267e-01  9.756290e-01
   outer loop
     vertex -1.815532e-01  2.810877e+01  8.642916e+00
     vertex -1.681556e+00  2.816907e+01  8.629354e+00
     vertex -1.681556e+00  2.810877e+01  8.642916e+00
   endloop
 endfacet
 facet normal  0.000000e+00  3.992513e-01  9.168415e-01
   outer loop
     vertex -1.815532e-01  2.810877e+01  8.642916e+00
     vertex -1.681556e+00  2.802669e+01  8.678660e+00
     vertex -1.815532e-01  2.802669e+01  8.678660e+00
   endloop
 endfacet
 facet normal  0.000000e+00  2.194267e-01  9.756290e-01
   outer loop
     vertex -1.815532e-01  2.816907e+01  8.629354e+00
     vertex -1.681556e+00  2.816907e+01  8.629354e+00
     vertex -1.815532e-01  2.810877e+01  8.642916e+00
   endloop
 endfacet
 facet normal  0.000000e+00  7.188419e-02  9.974130e-01
   outer loop
     vertex -1.815532e-01  2.822643e+01  8.625220e+00
     vertex -1.681556e+00  2.822643e+01  8.625220e+00
     vertex -1.681556e+00  2.816907e+01  8.629354e+00
   endloop
 endfacet
 facet normal  0.000000e+00  7.188419e-02  9.974130e-01
   outer loop
     vertex -1.815532e-01  2.822643e+01  8.625220e+00
     vertex -1.681556e+00  2.816907e+01  8.629354e+00
     vertex -1.815532e-01  2.816907e+01  8.629354e+00
   endloop
 endfacet
 facet normal  0.000000e+00 -1.225485e-01  9.924625e-01
   outer loop
     vertex -1.815532e-01  2.704867e+01  7.462175e+00
     vertex -1.681556e+00  2.695137e+01  7.450160e+00
     vertex -1.815532e-01  2.695137e+01  7.450160e+00
   endloop
 endfacet
 facet normal  0.000000e+00 -1.225485e-01  9.924625e-01
   outer loop
     vertex -1.815532e-01  2.704867e+01  7.462175e+00
     vertex -1.681556e+00  2.704867e+01  7.462175e+00
     vertex -1.681556e+00  2.695137e+01  7.450160e+00
   endloop
 endfacet
 facet normal  0.000000e+00 -3.602077e-01  9.328721e-01
   outer loop
     vertex -1.815532e-01  2.714008e+01  7.497468e+00
     vertex -1.681556e+00  2.714008e+01  7.497468e+00
     vertex -1.681556e+00  2.704867e+01  7.462175e+00
   endloop
 endfacet
 facet normal  0.000000e+00 -3.602077e-01  9.328721e-01
   outer loop
     vertex -1.815532e-01  2.714008e+01  7.497468e+00
     vertex -1.681556e+00  2.704867e+01  7.462175e+00
     vertex -1.815532e-01  2.704867e+01  7.462175e+00
   endloop
 endfacet
 facet normal  0.000000e+00 -5.726450e-01  8.198034e-01
   outer loop
     vertex -1.815532e-01  2.721759e+01  7.551613e+00
     vertex -1.681556e+00  2.721759e+01  7.551613e+00
     vertex -1.681556e+00  2.714008e+01  7.497468e+00
   endloop
 endfacet
 facet normal  0.000000e+00 -5.726450e-01  8.198034e-01
   outer loop
     vertex -1.815532e-01  2.721759e+01  7.551613e+00
     vertex -1.681556e+00  2.714008e+01  7.497468e+00
     vertex -1.815532e-01  2.714008e+01  7.497468e+00
   endloop
 endfacet
 facet normal  0.000000e+00 -7.521532e-01  6.589883e-01
   outer loop
     vertex -1.815532e-01  2.728234e+01  7.625522e+00
     vertex -1.681556e+00  2.721759e+01  7.551613e+00
     vertex -1.815532e-01  2.721759e+01  7.551613e+00
   endloop
 endfacet
 facet normal  0.000000e+00 -7.521532e-01  6.589883e-01
   outer loop
     vertex -1.815532e-01  2.728234e+01  7.625522e+00
     vertex -1.681556e+00  2.728234e+01  7.625522e+00
     vertex -1.681556e+00  2.721759e+01  7.551613e+00
   endloop
 endfacet
 facet normal  0.000000e+00 -8.906152e-01  4.547578e-01
   outer loop
     vertex -1.815532e-01  2.732743e+01  7.713819e+00
     vertex -1.681556e+00  2.728234e+01  7.625522e+00
     vertex -1.815532e-01  2.728234e+01  7.625522e+00
   endloop
 endfacet
 facet normal  0.000000e+00 -8.906152e-01  4.547578e-01
   outer loop
     vertex -1.815532e-01  2.732743e+01  7.713819e+00
     vertex -1.681556e+00  2.732743e+01  7.713819e+00
     vertex -1.681556e+00  2.728234e+01  7.625522e+00
   endloop
 endfacet
 facet normal  0.000000e+00 -9.745104e-01  2.243424e-01
   outer loop
     vertex -1.815532e-01  2.734920e+01  7.808384e+00
     vertex -1.681556e+00  2.732743e+01  7.713819e+00
     vertex -1.815532e-01  2.732743e+01  7.713819e+00
   endloop
 endfacet
 facet normal  0.000000e+00 -9.745104e-01  2.243424e-01
   outer loop
     vertex -1.815532e-01  2.734920e+01  7.808384e+00
     vertex -1.681556e+00  2.734920e+01  7.808384e+00
     vertex -1.681556e+00  2.732743e+01  7.713819e+00
   endloop
 endfacet
 facet normal  0.000000e+00 -9.999399e-01 -1.096514e-02
   outer loop
     vertex -1.815532e-01  2.734819e+01  7.900691e+00
     vertex -1.681556e+00  2.734920e+01  7.808384e+00
     vertex -1.815532e-01  2.734920e+01  7.808384e+00
   endloop
 endfacet
 facet normal -0.000000e+00 -9.999399e-01 -1.096514e-02
   outer loop
     vertex -1.815532e-01  2.734819e+01  7.900691e+00
     vertex -1.681556e+00  2.734819e+01  7.900691e+00
     vertex -1.681556e+00  2.734920e+01  7.808384e+00
   endloop
 endfacet
 facet normal -0.000000e+00 -9.727658e-01 -2.317902e-01
   outer loop
     vertex -1.815532e-01  2.734819e+01  7.900691e+00
     vertex -1.681556e+00  2.732833e+01  7.984045e+00
     vertex -1.681556e+00  2.734819e+01  7.900691e+00
   endloop
 endfacet
 facet normal -0.000000e+00 -9.727658e-01 -2.317902e-01
   outer loop
     vertex -1.815532e-01  2.732833e+01  7.984045e+00
     vertex -1.681556e+00  2.732833e+01  7.984045e+00
     vertex -1.815532e-01  2.734819e+01  7.900691e+00
   endloop
 endfacet
 facet normal  0.000000e+00 -9.051998e-01 -4.249862e-01
   outer loop
     vertex -1.815532e-01  2.729515e+01  8.054700e+00
     vertex -1.681556e+00  2.732833e+01  7.984045e+00
     vertex -1.815532e-01  2.732833e+01  7.984045e+00
   endloop
 endfacet
 facet normal -0.000000e+00 -9.051998e-01 -4.249862e-01
   outer loop
     vertex -1.815532e-01  2.729515e+01  8.054700e+00
     vertex -1.681556e+00  2.729515e+01  8.054700e+00
     vertex -1.681556e+00  2.732833e+01  7.984045e+00
   endloop
 endfacet
 facet normal  0.000000e+00 -8.046446e-01 -5.937567e-01
   outer loop
     vertex -1.815532e-01  2.724818e+01  8.118362e+00
     vertex -1.681556e+00  2.729515e+01  8.054700e+00
     vertex -1.815532e-01  2.729515e+01  8.054700e+00
   endloop
 endfacet
 facet normal -0.000000e+00 -8.046446e-01 -5.937567e-01
   outer loop
     vertex -1.815532e-01  2.724818e+01  8.118362e+00
     vertex -1.681556e+00  2.724818e+01  8.118362e+00
     vertex -1.681556e+00  2.729515e+01  8.054700e+00
   endloop
 endfacet
 facet normal  0.000000e+00 -6.649652e-01 -7.468743e-01
   outer loop
     vertex -1.815532e-01  2.718343e+01  8.176010e+00
     vertex -1.681556e+00  2.724818e+01  8.118362e+00
     vertex -1.815532e-01  2.724818e+01  8.118362e+00
   endloop
 endfacet
 facet normal -0.000000e+00 -6.649652e-01 -7.468743e-01
   outer loop
     vertex -1.815532e-01  2.718343e+01  8.176010e+00
     vertex -1.681556e+00  2.718343e+01  8.176010e+00
     vertex -1.681556e+00  2.724818e+01  8.118362e+00
   endloop
 endfacet
 facet normal  0.000000e+00 -4.813850e-01 -8.765092e-01
   outer loop
     vertex -1.815532e-01  2.710182e+01  8.220829e+00
     vertex -1.681556e+00  2.718343e+01  8.176010e+00
     vertex -1.815532e-01  2.718343e+01  8.176010e+00
   endloop
 endfacet
 facet normal -0.000000e+00 -4.813850e-01 -8.765092e-01
   outer loop
     vertex -1.815532e-01  2.710182e+01  8.220829e+00
     vertex -1.681556e+00  2.710182e+01  8.220829e+00
     vertex -1.681556e+00  2.718343e+01  8.176010e+00
   endloop
 endfacet
 facet normal  0.000000e+00 -2.603843e-01 -9.655051e-01
   outer loop
     vertex -1.815532e-01  2.700768e+01  8.246217e+00
     vertex -1.681556e+00  2.710182e+01  8.220829e+00
     vertex -1.815532e-01  2.710182e+01  8.220829e+00
   endloop
 endfacet
 facet normal -0.000000e+00 -2.603843e-01 -9.655051e-01
   outer loop
     vertex -1.815532e-01  2.700768e+01  8.246217e+00
     vertex -1.681556e+00  2.700768e+01  8.246217e+00
     vertex -1.681556e+00  2.710182e+01  8.220829e+00
   endloop
 endfacet
 facet normal  0.000000e+00 -1.692982e-02 -9.998567e-01
   outer loop
     vertex -1.815532e-01  2.690850e+01  8.247897e+00
     vertex -1.681556e+00  2.700768e+01  8.246217e+00
     vertex -1.815532e-01  2.700768e+01  8.246217e+00
   endloop
 endfacet
 facet normal -0.000000e+00 -1.692982e-02 -9.998567e-01
   outer loop
     vertex -1.815532e-01  2.690850e+01  8.247897e+00
     vertex -1.681556e+00  2.690850e+01  8.247897e+00
     vertex -1.681556e+00  2.700768e+01  8.246217e+00
   endloop
 endfacet
 facet normal  0.000000e+00  2.280417e-01 -9.736514e-01
   outer loop
     vertex -1.815532e-01  2.681317e+01  8.225570e+00
     vertex -1.681556e+00  2.681317e+01  8.225570e+00
     vertex -1.681556e+00  2.690850e+01  8.247897e+00
   endloop
 endfacet
 facet normal  0.000000e+00  2.280417e-01 -9.736514e-01
   outer loop
     vertex -1.815532e-01  2.681317e+01  8.225570e+00
     vertex -1.681556e+00  2.690850e+01  8.247897e+00
     vertex -1.815532e-01  2.690850e+01  8.247897e+00
   endloop
 endfacet
 facet normal  0.000000e+00  4.531670e-01 -8.914256e-01
   outer loop
     vertex -1.815532e-01  2.672952e+01  8.183044e+00
     vertex -1.681556e+00  2.672952e+01  8.183044e+00
     vertex -1.681556e+00  2.681317e+01  8.225570e+00
   endloop
 endfacet
 facet normal  0.000000e+00  6.424314e-01 -7.663432e-01
   outer loop
     vertex -1.815532e-01  2.672952e+01  8.183044e+00
     vertex -1.681556e+00  2.666234e+01  8.126731e+00
     vertex -1.681556e+00  2.672952e+01  8.183044e+00
   endloop
 endfacet
 facet normal  0.000000e+00  4.531670e-01 -8.914256e-01
   outer loop
     vertex -1.815532e-01  2.672952e+01  8.183044e+00
     vertex -1.681556e+00  2.681317e+01  8.225570e+00
     vertex -1.815532e-01  2.681317e+01  8.225570e+00
   endloop
 endfacet
 facet normal  0.000000e+00  6.424314e-01 -7.663432e-01
   outer loop
     vertex -1.815532e-01  2.666234e+01  8.126731e+00
     vertex -1.681556e+00  2.666234e+01  8.126731e+00
     vertex -1.815532e-01  2.672952e+01  8.183044e+00
   endloop
 endfacet
 facet normal  0.000000e+00  7.881853e-01 -6.154380e-01
   outer loop
     vertex -1.815532e-01  2.661299e+01  8.063525e+00
     vertex -1.681556e+00  2.661299e+01  8.063525e+00
     vertex -1.681556e+00  2.666234e+01  8.126731e+00
   endloop
 endfacet
 facet normal  0.000000e+00  7.881853e-01 -6.154380e-01
   outer loop
     vertex -1.815532e-01  2.661299e+01  8.063525e+00
     vertex -1.681556e+00  2.666234e+01  8.126731e+00
     vertex -1.815532e-01  2.666234e+01  8.126731e+00
   endloop
 endfacet
 facet normal  0.000000e+00  8.934605e-01 -4.491417e-01
   outer loop
     vertex -1.815532e-01  2.657828e+01  7.994487e+00
     vertex -1.681556e+00  2.657828e+01  7.994487e+00
     vertex -1.681556e+00  2.661299e+01  8.063525e+00
   endloop
 endfacet
 facet normal  0.000000e+00  8.934605e-01 -4.491417e-01
   outer loop
     vertex -1.815532e-01  2.657828e+01  7.994487e+00
     vertex -1.681556e+00  2.661299e+01  8.063525e+00
     vertex -1.815532e-01  2.661299e+01  8.063525e+00
   endloop
 endfacet
 facet normal  0.000000e+00  9.656087e-01 -2.599996e-01
   outer loop
     vertex -1.815532e-01  2.655627e+01  7.912715e+00
     vertex -1.681556e+00  2.655627e+01  7.912715e+00
     vertex -1.681556e+00  2.657828e+01  7.994487e+00
   endloop
 endfacet
 facet normal  0.000000e+00  9.656087e-01 -2.599996e-01
   outer loop
     vertex -1.815532e-01  2.655627e+01  7.912715e+00
     vertex -1.681556e+00  2.657828e+01  7.994487e+00
     vertex -1.815532e-01  2.657828e+01  7.994487e+00
   endloop
 endfacet
 facet normal  0.000000e+00  9.991032e-01 -4.234034e-02
   outer loop
     vertex -1.815532e-01  2.655239e+01  7.821297e+00
     vertex -1.681556e+00  2.655627e+01  7.912715e+00
     vertex -1.815532e-01  2.655627e+01  7.912715e+00
   endloop
 endfacet
 facet normal  0.000000e+00  9.991032e-01 -4.234034e-02
   outer loop
     vertex -1.815532e-01  2.655239e+01  7.821297e+00
     vertex -1.681556e+00  2.655239e+01  7.821297e+00
     vertex -1.681556e+00  2.655627e+01  7.912715e+00
   endloop
 endfacet
 facet normal  0.000000e+00  9.813901e-01  1.920246e-01
   outer loop
     vertex -1.815532e-01  2.657093e+01  7.726559e+00
     vertex -1.681556e+00  2.657093e+01  7.726559e+00
     vertex -1.681556e+00  2.655239e+01  7.821297e+00
   endloop
 endfacet
 facet normal  0.000000e+00  9.813901e-01  1.920246e-01
   outer loop
     vertex -1.815532e-01  2.657093e+01  7.726559e+00
     vertex -1.681556e+00  2.655239e+01  7.821297e+00
     vertex -1.815532e-01  2.655239e+01  7.821297e+00
   endloop
 endfacet
 facet normal  0.000000e+00  9.054837e-01  4.243809e-01
   outer loop
     vertex -1.815532e-01  2.661296e+01  7.636891e+00
     vertex -1.681556e+00  2.661296e+01  7.636891e+00
     vertex -1.681556e+00  2.657093e+01  7.726559e+00
   endloop
 endfacet
 facet normal  0.000000e+00  9.054837e-01  4.243809e-01
   outer loop
     vertex -1.815532e-01  2.661296e+01  7.636891e+00
     vertex -1.681556e+00  2.657093e+01  7.726559e+00
     vertex -1.815532e-01  2.657093e+01  7.726559e+00
   endloop
 endfacet
 facet normal  0.000000e+00  7.738624e-01  6.333537e-01
   outer loop
     vertex -1.815532e-01  2.667538e+01  7.560621e+00
     vertex -1.681556e+00  2.667538e+01  7.560621e+00
     vertex -1.681556e+00  2.661296e+01  7.636891e+00
   endloop
 endfacet
 facet normal  0.000000e+00  7.738624e-01  6.333537e-01
   outer loop
     vertex -1.815532e-01  2.667538e+01  7.560621e+00
     vertex -1.681556e+00  2.661296e+01  7.636891e+00
     vertex -1.815532e-01  2.661296e+01  7.636891e+00
   endloop
 endfacet
 facet normal  0.000000e+00  5.988990e-01  8.008246e-01
   outer loop
     vertex -1.815532e-01  2.675162e+01  7.503601e+00
     vertex -1.681556e+00  2.675162e+01  7.503601e+00
     vertex -1.681556e+00  2.667538e+01  7.560621e+00
   endloop
 endfacet
 facet normal  0.000000e+00  5.988990e-01  8.008246e-01
   outer loop
     vertex -1.815532e-01  2.675162e+01  7.503601e+00
     vertex -1.681556e+00  2.667538e+01  7.560621e+00
     vertex -1.815532e-01  2.667538e+01  7.560621e+00
   endloop
 endfacet
 facet normal  0.000000e+00  3.992513e-01  9.168415e-01
   outer loop
     vertex -1.815532e-01  2.683370e+01  7.467857e+00
     vertex -1.681556e+00  2.683370e+01  7.467857e+00
     vertex -1.681556e+00  2.675162e+01  7.503601e+00
   endloop
 endfacet
 facet normal  0.000000e+00  2.194267e-01  9.756290e-01
   outer loop
     vertex -1.815532e-01  2.683370e+01  7.467857e+00
     vertex -1.681556e+00  2.689401e+01  7.454294e+00
     vertex -1.681556e+00  2.683370e+01  7.467857e+00
   endloop
 endfacet
 facet normal  0.000000e+00  3.992513e-01  9.168415e-01
   outer loop
     vertex -1.815532e-01  2.683370e+01  7.467857e+00
     vertex -1.681556e+00  2.675162e+01  7.503601e+00
     vertex -1.815532e-01  2.675162e+01  7.503601e+00
   endloop
 endfacet
 facet normal  0.000000e+00  2.194267e-01  9.756290e-01
   outer loop
     vertex -1.815532e-01  2.689401e+01  7.454294e+00
     vertex -1.681556e+00  2.689401e+01  7.454294e+00
     vertex -1.815532e-01  2.683370e+01  7.467857e+00
   endloop
 endfacet
 facet normal  0.000000e+00  7.188419e-02  9.974130e-01
   outer loop
     vertex -1.815532e-01  2.695137e+01  7.450160e+00
     vertex -1.681556e+00  2.695137e+01  7.450160e+00
     vertex -1.681556e+00  2.689401e+01  7.454294e+00
   endloop
 endfacet
 facet normal  0.000000e+00  7.188419e-02  9.974130e-01
   outer loop
     vertex -1.815532e-01  2.695137e+01  7.450160e+00
     vertex -1.681556e+00  2.689401e+01  7.454294e+00
     vertex -1.815532e-01  2.689401e+01  7.454294e+00
   endloop
 endfacet
 facet normal  0.000000e+00 -1.225485e-01  9.924625e-01
   outer loop
     vertex -1.815532e-01  2.831089e+01  7.462175e+00
     vertex -1.681556e+00  2.821358e+01  7.450160e+00
     vertex -1.815532e-01  2.821358e+01  7.450160e+00
   endloop
 endfacet
 facet normal  0.000000e+00 -1.225485e-01  9.924625e-01
   outer loop
     vertex -1.815532e-01  2.831089e+01  7.462175e+00
     vertex -1.681556e+00  2.831089e+01  7.462175e+00
     vertex -1.681556e+00  2.821358e+01  7.450160e+00
   endloop
 endfacet
 facet normal  0.000000e+00 -3.602077e-01  9.328721e-01
   outer loop
     vertex -1.815532e-01  2.840229e+01  7.497468e+00
     vertex -1.681556e+00  2.840229e+01  7.497468e+00
     vertex -1.681556e+00  2.831089e+01  7.462175e+00
   endloop
 endfacet
 facet normal  0.000000e+00 -3.602077e-01  9.328721e-01
   outer loop
     vertex -1.815532e-01  2.840229e+01  7.497468e+00
     vertex -1.681556e+00  2.831089e+01  7.462175e+00
     vertex -1.815532e-01  2.831089e+01  7.462175e+00
   endloop
 endfacet
 facet normal  0.000000e+00 -5.726450e-01  8.198034e-01
   outer loop
     vertex -1.815532e-01  2.847981e+01  7.551613e+00
     vertex -1.681556e+00  2.847981e+01  7.551613e+00
     vertex -1.681556e+00  2.840229e+01  7.497468e+00
   endloop
 endfacet
 facet normal  0.000000e+00 -5.726450e-01  8.198034e-01
   outer loop
     vertex -1.815532e-01  2.847981e+01  7.551613e+00
     vertex -1.681556e+00  2.840229e+01  7.497468e+00
     vertex -1.815532e-01  2.840229e+01  7.497468e+00
   endloop
 endfacet
 facet normal  0.000000e+00 -7.521532e-01  6.589883e-01
   outer loop
     vertex -1.815532e-01  2.854456e+01  7.625522e+00
     vertex -1.681556e+00  2.847981e+01  7.551613e+00
     vertex -1.815532e-01  2.847981e+01  7.551613e+00
   endloop
 endfacet
 facet normal  0.000000e+00 -7.521532e-01  6.589883e-01
   outer loop
     vertex -1.815532e-01  2.854456e+01  7.625522e+00
     vertex -1.681556e+00  2.854456e+01  7.625522e+00
     vertex -1.681556e+00  2.847981e+01  7.551613e+00
   endloop
 endfacet
 facet normal  0.000000e+00 -8.906152e-01  4.547578e-01
   outer loop
     vertex -1.815532e-01  2.858964e+01  7.713819e+00
     vertex -1.681556e+00  2.854456e+01  7.625522e+00
     vertex -1.815532e-01  2.854456e+01  7.625522e+00
   endloop
 endfacet
 facet normal  0.000000e+00 -8.906152e-01  4.547578e-01
   outer loop
     vertex -1.815532e-01  2.858964e+01  7.713819e+00
     vertex -1.681556e+00  2.858964e+01  7.713819e+00
     vertex -1.681556e+00  2.854456e+01  7.625522e+00
   endloop
 endfacet
 facet normal  0.000000e+00 -9.745104e-01  2.243424e-01
   outer loop
     vertex -1.815532e-01  2.861141e+01  7.808384e+00
     vertex -1.681556e+00  2.858964e+01  7.713819e+00
     vertex -1.815532e-01  2.858964e+01  7.713819e+00
   endloop
 endfacet
 facet normal  0.000000e+00 -9.745104e-01  2.243424e-01
   outer loop
     vertex -1.815532e-01  2.861141e+01  7.808384e+00
     vertex -1.681556e+00  2.861141e+01  7.808384e+00
     vertex -1.681556e+00  2.858964e+01  7.713819e+00
   endloop
 endfacet
 facet normal  0.000000e+00 -9.999399e-01 -1.096514e-02
   outer loop
     vertex -1.815532e-01  2.861040e+01  7.900691e+00
     vertex -1.681556e+00  2.861141e+01  7.808384e+00
     vertex -1.815532e-01  2.861141e+01  7.808384e+00
   endloop
 endfacet
 facet normal -0.000000e+00 -9.999399e-01 -1.096514e-02
   outer loop
     vertex -1.815532e-01  2.861040e+01  7.900691e+00
     vertex -1.681556e+00  2.861040e+01  7.900691e+00
     vertex -1.681556e+00  2.861141e+01  7.808384e+00
   endloop
 endfacet
 facet normal -0.000000e+00 -9.727658e-01 -2.317902e-01
   outer loop
     vertex -1.815532e-01  2.861040e+01  7.900691e+00
     vertex -1.681556e+00  2.859054e+01  7.984045e+00
     vertex -1.681556e+00  2.861040e+01  7.900691e+00
   endloop
 endfacet
 facet normal -0.000000e+00 -9.727658e-01 -2.317902e-01
   outer loop
     vertex -1.815532e-01  2.859054e+01  7.984045e+00
     vertex -1.681556e+00  2.859054e+01  7.984045e+00
     vertex -1.815532e-01  2.861040e+01  7.900691e+00
   endloop
 endfacet
 facet normal  0.000000e+00 -9.051998e-01 -4.249862e-01
   outer loop
     vertex -1.815532e-01  2.855737e+01  8.054700e+00
     vertex -1.681556e+00  2.859054e+01  7.984045e+00
     vertex -1.815532e-01  2.859054e+01  7.984045e+00
   endloop
 endfacet
 facet normal -0.000000e+00 -9.051998e-01 -4.249862e-01
   outer loop
     vertex -1.815532e-01  2.855737e+01  8.054700e+00
     vertex -1.681556e+00  2.855737e+01  8.054700e+00
     vertex -1.681556e+00  2.859054e+01  7.984045e+00
   endloop
 endfacet
 facet normal  0.000000e+00 -8.046446e-01 -5.937567e-01
   outer loop
     vertex -1.815532e-01  2.851039e+01  8.118362e+00
     vertex -1.681556e+00  2.855737e+01  8.054700e+00
     vertex -1.815532e-01  2.855737e+01  8.054700e+00
   endloop
 endfacet
 facet normal -0.000000e+00 -8.046446e-01 -5.937567e-01
   outer loop
     vertex -1.815532e-01  2.851039e+01  8.118362e+00
     vertex -1.681556e+00  2.851039e+01  8.118362e+00
     vertex -1.681556e+00  2.855737e+01  8.054700e+00
   endloop
 endfacet
 facet normal  0.000000e+00 -6.649652e-01 -7.468743e-01
   outer loop
     vertex -1.815532e-01  2.844564e+01  8.176010e+00
     vertex -1.681556e+00  2.851039e+01  8.118362e+00
     vertex -1.815532e-01  2.851039e+01  8.118362e+00
   endloop
 endfacet
 facet normal -0.000000e+00 -6.649652e-01 -7.468743e-01
   outer loop
     vertex -1.815532e-01  2.844564e+01  8.176010e+00
     vertex -1.681556e+00  2.844564e+01  8.176010e+00
     vertex -1.681556e+00  2.851039e+01  8.118362e+00
   endloop
 endfacet
 facet normal  0.000000e+00 -4.813850e-01 -8.765092e-01
   outer loop
     vertex -1.815532e-01  2.836404e+01  8.220829e+00
     vertex -1.681556e+00  2.844564e+01  8.176010e+00
     vertex -1.815532e-01  2.844564e+01  8.176010e+00
   endloop
 endfacet
 facet normal -0.000000e+00 -4.813850e-01 -8.765092e-01
   outer loop
     vertex -1.815532e-01  2.836404e+01  8.220829e+00
     vertex -1.681556e+00  2.836404e+01  8.220829e+00
     vertex -1.681556e+00  2.844564e+01  8.176010e+00
   endloop
 endfacet
 facet normal  0.000000e+00 -2.603843e-01 -9.655051e-01
   outer loop
     vertex -1.815532e-01  2.826990e+01  8.246217e+00
     vertex -1.681556e+00  2.836404e+01  8.220829e+00
     vertex -1.815532e-01  2.836404e+01  8.220829e+00
   endloop
 endfacet
 facet normal -0.000000e+00 -2.603843e-01 -9.655051e-01
   outer loop
     vertex -1.815532e-01  2.826990e+01  8.246217e+00
     vertex -1.681556e+00  2.826990e+01  8.246217e+00
     vertex -1.681556e+00  2.836404e+01  8.220829e+00
   endloop
 endfacet
 facet normal  0.000000e+00 -1.692982e-02 -9.998567e-01
   outer loop
     vertex -1.815532e-01  2.817071e+01  8.247897e+00
     vertex -1.681556e+00  2.826990e+01  8.246217e+00
     vertex -1.815532e-01  2.826990e+01  8.246217e+00
   endloop
 endfacet
 facet normal -0.000000e+00 -1.692982e-02 -9.998567e-01
   outer loop
     vertex -1.815532e-01  2.817071e+01  8.247897e+00
     vertex -1.681556e+00  2.817071e+01  8.247897e+00
     vertex -1.681556e+00  2.826990e+01  8.246217e+00
   endloop
 endfacet
 facet normal  0.000000e+00  2.280417e-01 -9.736514e-01
   outer loop
     vertex -1.815532e-01  2.807539e+01  8.225570e+00
     vertex -1.681556e+00  2.807539e+01  8.225570e+00
     vertex -1.681556e+00  2.817071e+01  8.247897e+00
   endloop
 endfacet
 facet normal  0.000000e+00  2.280417e-01 -9.736514e-01
   outer loop
     vertex -1.815532e-01  2.807539e+01  8.225570e+00
     vertex -1.681556e+00  2.817071e+01  8.247897e+00
     vertex -1.815532e-01  2.817071e+01  8.247897e+00
   endloop
 endfacet
 facet normal  0.000000e+00  4.531670e-01 -8.914256e-01
   outer loop
     vertex -1.815532e-01  2.799173e+01  8.183044e+00
     vertex -1.681556e+00  2.799173e+01  8.183044e+00
     vertex -1.681556e+00  2.807539e+01  8.225570e+00
   endloop
 endfacet
 facet normal  0.000000e+00  6.424314e-01 -7.663432e-01
   outer loop
     vertex -1.815532e-01  2.799173e+01  8.183044e+00
     vertex -1.681556e+00  2.792456e+01  8.126731e+00
     vertex -1.681556e+00  2.799173e+01  8.183044e+00
   endloop
 endfacet
 facet normal  0.000000e+00  4.531670e-01 -8.914256e-01
   outer loop
     vertex -1.815532e-01  2.799173e+01  8.183044e+00
     vertex -1.681556e+00  2.807539e+01  8.225570e+00
     vertex -1.815532e-01  2.807539e+01  8.225570e+00
   endloop
 endfacet
 facet normal  0.000000e+00  6.424314e-01 -7.663432e-01
   outer loop
     vertex -1.815532e-01  2.792456e+01  8.126731e+00
     vertex -1.681556e+00  2.792456e+01  8.126731e+00
     vertex -1.815532e-01  2.799173e+01  8.183044e+00
   endloop
 endfacet
 facet normal  0.000000e+00  7.881853e-01 -6.154380e-01
   outer loop
     vertex -1.815532e-01  2.787521e+01  8.063525e+00
     vertex -1.681556e+00  2.787521e+01  8.063525e+00
     vertex -1.681556e+00  2.792456e+01  8.126731e+00
   endloop
 endfacet
 facet normal  0.000000e+00  7.881853e-01 -6.154380e-01
   outer loop
     vertex -1.815532e-01  2.787521e+01  8.063525e+00
     vertex -1.681556e+00  2.792456e+01  8.126731e+00
     vertex -1.815532e-01  2.792456e+01  8.126731e+00
   endloop
 endfacet
 facet normal  0.000000e+00  8.934605e-01 -4.491417e-01
   outer loop
     vertex -1.815532e-01  2.784050e+01  7.994487e+00
     vertex -1.681556e+00  2.784050e+01  7.994487e+00
     vertex -1.681556e+00  2.787521e+01  8.063525e+00
   endloop
 endfacet
 facet normal  0.000000e+00  8.934605e-01 -4.491417e-01
   outer loop
     vertex -1.815532e-01  2.784050e+01  7.994487e+00
     vertex -1.681556e+00  2.787521e+01  8.063525e+00
     vertex -1.815532e-01  2.787521e+01  8.063525e+00
   endloop
 endfacet
 facet normal  0.000000e+00  9.656087e-01 -2.599996e-01
   outer loop
     vertex -1.815532e-01  2.781848e+01  7.912715e+00
     vertex -1.681556e+00  2.781848e+01  7.912715e+00
     vertex -1.681556e+00  2.784050e+01  7.994487e+00
   endloop
 endfacet
 facet normal  0.000000e+00  9.656087e-01 -2.599996e-01
   outer loop
     vertex -1.815532e-01  2.781848e+01  7.912715e+00
     vertex -1.681556e+00  2.784050e+01  7.994487e+00
     vertex -1.815532e-01  2.784050e+01  7.994487e+00
   endloop
 endfacet
 facet normal  0.000000e+00  9.991032e-01 -4.234034e-02
   outer loop
     vertex -1.815532e-01  2.781461e+01  7.821297e+00
     vertex -1.681556e+00  2.781848e+01  7.912715e+00
     vertex -1.815532e-01  2.781848e+01  7.912715e+00
   endloop
 endfacet
 facet normal  0.000000e+00  9.991032e-01 -4.234034e-02
   outer loop
     vertex -1.815532e-01  2.781461e+01  7.821297e+00
     vertex -1.681556e+00  2.781461e+01  7.821297e+00
     vertex -1.681556e+00  2.781848e+01  7.912715e+00
   endloop
 endfacet
 facet normal  0.000000e+00  9.813901e-01  1.920246e-01
   outer loop
     vertex -1.815532e-01  2.783314e+01  7.726559e+00
     vertex -1.681556e+00  2.783314e+01  7.726559e+00
     vertex -1.681556e+00  2.781461e+01  7.821297e+00
   endloop
 endfacet
 facet normal  0.000000e+00  9.813901e-01  1.920246e-01
   outer loop
     vertex -1.815532e-01  2.783314e+01  7.726559e+00
     vertex -1.681556e+00  2.781461e+01  7.821297e+00
     vertex -1.815532e-01  2.781461e+01  7.821297e+00
   endloop
 endfacet
 facet normal  0.000000e+00  9.054837e-01  4.243809e-01
   outer loop
     vertex -1.815532e-01  2.787517e+01  7.636891e+00
     vertex -1.681556e+00  2.787517e+01  7.636891e+00
     vertex -1.681556e+00  2.783314e+01  7.726559e+00
   endloop
 endfacet
 facet normal  0.000000e+00  9.054837e-01  4.243809e-01
   outer loop
     vertex -1.815532e-01  2.787517e+01  7.636891e+00
     vertex -1.681556e+00  2.783314e+01  7.726559e+00
     vertex -1.815532e-01  2.783314e+01  7.726559e+00
   endloop
 endfacet
 facet normal  0.000000e+00  7.738624e-01  6.333537e-01
   outer loop
     vertex -1.815532e-01  2.793759e+01  7.560621e+00
     vertex -1.681556e+00  2.793759e+01  7.560621e+00
     vertex -1.681556e+00  2.787517e+01  7.636891e+00
   endloop
 endfacet
 facet normal  0.000000e+00  7.738624e-01  6.333537e-01
   outer loop
     vertex -1.815532e-01  2.793759e+01  7.560621e+00
     vertex -1.681556e+00  2.787517e+01  7.636891e+00
     vertex -1.815532e-01  2.787517e+01  7.636891e+00
   endloop
 endfacet
 facet normal  0.000000e+00  5.988990e-01  8.008246e-01
   outer loop
     vertex -1.815532e-01  2.801384e+01  7.503601e+00
     vertex -1.681556e+00  2.801384e+01  7.503601e+00
     vertex -1.681556e+00  2.793759e+01  7.560621e+00
   endloop
 endfacet
 facet normal  0.000000e+00  5.988990e-01  8.008246e-01
   outer loop
     vertex -1.815532e-01  2.801384e+01  7.503601e+00
     vertex -1.681556e+00  2.793759e+01  7.560621e+00
     vertex -1.815532e-01  2.793759e+01  7.560621e+00
   endloop
 endfacet
 facet normal  0.000000e+00  3.992513e-01  9.168415e-01
   outer loop
     vertex -1.815532e-01  2.809592e+01  7.467857e+00
     vertex -1.681556e+00  2.809592e+01  7.467857e+00
     vertex -1.681556e+00  2.801384e+01  7.503601e+00
   endloop
 endfacet
 facet normal  0.000000e+00  2.194267e-01  9.756290e-01
   outer loop
     vertex -1.815532e-01  2.809592e+01  7.467857e+00
     vertex -1.681556e+00  2.815622e+01  7.454294e+00
     vertex -1.681556e+00  2.809592e+01  7.467857e+00
   endloop
 endfacet
 facet normal  0.000000e+00  3.992513e-01  9.168415e-01
   outer loop
     vertex -1.815532e-01  2.809592e+01  7.467857e+00
     vertex -1.681556e+00  2.801384e+01  7.503601e+00
     vertex -1.815532e-01  2.801384e+01  7.503601e+00
   endloop
 endfacet
 facet normal  0.000000e+00  2.194267e-01  9.756290e-01
   outer loop
     vertex -1.815532e-01  2.815622e+01  7.454294e+00
     vertex -1.681556e+00  2.815622e+01  7.454294e+00
     vertex -1.815532e-01  2.809592e+01  7.467857e+00
   endloop
 endfacet
 facet normal  0.000000e+00  7.188419e-02  9.974130e-01
   outer loop
     vertex -1.815532e-01  2.821358e+01  7.450160e+00
     vertex -1.681556e+00  2.821358e+01  7.450160e+00
     vertex -1.681556e+00  2.815622e+01  7.454294e+00
   endloop
 endfacet
 facet normal  0.000000e+00  7.188419e-02  9.974130e-01
   outer loop
     vertex -1.815532e-01  2.821358e+01  7.450160e+00
     vertex -1.681556e+00  2.815622e+01  7.454294e+00
     vertex -1.815532e-01  2.815622e+01  7.454294e+00
   endloop
 endfacet
 facet normal -9.947573e-01 -1.022641e-01  0.000000e+00
   outer loop
     vertex -1.676310e+00  4.088521e-01  0.000000e+00
     vertex -1.660599e+00  2.560223e-01  0.000000e+00
     vertex -1.660599e+00  2.560223e-01  1.800004e+01
   endloop
 endfacet
 facet normal -9.947573e-01 -1.022641e-01  0.000000e+00
   outer loop
     vertex -1.676310e+00  4.088521e-01  0.000000e+00
     vertex -1.660599e+00  2.560223e-01  1.800004e+01
     vertex -1.676310e+00  4.088521e-01  1.800004e+01
   endloop
 endfacet
 facet normal -9.947573e-01  1.022641e-01  0.000000e+00
   outer loop
     vertex -1.660599e+00  4.984478e+01  0.000000e+00
     vertex -1.676310e+00  4.969195e+01  0.000000e+00
     vertex -1.676310e+00  4.969195e+01  1.800004e+01
   endloop
 endfacet
 facet normal -9.947573e-01  1.022641e-01  0.000000e+00
   outer loop
     vertex -1.660599e+00  4.984478e+01  0.000000e+00
     vertex -1.676310e+00  4.969195e+01  1.800004e+01
     vertex -1.660599e+00  4.984478e+01  1.800004e+01
   endloop
 endfacet
 facet normal -9.854595e-01 -1.699104e-01  0.000000e+00
   outer loop
     vertex -1.660599e+00  2.560223e-01  0.000000e+00
     vertex -1.634495e+00  1.046210e-01  0.000000e+00
     vertex -1.634495e+00  1.046210e-01  1.800004e+01
   endloop
 endfacet
 facet normal -9.854595e-01 -1.699104e-01  0.000000e+00
   outer loop
     vertex -1.660599e+00  2.560223e-01  0.000000e+00
     vertex -1.634495e+00  1.046210e-01  1.800004e+01
     vertex -1.660599e+00  2.560223e-01  1.800004e+01
   endloop
 endfacet
 facet normal -9.854595e-01  1.699104e-01  0.000000e+00
   outer loop
     vertex -1.634495e+00  4.999618e+01  0.000000e+00
     vertex -1.660599e+00  4.984478e+01  0.000000e+00
     vertex -1.660599e+00  4.984478e+01  1.800004e+01
   endloop
 endfacet
 facet normal -9.854595e-01  1.699104e-01  0.000000e+00
   outer loop
     vertex -1.634495e+00  4.999618e+01  0.000000e+00
     vertex -1.660599e+00  4.984478e+01  1.800004e+01
     vertex -1.634495e+00  4.999618e+01  1.800004e+01
   endloop
 endfacet
 facet normal -9.715671e-01 -2.367644e-01  0.000000e+00
   outer loop
     vertex -1.634495e+00  1.046210e-01  0.000000e+00
     vertex -1.598120e+00 -4.464600e-02  0.000000e+00
     vertex -1.598120e+00 -4.464600e-02  1.800004e+01
   endloop
 endfacet
 facet normal -9.715671e-01 -2.367644e-01  0.000000e+00
   outer loop
     vertex -1.634495e+00  1.046210e-01  0.000000e+00
     vertex -1.598120e+00 -4.464600e-02  1.800004e+01
     vertex -1.634495e+00  1.046210e-01  1.800004e+01
   endloop
 endfacet
 facet normal -9.715671e-01  2.367644e-01  0.000000e+00
   outer loop
     vertex -1.598120e+00  5.014545e+01  0.000000e+00
     vertex -1.634495e+00  4.999618e+01  0.000000e+00
     vertex -1.634495e+00  4.999618e+01  1.800004e+01
   endloop
 endfacet
 facet normal -9.715671e-01  2.367644e-01  0.000000e+00
   outer loop
     vertex -1.598120e+00  5.014545e+01  0.000000e+00
     vertex -1.634495e+00  4.999618e+01  1.800004e+01
     vertex -1.598120e+00  5.014545e+01  1.800004e+01
   endloop
 endfacet
 facet normal -9.531448e-01 -3.025146e-01  0.000000e+00
   outer loop
     vertex -1.598120e+00 -4.464600e-02  0.000000e+00
     vertex -1.551643e+00 -1.910826e-01  0.000000e+00
     vertex -1.551643e+00 -1.910826e-01  1.800004e+01
   endloop
 endfacet
 facet normal -9.531448e-01 -3.025146e-01  0.000000e+00
   outer loop
     vertex -1.598120e+00 -4.464600e-02  0.000000e+00
     vertex -1.551643e+00 -1.910826e-01  1.800004e+01
     vertex -1.598120e+00 -4.464600e-02  1.800004e+01
   endloop
 endfacet
 facet normal -9.531448e-01  3.025146e-01  0.000000e+00
   outer loop
     vertex -1.551643e+00  5.029188e+01  0.000000e+00
     vertex -1.598120e+00  5.014545e+01  0.000000e+00
     vertex -1.598120e+00  5.014545e+01  1.800004e+01
   endloop
 endfacet
 facet normal -9.531448e-01  3.025146e-01  0.000000e+00
   outer loop
     vertex -1.551643e+00  5.029188e+01  0.000000e+00
     vertex -1.598120e+00  5.014545e+01  1.800004e+01
     vertex -1.551643e+00  5.029188e+01  1.800004e+01
   endloop
 endfacet
 facet normal -9.302784e-01 -3.668542e-01  0.000000e+00
   outer loop
     vertex -1.551643e+00 -1.910826e-01  0.000000e+00
     vertex -1.495281e+00 -3.340062e-01  0.000000e+00
     vertex -1.495281e+00 -3.340062e-01  1.800004e+01
   endloop
 endfacet
 facet normal -9.302784e-01 -3.668542e-01  0.000000e+00
   outer loop
     vertex -1.551643e+00 -1.910826e-01  0.000000e+00
     vertex -1.495281e+00 -3.340062e-01  1.800004e+01
     vertex -1.551643e+00 -1.910826e-01  1.800004e+01
   endloop
 endfacet
 facet normal -9.302784e-01  3.668542e-01  0.000000e+00
   outer loop
     vertex -1.495281e+00  5.043481e+01  0.000000e+00
     vertex -1.551643e+00  5.029188e+01  0.000000e+00
     vertex -1.551643e+00  5.029188e+01  1.800004e+01
   endloop
 endfacet
 facet normal -9.302784e-01  3.668542e-01  0.000000e+00
   outer loop
     vertex -1.495281e+00  5.043481e+01  0.000000e+00
     vertex -1.551643e+00  5.029188e+01  1.800004e+01
     vertex -1.495281e+00  5.043481e+01  1.800004e+01
   endloop
 endfacet
 facet normal -9.030747e-01 -4.294834e-01  0.000000e+00
   outer loop
     vertex -1.495281e+00 -3.340062e-01  0.000000e+00
     vertex -1.429297e+00 -4.727503e-01  0.000000e+00
     vertex -1.429297e+00 -4.727503e-01  1.800004e+01
   endloop
 endfacet
 facet normal -9.030747e-01 -4.294834e-01  0.000000e+00
   outer loop
     vertex -1.495281e+00 -3.340062e-01  0.000000e+00
     vertex -1.429297e+00 -4.727503e-01  1.800004e+01
     vertex -1.495281e+00 -3.340062e-01  1.800004e+01
   endloop
 endfacet
 facet normal -9.030747e-01  4.294834e-01  0.000000e+00
   outer loop
     vertex -1.429297e+00  5.057355e+01  0.000000e+00
     vertex -1.495281e+00  5.043481e+01  0.000000e+00
     vertex -1.495281e+00  5.043481e+01  1.800004e+01
   endloop
 endfacet
 facet normal -9.030747e-01  4.294834e-01  0.000000e+00
   outer loop
     vertex -1.429297e+00  5.057355e+01  0.000000e+00
     vertex -1.495281e+00  5.043481e+01  1.800004e+01
     vertex -1.429297e+00  5.057355e+01  1.800004e+01
   endloop
 endfacet
 facet normal -8.716605e-01 -4.901102e-01  0.000000e+00
   outer loop
     vertex -1.429297e+00 -4.727503e-01  0.000000e+00
     vertex -1.353999e+00 -6.066681e-01  0.000000e+00
     vertex -1.353999e+00 -6.066681e-01  1.800004e+01
   endloop
 endfacet
 facet normal -8.716605e-01 -4.901102e-01  0.000000e+00
   outer loop
     vertex -1.429297e+00 -4.727503e-01  0.000000e+00
     vertex -1.353999e+00 -6.066681e-01  1.800004e+01
     vertex -1.429297e+00 -4.727503e-01  1.800004e+01
   endloop
 endfacet
 facet normal -8.716605e-01  4.901102e-01  0.000000e+00
   outer loop
     vertex -1.353999e+00  5.070747e+01  0.000000e+00
     vertex -1.429297e+00  5.057355e+01  0.000000e+00
     vertex -1.429297e+00  5.057355e+01  1.800004e+01
   endloop
 endfacet
 facet normal -8.716605e-01  4.901102e-01  0.000000e+00
   outer loop
     vertex -1.353999e+00  5.070747e+01  0.000000e+00
     vertex -1.429297e+00  5.057355e+01  1.800004e+01
     vertex -1.353999e+00  5.070747e+01  1.800004e+01
   endloop
 endfacet
 facet normal -8.361821e-01 -5.484519e-01  0.000000e+00
   outer loop
     vertex -1.353999e+00 -6.066681e-01  0.000000e+00
     vertex -1.269737e+00 -7.351352e-01  0.000000e+00
     vertex -1.269737e+00 -7.351352e-01  1.800004e+01
   endloop
 endfacet
 facet normal -8.361821e-01 -5.484519e-01  0.000000e+00
   outer loop
     vertex -1.353999e+00 -6.066681e-01  0.000000e+00
     vertex -1.269737e+00 -7.351352e-01  1.800004e+01
     vertex -1.353999e+00 -6.066681e-01  1.800004e+01
   endloop
 endfacet
 facet normal -8.361821e-01  5.484519e-01  0.000000e+00
   outer loop
     vertex -1.269737e+00  5.083594e+01  0.000000e+00
     vertex -1.353999e+00  5.070747e+01  0.000000e+00
     vertex -1.353999e+00  5.070747e+01  1.800004e+01
   endloop
 endfacet
 facet normal -8.361821e-01  5.484519e-01  0.000000e+00
   outer loop
     vertex -1.269737e+00  5.083594e+01  0.000000e+00
     vertex -1.353999e+00  5.070747e+01  1.800004e+01
     vertex -1.269737e+00  5.083594e+01  1.800004e+01
   endloop
 endfacet
 facet normal -7.968051e-01 -6.042364e-01  0.000000e+00
   outer loop
     vertex -1.269737e+00 -7.351352e-01  0.000000e+00
     vertex -1.176905e+00 -8.575525e-01  0.000000e+00
     vertex -1.176905e+00 -8.575525e-01  1.800004e+01
   endloop
 endfacet
 facet normal -7.968051e-01 -6.042364e-01  0.000000e+00
   outer loop
     vertex -1.269737e+00 -7.351352e-01  0.000000e+00
     vertex -1.176905e+00 -8.575525e-01  1.800004e+01
     vertex -1.269737e+00 -7.351352e-01  1.800004e+01
   endloop
 endfacet
 facet normal -7.968051e-01  6.042364e-01  0.000000e+00
   outer loop
     vertex -1.176905e+00  5.095835e+01  0.000000e+00
     vertex -1.269737e+00  5.083594e+01  0.000000e+00
     vertex -1.269737e+00  5.083594e+01  1.800004e+01
   endloop
 endfacet
 facet normal -7.968051e-01  6.042364e-01  0.000000e+00
   outer loop
     vertex -1.176905e+00  5.095835e+01  0.000000e+00
     vertex -1.269737e+00  5.083594e+01  1.800004e+01
     vertex -1.176905e+00  5.095835e+01  1.800004e+01
   endloop
 endfacet
 facet normal -7.537130e-01 -6.572037e-01  0.000000e+00
   outer loop
     vertex -1.176905e+00 -8.575525e-01  0.000000e+00
     vertex -1.075936e+00 -9.733494e-01  0.000000e+00
     vertex -1.075936e+00 -9.733494e-01  1.800004e+01
   endloop
 endfacet
 facet normal -7.537130e-01 -6.572037e-01  0.000000e+00
   outer loop
     vertex -1.176905e+00 -8.575525e-01  0.000000e+00
     vertex -1.075936e+00 -9.733494e-01  1.800004e+01
     vertex -1.176905e+00 -8.575525e-01  1.800004e+01
   endloop
 endfacet
 facet normal -7.537130e-01  6.572037e-01  0.000000e+00
   outer loop
     vertex -1.075936e+00  5.107415e+01  0.000000e+00
     vertex -1.176905e+00  5.095835e+01  0.000000e+00
     vertex -1.176905e+00  5.095835e+01  1.800004e+01
   endloop
 endfacet
 facet normal -7.537130e-01  6.572037e-01  0.000000e+00
   outer loop
     vertex -1.075936e+00  5.107415e+01  0.000000e+00
     vertex -1.176905e+00  5.095835e+01  1.800004e+01
     vertex -1.075936e+00  5.107415e+01  1.800004e+01
   endloop
 endfacet
 facet normal -7.071068e-01 -7.071068e-01  0.000000e+00
   outer loop
     vertex -1.075936e+00 -9.733494e-01  0.000000e+00
     vertex -9.672991e-01 -1.081986e+00  0.000000e+00
     vertex -9.672991e-01 -1.081986e+00  1.800004e+01
   endloop
 endfacet
 facet normal -7.071068e-01 -7.071068e-01  0.000000e+00
   outer loop
     vertex -1.075936e+00 -9.733494e-01  0.000000e+00
     vertex -9.672991e-01 -1.081986e+00  1.800004e+01
     vertex -1.075936e+00 -9.733494e-01  1.800004e+01
   endloop
 endfacet
 facet normal -7.071068e-01  7.071068e-01  0.000000e+00
   outer loop
     vertex -9.672991e-01  5.118279e+01  0.000000e+00
     vertex -1.075936e+00  5.107415e+01  0.000000e+00
     vertex -1.075936e+00  5.107415e+01  1.800004e+01
   endloop
 endfacet
 facet normal -7.071068e-01  7.071068e-01  0.000000e+00
   outer loop
     vertex -9.672991e-01  5.118279e+01  0.000000e+00
     vertex -1.075936e+00  5.107415e+01  1.800004e+01
     vertex -9.672991e-01  5.118279e+01  1.800004e+01
   endloop
 endfacet
 facet normal -6.572037e-01 -7.537130e-01  0.000000e+00
   outer loop
     vertex -9.672991e-01 -1.081986e+00  0.000000e+00
     vertex -8.515022e-01 -1.182956e+00  0.000000e+00
     vertex -8.515022e-01 -1.182956e+00  1.800004e+01
   endloop
 endfacet
 facet normal -6.572037e-01 -7.537130e-01  0.000000e+00
   outer loop
     vertex -9.672991e-01 -1.081986e+00  0.000000e+00
     vertex -8.515022e-01 -1.182956e+00  1.800004e+01
     vertex -9.672991e-01 -1.081986e+00  1.800004e+01
   endloop
 endfacet
 facet normal -6.572037e-01  7.537130e-01  0.000000e+00
   outer loop
     vertex -8.515022e-01  5.128376e+01  0.000000e+00
     vertex -9.672991e-01  5.118279e+01  0.000000e+00
     vertex -9.672991e-01  5.118279e+01  1.800004e+01
   endloop
 endfacet
 facet normal -6.572037e-01  7.537130e-01  0.000000e+00
   outer loop
     vertex -8.515022e-01  5.128376e+01  0.000000e+00
     vertex -9.672991e-01  5.118279e+01  1.800004e+01
     vertex -8.515022e-01  5.128376e+01  1.800004e+01
   endloop
 endfacet
 facet normal -6.042364e-01 -7.968051e-01  0.000000e+00
   outer loop
     vertex -8.515022e-01 -1.182956e+00  0.000000e+00
     vertex -7.290849e-01 -1.275788e+00  0.000000e+00
     vertex -7.290849e-01 -1.275788e+00  1.800004e+01
   endloop
 endfacet
 facet normal -6.042364e-01 -7.968051e-01  0.000000e+00
   outer loop
     vertex -8.515022e-01 -1.182956e+00  0.000000e+00
     vertex -7.290849e-01 -1.275788e+00  1.800004e+01
     vertex -8.515022e-01 -1.182956e+00  1.800004e+01
   endloop
 endfacet
 facet normal -6.042364e-01  7.968051e-01  0.000000e+00
   outer loop
     vertex -7.290849e-01  5.137659e+01  0.000000e+00
     vertex -8.515022e-01  5.128376e+01  0.000000e+00
     vertex -8.515022e-01  5.128376e+01  1.800004e+01
   endloop
 endfacet
 facet normal -6.042364e-01  7.968051e-01  0.000000e+00
   outer loop
     vertex -7.290849e-01  5.137659e+01  0.000000e+00
     vertex -8.515022e-01  5.128376e+01  1.800004e+01
     vertex -7.290849e-01  5.137659e+01  1.800004e+01
   endloop
 endfacet
 facet normal -5.484519e-01 -8.361821e-01  0.000000e+00
   outer loop
     vertex -7.290849e-01 -1.275788e+00  0.000000e+00
     vertex -6.006178e-01 -1.360049e+00  0.000000e+00
     vertex -6.006178e-01 -1.360049e+00  1.800004e+01
   endloop
 endfacet
 facet normal -5.484519e-01 -8.361821e-01  0.000000e+00
   outer loop
     vertex -7.290849e-01 -1.275788e+00  0.000000e+00
     vertex -6.006178e-01 -1.360049e+00  1.800004e+01
     vertex -7.290849e-01 -1.275788e+00  1.800004e+01
   endloop
 endfacet
 facet normal -5.484519e-01  8.361821e-01  0.000000e+00
   outer loop
     vertex -6.006178e-01  5.146085e+01  0.000000e+00
     vertex -7.290849e-01  5.137659e+01  0.000000e+00
     vertex -7.290849e-01  5.137659e+01  1.800004e+01
   endloop
 endfacet
 facet normal -5.484519e-01  8.361821e-01  0.000000e+00
   outer loop
     vertex -6.006178e-01  5.146085e+01  0.000000e+00
     vertex -7.290849e-01  5.137659e+01  1.800004e+01
     vertex -6.006178e-01  5.146085e+01  1.800004e+01
   endloop
 endfacet
 facet normal -4.901102e-01 -8.716605e-01  0.000000e+00
   outer loop
     vertex -6.006178e-01 -1.360049e+00  0.000000e+00
     vertex -4.667000e-01 -1.435347e+00  0.000000e+00
     vertex -4.667000e-01 -1.435347e+00  1.800004e+01
   endloop
 endfacet
 facet normal -4.901102e-01 -8.716605e-01  0.000000e+00
   outer loop
     vertex -6.006178e-01 -1.360049e+00  0.000000e+00
     vertex -4.667000e-01 -1.435347e+00  1.800004e+01
     vertex -6.006178e-01 -1.360049e+00  1.800004e+01
   endloop
 endfacet
 facet normal -4.901102e-01  8.716605e-01  0.000000e+00
   outer loop
     vertex -4.667000e-01  5.153615e+01  0.000000e+00
     vertex -6.006178e-01  5.146085e+01  0.000000e+00
     vertex -6.006178e-01  5.146085e+01  1.800004e+01
   endloop
 endfacet
 facet normal -4.901102e-01  8.716605e-01  0.000000e+00
   outer loop
     vertex -4.667000e-01  5.153615e+01  0.000000e+00
     vertex -6.006178e-01  5.146085e+01  1.800004e+01
     vertex -4.667000e-01  5.153615e+01  1.800004e+01
   endloop
 endfacet
 facet normal -4.294834e-01 -9.030747e-01  0.000000e+00
   outer loop
     vertex -4.667000e-01 -1.435347e+00  0.000000e+00
     vertex -3.279559e-01 -1.501331e+00  0.000000e+00
     vertex -3.279559e-01 -1.501331e+00  1.800004e+01
   endloop
 endfacet
 facet normal -4.294834e-01 -9.030747e-01  0.000000e+00
   outer loop
     vertex -4.667000e-01 -1.435347e+00  0.000000e+00
     vertex -3.279559e-01 -1.501331e+00  1.800004e+01
     vertex -4.667000e-01 -1.435347e+00  1.800004e+01
   endloop
 endfacet
 facet normal -4.294834e-01  9.030747e-01  0.000000e+00
   outer loop
     vertex -3.279559e-01  5.160213e+01  0.000000e+00
     vertex -4.667000e-01  5.153615e+01  0.000000e+00
     vertex -4.667000e-01  5.153615e+01  1.800004e+01
   endloop
 endfacet
 facet normal -4.294834e-01  9.030747e-01  0.000000e+00
   outer loop
     vertex -3.279559e-01  5.160213e+01  0.000000e+00
     vertex -4.667000e-01  5.153615e+01  1.800004e+01
     vertex -3.279559e-01  5.160213e+01  1.800004e+01
   endloop
 endfacet
 facet normal -3.668542e-01 -9.302784e-01  0.000000e+00
   outer loop
     vertex -3.279559e-01 -1.501331e+00  0.000000e+00
     vertex -1.850323e-01 -1.557693e+00  0.000000e+00
     vertex -1.850323e-01 -1.557693e+00  1.800004e+01
   endloop
 endfacet
 facet normal -3.668542e-01 -9.302784e-01  0.000000e+00
   outer loop
     vertex -3.279559e-01 -1.501331e+00  0.000000e+00
     vertex -1.850323e-01 -1.557693e+00  1.800004e+01
     vertex -3.279559e-01 -1.501331e+00  1.800004e+01
   endloop
 endfacet
 facet normal -3.668542e-01  9.302784e-01  0.000000e+00
   outer loop
     vertex -1.850323e-01  5.165849e+01  0.000000e+00
     vertex -3.279559e-01  5.160213e+01  0.000000e+00
     vertex -3.279559e-01  5.160213e+01  1.800004e+01
   endloop
 endfacet
 facet normal -3.668542e-01  9.302784e-01  0.000000e+00
   outer loop
     vertex -1.850323e-01  5.165849e+01  0.000000e+00
     vertex -3.279559e-01  5.160213e+01  1.800004e+01
     vertex -1.850323e-01  5.165849e+01  1.800004e+01
   endloop
 endfacet
 facet normal -3.025146e-01 -9.531448e-01  0.000000e+00
   outer loop
     vertex -1.850323e-01 -1.557693e+00  0.000000e+00
     vertex -3.859571e-02 -1.604170e+00  0.000000e+00
     vertex -3.859571e-02 -1.604170e+00  1.800004e+01
   endloop
 endfacet
 facet normal -3.025146e-01 -9.531448e-01  0.000000e+00
   outer loop
     vertex -1.850323e-01 -1.557693e+00  0.000000e+00
     vertex -3.859571e-02 -1.604170e+00  1.800004e+01
     vertex -1.850323e-01 -1.557693e+00  1.800004e+01
   endloop
 endfacet
 facet normal -3.025146e-01  9.531448e-01  0.000000e+00
   outer loop
     vertex -3.859571e-02  5.170497e+01  0.000000e+00
     vertex -1.850323e-01  5.165849e+01  0.000000e+00
     vertex -1.850323e-01  5.165849e+01  1.800004e+01
   endloop
 endfacet
 facet normal -3.025146e-01  9.531448e-01  0.000000e+00
   outer loop
     vertex -3.859571e-02  5.170497e+01  0.000000e+00
     vertex -1.850323e-01  5.165849e+01  1.800004e+01
     vertex -3.859571e-02  5.170497e+01  1.800004e+01
   endloop
 endfacet
 facet normal -2.367644e-01 -9.715671e-01  0.000000e+00
   outer loop
     vertex -3.859571e-02 -1.604170e+00  0.000000e+00
     vertex  1.106713e-01 -1.640545e+00  0.000000e+00
     vertex  1.106713e-01 -1.640545e+00  1.800004e+01
   endloop
 endfacet
 facet normal -2.367644e-01 -9.715671e-01  0.000000e+00
   outer loop
     vertex -3.859571e-02 -1.604170e+00  0.000000e+00
     vertex  1.106713e-01 -1.640545e+00  1.800004e+01
     vertex -3.859571e-02 -1.604170e+00  1.800004e+01
   endloop
 endfacet
 facet normal -2.367644e-01  9.715671e-01  0.000000e+00
   outer loop
     vertex  1.106713e-01  5.174135e+01  0.000000e+00
     vertex -3.859571e-02  5.170497e+01  0.000000e+00
     vertex -3.859571e-02  5.170497e+01  1.800004e+01
   endloop
 endfacet
 facet normal -2.367644e-01  9.715671e-01  0.000000e+00
   outer loop
     vertex  1.106713e-01  5.174135e+01  0.000000e+00
     vertex -3.859571e-02  5.170497e+01  1.800004e+01
     vertex  1.106713e-01  5.174135e+01  1.800004e+01
   endloop
 endfacet
 facet normal -1.699104e-01 -9.854595e-01  0.000000e+00
   outer loop
     vertex  1.106713e-01 -1.640545e+00  0.000000e+00
     vertex  2.620726e-01 -1.666649e+00  0.000000e+00
     vertex  2.620726e-01 -1.666649e+00  1.800004e+01
   endloop
 endfacet
 facet normal -1.699104e-01 -9.854595e-01  0.000000e+00
   outer loop
     vertex  1.106713e-01 -1.640545e+00  0.000000e+00
     vertex  2.620726e-01 -1.666649e+00  1.800004e+01
     vertex  1.106713e-01 -1.640545e+00  1.800004e+01
   endloop
 endfacet
 facet normal -1.699104e-01  9.854595e-01  0.000000e+00
   outer loop
     vertex  2.620726e-01  5.176745e+01  0.000000e+00
     vertex  1.106713e-01  5.174135e+01  0.000000e+00
     vertex  1.106713e-01  5.174135e+01  1.800004e+01
   endloop
 endfacet
 facet normal -1.699104e-01  9.854595e-01  0.000000e+00
   outer loop
     vertex  2.620726e-01  5.176745e+01  0.000000e+00
     vertex  1.106713e-01  5.174135e+01  1.800004e+01
     vertex  2.620726e-01  5.176745e+01  1.800004e+01
   endloop
 endfacet
 facet normal -1.022641e-01 -9.947573e-01  0.000000e+00
   outer loop
     vertex  2.620726e-01 -1.666649e+00  0.000000e+00
     vertex  4.149024e-01 -1.682361e+00  0.000000e+00
     vertex  4.149024e-01 -1.682361e+00  1.800004e+01
   endloop
 endfacet
 facet normal -1.022641e-01 -9.947573e-01  0.000000e+00
   outer loop
     vertex  2.620726e-01 -1.666649e+00  0.000000e+00
     vertex  4.149024e-01 -1.682361e+00  1.800004e+01
     vertex  2.620726e-01 -1.666649e+00  1.800004e+01
   endloop
 endfacet
 facet normal -1.022641e-01  9.947573e-01  0.000000e+00
   outer loop
     vertex  4.149024e-01  5.178316e+01  0.000000e+00
     vertex  2.620726e-01  5.176745e+01  0.000000e+00
     vertex  2.620726e-01  5.176745e+01  1.800004e+01
   endloop
 endfacet
 facet normal -1.022641e-01  9.947573e-01  0.000000e+00
   outer loop
     vertex  4.149024e-01  5.178316e+01  0.000000e+00
     vertex  2.620726e-01  5.176745e+01  1.800004e+01
     vertex  4.149024e-01  5.178316e+01  1.800004e+01
   endloop
 endfacet
 facet normal -3.414111e-02 -9.994170e-01  0.000000e+00
   outer loop
     vertex  4.149024e-01 -1.682361e+00  0.000000e+00
     vertex  5.684481e-01 -1.687606e+00  0.000000e+00
     vertex  5.684481e-01 -1.687606e+00  1.800004e+01
   endloop
 endfacet
 facet normal -3.414111e-02 -9.994170e-01  0.000000e+00
   outer loop
     vertex  4.149024e-01 -1.682361e+00  0.000000e+00
     vertex  5.684481e-01 -1.687606e+00  1.800004e+01
     vertex  4.149024e-01 -1.682361e+00  1.800004e+01
   endloop
 endfacet
 facet normal -3.414111e-02  9.994170e-01  0.000000e+00
   outer loop
     vertex  5.684481e-01  5.178841e+01  0.000000e+00
     vertex  4.149024e-01  5.178316e+01  0.000000e+00
     vertex  4.149024e-01  5.178316e+01  1.800004e+01
   endloop
 endfacet
 facet normal -3.414111e-02  9.994170e-01  0.000000e+00
   outer loop
     vertex  5.684481e-01  5.178841e+01  0.000000e+00
     vertex  4.149024e-01  5.178316e+01  1.800004e+01
     vertex  5.684481e-01  5.178841e+01  1.800004e+01
   endloop
 endfacet
 facet normal  6.700266e-17 -1.000000e+00  6.700266e-17
   outer loop
     vertex  5.043337e+01 -1.687606e+00  1.311839e+01
     vertex  5.045751e+01 -1.687606e+00  1.309425e+01
     vertex  6.874949e+01 -1.687606e+00  1.800004e+01
   endloop
 endfacet
 facet normal  6.886750e-17 -1.000000e+00  6.004934e-17
   outer loop
     vertex  5.047995e+01 -1.687606e+00  1.306851e+01
     vertex  6.874949e+01 -1.687606e+00  1.800004e+01
     vertex  5.045751e+01 -1.687606e+00  1.309425e+01
   endloop
 endfacet
 facet normal  6.499420e-17 -1.000000e+00  7.453850e-17
   outer loop
     vertex  5.040764e+01 -1.687606e+00  1.314082e+01
     vertex  5.043337e+01 -1.687606e+00  1.311839e+01
     vertex  6.874949e+01 -1.687606e+00  1.800004e+01
   endloop
 endfacet
 facet normal  7.062092e-17 -1.000000e+00  5.355353e-17
   outer loop
     vertex  5.050058e+01 -1.687606e+00  1.304131e+01
     vertex  6.874949e+01 -1.687606e+00  1.800004e+01
     vertex  5.047995e+01 -1.687606e+00  1.306851e+01
   endloop
 endfacet
 facet normal  6.280130e-17 -1.000000e+00  8.281593e-17
   outer loop
     vertex  5.038044e+01 -1.687606e+00  1.316145e+01
     vertex  5.040764e+01 -1.687606e+00  1.314082e+01
     vertex  6.874949e+01 -1.687606e+00  1.800004e+01
   endloop
 endfacet
 facet normal  7.228909e-17 -1.000000e+00  4.741441e-17
   outer loop
     vertex  5.051931e+01 -1.687606e+00  1.301276e+01
     vertex  6.874949e+01 -1.687606e+00  1.800004e+01
     vertex  5.050058e+01 -1.687606e+00  1.304131e+01
   endloop
 endfacet
 facet normal  6.037086e-17 -1.000000e+00  9.204278e-17
   outer loop
     vertex  5.035189e+01 -1.687606e+00  1.318018e+01
     vertex  5.038044e+01 -1.687606e+00  1.316145e+01
     vertex  6.874949e+01 -1.687606e+00  1.800004e+01
   endloop
 endfacet
 facet normal  7.389385e-17 -1.000000e+00  4.154844e-17
   outer loop
     vertex  5.053604e+01 -1.687606e+00  1.298300e+01
     vertex  6.874949e+01 -1.687606e+00  1.800004e+01
     vertex  5.051931e+01 -1.687606e+00  1.301276e+01
   endloop
 endfacet
 facet normal  5.763177e-17 -1.000000e+00  1.024980e-16
   outer loop
     vertex  5.032213e+01 -1.687606e+00  1.319691e+01
     vertex  5.035189e+01 -1.687606e+00  1.318018e+01
     vertex  6.874949e+01 -1.687606e+00  1.800004e+01
   endloop
 endfacet
 facet normal  5.448586e-17 -1.000000e+00  1.145674e-16
   outer loop
     vertex  5.029130e+01 -1.687606e+00  1.321157e+01
     vertex  5.032213e+01 -1.687606e+00  1.319691e+01
     vertex  6.874949e+01 -1.687606e+00  1.800004e+01
   endloop
 endfacet
 facet normal  7.545406e-17 -1.000000e+00  3.588437e-17
   outer loop
     vertex  5.055070e+01 -1.687606e+00  1.295217e+01
     vertex  6.874949e+01 -1.687606e+00  1.800004e+01
     vertex  5.053604e+01 -1.687606e+00  1.298300e+01
   endloop
 endfacet
 facet normal  7.698651e-17 -1.000000e+00  3.035954e-17
   outer loop
     vertex  5.056323e+01 -1.687606e+00  1.292041e+01
     vertex  6.874949e+01 -1.687606e+00  1.800004e+01
     vertex  5.055070e+01 -1.687606e+00  1.295217e+01
   endloop
 endfacet
 facet normal  5.079303e-17 -1.000000e+00  1.288023e-16
   outer loop
     vertex  5.025954e+01 -1.687606e+00  1.322410e+01
     vertex  5.029130e+01 -1.687606e+00  1.321157e+01
     vertex  6.874949e+01 -1.687606e+00  1.800004e+01
   endloop
 endfacet
 facet normal  4.634524e-17 -1.000000e+00  1.460218e-16
   outer loop
     vertex  5.022699e+01 -1.687606e+00  1.323443e+01
     vertex  5.025954e+01 -1.687606e+00  1.322410e+01
     vertex  6.874949e+01 -1.687606e+00  1.800004e+01
   endloop
 endfacet
 facet normal  7.850670e-17 -1.000000e+00  2.491691e-17
   outer loop
     vertex  5.057355e+01 -1.687606e+00  1.288787e+01
     vertex  6.874949e+01 -1.687606e+00  1.800004e+01
     vertex  5.056323e+01 -1.687606e+00  1.292041e+01
   endloop
 endfacet
 facet normal  4.081889e-17 -1.000000e+00  1.675011e-16
   outer loop
     vertex  5.019382e+01 -1.687606e+00  1.324251e+01
     vertex  5.022699e+01 -1.687606e+00  1.323443e+01
     vertex  6.874949e+01 -1.687606e+00  1.800004e+01
   endloop
 endfacet
 facet normal  8.002951e-17 -1.000000e+00  1.950266e-17
   outer loop
     vertex  5.058164e+01 -1.687606e+00  1.285470e+01
     vertex  6.874949e+01 -1.687606e+00  1.800004e+01
     vertex  5.057355e+01 -1.687606e+00  1.288787e+01
   endloop
 endfacet
 facet normal  8.156978e-17 -1.000000e+00  1.406405e-17
   outer loop
     vertex  5.058744e+01 -1.687606e+00  1.282105e+01
     vertex  6.874949e+01 -1.687606e+00  1.800004e+01
     vertex  5.058164e+01 -1.687606e+00  1.285470e+01
   endloop
 endfacet
 facet normal  3.368050e-17 -1.000000e+00  1.953428e-16
   outer loop
     vertex  5.016018e+01 -1.687606e+00  1.324831e+01
     vertex  5.019382e+01 -1.687606e+00  1.324251e+01
     vertex  6.874949e+01 -1.687606e+00  1.800004e+01
   endloop
 endfacet
 facet normal  2.398227e-17 -1.000000e+00  2.332834e-16
   outer loop
     vertex  5.012622e+01 -1.687606e+00  1.325180e+01
     vertex  5.016018e+01 -1.687606e+00  1.324831e+01
     vertex  6.874949e+01 -1.687606e+00  1.800004e+01
   endloop
 endfacet
 facet normal  8.314289e-17 -1.000000e+00  8.547348e-18
   outer loop
     vertex  5.059093e+01 -1.687606e+00  1.278709e+01
     vertex  6.874949e+01 -1.687606e+00  1.800004e+01
     vertex  5.058744e+01 -1.687606e+00  1.282105e+01
   endloop
 endfacet
 facet normal  8.476537e-17 -1.000000e+00  2.895672e-18
   outer loop
     vertex  5.059210e+01 -1.687606e+00  1.275297e+01
     vertex  6.874949e+01 -1.687606e+00  1.800004e+01
     vertex  5.059093e+01 -1.687606e+00  1.278709e+01
   endloop
 endfacet
 facet normal  9.861207e-18 -1.000000e+00  2.886683e-16
   outer loop
     vertex  5.009210e+01 -1.687606e+00  1.325297e+01
     vertex  5.012622e+01 -1.687606e+00  1.325180e+01
     vertex  6.874949e+01 -1.687606e+00  1.800004e+01
   endloop
 endfacet
 facet normal  8.560215e-17 -1.000000e+00  0.000000e+00
   outer loop
     vertex  5.059210e+01 -1.687606e+00  7.952957e+00
     vertex  6.874949e+01 -1.687606e+00  0.000000e+00
     vertex  6.874949e+01 -1.687606e+00  1.800004e+01
   endloop
 endfacet
 facet normal  8.560215e-17 -1.000000e+00  0.000000e+00
   outer loop
     vertex  5.059210e+01 -1.687606e+00  7.952957e+00
     vertex  6.874949e+01 -1.687606e+00  1.800004e+01
     vertex  5.059210e+01 -1.687606e+00  1.275297e+01
   endloop
 endfacet
 facet normal  8.434021e-17 -1.000000e+00 -2.881148e-18
   outer loop
     vertex  5.059093e+01 -1.687606e+00  7.918835e+00
     vertex  6.874949e+01 -1.687606e+00  0.000000e+00
     vertex  5.059210e+01 -1.687606e+00  7.952957e+00
   endloop
 endfacet
 facet normal  8.192386e-17 -1.000000e+00 -8.422029e-18
   outer loop
     vertex  5.058744e+01 -1.687606e+00  7.884873e+00
     vertex  6.874949e+01 -1.687606e+00  0.000000e+00
     vertex  5.059093e+01 -1.687606e+00  7.918835e+00
   endloop
 endfacet
 facet normal  7.962036e-17 -1.000000e+00 -1.372794e-17
   outer loop
     vertex  5.058164e+01 -1.687606e+00  7.851229e+00
     vertex  6.874949e+01 -1.687606e+00  0.000000e+00
     vertex  5.058744e+01 -1.687606e+00  7.884873e+00
   endloop
 endfacet
 facet normal  7.740157e-17 -1.000000e+00 -1.886225e-17
   outer loop
     vertex  5.057355e+01 -1.687606e+00  7.818058e+00
     vertex  6.874949e+01 -1.687606e+00  0.000000e+00
     vertex  5.058164e+01 -1.687606e+00  7.851229e+00
   endloop
 endfacet
 facet normal  7.524284e-17 -1.000000e+00 -2.388100e-17
   outer loop
     vertex  5.056323e+01 -1.687606e+00  7.785517e+00
     vertex  6.874949e+01 -1.687606e+00  0.000000e+00
     vertex  5.057355e+01 -1.687606e+00  7.818058e+00
   endloop
 endfacet
 facet normal  7.312182e-17 -1.000000e+00 -2.883551e-17
   outer loop
     vertex  5.055070e+01 -1.687606e+00  7.753756e+00
     vertex  6.874949e+01 -1.687606e+00  0.000000e+00
     vertex  5.056323e+01 -1.687606e+00  7.785517e+00
   endloop
 endfacet
 facet normal  7.101754e-17 -1.000000e+00 -3.377446e-17
   outer loop
     vertex  5.053604e+01 -1.687606e+00  7.722924e+00
     vertex  6.874949e+01 -1.687606e+00  0.000000e+00
     vertex  5.055070e+01 -1.687606e+00  7.753756e+00
   endloop
 endfacet
 facet normal  6.890953e-17 -1.000000e+00 -3.874590e-17
   outer loop
     vertex  5.051931e+01 -1.687606e+00  7.693165e+00
     vertex  6.874949e+01 -1.687606e+00  0.000000e+00
     vertex  5.053604e+01 -1.687606e+00  7.722924e+00
   endloop
 endfacet
 facet normal  6.677708e-17 -1.000000e+00 -4.379909e-17
   outer loop
     vertex  5.050058e+01 -1.687606e+00  7.664616e+00
     vertex  6.874949e+01 -1.687606e+00  0.000000e+00
     vertex  5.051931e+01 -1.687606e+00  7.693165e+00
   endloop
 endfacet
 facet normal  6.459835e-17 -1.000000e+00 -4.898648e-17
   outer loop
     vertex  5.047995e+01 -1.687606e+00  7.637413e+00
     vertex  6.874949e+01 -1.687606e+00  0.000000e+00
     vertex  5.050058e+01 -1.687606e+00  7.664616e+00
   endloop
 endfacet
 facet normal  6.234951e-17 -1.000000e+00 -5.436596e-17
   outer loop
     vertex  5.045751e+01 -1.687606e+00  7.611680e+00
     vertex  6.874949e+01 -1.687606e+00  0.000000e+00
     vertex  5.047995e+01 -1.687606e+00  7.637413e+00
   endloop
 endfacet
 facet normal  6.000358e-17 -1.000000e+00 -6.000358e-17
   outer loop
     vertex  5.043337e+01 -1.687606e+00  7.587539e+00
     vertex  6.874949e+01 -1.687606e+00  0.000000e+00
     vertex  5.045751e+01 -1.687606e+00  7.611680e+00
   endloop
 endfacet
 facet normal  5.752903e-17 -1.000000e+00 -6.597708e-17
   outer loop
     vertex  5.040764e+01 -1.687606e+00  7.565101e+00
     vertex  6.874949e+01 -1.687606e+00  0.000000e+00
     vertex  5.043337e+01 -1.687606e+00  7.587539e+00
   endloop
 endfacet
 facet normal  5.488791e-17 -1.000000e+00 -7.238056e-17
   outer loop
     vertex  5.038044e+01 -1.687606e+00  7.544472e+00
     vertex  6.874949e+01 -1.687606e+00  0.000000e+00
     vertex  5.040764e+01 -1.687606e+00  7.565101e+00
   endloop
 endfacet
 facet normal  5.203323e-17 -1.000000e+00 -7.933105e-17
   outer loop
     vertex  5.035189e+01 -1.687606e+00  7.525747e+00
     vertex  6.874949e+01 -1.687606e+00  0.000000e+00
     vertex  5.038044e+01 -1.687606e+00  7.544472e+00
   endloop
 endfacet
 facet normal  4.890521e-17 -1.000000e+00 -8.697787e-17
   outer loop
     vertex  5.032213e+01 -1.687606e+00  7.509014e+00
     vertex  6.874949e+01 -1.687606e+00  0.000000e+00
     vertex  5.035189e+01 -1.687606e+00  7.525747e+00
   endloop
 endfacet
 facet normal  4.542572e-17 -1.000000e+00 -9.551666e-17
   outer loop
     vertex  5.029130e+01 -1.687606e+00  7.494351e+00
     vertex  6.874949e+01 -1.687606e+00  0.000000e+00
     vertex  5.032213e+01 -1.687606e+00  7.509014e+00
   endloop
 endfacet
 facet normal  4.148974e-17 -1.000000e+00 -1.052108e-16
   outer loop
     vertex  5.025954e+01 -1.687606e+00  7.481826e+00
     vertex  6.874949e+01 -1.687606e+00  0.000000e+00
     vertex  5.029130e+01 -1.687606e+00  7.494351e+00
   endloop
 endfacet
 facet normal  3.695179e-17 -1.000000e+00 -1.164255e-16
   outer loop
     vertex  5.022699e+01 -1.687606e+00  7.471498e+00
     vertex  6.874949e+01 -1.687606e+00  0.000000e+00
     vertex  5.025954e+01 -1.687606e+00  7.481826e+00
   endloop
 endfacet
 facet normal  3.160332e-17 -1.000000e+00 -1.296848e-16
   outer loop
     vertex  5.019382e+01 -1.687606e+00  7.463415e+00
     vertex  6.874949e+01 -1.687606e+00  0.000000e+00
     vertex  5.022699e+01 -1.687606e+00  7.471498e+00
   endloop
 endfacet
 facet normal  2.513337e-17 -1.000000e+00 -1.457705e-16
   outer loop
     vertex  5.016018e+01 -1.687606e+00  7.457614e+00
     vertex  6.874949e+01 -1.687606e+00  0.000000e+00
     vertex  5.019382e+01 -1.687606e+00  7.463415e+00
   endloop
 endfacet
 facet normal  1.705562e-17 -1.000000e+00 -1.659056e-16
   outer loop
     vertex  5.012622e+01 -1.687606e+00  7.454122e+00
     vertex  6.874949e+01 -1.687606e+00  0.000000e+00
     vertex  5.016018e+01 -1.687606e+00  7.457614e+00
   endloop
 endfacet
 facet normal  6.563022e-18 -1.000000e+00 -1.921202e-16
   outer loop
     vertex  5.009210e+01 -1.687606e+00  7.452957e+00
     vertex  6.874949e+01 -1.687606e+00  0.000000e+00
     vertex  5.012622e+01 -1.687606e+00  7.454122e+00
   endloop
 endfacet
 facet normal  1.474083e-31 -1.000000e+00  3.274259e-16
   outer loop
     vertex  3.825507e+01 -1.687606e+00  1.325297e+01
     vertex  5.009210e+01 -1.687606e+00  1.325297e+01
     vertex  6.874949e+01 -1.687606e+00  1.800004e+01
   endloop
 endfacet
 facet normal  2.279684e-17 -1.000000e+00  1.809825e-16
   outer loop
     vertex  5.684481e-01 -1.687606e+00  1.800004e+01
     vertex  3.825507e+01 -1.687606e+00  1.325297e+01
     vertex  6.874949e+01 -1.687606e+00  1.800004e+01
   endloop
 endfacet
 facet normal  0.000000e+00 -1.000000e+00  0.000000e+00
   outer loop
     vertex  5.684481e-01 -1.687606e+00  1.800004e+01
     vertex  3.775624e+01 -1.687606e+00  1.278709e+01
     vertex  3.775973e+01 -1.687606e+00  1.282105e+01
   endloop
 endfacet
 facet normal  0.000000e+00 -1.000000e+00  0.000000e+00
   outer loop
     vertex  5.684481e-01 -1.687606e+00  1.800004e+01
     vertex  3.775973e+01 -1.687606e+00  1.282105e+01
     vertex  3.776553e+01 -1.687606e+00  1.285470e+01
   endloop
 endfacet
 facet normal  0.000000e+00 -1.000000e+00  0.000000e+00
   outer loop
     vertex  5.684481e-01 -1.687606e+00  1.800004e+01
     vertex  3.776553e+01 -1.687606e+00  1.285470e+01
     vertex  3.777361e+01 -1.687606e+00  1.288787e+01
   endloop
 endfacet
 facet normal  0.000000e+00 -1.000000e+00  0.000000e+00
   outer loop
     vertex  5.684481e-01 -1.687606e+00  1.800004e+01
     vertex  3.777361e+01 -1.687606e+00  1.288787e+01
     vertex  3.778394e+01 -1.687606e+00  1.292041e+01
   endloop
 endfacet
 facet normal  0.000000e+00 -1.000000e+00  0.000000e+00
   outer loop
     vertex  5.684481e-01 -1.687606e+00  1.800004e+01
     vertex  3.778394e+01 -1.687606e+00  1.292041e+01
     vertex  3.779646e+01 -1.687606e+00  1.295217e+01
   endloop
 endfacet
 facet normal  0.000000e+00 -1.000000e+00  0.000000e+00
   outer loop
     vertex  5.684481e-01 -1.687606e+00  1.800004e+01
     vertex  3.779646e+01 -1.687606e+00  1.295217e+01
     vertex  3.781113e+01 -1.687606e+00  1.298300e+01
   endloop
 endfacet
 facet normal  0.000000e+00 -1.000000e+00  0.000000e+00
   outer loop
     vertex  5.684481e-01 -1.687606e+00  1.800004e+01
     vertex  3.781113e+01 -1.687606e+00  1.298300e+01
     vertex  3.782786e+01 -1.687606e+00  1.301276e+01
   endloop
 endfacet
 facet normal  0.000000e+00 -1.000000e+00  0.000000e+00
   outer loop
     vertex  5.684481e-01 -1.687606e+00  1.800004e+01
     vertex  3.782786e+01 -1.687606e+00  1.301276e+01
     vertex  3.784658e+01 -1.687606e+00  1.304131e+01
   endloop
 endfacet
 facet normal  0.000000e+00 -1.000000e+00  0.000000e+00
   outer loop
     vertex  5.684481e-01 -1.687606e+00  1.800004e+01
     vertex  3.784658e+01 -1.687606e+00  1.304131e+01
     vertex  3.786721e+01 -1.687606e+00  1.306851e+01
   endloop
 endfacet
 facet normal  0.000000e+00 -1.000000e+00  0.000000e+00
   outer loop
     vertex  5.684481e-01 -1.687606e+00  1.800004e+01
     vertex  3.786721e+01 -1.687606e+00  1.306851e+01
     vertex  3.788965e+01 -1.687606e+00  1.309425e+01
   endloop
 endfacet
 facet normal  0.000000e+00 -1.000000e+00  0.000000e+00
   outer loop
     vertex  5.684481e-01 -1.687606e+00  1.800004e+01
     vertex  3.788965e+01 -1.687606e+00  1.309425e+01
     vertex  3.791379e+01 -1.687606e+00  1.311839e+01
   endloop
 endfacet
 facet normal  0.000000e+00 -1.000000e+00  0.000000e+00
   outer loop
     vertex  5.684481e-01 -1.687606e+00  1.800004e+01
     vertex  3.791379e+01 -1.687606e+00  1.311839e+01
     vertex  3.793953e+01 -1.687606e+00  1.314082e+01
   endloop
 endfacet
 facet normal  0.000000e+00 -1.000000e+00  0.000000e+00
   outer loop
     vertex  5.684481e-01 -1.687606e+00  1.800004e+01
     vertex  3.793953e+01 -1.687606e+00  1.314082e+01
     vertex  3.796673e+01 -1.687606e+00  1.316145e+01
   endloop
 endfacet
 facet normal  0.000000e+00 -1.000000e+00  0.000000e+00
   outer loop
     vertex  5.684481e-01 -1.687606e+00  1.800004e+01
     vertex  3.796673e+01 -1.687606e+00  1.316145e+01
     vertex  3.799528e+01 -1.687606e+00  1.318018e+01
   endloop
 endfacet
 facet normal  0.000000e+00 -1.000000e+00  0.000000e+00
   outer loop
     vertex  5.684481e-01 -1.687606e+00  1.800004e+01
     vertex  3.799528e+01 -1.687606e+00  1.318018e+01
     vertex  3.802504e+01 -1.687606e+00  1.319691e+01
   endloop
 endfacet
 facet normal  0.000000e+00 -1.000000e+00  0.000000e+00
   outer loop
     vertex  5.684481e-01 -1.687606e+00  1.800004e+01
     vertex  3.802504e+01 -1.687606e+00  1.319691e+01
     vertex  3.805587e+01 -1.687606e+00  1.321157e+01
   endloop
 endfacet
 facet normal  0.000000e+00 -1.000000e+00  0.000000e+00
   outer loop
     vertex  5.684481e-01 -1.687606e+00  1.800004e+01
     vertex  3.805587e+01 -1.687606e+00  1.321157e+01
     vertex  3.808763e+01 -1.687606e+00  1.322410e+01
   endloop
 endfacet
 facet normal  0.000000e+00 -1.000000e+00  0.000000e+00
   outer loop
     vertex  5.684481e-01 -1.687606e+00  1.800004e+01
     vertex  3.808763e+01 -1.687606e+00  1.322410e+01
     vertex  3.812017e+01 -1.687606e+00  1.323443e+01
   endloop
 endfacet
 facet normal  0.000000e+00 -1.000000e+00  0.000000e+00
   outer loop
     vertex  5.684481e-01 -1.687606e+00  1.800004e+01
     vertex  3.812017e+01 -1.687606e+00  1.323443e+01
     vertex  3.815334e+01 -1.687606e+00  1.324251e+01
   endloop
 endfacet
 facet normal  0.000000e+00 -1.000000e+00  0.000000e+00
   outer loop
     vertex  5.684481e-01 -1.687606e+00  1.800004e+01
     vertex  3.815334e+01 -1.687606e+00  1.324251e+01
     vertex  3.818699e+01 -1.687606e+00  1.324831e+01
   endloop
 endfacet
 facet normal  0.000000e+00 -1.000000e+00  0.000000e+00
   outer loop
     vertex  5.684481e-01 -1.687606e+00  1.800004e+01
     vertex  3.818699e+01 -1.687606e+00  1.324831e+01
     vertex  3.822095e+01 -1.687606e+00  1.325180e+01
   endloop
 endfacet
 facet normal  0.000000e+00 -1.000000e+00  0.000000e+00
   outer loop
     vertex  5.684481e-01 -1.687606e+00  1.800004e+01
     vertex  3.822095e+01 -1.687606e+00  1.325180e+01
     vertex  3.825507e+01 -1.687606e+00  1.325297e+01
   endloop
 endfacet
 facet normal  0.000000e+00 -1.000000e+00  0.000000e+00
   outer loop
     vertex  5.684481e-01 -1.687606e+00  1.800004e+01
     vertex  3.775507e+01 -1.687606e+00  7.952957e+00
     vertex  3.775507e+01 -1.687606e+00  1.275297e+01
   endloop
 endfacet
 facet normal  0.000000e+00 -1.000000e+00  0.000000e+00
   outer loop
     vertex  5.684481e-01 -1.687606e+00  1.800004e+01
     vertex  3.775507e+01 -1.687606e+00  1.275297e+01
     vertex  3.775624e+01 -1.687606e+00  1.278709e+01
   endloop
 endfacet
 facet normal  0.000000e+00 -1.000000e+00  0.000000e+00
   outer loop
     vertex  5.684481e-01 -1.687606e+00  0.000000e+00
     vertex  3.808763e+01 -1.687606e+00  7.481826e+00
     vertex  3.805587e+01 -1.687606e+00  7.494351e+00
   endloop
 endfacet
 facet normal  0.000000e+00 -1.000000e+00  0.000000e+00
   outer loop
     vertex  5.684481e-01 -1.687606e+00  0.000000e+00
     vertex  3.805587e+01 -1.687606e+00  7.494351e+00
     vertex  3.802504e+01 -1.687606e+00  7.509014e+00
   endloop
 endfacet
 facet normal  0.000000e+00 -1.000000e+00  0.000000e+00
   outer loop
     vertex  5.684481e-01 -1.687606e+00  0.000000e+00
     vertex  3.802504e+01 -1.687606e+00  7.509014e+00
     vertex  3.799528e+01 -1.687606e+00  7.525747e+00
   endloop
 endfacet
 facet normal  0.000000e+00 -1.000000e+00  0.000000e+00
   outer loop
     vertex  5.684481e-01 -1.687606e+00  0.000000e+00
     vertex  3.799528e+01 -1.687606e+00  7.525747e+00
     vertex  3.796673e+01 -1.687606e+00  7.544472e+00
   endloop
 endfacet
 facet normal  0.000000e+00 -1.000000e+00  0.000000e+00
   outer loop
     vertex  5.684481e-01 -1.687606e+00  0.000000e+00
     vertex  3.796673e+01 -1.687606e+00  7.544472e+00
     vertex  3.793953e+01 -1.687606e+00  7.565101e+00
   endloop
 endfacet
 facet normal  0.000000e+00 -1.000000e+00  0.000000e+00
   outer loop
     vertex  5.684481e-01 -1.687606e+00  0.000000e+00
     vertex  3.793953e+01 -1.687606e+00  7.565101e+00
     vertex  3.791379e+01 -1.687606e+00  7.587539e+00
   endloop
 endfacet
 facet normal  0.000000e+00 -1.000000e+00  0.000000e+00
   outer loop
     vertex  5.684481e-01 -1.687606e+00  0.000000e+00
     vertex  3.791379e+01 -1.687606e+00  7.587539e+00
     vertex  3.788965e+01 -1.687606e+00  7.611680e+00
   endloop
 endfacet
 facet normal  0.000000e+00 -1.000000e+00  0.000000e+00
   outer loop
     vertex  5.684481e-01 -1.687606e+00  0.000000e+00
     vertex  3.788965e+01 -1.687606e+00  7.611680e+00
     vertex  3.786721e+01 -1.687606e+00  7.637413e+00
   endloop
 endfacet
 facet normal  0.000000e+00 -1.000000e+00  0.000000e+00
   outer loop
     vertex  5.684481e-01 -1.687606e+00  0.000000e+00
     vertex  3.786721e+01 -1.687606e+00  7.637413e+00
     vertex  3.784658e+01 -1.687606e+00  7.664616e+00
   endloop
 endfacet
 facet normal  0.000000e+00 -1.000000e+00  0.000000e+00
   outer loop
     vertex  5.684481e-01 -1.687606e+00  0.000000e+00
     vertex  3.784658e+01 -1.687606e+00  7.664616e+00
     vertex  3.782786e+01 -1.687606e+00  7.693165e+00
   endloop
 endfacet
 facet normal  0.000000e+00 -1.000000e+00  0.000000e+00
   outer loop
     vertex  5.684481e-01 -1.687606e+00  0.000000e+00
     vertex  3.782786e+01 -1.687606e+00  7.693165e+00
     vertex  3.781113e+01 -1.687606e+00  7.722924e+00
   endloop
 endfacet
 facet normal  0.000000e+00 -1.000000e+00  0.000000e+00
   outer loop
     vertex  5.684481e-01 -1.687606e+00  0.000000e+00
     vertex  3.781113e+01 -1.687606e+00  7.722924e+00
     vertex  3.779646e+01 -1.687606e+00  7.753756e+00
   endloop
 endfacet
 facet normal  0.000000e+00 -1.000000e+00  0.000000e+00
   outer loop
     vertex  5.684481e-01 -1.687606e+00  0.000000e+00
     vertex  3.779646e+01 -1.687606e+00  7.753756e+00
     vertex  3.778394e+01 -1.687606e+00  7.785517e+00
   endloop
 endfacet
 facet normal  0.000000e+00 -1.000000e+00  0.000000e+00
   outer loop
     vertex  5.684481e-01 -1.687606e+00  0.000000e+00
     vertex  3.778394e+01 -1.687606e+00  7.785517e+00
     vertex  3.777361e+01 -1.687606e+00  7.818058e+00
   endloop
 endfacet
 facet normal  0.000000e+00 -1.000000e+00  0.000000e+00
   outer loop
     vertex  5.684481e-01 -1.687606e+00  0.000000e+00
     vertex  3.777361e+01 -1.687606e+00  7.818058e+00
     vertex  3.776553e+01 -1.687606e+00  7.851229e+00
   endloop
 endfacet
 facet normal  0.000000e+00 -1.000000e+00  0.000000e+00
   outer loop
     vertex  5.684481e-01 -1.687606e+00  0.000000e+00
     vertex  3.776553e+01 -1.687606e+00  7.851229e+00
     vertex  3.775973e+01 -1.687606e+00  7.884873e+00
   endloop
 endfacet
 facet normal  0.000000e+00 -1.000000e+00  0.000000e+00
   outer loop
     vertex  5.684481e-01 -1.687606e+00  0.000000e+00
     vertex  3.775973e+01 -1.687606e+00  7.884873e+00
     vertex  3.775624e+01 -1.687606e+00  7.918835e+00
   endloop
 endfacet
 facet normal  0.000000e+00 -1.000000e+00  0.000000e+00
   outer loop
     vertex  5.684481e-01 -1.687606e+00  0.000000e+00
     vertex  3.775624e+01 -1.687606e+00  7.918835e+00
     vertex  3.775507e+01 -1.687606e+00  7.952957e+00
   endloop
 endfacet
 facet normal  0.000000e+00 -1.000000e+00  0.000000e+00
   outer loop
     vertex  5.684481e-01 -1.687606e+00  0.000000e+00
     vertex  3.775507e+01 -1.687606e+00  7.952957e+00
     vertex  5.684481e-01 -1.687606e+00  1.800004e+01
   endloop
 endfacet
 facet normal  2.279684e-17 -1.000000e+00 -1.152745e-16
   outer loop
     vertex  5.684481e-01 -1.687606e+00  0.000000e+00
     vertex  6.874949e+01 -1.687606e+00  0.000000e+00
     vertex  3.825507e+01 -1.687606e+00  7.452957e+00
   endloop
 endfacet
 facet normal  0.000000e+00 -1.000000e+00 -2.085498e-16
   outer loop
     vertex  3.825507e+01 -1.687606e+00  7.452957e+00
     vertex  6.874949e+01 -1.687606e+00  0.000000e+00
     vertex  5.009210e+01 -1.687606e+00  7.452957e+00
   endloop
 endfacet
 facet normal  0.000000e+00 -1.000000e+00  0.000000e+00
   outer loop
     vertex  5.684481e-01 -1.687606e+00  0.000000e+00
     vertex  3.825507e+01 -1.687606e+00  7.452957e+00
     vertex  3.822095e+01 -1.687606e+00  7.454122e+00
   endloop
 endfacet
 facet normal  0.000000e+00 -1.000000e+00  0.000000e+00
   outer loop
     vertex  5.684481e-01 -1.687606e+00  0.000000e+00
     vertex  3.822095e+01 -1.687606e+00  7.454122e+00
     vertex  3.818699e+01 -1.687606e+00  7.457614e+00
   endloop
 endfacet
 facet normal  0.000000e+00 -1.000000e+00  0.000000e+00
   outer loop
     vertex  5.684481e-01 -1.687606e+00  0.000000e+00
     vertex  3.818699e+01 -1.687606e+00  7.457614e+00
     vertex  3.815334e+01 -1.687606e+00  7.463415e+00
   endloop
 endfacet
 facet normal  0.000000e+00 -1.000000e+00  0.000000e+00
   outer loop
     vertex  5.684481e-01 -1.687606e+00  0.000000e+00
     vertex  3.815334e+01 -1.687606e+00  7.463415e+00
     vertex  3.812017e+01 -1.687606e+00  7.471498e+00
   endloop
 endfacet
 facet normal  0.000000e+00 -1.000000e+00  0.000000e+00
   outer loop
     vertex  5.684481e-01 -1.687606e+00  0.000000e+00
     vertex  3.812017e+01 -1.687606e+00  7.471498e+00
     vertex  3.808763e+01 -1.687606e+00  7.481826e+00
   endloop
 endfacet
 facet normal -1.862228e-16  1.000000e+00  1.862228e-16
   outer loop
     vertex  3.111819e+01  5.178841e+01  1.039426e+01
     vertex  5.684481e-01  5.178841e+01  1.800004e+01
     vertex  3.116647e+01  5.178841e+01  1.044254e+01
   endloop
 endfacet
 facet normal -1.809593e-16  1.000000e+00  2.075329e-16
   outer loop
     vertex  3.121794e+01  5.178841e+01  1.048742e+01
     vertex  3.116647e+01  5.178841e+01  1.044254e+01
     vertex  5.684481e-01  5.178841e+01  1.800004e+01
   endloop
 endfacet
 facet normal -1.911004e-16  1.000000e+00  1.666309e-16
   outer loop
     vertex  3.107332e+01  5.178841e+01  1.034279e+01
     vertex  5.684481e-01  5.178841e+01  1.800004e+01
     vertex  3.111819e+01  5.178841e+01  1.039426e+01
   endloop
 endfacet
 facet normal -1.751988e-16  1.000000e+00  2.310343e-16
   outer loop
     vertex  3.127235e+01  5.178841e+01  1.052868e+01
     vertex  3.121794e+01  5.178841e+01  1.048742e+01
     vertex  5.684481e-01  5.178841e+01  1.800004e+01
   endloop
 endfacet
 facet normal -1.956796e-16  1.000000e+00  1.483885e-16
   outer loop
     vertex  3.103206e+01  5.178841e+01  1.028839e+01
     vertex  5.684481e-01  5.178841e+01  1.800004e+01
     vertex  3.107332e+01  5.178841e+01  1.034279e+01
   endloop
 endfacet
 facet normal -1.687954e-16  1.000000e+00  2.573493e-16
   outer loop
     vertex  3.132944e+01  5.178841e+01  1.056613e+01
     vertex  3.127235e+01  5.178841e+01  1.052868e+01
     vertex  5.684481e-01  5.178841e+01  1.800004e+01
   endloop
 endfacet
 facet normal -2.000307e-16  1.000000e+00  1.312002e-16
   outer loop
     vertex  3.099461e+01  5.178841e+01  1.023129e+01
     vertex  5.684481e-01  5.178841e+01  1.800004e+01
     vertex  3.103206e+01  5.178841e+01  1.028839e+01
   endloop
 endfacet
 facet normal -2.042123e-16  1.000000e+00  1.148229e-16
   outer loop
     vertex  3.096114e+01  5.178841e+01  1.017177e+01
     vertex  5.684481e-01  5.178841e+01  1.800004e+01
     vertex  3.099461e+01  5.178841e+01  1.023129e+01
   endloop
 endfacet
 facet normal -1.615524e-16  1.000000e+00  2.873207e-16
   outer loop
     vertex  3.138896e+01  5.178841e+01  1.059959e+01
     vertex  3.132944e+01  5.178841e+01  1.056613e+01
     vertex  5.684481e-01  5.178841e+01  1.800004e+01
   endloop
 endfacet
 facet normal -1.531955e-16  1.000000e+00  3.221242e-16
   outer loop
     vertex  3.145063e+01  5.178841e+01  1.062892e+01
     vertex  3.138896e+01  5.178841e+01  1.059959e+01
     vertex  5.684481e-01  5.178841e+01  1.800004e+01
   endloop
 endfacet
 facet normal -2.082747e-16  1.000000e+00  9.905109e-17
   outer loop
     vertex  3.093182e+01  5.178841e+01  1.011011e+01
     vertex  5.684481e-01  5.178841e+01  1.800004e+01
     vertex  3.096114e+01  5.178841e+01  1.017177e+01
   endloop
 endfacet
 facet normal -1.433296e-16  1.000000e+00  3.634588e-16
   outer loop
     vertex  3.151415e+01  5.178841e+01  1.065397e+01
     vertex  3.145063e+01  5.178841e+01  1.062892e+01
     vertex  5.684481e-01  5.178841e+01  1.800004e+01
   endloop
 endfacet
 facet normal -2.122623e-16  1.000000e+00  8.370538e-17
   outer loop
     vertex  3.090677e+01  5.178841e+01  1.004658e+01
     vertex  5.684481e-01  5.178841e+01  1.800004e+01
     vertex  3.093182e+01  5.178841e+01  1.011011e+01
   endloop
 endfacet
 facet normal -1.313600e-16  1.000000e+00  4.138813e-16
   outer loop
     vertex  3.157923e+01  5.178841e+01  1.067462e+01
     vertex  3.151415e+01  5.178841e+01  1.065397e+01
     vertex  5.684481e-01  5.178841e+01  1.800004e+01
   endloop
 endfacet
 facet normal -2.162160e-16  1.000000e+00  6.862388e-17
   outer loop
     vertex  3.088611e+01  5.178841e+01  9.981502e+00
     vertex  5.684481e-01  5.178841e+01  1.800004e+01
     vertex  3.090677e+01  5.178841e+01  1.004658e+01
   endloop
 endfacet
 facet normal -1.163475e-16  1.000000e+00  4.774340e-16
   outer loop
     vertex  3.164557e+01  5.178841e+01  1.069079e+01
     vertex  3.157923e+01  5.178841e+01  1.067462e+01
     vertex  5.684481e-01  5.178841e+01  1.800004e+01
   endloop
 endfacet
 facet normal -2.201750e-16  1.000000e+00  5.365518e-17
   outer loop
     vertex  3.086994e+01  5.178841e+01  9.915161e+00
     vertex  5.684481e-01  5.178841e+01  1.800004e+01
     vertex  3.088611e+01  5.178841e+01  9.981502e+00
   endloop
 endfacet
 facet normal -9.671215e-17  1.000000e+00  5.609187e-16
   outer loop
     vertex  3.171286e+01  5.178841e+01  1.070239e+01
     vertex  3.164557e+01  5.178841e+01  1.069079e+01
     vertex  5.684481e-01  5.178841e+01  1.800004e+01
   endloop
 endfacet
 facet normal -2.241780e-16  1.000000e+00  3.865220e-17
   outer loop
     vertex  3.085834e+01  5.178841e+01  9.847871e+00
     vertex  5.684481e-01  5.178841e+01  1.800004e+01
     vertex  3.086994e+01  5.178841e+01  9.915161e+00
   endloop
 endfacet
 facet normal -6.957170e-17  1.000000e+00  6.767470e-16
   outer loop
     vertex  3.178079e+01  5.178841e+01  1.070938e+01
     vertex  3.171286e+01  5.178841e+01  1.070239e+01
     vertex  5.684481e-01  5.178841e+01  1.800004e+01
   endloop
 endfacet
 facet normal -2.282651e-16  1.000000e+00  2.346636e-17
   outer loop
     vertex  3.085136e+01  5.178841e+01  9.779947e+00
     vertex  5.684481e-01  5.178841e+01  1.800004e+01
     vertex  3.085834e+01  5.178841e+01  9.847871e+00
   endloop
 endfacet
 facet normal -2.324792e-16  1.000000e+00  7.941727e-18
   outer loop
     vertex  3.084903e+01  5.178841e+01  9.711704e+00
     vertex  5.684481e-01  5.178841e+01  1.800004e+01
     vertex  3.085136e+01  5.178841e+01  9.779947e+00
   endloop
 endfacet
 facet normal -2.904528e-17  1.000000e+00  8.502462e-16
   outer loop
     vertex  3.184903e+01  5.178841e+01  1.071171e+01
     vertex  3.178079e+01  5.178841e+01  1.070938e+01
     vertex  5.684481e-01  5.178841e+01  1.800004e+01
   endloop
 endfacet
 facet normal -2.346530e-16  1.000000e+00  0.000000e+00
   outer loop
     vertex  3.084903e+01  5.178841e+01  8.397160e+00
     vertex  5.684481e-01  5.178841e+01  0.000000e+00
     vertex  5.684481e-01  5.178841e+01  1.800004e+01
   endloop
 endfacet
 facet normal -2.346530e-16  1.000000e+00  1.268356e-30
   outer loop
     vertex  3.084903e+01  5.178841e+01  8.397160e+00
     vertex  5.684481e-01  5.178841e+01  1.800004e+01
     vertex  3.084903e+01  5.178841e+01  9.711704e+00
   endloop
 endfacet
 facet normal -2.324509e-16  1.000000e+00 -7.940761e-18
   outer loop
     vertex  3.085136e+01  5.178841e+01  8.328918e+00
     vertex  5.684481e-01  5.178841e+01  0.000000e+00
     vertex  3.084903e+01  5.178841e+01  8.397160e+00
   endloop
 endfacet
 facet normal -2.281831e-16  1.000000e+00 -2.345793e-17
   outer loop
     vertex  3.085834e+01  5.178841e+01  8.260993e+00
     vertex  5.684481e-01  5.178841e+01  0.000000e+00
     vertex  3.085136e+01  5.178841e+01  8.328918e+00
   endloop
 endfacet
 facet normal -2.240454e-16  1.000000e+00 -3.862933e-17
   outer loop
     vertex  3.086994e+01  5.178841e+01  8.193704e+00
     vertex  5.684481e-01  5.178841e+01  0.000000e+00
     vertex  3.085834e+01  5.178841e+01  8.260993e+00
   endloop
 endfacet
 facet normal -2.199942e-16  1.000000e+00 -5.361112e-17
   outer loop
     vertex  3.088611e+01  5.178841e+01  8.127363e+00
     vertex  5.684481e-01  5.178841e+01  0.000000e+00
     vertex  3.086994e+01  5.178841e+01  8.193704e+00
   endloop
 endfacet
 facet normal -2.159890e-16  1.000000e+00 -6.855183e-17
   outer loop
     vertex  3.090677e+01  5.178841e+01  8.062280e+00
     vertex  5.684481e-01  5.178841e+01  0.000000e+00
     vertex  3.088611e+01  5.178841e+01  8.127363e+00
   endloop
 endfacet
 facet normal -2.119905e-16  1.000000e+00 -8.359821e-17
   outer loop
     vertex  3.093182e+01  5.178841e+01  7.998758e+00
     vertex  5.684481e-01  5.178841e+01  0.000000e+00
     vertex  3.090677e+01  5.178841e+01  8.062280e+00
   endloop
 endfacet
 facet normal -2.079592e-16  1.000000e+00 -9.890104e-17
   outer loop
     vertex  3.096114e+01  5.178841e+01  7.937094e+00
     vertex  5.684481e-01  5.178841e+01  0.000000e+00
     vertex  3.093182e+01  5.178841e+01  7.998758e+00
   endloop
 endfacet
 facet normal -2.038538e-16  1.000000e+00 -1.146213e-16
   outer loop
     vertex  3.099461e+01  5.178841e+01  7.877575e+00
     vertex  5.684481e-01  5.178841e+01  0.000000e+00
     vertex  3.096114e+01  5.178841e+01  7.937094e+00
   endloop
 endfacet
 facet normal -1.996296e-16  1.000000e+00 -1.309370e-16
   outer loop
     vertex  3.103206e+01  5.178841e+01  7.820478e+00
     vertex  5.684481e-01  5.178841e+01  0.000000e+00
     vertex  3.099461e+01  5.178841e+01  7.877575e+00
   endloop
 endfacet
 facet normal -1.952359e-16  1.000000e+00 -1.480520e-16
   outer loop
     vertex  3.107332e+01  5.178841e+01  7.766071e+00
     vertex  5.684481e-01  5.178841e+01  0.000000e+00
     vertex  3.103206e+01  5.178841e+01  7.820478e+00
   endloop
 endfacet
 facet normal -1.906140e-16  1.000000e+00 -1.662068e-16
   outer loop
     vertex  3.111819e+01  5.178841e+01  7.714605e+00
     vertex  5.684481e-01  5.178841e+01  0.000000e+00
     vertex  3.107332e+01  5.178841e+01  7.766071e+00
   endloop
 endfacet
 facet normal -1.856931e-16  1.000000e+00 -1.856931e-16
   outer loop
     vertex  3.116647e+01  5.178841e+01  7.666322e+00
     vertex  5.684481e-01  5.178841e+01  0.000000e+00
     vertex  3.111819e+01  5.178841e+01  7.714605e+00
   endloop
 endfacet
 facet normal -1.803860e-16  1.000000e+00 -2.068754e-16
   outer loop
     vertex  3.121794e+01  5.178841e+01  7.621447e+00
     vertex  5.684481e-01  5.178841e+01  0.000000e+00
     vertex  3.116647e+01  5.178841e+01  7.666322e+00
   endloop
 endfacet
 facet normal -1.745811e-16  1.000000e+00 -2.302196e-16
   outer loop
     vertex  3.127235e+01  5.178841e+01  7.580188e+00
     vertex  5.684481e-01  5.178841e+01  0.000000e+00
     vertex  3.121794e+01  5.178841e+01  7.621447e+00
   endloop
 endfacet
 facet normal -1.681327e-16  1.000000e+00 -2.563389e-16
   outer loop
     vertex  3.132944e+01  5.178841e+01  7.542739e+00
     vertex  5.684481e-01  5.178841e+01  0.000000e+00
     vertex  3.127235e+01  5.178841e+01  7.580188e+00
   endloop
 endfacet
 facet normal -1.608445e-16  1.000000e+00 -2.860618e-16
   outer loop
     vertex  3.138896e+01  5.178841e+01  7.509273e+00
     vertex  5.684481e-01  5.178841e+01  0.000000e+00
     vertex  3.132944e+01  5.178841e+01  7.542739e+00
   endloop
 endfacet
 facet normal -1.524434e-16  1.000000e+00 -3.205427e-16
   outer loop
     vertex  3.145063e+01  5.178841e+01  7.479947e+00
     vertex  5.684481e-01  5.178841e+01  0.000000e+00
     vertex  3.138896e+01  5.178841e+01  7.509273e+00
   endloop
 endfacet
 facet normal -1.425361e-16  1.000000e+00 -3.614467e-16
   outer loop
     vertex  3.151415e+01  5.178841e+01  7.454897e+00
     vertex  5.684481e-01  5.178841e+01  0.000000e+00
     vertex  3.145063e+01  5.178841e+01  7.479947e+00
   endloop
 endfacet
 facet normal -1.305325e-16  1.000000e+00 -4.112741e-16
   outer loop
     vertex  3.157923e+01  5.178841e+01  7.434241e+00
     vertex  5.684481e-01  5.178841e+01  0.000000e+00
     vertex  3.151415e+01  5.178841e+01  7.454897e+00
   endloop
 endfacet
 facet normal -1.155029e-16  1.000000e+00 -4.739681e-16
   outer loop
     vertex  3.164557e+01  5.178841e+01  7.418074e+00
     vertex  5.684481e-01  5.178841e+01  0.000000e+00
     vertex  3.157923e+01  5.178841e+01  7.434241e+00
   endloop
 endfacet
 facet normal  0.000000e+00  1.000000e+00  0.000000e+00
   outer loop
     vertex  4.506730e+01  5.178841e+01  1.061171e+01
     vertex  3.977702e+01  5.178841e+01  9.711704e+00
     vertex  3.977469e+01  5.178841e+01  9.779947e+00
   endloop
 endfacet
 facet normal  0.000000e+00  1.000000e+00  0.000000e+00
   outer loop
     vertex  4.506730e+01  5.178841e+01  1.061171e+01
     vertex  3.977469e+01  5.178841e+01  9.779947e+00
     vertex  3.976771e+01  5.178841e+01  9.847871e+00
   endloop
 endfacet
 facet normal  0.000000e+00  1.000000e+00  0.000000e+00
   outer loop
     vertex  4.506730e+01  5.178841e+01  1.061171e+01
     vertex  3.976771e+01  5.178841e+01  9.847871e+00
     vertex  3.975610e+01  5.178841e+01  9.915161e+00
   endloop
 endfacet
 facet normal  0.000000e+00  1.000000e+00  0.000000e+00
   outer loop
     vertex  4.506730e+01  5.178841e+01  1.061171e+01
     vertex  3.975610e+01  5.178841e+01  9.915161e+00
     vertex  3.973994e+01  5.178841e+01  9.981502e+00
   endloop
 endfacet
 facet normal  0.000000e+00  1.000000e+00  0.000000e+00
   outer loop
     vertex  4.506730e+01  5.178841e+01  1.061171e+01
     vertex  3.973994e+01  5.178841e+01  9.981502e+00
     vertex  3.971928e+01  5.178841e+01  1.004658e+01
   endloop
 endfacet
 facet normal  0.000000e+00  1.000000e+00  0.000000e+00
   outer loop
     vertex  4.506730e+01  5.178841e+01  1.061171e+01
     vertex  3.971928e+01  5.178841e+01  1.004658e+01
     vertex  3.969423e+01  5.178841e+01  1.011011e+01
   endloop
 endfacet
 facet normal  0.000000e+00  1.000000e+00  0.000000e+00
   outer loop
     vertex  4.506730e+01  5.178841e+01  1.061171e+01
     vertex  3.969423e+01  5.178841e+01  1.011011e+01
     vertex  3.966491e+01  5.178841e+01  1.017177e+01
   endloop
 endfacet
 facet normal  0.000000e+00  1.000000e+00  0.000000e+00
   outer loop
     vertex  4.506730e+01  5.178841e+01  1.061171e+01
     vertex  3.966491e+01  5.178841e+01  1.017177e+01
     vertex  3.963144e+01  5.178841e+01  1.023129e+01
   endloop
 endfacet
 facet normal  0.000000e+00  1.000000e+00  0.000000e+00
   outer loop
     vertex  4.506730e+01  5.178841e+01  1.061171e+01
     vertex  3.963144e+01  5.178841e+01  1.023129e+01
     vertex  3.959399e+01  5.178841e+01  1.028839e+01
   endloop
 endfacet
 facet normal  0.000000e+00  1.000000e+00  0.000000e+00
   outer loop
     vertex  4.506730e+01  5.178841e+01  1.061171e+01
     vertex  3.959399e+01  5.178841e+01  1.028839e+01
     vertex  3.955273e+01  5.178841e+01  1.034279e+01
   endloop
 endfacet
 facet normal  0.000000e+00  1.000000e+00  0.000000e+00
   outer loop
     vertex  4.506730e+01  5.178841e+01  1.061171e+01
     vertex  3.955273e+01  5.178841e+01  1.034279e+01
     vertex  3.950786e+01  5.178841e+01  1.039426e+01
   endloop
 endfacet
 facet normal  0.000000e+00  1.000000e+00  0.000000e+00
   outer loop
     vertex  4.506730e+01  5.178841e+01  1.061171e+01
     vertex  3.950786e+01  5.178841e+01  1.039426e+01
     vertex  3.945957e+01  5.178841e+01  1.044254e+01
   endloop
 endfacet
 facet normal  0.000000e+00  1.000000e+00  0.000000e+00
   outer loop
     vertex  4.506730e+01  5.178841e+01  1.061171e+01
     vertex  3.945957e+01  5.178841e+01  1.044254e+01
     vertex  3.940811e+01  5.178841e+01  1.048742e+01
   endloop
 endfacet
 facet normal  0.000000e+00  1.000000e+00  0.000000e+00
   outer loop
     vertex  4.506730e+01  5.178841e+01  1.061171e+01
     vertex  3.940811e+01  5.178841e+01  1.048742e+01
     vertex  3.935370e+01  5.178841e+01  1.052868e+01
   endloop
 endfacet
 facet normal  0.000000e+00  1.000000e+00  0.000000e+00
   outer loop
     vertex  4.506730e+01  5.178841e+01  1.061171e+01
     vertex  3.935370e+01  5.178841e+01  1.052868e+01
     vertex  3.929660e+01  5.178841e+01  1.056613e+01
   endloop
 endfacet
 facet normal  0.000000e+00  1.000000e+00  0.000000e+00
   outer loop
     vertex  4.506730e+01  5.178841e+01  1.061171e+01
     vertex  3.929660e+01  5.178841e+01  1.056613e+01
     vertex  3.923708e+01  5.178841e+01  1.059959e+01
   endloop
 endfacet
 facet normal  0.000000e+00  1.000000e+00  0.000000e+00
   outer loop
     vertex  4.506730e+01  5.178841e+01  1.061171e+01
     vertex  3.923708e+01  5.178841e+01  1.059959e+01
     vertex  3.917542e+01  5.178841e+01  1.062892e+01
   endloop
 endfacet
 facet normal  0.000000e+00  1.000000e+00  0.000000e+00
   outer loop
     vertex  4.506730e+01  5.178841e+01  1.061171e+01
     vertex  3.917542e+01  5.178841e+01  1.062892e+01
     vertex  3.911190e+01  5.178841e+01  1.065397e+01
   endloop
 endfacet
 facet normal  0.000000e+00  1.000000e+00  0.000000e+00
   outer loop
     vertex  4.506730e+01  5.178841e+01  1.061171e+01
     vertex  3.911190e+01  5.178841e+01  1.065397e+01
     vertex  3.904682e+01  5.178841e+01  1.067462e+01
   endloop
 endfacet
 facet normal  0.000000e+00  1.000000e+00  0.000000e+00
   outer loop
     vertex  4.506730e+01  5.178841e+01  1.061171e+01
     vertex  3.904682e+01  5.178841e+01  1.067462e+01
     vertex  3.898047e+01  5.178841e+01  1.069079e+01
   endloop
 endfacet
 facet normal  0.000000e+00  1.000000e+00  0.000000e+00
   outer loop
     vertex  4.506730e+01  5.178841e+01  1.061171e+01
     vertex  3.898047e+01  5.178841e+01  1.069079e+01
     vertex  3.891319e+01  5.178841e+01  1.070239e+01
   endloop
 endfacet
 facet normal  0.000000e+00  1.000000e+00  0.000000e+00
   outer loop
     vertex  4.506730e+01  5.178841e+01  1.061171e+01
     vertex  3.891319e+01  5.178841e+01  1.070239e+01
     vertex  3.884526e+01  5.178841e+01  1.070938e+01
   endloop
 endfacet
 facet normal  0.000000e+00  1.000000e+00  0.000000e+00
   outer loop
     vertex  4.506730e+01  5.178841e+01  8.406614e+00
     vertex  3.904682e+01  5.178841e+01  7.434241e+00
     vertex  3.911190e+01  5.178841e+01  7.454897e+00
   endloop
 endfacet
 facet normal  0.000000e+00  1.000000e+00  0.000000e+00
   outer loop
     vertex  4.506730e+01  5.178841e+01  8.406614e+00
     vertex  3.911190e+01  5.178841e+01  7.454897e+00
     vertex  3.917542e+01  5.178841e+01  7.479947e+00
   endloop
 endfacet
 facet normal  0.000000e+00  1.000000e+00  0.000000e+00
   outer loop
     vertex  4.506730e+01  5.178841e+01  8.406614e+00
     vertex  3.917542e+01  5.178841e+01  7.479947e+00
     vertex  3.923708e+01  5.178841e+01  7.509273e+00
   endloop
 endfacet
 facet normal  0.000000e+00  1.000000e+00 -0.000000e+00
   outer loop
     vertex  4.506730e+01  5.178841e+01  8.406614e+00
     vertex  3.977702e+01  5.178841e+01  9.711704e+00
     vertex  4.506730e+01  5.178841e+01  1.061171e+01
   endloop
 endfacet
 facet normal  0.000000e+00  1.000000e+00  0.000000e+00
   outer loop
     vertex  4.506730e+01  5.178841e+01  8.406614e+00
     vertex  3.923708e+01  5.178841e+01  7.509273e+00
     vertex  3.929660e+01  5.178841e+01  7.542739e+00
   endloop
 endfacet
 facet normal  0.000000e+00  1.000000e+00  0.000000e+00
   outer loop
     vertex  4.506730e+01  5.178841e+01  8.406614e+00
     vertex  3.929660e+01  5.178841e+01  7.542739e+00
     vertex  3.935370e+01  5.178841e+01  7.580188e+00
   endloop
 endfacet
 facet normal  0.000000e+00  1.000000e+00  0.000000e+00
   outer loop
     vertex  4.506730e+01  5.178841e+01  8.406614e+00
     vertex  3.935370e+01  5.178841e+01  7.580188e+00
     vertex  3.940811e+01  5.178841e+01  7.621447e+00
   endloop
 endfacet
 facet normal  0.000000e+00  1.000000e+00  0.000000e+00
   outer loop
     vertex  4.506730e+01  5.178841e+01  8.406614e+00
     vertex  3.940811e+01  5.178841e+01  7.621447e+00
     vertex  3.945957e+01  5.178841e+01  7.666322e+00
   endloop
 endfacet
 facet normal  0.000000e+00  1.000000e+00  0.000000e+00
   outer loop
     vertex  4.506730e+01  5.178841e+01  8.406614e+00
     vertex  3.945957e+01  5.178841e+01  7.666322e+00
     vertex  3.950786e+01  5.178841e+01  7.714605e+00
   endloop
 endfacet
 facet normal  0.000000e+00  1.000000e+00  0.000000e+00
   outer loop
     vertex  4.506730e+01  5.178841e+01  8.406614e+00
     vertex  3.950786e+01  5.178841e+01  7.714605e+00
     vertex  3.955273e+01  5.178841e+01  7.766071e+00
   endloop
 endfacet
 facet normal  0.000000e+00  1.000000e+00  0.000000e+00
   outer loop
     vertex  4.506730e+01  5.178841e+01  8.406614e+00
     vertex  3.955273e+01  5.178841e+01  7.766071e+00
     vertex  3.959399e+01  5.178841e+01  7.820478e+00
   endloop
 endfacet
 facet normal  0.000000e+00  1.000000e+00  0.000000e+00
   outer loop
     vertex  4.506730e+01  5.178841e+01  8.406614e+00
     vertex  3.959399e+01  5.178841e+01  7.820478e+00
     vertex  3.963144e+01  5.178841e+01  7.877575e+00
   endloop
 endfacet
 facet normal  0.000000e+00  1.000000e+00  0.000000e+00
   outer loop
     vertex  4.506730e+01  5.178841e+01  8.406614e+00
     vertex  3.963144e+01  5.178841e+01  7.877575e+00
     vertex  3.966491e+01  5.178841e+01  7.937094e+00
   endloop
 endfacet
 facet normal  0.000000e+00  1.000000e+00  0.000000e+00
   outer loop
     vertex  4.506730e+01  5.178841e+01  8.406614e+00
     vertex  3.966491e+01  5.178841e+01  7.937094e+00
     vertex  3.969423e+01  5.178841e+01  7.998758e+00
   endloop
 endfacet
 facet normal  0.000000e+00  1.000000e+00  0.000000e+00
   outer loop
     vertex  4.506730e+01  5.178841e+01  8.406614e+00
     vertex  3.969423e+01  5.178841e+01  7.998758e+00
     vertex  3.971928e+01  5.178841e+01  8.062280e+00
   endloop
 endfacet
 facet normal  0.000000e+00  1.000000e+00  0.000000e+00
   outer loop
     vertex  4.506730e+01  5.178841e+01  8.406614e+00
     vertex  3.971928e+01  5.178841e+01  8.062280e+00
     vertex  3.973994e+01  5.178841e+01  8.127363e+00
   endloop
 endfacet
 facet normal  0.000000e+00  1.000000e+00  0.000000e+00
   outer loop
     vertex  4.506730e+01  5.178841e+01  8.406614e+00
     vertex  3.973994e+01  5.178841e+01  8.127363e+00
     vertex  3.975610e+01  5.178841e+01  8.193704e+00
   endloop
 endfacet
 facet normal  0.000000e+00  1.000000e+00  0.000000e+00
   outer loop
     vertex  4.506730e+01  5.178841e+01  8.406614e+00
     vertex  3.975610e+01  5.178841e+01  8.193704e+00
     vertex  3.976771e+01  5.178841e+01  8.260993e+00
   endloop
 endfacet
 facet normal  0.000000e+00  1.000000e+00  0.000000e+00
   outer loop
     vertex  4.506730e+01  5.178841e+01  8.406614e+00
     vertex  3.976771e+01  5.178841e+01  8.260993e+00
     vertex  3.977469e+01  5.178841e+01  8.328918e+00
   endloop
 endfacet
 facet normal  0.000000e+00  1.000000e+00  0.000000e+00
   outer loop
     vertex  4.506730e+01  5.178841e+01  8.406614e+00
     vertex  3.977469e+01  5.178841e+01  8.328918e+00
     vertex  3.977702e+01  5.178841e+01  8.397160e+00
   endloop
 endfacet
 facet normal  0.000000e+00  1.000000e+00  0.000000e+00
   outer loop
     vertex  4.506730e+01  5.178841e+01  8.406614e+00
     vertex  3.977702e+01  5.178841e+01  8.397160e+00
     vertex  3.977702e+01  5.178841e+01  9.711704e+00
   endloop
 endfacet
 facet normal  3.768065e-16  1.000000e+00  0.000000e+00
   outer loop
     vertex  6.874949e+01  5.178841e+01  1.800004e+01
     vertex  4.989253e+01  5.178841e+01  8.406614e+00
     vertex  4.989253e+01  5.178841e+01  1.061171e+01
   endloop
 endfacet
 facet normal  0.000000e+00  1.000000e+00  9.617100e-16
   outer loop
     vertex  6.874949e+01  5.178841e+01  1.800004e+01
     vertex  4.989253e+01  5.178841e+01  1.061171e+01
     vertex  4.506730e+01  5.178841e+01  1.061171e+01
   endloop
 endfacet
 facet normal  0.000000e+00  1.000000e+00  9.749049e-16
   outer loop
     vertex  6.874949e+01  5.178841e+01  1.800004e+01
     vertex  3.184903e+01  5.178841e+01  1.071171e+01
     vertex  5.684481e-01  5.178841e+01  1.800004e+01
   endloop
 endfacet
 facet normal  1.437264e-17  1.000000e+00  9.156407e-16
   outer loop
     vertex  6.874949e+01  5.178841e+01  1.800004e+01
     vertex  4.506730e+01  5.178841e+01  1.061171e+01
     vertex  3.884526e+01  5.178841e+01  1.070938e+01
   endloop
 endfacet
 facet normal  2.920143e-17  1.000000e+00  8.548171e-16
   outer loop
     vertex  6.874949e+01  5.178841e+01  1.800004e+01
     vertex  3.884526e+01  5.178841e+01  1.070938e+01
     vertex  3.877702e+01  5.178841e+01  1.071171e+01
   endloop
 endfacet
 facet normal -1.749780e-30  1.000000e+00  9.749049e-16
   outer loop
     vertex  6.874949e+01  5.178841e+01  1.800004e+01
     vertex  3.877702e+01  5.178841e+01  1.071171e+01
     vertex  3.184903e+01  5.178841e+01  1.071171e+01
   endloop
 endfacet
 facet normal  0.000000e+00  1.000000e+00 -8.452187e-16
   outer loop
     vertex  6.874949e+01  5.178841e+01  0.000000e+00
     vertex  4.506730e+01  5.178841e+01  8.406614e+00
     vertex  4.989253e+01  5.178841e+01  8.406614e+00
   endloop
 endfacet
 facet normal  3.768065e-16  1.000000e+00 -0.000000e+00
   outer loop
     vertex  6.874949e+01  5.178841e+01  0.000000e+00
     vertex  4.989253e+01  5.178841e+01  8.406614e+00
     vertex  6.874949e+01  5.178841e+01  1.800004e+01
   endloop
 endfacet
 facet normal  9.761149e-17  1.000000e+00 -5.661347e-16
   outer loop
     vertex  6.874949e+01  5.178841e+01  0.000000e+00
     vertex  3.891319e+01  5.178841e+01  7.406472e+00
     vertex  3.898047e+01  5.178841e+01  7.418074e+00
   endloop
 endfacet
 facet normal  1.180123e-16  1.000000e+00 -4.842656e-16
   outer loop
     vertex  6.874949e+01  5.178841e+01  0.000000e+00
     vertex  3.898047e+01  5.178841e+01  7.418074e+00
     vertex  3.904682e+01  5.178841e+01  7.434241e+00
   endloop
 endfacet
 facet normal  9.382325e-17  1.000000e+00 -5.809101e-16
   outer loop
     vertex  6.874949e+01  5.178841e+01  0.000000e+00
     vertex  3.904682e+01  5.178841e+01  7.434241e+00
     vertex  4.506730e+01  5.178841e+01  8.406614e+00
   endloop
 endfacet
 facet normal  0.000000e+00  1.000000e+00 -9.605618e-16
   outer loop
     vertex  6.874949e+01  5.178841e+01  0.000000e+00
     vertex  5.684481e-01  5.178841e+01  0.000000e+00
     vertex  3.184903e+01  5.178841e+01  7.397158e+00
   endloop
 endfacet
 facet normal -2.867190e-17  1.000000e+00 -8.393161e-16
   outer loop
     vertex  3.184903e+01  5.178841e+01  7.397158e+00
     vertex  5.684481e-01  5.178841e+01  0.000000e+00
     vertex  3.178079e+01  5.178841e+01  7.399489e+00
   endloop
 endfacet
 facet normal -6.885797e-17  1.000000e+00 -6.698043e-16
   outer loop
     vertex  3.178079e+01  5.178841e+01  7.399489e+00
     vertex  5.684481e-01  5.178841e+01  0.000000e+00
     vertex  3.171286e+01  5.178841e+01  7.406472e+00
   endloop
 endfacet
 facet normal -9.588835e-17  1.000000e+00 -5.561407e-16
   outer loop
     vertex  3.171286e+01  5.178841e+01  7.406472e+00
     vertex  5.684481e-01  5.178841e+01  0.000000e+00
     vertex  3.164557e+01  5.178841e+01  7.418074e+00
   endloop
 endfacet
 facet normal  1.600891e-30  1.000000e+00 -9.605618e-16
   outer loop
     vertex  6.874949e+01  5.178841e+01  0.000000e+00
     vertex  3.184903e+01  5.178841e+01  7.397158e+00
     vertex  3.877702e+01  5.178841e+01  7.397158e+00
   endloop
 endfacet
 facet normal  2.882405e-17  1.000000e+00 -8.437699e-16
   outer loop
     vertex  6.874949e+01  5.178841e+01  0.000000e+00
     vertex  3.877702e+01  5.178841e+01  7.397158e+00
     vertex  3.884526e+01  5.178841e+01  7.399489e+00
   endloop
 endfacet
 facet normal  6.974207e-17  1.000000e+00 -6.784042e-16
   outer loop
     vertex  6.874949e+01  5.178841e+01  0.000000e+00
     vertex  3.884526e+01  5.178841e+01  7.399489e+00
     vertex  3.891319e+01  5.178841e+01  7.406472e+00
   endloop
 endfacet
 facet normal  3.414111e-02 -9.994170e-01  0.000000e+00
   outer loop
     vertex  6.874949e+01 -1.687606e+00  0.000000e+00
     vertex  6.890304e+01 -1.682361e+00  0.000000e+00
     vertex  6.890304e+01 -1.682361e+00  1.800004e+01
   endloop
 endfacet
 facet normal  3.414111e-02 -9.994170e-01  0.000000e+00
   outer loop
     vertex  6.874949e+01 -1.687606e+00  0.000000e+00
     vertex  6.890304e+01 -1.682361e+00  1.800004e+01
     vertex  6.874949e+01 -1.687606e+00  1.800004e+01
   endloop
 endfacet
 facet normal  3.414111e-02  9.994170e-01  0.000000e+00
   outer loop
     vertex  6.890304e+01  5.178316e+01  0.000000e+00
     vertex  6.874949e+01  5.178841e+01  0.000000e+00
     vertex  6.874949e+01  5.178841e+01  1.800004e+01
   endloop
 endfacet
 facet normal  3.414111e-02  9.994170e-01 -0.000000e+00
   outer loop
     vertex  6.890304e+01  5.178316e+01  0.000000e+00
     vertex  6.874949e+01  5.178841e+01  1.800004e+01
     vertex  6.890304e+01  5.178316e+01  1.800004e+01
   endloop
 endfacet
 facet normal  1.022641e-01 -9.947573e-01  0.000000e+00
   outer loop
     vertex  6.890304e+01 -1.682361e+00  0.000000e+00
     vertex  6.905587e+01 -1.666649e+00  0.000000e+00
     vertex  6.905587e+01 -1.666649e+00  1.800004e+01
   endloop
 endfacet
 facet normal  1.022641e-01 -9.947573e-01  0.000000e+00
   outer loop
     vertex  6.890304e+01 -1.682361e+00  0.000000e+00
     vertex  6.905587e+01 -1.666649e+00  1.800004e+01
     vertex  6.890304e+01 -1.682361e+00  1.800004e+01
   endloop
 endfacet
 facet normal  1.022641e-01  9.947573e-01  0.000000e+00
   outer loop
     vertex  6.905587e+01  5.176745e+01  0.000000e+00
     vertex  6.890304e+01  5.178316e+01  0.000000e+00
     vertex  6.890304e+01  5.178316e+01  1.800004e+01
   endloop
 endfacet
 facet normal  1.022641e-01  9.947573e-01 -0.000000e+00
   outer loop
     vertex  6.905587e+01  5.176745e+01  0.000000e+00
     vertex  6.890304e+01  5.178316e+01  1.800004e+01
     vertex  6.905587e+01  5.176745e+01  1.800004e+01
   endloop
 endfacet
 facet normal  1.699104e-01 -9.854595e-01  0.000000e+00
   outer loop
     vertex  6.905587e+01 -1.666649e+00  0.000000e+00
     vertex  6.920727e+01 -1.640545e+00  0.000000e+00
     vertex  6.920727e+01 -1.640545e+00  1.800004e+01
   endloop
 endfacet
 facet normal  1.699104e-01 -9.854595e-01  0.000000e+00
   outer loop
     vertex  6.905587e+01 -1.666649e+00  0.000000e+00
     vertex  6.920727e+01 -1.640545e+00  1.800004e+01
     vertex  6.905587e+01 -1.666649e+00  1.800004e+01
   endloop
 endfacet
 facet normal  1.699104e-01  9.854595e-01  0.000000e+00
   outer loop
     vertex  6.920727e+01  5.174135e+01  0.000000e+00
     vertex  6.905587e+01  5.176745e+01  0.000000e+00
     vertex  6.905587e+01  5.176745e+01  1.800004e+01
   endloop
 endfacet
 facet normal  1.699104e-01  9.854595e-01 -0.000000e+00
   outer loop
     vertex  6.920727e+01  5.174135e+01  0.000000e+00
     vertex  6.905587e+01  5.176745e+01  1.800004e+01
     vertex  6.920727e+01  5.174135e+01  1.800004e+01
   endloop
 endfacet
 facet normal  2.367644e-01 -9.715671e-01  0.000000e+00
   outer loop
     vertex  6.920727e+01 -1.640545e+00  0.000000e+00
     vertex  6.935654e+01 -1.604170e+00  0.000000e+00
     vertex  6.935654e+01 -1.604170e+00  1.800004e+01
   endloop
 endfacet
 facet normal  2.367644e-01 -9.715671e-01  0.000000e+00
   outer loop
     vertex  6.920727e+01 -1.640545e+00  0.000000e+00
     vertex  6.935654e+01 -1.604170e+00  1.800004e+01
     vertex  6.920727e+01 -1.640545e+00  1.800004e+01
   endloop
 endfacet
 facet normal  2.367644e-01  9.715671e-01  0.000000e+00
   outer loop
     vertex  6.935654e+01  5.170497e+01  0.000000e+00
     vertex  6.920727e+01  5.174135e+01  0.000000e+00
     vertex  6.920727e+01  5.174135e+01  1.800004e+01
   endloop
 endfacet
 facet normal  2.367644e-01  9.715671e-01 -0.000000e+00
   outer loop
     vertex  6.935654e+01  5.170497e+01  0.000000e+00
     vertex  6.920727e+01  5.174135e+01  1.800004e+01
     vertex  6.935654e+01  5.170497e+01  1.800004e+01
   endloop
 endfacet
 facet normal  3.025146e-01 -9.531448e-01  0.000000e+00
   outer loop
     vertex  6.935654e+01 -1.604170e+00  0.000000e+00
     vertex  6.950297e+01 -1.557693e+00  0.000000e+00
     vertex  6.950297e+01 -1.557693e+00  1.800004e+01
   endloop
 endfacet
 facet normal  3.025146e-01 -9.531448e-01  0.000000e+00
   outer loop
     vertex  6.935654e+01 -1.604170e+00  0.000000e+00
     vertex  6.950297e+01 -1.557693e+00  1.800004e+01
     vertex  6.935654e+01 -1.604170e+00  1.800004e+01
   endloop
 endfacet
 facet normal  3.025146e-01  9.531448e-01  0.000000e+00
   outer loop
     vertex  6.950297e+01  5.165849e+01  0.000000e+00
     vertex  6.935654e+01  5.170497e+01  0.000000e+00
     vertex  6.935654e+01  5.170497e+01  1.800004e+01
   endloop
 endfacet
 facet normal  3.025146e-01  9.531448e-01 -0.000000e+00
   outer loop
     vertex  6.950297e+01  5.165849e+01  0.000000e+00
     vertex  6.935654e+01  5.170497e+01  1.800004e+01
     vertex  6.950297e+01  5.165849e+01  1.800004e+01
   endloop
 endfacet
 facet normal  3.668542e-01 -9.302784e-01  0.000000e+00
   outer loop
     vertex  6.950297e+01 -1.557693e+00  0.000000e+00
     vertex  6.964590e+01 -1.501331e+00  0.000000e+00
     vertex  6.964590e+01 -1.501331e+00  1.800004e+01
   endloop
 endfacet
 facet normal  3.668542e-01 -9.302784e-01  0.000000e+00
   outer loop
     vertex  6.950297e+01 -1.557693e+00  0.000000e+00
     vertex  6.964590e+01 -1.501331e+00  1.800004e+01
     vertex  6.950297e+01 -1.557693e+00  1.800004e+01
   endloop
 endfacet
 facet normal  3.668542e-01  9.302784e-01  0.000000e+00
   outer loop
     vertex  6.964590e+01  5.160213e+01  0.000000e+00
     vertex  6.950297e+01  5.165849e+01  0.000000e+00
     vertex  6.950297e+01  5.165849e+01  1.800004e+01
   endloop
 endfacet
 facet normal  3.668542e-01  9.302784e-01 -0.000000e+00
   outer loop
     vertex  6.964590e+01  5.160213e+01  0.000000e+00
     vertex  6.950297e+01  5.165849e+01  1.800004e+01
     vertex  6.964590e+01  5.160213e+01  1.800004e+01
   endloop
 endfacet
 facet normal  4.294834e-01 -9.030747e-01  0.000000e+00
   outer loop
     vertex  6.964590e+01 -1.501331e+00  0.000000e+00
     vertex  6.978464e+01 -1.435347e+00  0.000000e+00
     vertex  6.978464e+01 -1.435347e+00  1.800004e+01
   endloop
 endfacet
 facet normal  4.294834e-01 -9.030747e-01  0.000000e+00
   outer loop
     vertex  6.964590e+01 -1.501331e+00  0.000000e+00
     vertex  6.978464e+01 -1.435347e+00  1.800004e+01
     vertex  6.964590e+01 -1.501331e+00  1.800004e+01
   endloop
 endfacet
 facet normal  4.294834e-01  9.030747e-01  0.000000e+00
   outer loop
     vertex  6.978464e+01  5.153615e+01  0.000000e+00
     vertex  6.964590e+01  5.160213e+01  0.000000e+00
     vertex  6.964590e+01  5.160213e+01  1.800004e+01
   endloop
 endfacet
 facet normal  4.294834e-01  9.030747e-01 -0.000000e+00
   outer loop
     vertex  6.978464e+01  5.153615e+01  0.000000e+00
     vertex  6.964590e+01  5.160213e+01  1.800004e+01
     vertex  6.978464e+01  5.153615e+01  1.800004e+01
   endloop
 endfacet
 facet normal  4.901102e-01 -8.716605e-01  0.000000e+00
   outer loop
     vertex  6.978464e+01 -1.435347e+00  0.000000e+00
     vertex  6.991856e+01 -1.360049e+00  0.000000e+00
     vertex  6.991856e+01 -1.360049e+00  1.800004e+01
   endloop
 endfacet
 facet normal  4.901102e-01 -8.716605e-01  0.000000e+00
   outer loop
     vertex  6.978464e+01 -1.435347e+00  0.000000e+00
     vertex  6.991856e+01 -1.360049e+00  1.800004e+01
     vertex  6.978464e+01 -1.435347e+00  1.800004e+01
   endloop
 endfacet
 facet normal  4.901102e-01  8.716605e-01  0.000000e+00
   outer loop
     vertex  6.991856e+01  5.146085e+01  0.000000e+00
     vertex  6.978464e+01  5.153615e+01  0.000000e+00
     vertex  6.978464e+01  5.153615e+01  1.800004e+01
   endloop
 endfacet
 facet normal  4.901102e-01  8.716605e-01 -0.000000e+00
   outer loop
     vertex  6.991856e+01  5.146085e+01  0.000000e+00
     vertex  6.978464e+01  5.153615e+01  1.800004e+01
     vertex  6.991856e+01  5.146085e+01  1.800004e+01
   endloop
 endfacet
 facet normal  5.484519e-01 -8.361821e-01  0.000000e+00
   outer loop
     vertex  6.991856e+01 -1.360049e+00  0.000000e+00
     vertex  7.004702e+01 -1.275788e+00  0.000000e+00
     vertex  7.004702e+01 -1.275788e+00  1.800004e+01
   endloop
 endfacet
 facet normal  5.484519e-01 -8.361821e-01  0.000000e+00
   outer loop
     vertex  6.991856e+01 -1.360049e+00  0.000000e+00
     vertex  7.004702e+01 -1.275788e+00  1.800004e+01
     vertex  6.991856e+01 -1.360049e+00  1.800004e+01
   endloop
 endfacet
 facet normal  5.484519e-01  8.361821e-01  0.000000e+00
   outer loop
     vertex  7.004702e+01  5.137659e+01  0.000000e+00
     vertex  6.991856e+01  5.146085e+01  0.000000e+00
     vertex  6.991856e+01  5.146085e+01  1.800004e+01
   endloop
 endfacet
 facet normal  5.484519e-01  8.361821e-01 -0.000000e+00
   outer loop
     vertex  7.004702e+01  5.137659e+01  0.000000e+00
     vertex  6.991856e+01  5.146085e+01  1.800004e+01
     vertex  7.004702e+01  5.137659e+01  1.800004e+01
   endloop
 endfacet
 facet normal  6.042364e-01 -7.968051e-01  0.000000e+00
   outer loop
     vertex  7.004702e+01 -1.275788e+00  0.000000e+00
     vertex  7.016944e+01 -1.182956e+00  0.000000e+00
     vertex  7.016944e+01 -1.182956e+00  1.800004e+01
   endloop
 endfacet
 facet normal  6.042364e-01 -7.968051e-01  0.000000e+00
   outer loop
     vertex  7.004702e+01 -1.275788e+00  0.000000e+00
     vertex  7.016944e+01 -1.182956e+00  1.800004e+01
     vertex  7.004702e+01 -1.275788e+00  1.800004e+01
   endloop
 endfacet
 facet normal  6.042364e-01  7.968051e-01  0.000000e+00
   outer loop
     vertex  7.016944e+01  5.128376e+01  0.000000e+00
     vertex  7.004702e+01  5.137659e+01  0.000000e+00
     vertex  7.004702e+01  5.137659e+01  1.800004e+01
   endloop
 endfacet
 facet normal  6.042364e-01  7.968051e-01 -0.000000e+00
   outer loop
     vertex  7.016944e+01  5.128376e+01  0.000000e+00
     vertex  7.004702e+01  5.137659e+01  1.800004e+01
     vertex  7.016944e+01  5.128376e+01  1.800004e+01
   endloop
 endfacet
 facet normal  6.572037e-01 -7.537130e-01  0.000000e+00
   outer loop
     vertex  7.016944e+01 -1.182956e+00  0.000000e+00
     vertex  7.028524e+01 -1.081986e+00  0.000000e+00
     vertex  7.028524e+01 -1.081986e+00  1.800004e+01
   endloop
 endfacet
 facet normal  6.572037e-01 -7.537130e-01  0.000000e+00
   outer loop
     vertex  7.016944e+01 -1.182956e+00  0.000000e+00
     vertex  7.028524e+01 -1.081986e+00  1.800004e+01
     vertex  7.016944e+01 -1.182956e+00  1.800004e+01
   endloop
 endfacet
 facet normal  6.572037e-01  7.537130e-01  0.000000e+00
   outer loop
     vertex  7.028524e+01  5.118279e+01  0.000000e+00
     vertex  7.016944e+01  5.128376e+01  0.000000e+00
     vertex  7.016944e+01  5.128376e+01  1.800004e+01
   endloop
 endfacet
 facet normal  6.572037e-01  7.537130e-01 -0.000000e+00
   outer loop
     vertex  7.028524e+01  5.118279e+01  0.000000e+00
     vertex  7.016944e+01  5.128376e+01  1.800004e+01
     vertex  7.028524e+01  5.118279e+01  1.800004e+01
   endloop
 endfacet
 facet normal  7.071068e-01 -7.071068e-01  0.000000e+00
   outer loop
     vertex  7.028524e+01 -1.081986e+00  0.000000e+00
     vertex  7.039388e+01 -9.733494e-01  0.000000e+00
     vertex  7.039388e+01 -9.733494e-01  1.800004e+01
   endloop
 endfacet
 facet normal  7.071068e-01 -7.071068e-01  0.000000e+00
   outer loop
     vertex  7.028524e+01 -1.081986e+00  0.000000e+00
     vertex  7.039388e+01 -9.733494e-01  1.800004e+01
     vertex  7.028524e+01 -1.081986e+00  1.800004e+01
   endloop
 endfacet
 facet normal  7.071068e-01  7.071068e-01  0.000000e+00
   outer loop
     vertex  7.039388e+01  5.107415e+01  0.000000e+00
     vertex  7.028524e+01  5.118279e+01  0.000000e+00
     vertex  7.028524e+01  5.118279e+01  1.800004e+01
   endloop
 endfacet
 facet normal  7.071068e-01  7.071068e-01 -0.000000e+00
   outer loop
     vertex  7.039388e+01  5.107415e+01  0.000000e+00
     vertex  7.028524e+01  5.118279e+01  1.800004e+01
     vertex  7.039388e+01  5.107415e+01  1.800004e+01
   endloop
 endfacet
 facet normal  7.537130e-01 -6.572037e-01  0.000000e+00
   outer loop
     vertex  7.039388e+01 -9.733494e-01  0.000000e+00
     vertex  7.049485e+01 -8.575525e-01  0.000000e+00
     vertex  7.049485e+01 -8.575525e-01  1.800004e+01
   endloop
 endfacet
 facet normal  7.537130e-01 -6.572037e-01  0.000000e+00
   outer loop
     vertex  7.039388e+01 -9.733494e-01  0.000000e+00
     vertex  7.049485e+01 -8.575525e-01  1.800004e+01
     vertex  7.039388e+01 -9.733494e-01  1.800004e+01
   endloop
 endfacet
 facet normal  7.537130e-01  6.572037e-01  0.000000e+00
   outer loop
     vertex  7.049485e+01  5.095835e+01  0.000000e+00
     vertex  7.039388e+01  5.107415e+01  0.000000e+00
     vertex  7.039388e+01  5.107415e+01  1.800004e+01
   endloop
 endfacet
 facet normal  7.537130e-01  6.572037e-01 -0.000000e+00
   outer loop
     vertex  7.049485e+01  5.095835e+01  0.000000e+00
     vertex  7.039388e+01  5.107415e+01  1.800004e+01
     vertex  7.049485e+01  5.095835e+01  1.800004e+01
   endloop
 endfacet
 facet normal  7.968051e-01 -6.042364e-01  0.000000e+00
   outer loop
     vertex  7.049485e+01 -8.575525e-01  0.000000e+00
     vertex  7.058768e+01 -7.351352e-01  0.000000e+00
     vertex  7.058768e+01 -7.351352e-01  1.800004e+01
   endloop
 endfacet
 facet normal  7.968051e-01 -6.042364e-01  0.000000e+00
   outer loop
     vertex  7.049485e+01 -8.575525e-01  0.000000e+00
     vertex  7.058768e+01 -7.351352e-01  1.800004e+01
     vertex  7.049485e+01 -8.575525e-01  1.800004e+01
   endloop
 endfacet
 facet normal  7.968051e-01  6.042364e-01  0.000000e+00
   outer loop
     vertex  7.058768e+01  5.083594e+01  0.000000e+00
     vertex  7.049485e+01  5.095835e+01  0.000000e+00
     vertex  7.049485e+01  5.095835e+01  1.800004e+01
   endloop
 endfacet
 facet normal  7.968051e-01  6.042364e-01 -0.000000e+00
   outer loop
     vertex  7.058768e+01  5.083594e+01  0.000000e+00
     vertex  7.049485e+01  5.095835e+01  1.800004e+01
     vertex  7.058768e+01  5.083594e+01  1.800004e+01
   endloop
 endfacet
 facet normal  8.361821e-01 -5.484519e-01  0.000000e+00
   outer loop
     vertex  7.058768e+01 -7.351352e-01  0.000000e+00
     vertex  7.067194e+01 -6.066681e-01  0.000000e+00
     vertex  7.067194e+01 -6.066681e-01  1.800004e+01
   endloop
 endfacet
 facet normal  8.361821e-01 -5.484519e-01  0.000000e+00
   outer loop
     vertex  7.058768e+01 -7.351352e-01  0.000000e+00
     vertex  7.067194e+01 -6.066681e-01  1.800004e+01
     vertex  7.058768e+01 -7.351352e-01  1.800004e+01
   endloop
 endfacet
 facet normal  8.361821e-01  5.484519e-01  0.000000e+00
   outer loop
     vertex  7.067194e+01  5.070747e+01  0.000000e+00
     vertex  7.058768e+01  5.083594e+01  0.000000e+00
     vertex  7.058768e+01  5.083594e+01  1.800004e+01
   endloop
 endfacet
 facet normal  8.361821e-01  5.484519e-01 -0.000000e+00
   outer loop
     vertex  7.067194e+01  5.070747e+01  0.000000e+00
     vertex  7.058768e+01  5.083594e+01  1.800004e+01
     vertex  7.067194e+01  5.070747e+01  1.800004e+01
   endloop
 endfacet
 facet normal  8.716605e-01 -4.901102e-01  0.000000e+00
   outer loop
     vertex  7.067194e+01 -6.066681e-01  0.000000e+00
     vertex  7.074724e+01 -4.727503e-01  0.000000e+00
     vertex  7.074724e+01 -4.727503e-01  1.800004e+01
   endloop
 endfacet
 facet normal  8.716605e-01 -4.901102e-01  0.000000e+00
   outer loop
     vertex  7.067194e+01 -6.066681e-01  0.000000e+00
     vertex  7.074724e+01 -4.727503e-01  1.800004e+01
     vertex  7.067194e+01 -6.066681e-01  1.800004e+01
   endloop
 endfacet
 facet normal  8.716605e-01  4.901102e-01  0.000000e+00
   outer loop
     vertex  7.074724e+01  5.057355e+01  0.000000e+00
     vertex  7.067194e+01  5.070747e+01  0.000000e+00
     vertex  7.067194e+01  5.070747e+01  1.800004e+01
   endloop
 endfacet
 facet normal  8.716605e-01  4.901102e-01 -0.000000e+00
   outer loop
     vertex  7.074724e+01  5.057355e+01  0.000000e+00
     vertex  7.067194e+01  5.070747e+01  1.800004e+01
     vertex  7.074724e+01  5.057355e+01  1.800004e+01
   endloop
 endfacet
 facet normal  9.030747e-01 -4.294834e-01  0.000000e+00
   outer loop
     vertex  7.074724e+01 -4.727503e-01  0.000000e+00
     vertex  7.081322e+01 -3.340062e-01  0.000000e+00
     vertex  7.081322e+01 -3.340062e-01  1.800004e+01
   endloop
 endfacet
 facet normal  9.030747e-01 -4.294834e-01  0.000000e+00
   outer loop
     vertex  7.074724e+01 -4.727503e-01  0.000000e+00
     vertex  7.081322e+01 -3.340062e-01  1.800004e+01
     vertex  7.074724e+01 -4.727503e-01  1.800004e+01
   endloop
 endfacet
 facet normal  9.030747e-01  4.294834e-01  0.000000e+00
   outer loop
     vertex  7.081322e+01  5.043481e+01  0.000000e+00
     vertex  7.074724e+01  5.057355e+01  0.000000e+00
     vertex  7.074724e+01  5.057355e+01  1.800004e+01
   endloop
 endfacet
 facet normal  9.030747e-01  4.294834e-01 -0.000000e+00
   outer loop
     vertex  7.081322e+01  5.043481e+01  0.000000e+00
     vertex  7.074724e+01  5.057355e+01  1.800004e+01
     vertex  7.081322e+01  5.043481e+01  1.800004e+01
   endloop
 endfacet
 facet normal  9.302784e-01 -3.668542e-01  0.000000e+00
   outer loop
     vertex  7.081322e+01 -3.340062e-01  0.000000e+00
     vertex  7.086958e+01 -1.910826e-01  0.000000e+00
     vertex  7.086958e+01 -1.910826e-01  1.800004e+01
   endloop
 endfacet
 facet normal  9.302784e-01 -3.668542e-01  0.000000e+00
   outer loop
     vertex  7.081322e+01 -3.340062e-01  0.000000e+00
     vertex  7.086958e+01 -1.910826e-01  1.800004e+01
     vertex  7.081322e+01 -3.340062e-01  1.800004e+01
   endloop
 endfacet
 facet normal  9.302784e-01  3.668542e-01  0.000000e+00
   outer loop
     vertex  7.086958e+01  5.029188e+01  0.000000e+00
     vertex  7.081322e+01  5.043481e+01  0.000000e+00
     vertex  7.081322e+01  5.043481e+01  1.800004e+01
   endloop
 endfacet
 facet normal  9.302784e-01  3.668542e-01 -0.000000e+00
   outer loop
     vertex  7.086958e+01  5.029188e+01  0.000000e+00
     vertex  7.081322e+01  5.043481e+01  1.800004e+01
     vertex  7.086958e+01  5.029188e+01  1.800004e+01
   endloop
 endfacet
 facet normal  9.531448e-01 -3.025146e-01  0.000000e+00
   outer loop
     vertex  7.086958e+01 -1.910826e-01  0.000000e+00
     vertex  7.091606e+01 -4.464600e-02  0.000000e+00
     vertex  7.091606e+01 -4.464600e-02  1.800004e+01
   endloop
 endfacet
 facet normal  9.531448e-01 -3.025146e-01  0.000000e+00
   outer loop
     vertex  7.086958e+01 -1.910826e-01  0.000000e+00
     vertex  7.091606e+01 -4.464600e-02  1.800004e+01
     vertex  7.086958e+01 -1.910826e-01  1.800004e+01
   endloop
 endfacet
 facet normal  9.531448e-01  3.025146e-01  0.000000e+00
   outer loop
     vertex  7.091606e+01  5.014545e+01  0.000000e+00
     vertex  7.086958e+01  5.029188e+01  0.000000e+00
     vertex  7.086958e+01  5.029188e+01  1.800004e+01
   endloop
 endfacet
 facet normal  9.531448e-01  3.025146e-01 -0.000000e+00
   outer loop
     vertex  7.091606e+01  5.014545e+01  0.000000e+00
     vertex  7.086958e+01  5.029188e+01  1.800004e+01
     vertex  7.091606e+01  5.014545e+01  1.800004e+01
   endloop
 endfacet
 facet normal  9.715671e-01 -2.367644e-01  0.000000e+00
   outer loop
     vertex  7.091606e+01 -4.464600e-02  0.000000e+00
     vertex  7.095243e+01  1.046210e-01  0.000000e+00
     vertex  7.095243e+01  1.046210e-01  1.800004e+01
   endloop
 endfacet
 facet normal  9.715671e-01 -2.367644e-01  0.000000e+00
   outer loop
     vertex  7.091606e+01 -4.464600e-02  0.000000e+00
     vertex  7.095243e+01  1.046210e-01  1.800004e+01
     vertex  7.091606e+01 -4.464600e-02  1.800004e+01
   endloop
 endfacet
 facet normal  9.715671e-01  2.367644e-01  0.000000e+00
   outer loop
     vertex  7.095243e+01  4.999618e+01  0.000000e+00
     vertex  7.091606e+01  5.014545e+01  0.000000e+00
     vertex  7.091606e+01  5.014545e+01  1.800004e+01
   endloop
 endfacet
 facet normal  9.715671e-01  2.367644e-01 -0.000000e+00
   outer loop
     vertex  7.095243e+01  4.999618e+01  0.000000e+00
     vertex  7.091606e+01  5.014545e+01  1.800004e+01
     vertex  7.095243e+01  4.999618e+01  1.800004e+01
   endloop
 endfacet
 facet normal  9.854595e-01 -1.699104e-01  0.000000e+00
   outer loop
     vertex  7.095243e+01  1.046210e-01  0.000000e+00
     vertex  7.097854e+01  2.560223e-01  0.000000e+00
     vertex  7.097854e+01  2.560223e-01  1.800004e+01
   endloop
 endfacet
 facet normal  9.854595e-01 -1.699104e-01  0.000000e+00
   outer loop
     vertex  7.095243e+01  1.046210e-01  0.000000e+00
     vertex  7.097854e+01  2.560223e-01  1.800004e+01
     vertex  7.095243e+01  1.046210e-01  1.800004e+01
   endloop
 endfacet
 facet normal  9.854595e-01  1.699104e-01  0.000000e+00
   outer loop
     vertex  7.097854e+01  4.984478e+01  0.000000e+00
     vertex  7.095243e+01  4.999618e+01  0.000000e+00
     vertex  7.095243e+01  4.999618e+01  1.800004e+01
   endloop
 endfacet
 facet normal  9.854595e-01  1.699104e-01 -0.000000e+00
   outer loop
     vertex  7.097854e+01  4.984478e+01  0.000000e+00
     vertex  7.095243e+01  4.999618e+01  1.800004e+01
     vertex  7.097854e+01  4.984478e+01  1.800004e+01
   endloop
 endfacet
 facet normal  9.947573e-01 -1.022641e-01  0.000000e+00
   outer loop
     vertex  7.097854e+01  2.560223e-01  0.000000e+00
     vertex  7.099425e+01  4.088521e-01  0.000000e+00
     vertex  7.099425e+01  4.088521e-01  1.800004e+01
   endloop
 endfacet
 facet normal  9.947573e-01 -1.022641e-01  0.000000e+00
   outer loop
     vertex  7.097854e+01  2.560223e-01  0.000000e+00
     vertex  7.099425e+01  4.088521e-01  1.800004e+01
     vertex  7.097854e+01  2.560223e-01  1.800004e+01
   endloop
 endfacet
 facet normal  9.947573e-01  1.022641e-01  0.000000e+00
   outer loop
     vertex  7.099425e+01  4.969195e+01  0.000000e+00
     vertex  7.097854e+01  4.984478e+01  0.000000e+00
     vertex  7.097854e+01  4.984478e+01  1.800004e+01
   endloop
 endfacet
 facet normal  9.947573e-01  1.022641e-01 -0.000000e+00
   outer loop
     vertex  7.099425e+01  4.969195e+01  0.000000e+00
     vertex  7.097854e+01  4.984478e+01  1.800004e+01
     vertex  7.099425e+01  4.969195e+01  1.800004e+01
   endloop
 endfacet
 facet normal  9.994170e-01 -3.414111e-02  0.000000e+00
   outer loop
     vertex  7.099425e+01  4.088521e-01  0.000000e+00
     vertex  7.099950e+01  5.623978e-01  0.000000e+00
     vertex  7.099950e+01  5.623978e-01  1.800004e+01
   endloop
 endfacet
 facet normal  9.994170e-01 -3.414111e-02  0.000000e+00
   outer loop
     vertex  7.099425e+01  4.088521e-01  0.000000e+00
     vertex  7.099950e+01  5.623978e-01  1.800004e+01
     vertex  7.099425e+01  4.088521e-01  1.800004e+01
   endloop
 endfacet
 facet normal  9.994170e-01  3.414111e-02  0.000000e+00
   outer loop
     vertex  7.099950e+01  4.953840e+01  0.000000e+00
     vertex  7.099425e+01  4.969195e+01  0.000000e+00
     vertex  7.099425e+01  4.969195e+01  1.800004e+01
   endloop
 endfacet
 facet normal  9.994170e-01  3.414111e-02 -0.000000e+00
   outer loop
     vertex  7.099950e+01  4.953840e+01  0.000000e+00
     vertex  7.099425e+01  4.969195e+01  1.800004e+01
     vertex  7.099950e+01  4.953840e+01  1.800004e+01
   endloop
 endfacet
 facet normal  1.000000e+00  0.000000e+00  0.000000e+00
   outer loop
     vertex  7.099950e+01  5.623978e-01  0.000000e+00
     vertex  7.099950e+01  4.953840e+01  0.000000e+00
     vertex  7.099950e+01  4.953840e+01  1.800004e+01
   endloop
 endfacet
 facet normal  1.000000e+00  0.000000e+00  0.000000e+00
   outer loop
     vertex  7.099950e+01  5.623978e-01  0.000000e+00
     vertex  7.099950e+01  4.953840e+01  1.800004e+01
     vertex  7.099950e+01  5.623978e-01  1.800004e+01
   endloop
 endfacet
 facet normal  1.862228e-16 -1.000000e+00 -1.862228e-16
   outer loop
     vertex  3.111819e+01  5.028840e+01  1.039426e+01
     vertex  3.116647e+01  5.028840e+01  1.044254e+01
     vertex  5.684481e-01  5.028840e+01  1.800004e+01
   endloop
 endfacet
 facet normal  1.809593e-16 -1.000000e+00 -2.075329e-16
   outer loop
     vertex  3.121794e+01  5.028840e+01  1.048742e+01
     vertex  5.684481e-01  5.028840e+01  1.800004e+01
     vertex  3.116647e+01  5.028840e+01  1.044254e+01
   endloop
 endfacet
 facet normal  1.911004e-16 -1.000000e+00 -1.666309e-16
   outer loop
     vertex  3.107332e+01  5.028840e+01  1.034279e+01
     vertex  3.111819e+01  5.028840e+01  1.039426e+01
     vertex  5.684481e-01  5.028840e+01  1.800004e+01
   endloop
 endfacet
 facet normal  1.956796e-16 -1.000000e+00 -1.483885e-16
   outer loop
     vertex  3.103206e+01  5.028840e+01  1.028839e+01
     vertex  3.107332e+01  5.028840e+01  1.034279e+01
     vertex  5.684481e-01  5.028840e+01  1.800004e+01
   endloop
 endfacet
 facet normal  1.751988e-16 -1.000000e+00 -2.310343e-16
   outer loop
     vertex  3.127235e+01  5.028840e+01  1.052868e+01
     vertex  5.684481e-01  5.028840e+01  1.800004e+01
     vertex  3.121794e+01  5.028840e+01  1.048742e+01
   endloop
 endfacet
 facet normal  2.000307e-16 -1.000000e+00 -1.312002e-16
   outer loop
     vertex  3.099461e+01  5.028840e+01  1.023129e+01
     vertex  3.103206e+01  5.028840e+01  1.028839e+01
     vertex  5.684481e-01  5.028840e+01  1.800004e+01
   endloop
 endfacet
 facet normal  1.687954e-16 -1.000000e+00 -2.573493e-16
   outer loop
     vertex  3.132944e+01  5.028840e+01  1.056613e+01
     vertex  5.684481e-01  5.028840e+01  1.800004e+01
     vertex  3.127235e+01  5.028840e+01  1.052868e+01
   endloop
 endfacet
 facet normal  2.042123e-16 -1.000000e+00 -1.148229e-16
   outer loop
     vertex  3.096114e+01  5.028840e+01  1.017177e+01
     vertex  3.099461e+01  5.028840e+01  1.023129e+01
     vertex  5.684481e-01  5.028840e+01  1.800004e+01
   endloop
 endfacet
 facet normal  1.615524e-16 -1.000000e+00 -2.873207e-16
   outer loop
     vertex  3.138896e+01  5.028840e+01  1.059959e+01
     vertex  5.684481e-01  5.028840e+01  1.800004e+01
     vertex  3.132944e+01  5.028840e+01  1.056613e+01
   endloop
 endfacet
 facet normal  1.531955e-16 -1.000000e+00 -3.221242e-16
   outer loop
     vertex  3.145063e+01  5.028840e+01  1.062892e+01
     vertex  5.684481e-01  5.028840e+01  1.800004e+01
     vertex  3.138896e+01  5.028840e+01  1.059959e+01
   endloop
 endfacet
 facet normal  2.082747e-16 -1.000000e+00 -9.905109e-17
   outer loop
     vertex  3.093182e+01  5.028840e+01  1.011011e+01
     vertex  3.096114e+01  5.028840e+01  1.017177e+01
     vertex  5.684481e-01  5.028840e+01  1.800004e+01
   endloop
 endfacet
 facet normal  2.122623e-16 -1.000000e+00 -8.370538e-17
   outer loop
     vertex  3.090677e+01  5.028840e+01  1.004658e+01
     vertex  3.093182e+01  5.028840e+01  1.011011e+01
     vertex  5.684481e-01  5.028840e+01  1.800004e+01
   endloop
 endfacet
 facet normal  1.433296e-16 -1.000000e+00 -3.634588e-16
   outer loop
     vertex  3.151415e+01  5.028840e+01  1.065397e+01
     vertex  5.684481e-01  5.028840e+01  1.800004e+01
     vertex  3.145063e+01  5.028840e+01  1.062892e+01
   endloop
 endfacet
 facet normal  1.313600e-16 -1.000000e+00 -4.138813e-16
   outer loop
     vertex  3.157923e+01  5.028840e+01  1.067462e+01
     vertex  5.684481e-01  5.028840e+01  1.800004e+01
     vertex  3.151415e+01  5.028840e+01  1.065397e+01
   endloop
 endfacet
 facet normal  2.162160e-16 -1.000000e+00 -6.862388e-17
   outer loop
     vertex  3.088611e+01  5.028840e+01  9.981502e+00
     vertex  3.090677e+01  5.028840e+01  1.004658e+01
     vertex  5.684481e-01  5.028840e+01  1.800004e+01
   endloop
 endfacet
 facet normal  1.163475e-16 -1.000000e+00 -4.774340e-16
   outer loop
     vertex  3.164557e+01  5.028840e+01  1.069079e+01
     vertex  5.684481e-01  5.028840e+01  1.800004e+01
     vertex  3.157923e+01  5.028840e+01  1.067462e+01
   endloop
 endfacet
 facet normal  2.201750e-16 -1.000000e+00 -5.365518e-17
   outer loop
     vertex  3.086994e+01  5.028840e+01  9.915161e+00
     vertex  3.088611e+01  5.028840e+01  9.981502e+00
     vertex  5.684481e-01  5.028840e+01  1.800004e+01
   endloop
 endfacet
 facet normal  9.671215e-17 -1.000000e+00 -5.609187e-16
   outer loop
     vertex  3.171286e+01  5.028840e+01  1.070239e+01
     vertex  5.684481e-01  5.028840e+01  1.800004e+01
     vertex  3.164557e+01  5.028840e+01  1.069079e+01
   endloop
 endfacet
 facet normal  2.345808e-16 -1.000000e+00  0.000000e+00
   outer loop
     vertex  3.085834e+01  5.028840e+01  9.847871e+00
     vertex  5.684481e-01  5.028840e+01  1.800004e+01
     vertex  5.684481e-01  5.028840e+01  5.600010e+00
   endloop
 endfacet
 facet normal  2.241780e-16 -1.000000e+00 -3.865220e-17
   outer loop
     vertex  3.085834e+01  5.028840e+01  9.847871e+00
     vertex  3.086994e+01  5.028840e+01  9.915161e+00
     vertex  5.684481e-01  5.028840e+01  1.800004e+01
   endloop
 endfacet
 facet normal  6.957170e-17 -1.000000e+00 -6.767470e-16
   outer loop
     vertex  3.178079e+01  5.028840e+01  1.070938e+01
     vertex  5.684481e-01  5.028840e+01  1.800004e+01
     vertex  3.171286e+01  5.028840e+01  1.070239e+01
   endloop
 endfacet
 facet normal  2.380123e-16 -1.000000e+00 -2.446840e-17
   outer loop
     vertex  3.085136e+01  5.028840e+01  9.779947e+00
     vertex  3.085834e+01  5.028840e+01  9.847871e+00
     vertex  5.684481e-01  5.028840e+01  5.600010e+00
   endloop
 endfacet
 facet normal  2.357465e-16 -1.000000e+00 -8.053342e-18
   outer loop
     vertex  3.084903e+01  5.028840e+01  9.711704e+00
     vertex  3.085136e+01  5.028840e+01  9.779947e+00
     vertex  5.684481e-01  5.028840e+01  5.600010e+00
   endloop
 endfacet
 facet normal  2.904528e-17 -1.000000e+00 -8.502462e-16
   outer loop
     vertex  3.184903e+01  5.028840e+01  1.071171e+01
     vertex  5.684481e-01  5.028840e+01  1.800004e+01
     vertex  3.178079e+01  5.028840e+01  1.070938e+01
   endloop
 endfacet
 facet normal  2.346530e-16 -1.000000e+00 -1.268356e-30
   outer loop
     vertex  3.084903e+01  5.028840e+01  8.397160e+00
     vertex  3.084903e+01  5.028840e+01  9.711704e+00
     vertex  5.684481e-01  5.028840e+01  5.600010e+00
   endloop
 endfacet
 facet normal  2.339148e-16 -1.000000e+00  7.990770e-18
   outer loop
     vertex  3.085136e+01  5.028840e+01  8.328918e+00
     vertex  3.084903e+01  5.028840e+01  8.397160e+00
     vertex  5.684481e-01  5.028840e+01  5.600010e+00
   endloop
 endfacet
 facet normal  2.324812e-16 -1.000000e+00  2.389979e-17
   outer loop
     vertex  3.085834e+01  5.028840e+01  8.260993e+00
     vertex  3.085136e+01  5.028840e+01  8.328918e+00
     vertex  5.684481e-01  5.028840e+01  5.600010e+00
   endloop
 endfacet
 facet normal  2.310806e-16 -1.000000e+00  3.984233e-17
   outer loop
     vertex  3.086994e+01  5.028840e+01  8.193704e+00
     vertex  3.085834e+01  5.028840e+01  8.260993e+00
     vertex  5.684481e-01  5.028840e+01  5.600010e+00
   endloop
 endfacet
 facet normal  2.296996e-16 -1.000000e+00  5.597627e-17
   outer loop
     vertex  3.088611e+01  5.028840e+01  8.127363e+00
     vertex  3.086994e+01  5.028840e+01  8.193704e+00
     vertex  5.684481e-01  5.028840e+01  5.600010e+00
   endloop
 endfacet
 facet normal  2.283249e-16 -1.000000e+00  7.246707e-17
   outer loop
     vertex  3.090677e+01  5.028840e+01  8.062280e+00
     vertex  3.088611e+01  5.028840e+01  8.127363e+00
     vertex  5.684481e-01  5.028840e+01  5.600010e+00
   endloop
 endfacet
 facet normal  2.269429e-16 -1.000000e+00  8.949469e-17
   outer loop
     vertex  3.093182e+01  5.028840e+01  7.998758e+00
     vertex  3.090677e+01  5.028840e+01  8.062280e+00
     vertex  5.684481e-01  5.028840e+01  5.600010e+00
   endloop
 endfacet
 facet normal  2.255393e-16 -1.000000e+00  1.072618e-16
   outer loop
     vertex  3.096114e+01  5.028840e+01  7.937094e+00
     vertex  3.093182e+01  5.028840e+01  7.998758e+00
     vertex  5.684481e-01  5.028840e+01  5.600010e+00
   endloop
 endfacet
 facet normal  2.240981e-16 -1.000000e+00  1.260041e-16
   outer loop
     vertex  3.099461e+01  5.028840e+01  7.877575e+00
     vertex  3.096114e+01  5.028840e+01  7.937094e+00
     vertex  5.684481e-01  5.028840e+01  5.600010e+00
   endloop
 endfacet
 facet normal  2.226010e-16 -1.000000e+00  1.460040e-16
   outer loop
     vertex  3.103206e+01  5.028840e+01  7.820478e+00
     vertex  3.099461e+01  5.028840e+01  7.877575e+00
     vertex  5.684481e-01  5.028840e+01  5.600010e+00
   endloop
 endfacet
 facet normal  2.210262e-16 -1.000000e+00  1.676095e-16
   outer loop
     vertex  3.107332e+01  5.028840e+01  7.766071e+00
     vertex  3.103206e+01  5.028840e+01  7.820478e+00
     vertex  5.684481e-01  5.028840e+01  5.600010e+00
   endloop
 endfacet
 facet normal  2.193468e-16 -1.000000e+00  1.912605e-16
   outer loop
     vertex  3.111819e+01  5.028840e+01  7.714605e+00
     vertex  3.107332e+01  5.028840e+01  7.766071e+00
     vertex  5.684481e-01  5.028840e+01  5.600010e+00
   endloop
 endfacet
 facet normal  2.175286e-16 -1.000000e+00  2.175286e-16
   outer loop
     vertex  3.116647e+01  5.028840e+01  7.666322e+00
     vertex  3.111819e+01  5.028840e+01  7.714605e+00
     vertex  5.684481e-01  5.028840e+01  5.600010e+00
   endloop
 endfacet
 facet normal  2.155265e-16 -1.000000e+00  2.471762e-16
   outer loop
     vertex  3.121794e+01  5.028840e+01  7.621447e+00
     vertex  3.116647e+01  5.028840e+01  7.666322e+00
     vertex  5.684481e-01  5.028840e+01  5.600010e+00
   endloop
 endfacet
 facet normal  2.132791e-16 -1.000000e+00  2.812507e-16
   outer loop
     vertex  3.127235e+01  5.028840e+01  7.580188e+00
     vertex  3.121794e+01  5.028840e+01  7.621447e+00
     vertex  5.684481e-01  5.028840e+01  5.600010e+00
   endloop
 endfacet
 facet normal  2.107002e-16 -1.000000e+00  3.212383e-16
   outer loop
     vertex  3.132944e+01  5.028840e+01  7.542739e+00
     vertex  3.127235e+01  5.028840e+01  7.580188e+00
     vertex  5.684481e-01  5.028840e+01  5.600010e+00
   endloop
 endfacet
 facet normal  2.076631e-16 -1.000000e+00  3.693285e-16
   outer loop
     vertex  3.138896e+01  5.028840e+01  7.509273e+00
     vertex  3.132944e+01  5.028840e+01  7.542739e+00
     vertex  5.684481e-01  5.028840e+01  5.600010e+00
   endloop
 endfacet
 facet normal  2.039731e-16 -1.000000e+00  4.288942e-16
   outer loop
     vertex  3.145063e+01  5.028840e+01  7.479947e+00
     vertex  3.138896e+01  5.028840e+01  7.509273e+00
     vertex  5.684481e-01  5.028840e+01  5.600010e+00
   endloop
 endfacet
 facet normal  1.993142e-16 -1.000000e+00  5.054262e-16
   outer loop
     vertex  3.151415e+01  5.028840e+01  7.454897e+00
     vertex  3.145063e+01  5.028840e+01  7.479947e+00
     vertex  5.684481e-01  5.028840e+01  5.600010e+00
   endloop
 endfacet
 facet normal  0.000000e+00 -1.000000e+00  0.000000e+00
   outer loop
     vertex  4.506730e+01  5.028840e+01  1.061171e+01
     vertex  3.977469e+01  5.028840e+01  9.779947e+00
     vertex  3.977702e+01  5.028840e+01  9.711704e+00
   endloop
 endfacet
 facet normal  0.000000e+00 -1.000000e+00  0.000000e+00
   outer loop
     vertex  4.506730e+01  5.028840e+01  1.061171e+01
     vertex  3.976771e+01  5.028840e+01  9.847871e+00
     vertex  3.977469e+01  5.028840e+01  9.779947e+00
   endloop
 endfacet
 facet normal  0.000000e+00 -1.000000e+00  0.000000e+00
   outer loop
     vertex  4.506730e+01  5.028840e+01  1.061171e+01
     vertex  3.975610e+01  5.028840e+01  9.915161e+00
     vertex  3.976771e+01  5.028840e+01  9.847871e+00
   endloop
 endfacet
 facet normal  0.000000e+00 -1.000000e+00  0.000000e+00
   outer loop
     vertex  4.506730e+01  5.028840e+01  1.061171e+01
     vertex  3.973994e+01  5.028840e+01  9.981502e+00
     vertex  3.975610e+01  5.028840e+01  9.915161e+00
   endloop
 endfacet
 facet normal  0.000000e+00 -1.000000e+00  0.000000e+00
   outer loop
     vertex  4.506730e+01  5.028840e+01  1.061171e+01
     vertex  3.971928e+01  5.028840e+01  1.004658e+01
     vertex  3.973994e+01  5.028840e+01  9.981502e+00
   endloop
 endfacet
 facet normal  0.000000e+00 -1.000000e+00  0.000000e+00
   outer loop
     vertex  4.506730e+01  5.028840e+01  1.061171e+01
     vertex  3.969423e+01  5.028840e+01  1.011011e+01
     vertex  3.971928e+01  5.028840e+01  1.004658e+01
   endloop
 endfacet
 facet normal  0.000000e+00 -1.000000e+00  0.000000e+00
   outer loop
     vertex  4.506730e+01  5.028840e+01  1.061171e+01
     vertex  3.966491e+01  5.028840e+01  1.017177e+01
     vertex  3.969423e+01  5.028840e+01  1.011011e+01
   endloop
 endfacet
 facet normal  0.000000e+00 -1.000000e+00  0.000000e+00
   outer loop
     vertex  4.506730e+01  5.028840e+01  1.061171e+01
     vertex  3.963144e+01  5.028840e+01  1.023129e+01
     vertex  3.966491e+01  5.028840e+01  1.017177e+01
   endloop
 endfacet
 facet normal  0.000000e+00 -1.000000e+00  0.000000e+00
   outer loop
     vertex  4.506730e+01  5.028840e+01  1.061171e+01
     vertex  3.959399e+01  5.028840e+01  1.028839e+01
     vertex  3.963144e+01  5.028840e+01  1.023129e+01
   endloop
 endfacet
 facet normal  0.000000e+00 -1.000000e+00  0.000000e+00
   outer loop
     vertex  4.506730e+01  5.028840e+01  1.061171e+01
     vertex  3.955273e+01  5.028840e+01  1.034279e+01
     vertex  3.959399e+01  5.028840e+01  1.028839e+01
   endloop
 endfacet
 facet normal  0.000000e+00 -1.000000e+00  0.000000e+00
   outer loop
     vertex  4.506730e+01  5.028840e+01  1.061171e+01
     vertex  3.950786e+01  5.028840e+01  1.039426e+01
     vertex  3.955273e+01  5.028840e+01  1.034279e+01
   endloop
 endfacet
 facet normal  0.000000e+00 -1.000000e+00  0.000000e+00
   outer loop
     vertex  4.506730e+01  5.028840e+01  1.061171e+01
     vertex  3.945957e+01  5.028840e+01  1.044254e+01
     vertex  3.950786e+01  5.028840e+01  1.039426e+01
   endloop
 endfacet
 facet normal  0.000000e+00 -1.000000e+00  0.000000e+00
   outer loop
     vertex  4.506730e+01  5.028840e+01  1.061171e+01
     vertex  3.940811e+01  5.028840e+01  1.048742e+01
     vertex  3.945957e+01  5.028840e+01  1.044254e+01
   endloop
 endfacet
 facet normal  0.000000e+00 -1.000000e+00  0.000000e+00
   outer loop
     vertex  4.506730e+01  5.028840e+01  1.061171e+01
     vertex  3.935370e+01  5.028840e+01  1.052868e+01
     vertex  3.940811e+01  5.028840e+01  1.048742e+01
   endloop
 endfacet
 facet normal  0.000000e+00 -1.000000e+00  0.000000e+00
   outer loop
     vertex  4.506730e+01  5.028840e+01  1.061171e+01
     vertex  3.929660e+01  5.028840e+01  1.056613e+01
     vertex  3.935370e+01  5.028840e+01  1.052868e+01
   endloop
 endfacet
 facet normal  0.000000e+00 -1.000000e+00  0.000000e+00
   outer loop
     vertex  4.506730e+01  5.028840e+01  1.061171e+01
     vertex  3.923708e+01  5.028840e+01  1.059959e+01
     vertex  3.929660e+01  5.028840e+01  1.056613e+01
   endloop
 endfacet
 facet normal -0.000000e+00 -1.000000e+00  0.000000e+00
   outer loop
     vertex  4.506730e+01  5.028840e+01  1.061171e+01
     vertex  3.917542e+01  5.028840e+01  1.062892e+01
     vertex  3.923708e+01  5.028840e+01  1.059959e+01
   endloop
 endfacet
 facet normal  0.000000e+00 -1.000000e+00  0.000000e+00
   outer loop
     vertex  4.506730e+01  5.028840e+01  1.061171e+01
     vertex  3.911190e+01  5.028840e+01  1.065397e+01
     vertex  3.917542e+01  5.028840e+01  1.062892e+01
   endloop
 endfacet
 facet normal  0.000000e+00 -1.000000e+00  0.000000e+00
   outer loop
     vertex  4.506730e+01  5.028840e+01  1.061171e+01
     vertex  3.904682e+01  5.028840e+01  1.067462e+01
     vertex  3.911190e+01  5.028840e+01  1.065397e+01
   endloop
 endfacet
 facet normal  0.000000e+00 -1.000000e+00  0.000000e+00
   outer loop
     vertex  4.506730e+01  5.028840e+01  1.061171e+01
     vertex  3.898047e+01  5.028840e+01  1.069079e+01
     vertex  3.904682e+01  5.028840e+01  1.067462e+01
   endloop
 endfacet
 facet normal  0.000000e+00 -1.000000e+00  0.000000e+00
   outer loop
     vertex  4.506730e+01  5.028840e+01  1.061171e+01
     vertex  3.891319e+01  5.028840e+01  1.070239e+01
     vertex  3.898047e+01  5.028840e+01  1.069079e+01
   endloop
 endfacet
 facet normal  0.000000e+00 -1.000000e+00  0.000000e+00
   outer loop
     vertex  4.506730e+01  5.028840e+01  1.061171e+01
     vertex  3.884526e+01  5.028840e+01  1.070938e+01
     vertex  3.891319e+01  5.028840e+01  1.070239e+01
   endloop
 endfacet
 facet normal  0.000000e+00 -1.000000e+00  0.000000e+00
   outer loop
     vertex  4.506730e+01  5.028840e+01  8.406614e+00
     vertex  3.911190e+01  5.028840e+01  7.454897e+00
     vertex  3.904682e+01  5.028840e+01  7.434241e+00
   endloop
 endfacet
 facet normal  0.000000e+00 -1.000000e+00  0.000000e+00
   outer loop
     vertex  4.506730e+01  5.028840e+01  8.406614e+00
     vertex  3.917542e+01  5.028840e+01  7.479947e+00
     vertex  3.911190e+01  5.028840e+01  7.454897e+00
   endloop
 endfacet
 facet normal  0.000000e+00 -1.000000e+00  0.000000e+00
   outer loop
     vertex  4.506730e+01  5.028840e+01  8.406614e+00
     vertex  3.923708e+01  5.028840e+01  7.509273e+00
     vertex  3.917542e+01  5.028840e+01  7.479947e+00
   endloop
 endfacet
 facet normal  0.000000e+00 -1.000000e+00  0.000000e+00
   outer loop
     vertex  4.506730e+01  5.028840e+01  8.406614e+00
     vertex  3.929660e+01  5.028840e+01  7.542739e+00
     vertex  3.923708e+01  5.028840e+01  7.509273e+00
   endloop
 endfacet
 facet normal  0.000000e+00 -1.000000e+00  0.000000e+00
   outer loop
     vertex  4.506730e+01  5.028840e+01  8.406614e+00
     vertex  4.506730e+01  5.028840e+01  1.061171e+01
     vertex  3.977702e+01  5.028840e+01  9.711704e+00
   endloop
 endfacet
 facet normal  0.000000e+00 -1.000000e+00  0.000000e+00
   outer loop
     vertex  4.506730e+01  5.028840e+01  8.406614e+00
     vertex  3.935370e+01  5.028840e+01  7.580188e+00
     vertex  3.929660e+01  5.028840e+01  7.542739e+00
   endloop
 endfacet
 facet normal  0.000000e+00 -1.000000e+00  0.000000e+00
   outer loop
     vertex  4.506730e+01  5.028840e+01  8.406614e+00
     vertex  3.940811e+01  5.028840e+01  7.621447e+00
     vertex  3.935370e+01  5.028840e+01  7.580188e+00
   endloop
 endfacet
 facet normal  0.000000e+00 -1.000000e+00  0.000000e+00
   outer loop
     vertex  4.506730e+01  5.028840e+01  8.406614e+00
     vertex  3.945957e+01  5.028840e+01  7.666322e+00
     vertex  3.940811e+01  5.028840e+01  7.621447e+00
   endloop
 endfacet
 facet normal  0.000000e+00 -1.000000e+00  0.000000e+00
   outer loop
     vertex  4.506730e+01  5.028840e+01  8.406614e+00
     vertex  3.950786e+01  5.028840e+01  7.714605e+00
     vertex  3.945957e+01  5.028840e+01  7.666322e+00
   endloop
 endfacet
 facet normal  0.000000e+00 -1.000000e+00  0.000000e+00
   outer loop
     vertex  4.506730e+01  5.028840e+01  8.406614e+00
     vertex  3.955273e+01  5.028840e+01  7.766071e+00
     vertex  3.950786e+01  5.028840e+01  7.714605e+00
   endloop
 endfacet
 facet normal  0.000000e+00 -1.000000e+00  0.000000e+00
   outer loop
     vertex  4.506730e+01  5.028840e+01  8.406614e+00
     vertex  3.959399e+01  5.028840e+01  7.820478e+00
     vertex  3.955273e+01  5.028840e+01  7.766071e+00
   endloop
 endfacet
 facet normal  0.000000e+00 -1.000000e+00  0.000000e+00
   outer loop
     vertex  4.506730e+01  5.028840e+01  8.406614e+00
     vertex  3.963144e+01  5.028840e+01  7.877575e+00
     vertex  3.959399e+01  5.028840e+01  7.820478e+00
   endloop
 endfacet
 facet normal  0.000000e+00 -1.000000e+00  0.000000e+00
   outer loop
     vertex  4.506730e+01  5.028840e+01  8.406614e+00
     vertex  3.966491e+01  5.028840e+01  7.937094e+00
     vertex  3.963144e+01  5.028840e+01  7.877575e+00
   endloop
 endfacet
 facet normal  0.000000e+00 -1.000000e+00  0.000000e+00
   outer loop
     vertex  4.506730e+01  5.028840e+01  8.406614e+00
     vertex  3.969423e+01  5.028840e+01  7.998758e+00
     vertex  3.966491e+01  5.028840e+01  7.937094e+00
   endloop
 endfacet
 facet normal  0.000000e+00 -1.000000e+00  0.000000e+00
   outer loop
     vertex  4.506730e+01  5.028840e+01  8.406614e+00
     vertex  3.971928e+01  5.028840e+01  8.062280e+00
     vertex  3.969423e+01  5.028840e+01  7.998758e+00
   endloop
 endfacet
 facet normal  0.000000e+00 -1.000000e+00  0.000000e+00
   outer loop
     vertex  4.506730e+01  5.028840e+01  8.406614e+00
     vertex  3.973994e+01  5.028840e+01  8.127363e+00
     vertex  3.971928e+01  5.028840e+01  8.062280e+00
   endloop
 endfacet
 facet normal  0.000000e+00 -1.000000e+00  0.000000e+00
   outer loop
     vertex  4.506730e+01  5.028840e+01  8.406614e+00
     vertex  3.975610e+01  5.028840e+01  8.193704e+00
     vertex  3.973994e+01  5.028840e+01  8.127363e+00
   endloop
 endfacet
 facet normal  0.000000e+00 -1.000000e+00  0.000000e+00
   outer loop
     vertex  4.506730e+01  5.028840e+01  8.406614e+00
     vertex  3.976771e+01  5.028840e+01  8.260993e+00
     vertex  3.975610e+01  5.028840e+01  8.193704e+00
   endloop
 endfacet
 facet normal  0.000000e+00 -1.000000e+00  0.000000e+00
   outer loop
     vertex  4.506730e+01  5.028840e+01  8.406614e+00
     vertex  3.977469e+01  5.028840e+01  8.328918e+00
     vertex  3.976771e+01  5.028840e+01  8.260993e+00
   endloop
 endfacet
 facet normal  0.000000e+00 -1.000000e+00  0.000000e+00
   outer loop
     vertex  4.506730e+01  5.028840e+01  8.406614e+00
     vertex  3.977702e+01  5.028840e+01  8.397160e+00
     vertex  3.977469e+01  5.028840e+01  8.328918e+00
   endloop
 endfacet
 facet normal -0.000000e+00 -1.000000e+00  0.000000e+00
   outer loop
     vertex  4.506730e+01  5.028840e+01  8.406614e+00
     vertex  3.977702e+01  5.028840e+01  9.711704e+00
     vertex  3.977702e+01  5.028840e+01  8.397160e+00
   endloop
 endfacet
 facet normal -0.000000e+00 -1.000000e+00  0.000000e+00
   outer loop
     vertex  4.989253e+01  5.028840e+01  8.406614e+00
     vertex  4.506730e+01  5.028840e+01  8.406614e+00
     vertex  3.904682e+01  5.028840e+01  7.434241e+00
   endloop
 endfacet
 facet normal  0.000000e+00 -1.000000e+00 -9.617100e-16
   outer loop
     vertex  6.874949e+01  5.028840e+01  1.800004e+01
     vertex  4.506730e+01  5.028840e+01  1.061171e+01
     vertex  4.989253e+01  5.028840e+01  1.061171e+01
   endloop
 endfacet
 facet normal -0.000000e+00 -1.000000e+00 -9.749049e-16
   outer loop
     vertex  6.874949e+01  5.028840e+01  1.800004e+01
     vertex  5.684481e-01  5.028840e+01  1.800004e+01
     vertex  3.184903e+01  5.028840e+01  1.071171e+01
   endloop
 endfacet
 facet normal -1.437264e-17 -1.000000e+00 -9.156407e-16
   outer loop
     vertex  6.874949e+01  5.028840e+01  1.800004e+01
     vertex  3.884526e+01  5.028840e+01  1.070938e+01
     vertex  4.506730e+01  5.028840e+01  1.061171e+01
   endloop
 endfacet
 facet normal -2.920143e-17 -1.000000e+00 -8.548171e-16
   outer loop
     vertex  6.874949e+01  5.028840e+01  1.800004e+01
     vertex  3.877702e+01  5.028840e+01  1.071171e+01
     vertex  3.884526e+01  5.028840e+01  1.070938e+01
   endloop
 endfacet
 facet normal  1.749780e-30 -1.000000e+00 -9.749049e-16
   outer loop
     vertex  6.874949e+01  5.028840e+01  1.800004e+01
     vertex  3.184903e+01  5.028840e+01  1.071171e+01
     vertex  3.877702e+01  5.028840e+01  1.071171e+01
   endloop
 endfacet
 facet normal -3.768065e-16 -1.000000e+00  0.000000e+00
   outer loop
     vertex  6.874949e+01  5.028840e+01  5.600010e+00
     vertex  4.989253e+01  5.028840e+01  1.061171e+01
     vertex  4.989253e+01  5.028840e+01  8.406614e+00
   endloop
 endfacet
 facet normal -3.768065e-16 -1.000000e+00  0.000000e+00
   outer loop
     vertex  6.874949e+01  5.028840e+01  5.600010e+00
     vertex  6.874949e+01  5.028840e+01  1.800004e+01
     vertex  4.989253e+01  5.028840e+01  1.061171e+01
   endloop
 endfacet
 facet normal  0.000000e+00 -1.000000e+00  3.953725e-15
   outer loop
     vertex  6.874949e+01  5.028840e+01  5.600010e+00
     vertex  3.184903e+01  5.028840e+01  7.397158e+00
     vertex  5.684481e-01  5.028840e+01  5.600010e+00
   endloop
 endfacet
 facet normal  8.470064e-17 -1.000000e+00  2.479453e-15
   outer loop
     vertex  3.184903e+01  5.028840e+01  7.397158e+00
     vertex  3.178079e+01  5.028840e+01  7.399489e+00
     vertex  5.684481e-01  5.028840e+01  5.600010e+00
   endloop
 endfacet
 facet normal  1.458527e-16 -1.000000e+00  1.418757e-15
   outer loop
     vertex  3.178079e+01  5.028840e+01  7.399489e+00
     vertex  3.171286e+01  5.028840e+01  7.406472e+00
     vertex  5.684481e-01  5.028840e+01  5.600010e+00
   endloop
 endfacet
 facet normal  1.707146e-16 -1.000000e+00  9.901239e-16
   outer loop
     vertex  3.171286e+01  5.028840e+01  7.406472e+00
     vertex  3.164557e+01  5.028840e+01  7.418074e+00
     vertex  5.684481e-01  5.028840e+01  5.600010e+00
   endloop
 endfacet
 facet normal  1.843766e-16 -1.000000e+00  7.565926e-16
   outer loop
     vertex  3.164557e+01  5.028840e+01  7.418074e+00
     vertex  3.157923e+01  5.028840e+01  7.434241e+00
     vertex  5.684481e-01  5.028840e+01  5.600010e+00
   endloop
 endfacet
 facet normal  1.931349e-16 -1.000000e+00  6.085180e-16
   outer loop
     vertex  3.157923e+01  5.028840e+01  7.434241e+00
     vertex  3.151415e+01  5.028840e+01  7.454897e+00
     vertex  5.684481e-01  5.028840e+01  5.600010e+00
   endloop
 endfacet
 facet normal -6.589355e-30 -1.000000e+00  3.953725e-15
   outer loop
     vertex  6.874949e+01  5.028840e+01  5.600010e+00
     vertex  3.877702e+01  5.028840e+01  7.397158e+00
     vertex  3.184903e+01  5.028840e+01  7.397158e+00
   endloop
 endfacet
 facet normal -8.604233e-17 -1.000000e+00  2.518728e-15
   outer loop
     vertex  6.874949e+01  5.028840e+01  5.600010e+00
     vertex  3.884526e+01  5.028840e+01  7.399489e+00
     vertex  3.877702e+01  5.028840e+01  7.397158e+00
   endloop
 endfacet
 facet normal -1.498771e-16 -1.000000e+00  1.457904e-15
   outer loop
     vertex  6.874949e+01  5.028840e+01  5.600010e+00
     vertex  3.891319e+01  5.028840e+01  7.406472e+00
     vertex  3.884526e+01  5.028840e+01  7.399489e+00
   endloop
 endfacet
 facet normal -1.762540e-16 -1.000000e+00  1.022252e-15
   outer loop
     vertex  6.874949e+01  5.028840e+01  5.600010e+00
     vertex  3.898047e+01  5.028840e+01  7.418074e+00
     vertex  3.891319e+01  5.028840e+01  7.406472e+00
   endloop
 endfacet
 facet normal -1.908549e-16 -1.000000e+00  7.831765e-16
   outer loop
     vertex  6.874949e+01  5.028840e+01  5.600010e+00
     vertex  3.904682e+01  5.028840e+01  7.434241e+00
     vertex  3.898047e+01  5.028840e+01  7.418074e+00
   endloop
 endfacet
 facet normal -1.416513e-16 -1.000000e+00  1.579957e-15
   outer loop
     vertex  6.874949e+01  5.028840e+01  5.600010e+00
     vertex  4.989253e+01  5.028840e+01  8.406614e+00
     vertex  3.904682e+01  5.028840e+01  7.434241e+00
   endloop
 endfacet
 facet normal -3.414111e-02 -9.994170e-01  0.000000e+00
   outer loop
     vertex  6.880067e+01  5.028666e+01  5.600010e+00
     vertex  6.874949e+01  5.028840e+01  1.800004e+01
     vertex  6.874949e+01  5.028840e+01  5.600010e+00
   endloop
 endfacet
 facet normal -3.414111e-02 -9.994170e-01  0.000000e+00
   outer loop
     vertex  6.880067e+01  5.028666e+01  5.600010e+00
     vertex  6.880067e+01  5.028666e+01  1.800004e+01
     vertex  6.874949e+01  5.028840e+01  1.800004e+01
   endloop
 endfacet
 facet normal -1.022641e-01 -9.947573e-01  0.000000e+00
   outer loop
     vertex  6.885162e+01  5.028142e+01  5.600010e+00
     vertex  6.880067e+01  5.028666e+01  1.800004e+01
     vertex  6.880067e+01  5.028666e+01  5.600010e+00
   endloop
 endfacet
 facet normal -1.022641e-01 -9.947573e-01  0.000000e+00
   outer loop
     vertex  6.885162e+01  5.028142e+01  5.600010e+00
     vertex  6.885162e+01  5.028142e+01  1.800004e+01
     vertex  6.880067e+01  5.028666e+01  1.800004e+01
   endloop
 endfacet
 facet normal -1.699104e-01 -9.854595e-01  0.000000e+00
   outer loop
     vertex  6.890208e+01  5.027272e+01  5.600010e+00
     vertex  6.885162e+01  5.028142e+01  1.800004e+01
     vertex  6.885162e+01  5.028142e+01  5.600010e+00
   endloop
 endfacet
 facet normal -1.699104e-01 -9.854595e-01  0.000000e+00
   outer loop
     vertex  6.890208e+01  5.027272e+01  5.600010e+00
     vertex  6.890208e+01  5.027272e+01  1.800004e+01
     vertex  6.885162e+01  5.028142e+01  1.800004e+01
   endloop
 endfacet
 facet normal -2.367644e-01 -9.715671e-01  0.000000e+00
   outer loop
     vertex  6.895184e+01  5.026059e+01  5.600010e+00
     vertex  6.890208e+01  5.027272e+01  1.800004e+01
     vertex  6.890208e+01  5.027272e+01  5.600010e+00
   endloop
 endfacet
 facet normal -2.367644e-01 -9.715671e-01  0.000000e+00
   outer loop
     vertex  6.895184e+01  5.026059e+01  5.600010e+00
     vertex  6.895184e+01  5.026059e+01  1.800004e+01
     vertex  6.890208e+01  5.027272e+01  1.800004e+01
   endloop
 endfacet
 facet normal -3.025146e-01 -9.531448e-01  0.000000e+00
   outer loop
     vertex  6.900065e+01  5.024510e+01  5.600010e+00
     vertex  6.895184e+01  5.026059e+01  1.800004e+01
     vertex  6.895184e+01  5.026059e+01  5.600010e+00
   endloop
 endfacet
 facet normal -3.025146e-01 -9.531448e-01  0.000000e+00
   outer loop
     vertex  6.900065e+01  5.024510e+01  5.600010e+00
     vertex  6.900065e+01  5.024510e+01  1.800004e+01
     vertex  6.895184e+01  5.026059e+01  1.800004e+01
   endloop
 endfacet
 facet normal -3.668542e-01 -9.302784e-01  0.000000e+00
   outer loop
     vertex  6.904829e+01  5.022631e+01  5.600010e+00
     vertex  6.900065e+01  5.024510e+01  1.800004e+01
     vertex  6.900065e+01  5.024510e+01  5.600010e+00
   endloop
 endfacet
 facet normal -3.668542e-01 -9.302784e-01  0.000000e+00
   outer loop
     vertex  6.904829e+01  5.022631e+01  5.600010e+00
     vertex  6.904829e+01  5.022631e+01  1.800004e+01
     vertex  6.900065e+01  5.024510e+01  1.800004e+01
   endloop
 endfacet
 facet normal -4.294834e-01 -9.030747e-01  0.000000e+00
   outer loop
     vertex  6.909454e+01  5.020432e+01  5.600010e+00
     vertex  6.904829e+01  5.022631e+01  1.800004e+01
     vertex  6.904829e+01  5.022631e+01  5.600010e+00
   endloop
 endfacet
 facet normal -4.294834e-01 -9.030747e-01  0.000000e+00
   outer loop
     vertex  6.909454e+01  5.020432e+01  5.600010e+00
     vertex  6.909454e+01  5.020432e+01  1.800004e+01
     vertex  6.904829e+01  5.022631e+01  1.800004e+01
   endloop
 endfacet
 facet normal -4.901102e-01 -8.716605e-01  0.000000e+00
   outer loop
     vertex  6.913918e+01  5.017922e+01  5.600010e+00
     vertex  6.909454e+01  5.020432e+01  1.800004e+01
     vertex  6.909454e+01  5.020432e+01  5.600010e+00
   endloop
 endfacet
 facet normal -4.901102e-01 -8.716605e-01  0.000000e+00
   outer loop
     vertex  6.913918e+01  5.017922e+01  5.600010e+00
     vertex  6.913918e+01  5.017922e+01  1.800004e+01
     vertex  6.909454e+01  5.020432e+01  1.800004e+01
   endloop
 endfacet
 facet normal -5.484519e-01 -8.361821e-01  0.000000e+00
   outer loop
     vertex  6.918200e+01  5.015113e+01  5.600010e+00
     vertex  6.913918e+01  5.017922e+01  1.800004e+01
     vertex  6.913918e+01  5.017922e+01  5.600010e+00
   endloop
 endfacet
 facet normal -5.484519e-01 -8.361821e-01  0.000000e+00
   outer loop
     vertex  6.918200e+01  5.015113e+01  5.600010e+00
     vertex  6.918200e+01  5.015113e+01  1.800004e+01
     vertex  6.913918e+01  5.017922e+01  1.800004e+01
   endloop
 endfacet
 facet normal -6.042364e-01 -7.968051e-01  0.000000e+00
   outer loop
     vertex  6.922281e+01  5.012019e+01  5.600010e+00
     vertex  6.918200e+01  5.015113e+01  1.800004e+01
     vertex  6.918200e+01  5.015113e+01  5.600010e+00
   endloop
 endfacet
 facet normal -6.042364e-01 -7.968051e-01  0.000000e+00
   outer loop
     vertex  6.922281e+01  5.012019e+01  5.600010e+00
     vertex  6.922281e+01  5.012019e+01  1.800004e+01
     vertex  6.918200e+01  5.015113e+01  1.800004e+01
   endloop
 endfacet
 facet normal -6.572037e-01 -7.537130e-01  0.000000e+00
   outer loop
     vertex  6.926141e+01  5.008653e+01  5.600010e+00
     vertex  6.922281e+01  5.012019e+01  1.800004e+01
     vertex  6.922281e+01  5.012019e+01  5.600010e+00
   endloop
 endfacet
 facet normal -6.572037e-01 -7.537130e-01  0.000000e+00
   outer loop
     vertex  6.926141e+01  5.008653e+01  5.600010e+00
     vertex  6.926141e+01  5.008653e+01  1.800004e+01
     vertex  6.922281e+01  5.012019e+01  1.800004e+01
   endloop
 endfacet
 facet normal -7.071068e-01 -7.071068e-01  0.000000e+00
   outer loop
     vertex  6.929762e+01  5.005032e+01  5.600010e+00
     vertex  6.926141e+01  5.008653e+01  1.800004e+01
     vertex  6.926141e+01  5.008653e+01  5.600010e+00
   endloop
 endfacet
 facet normal -7.071068e-01 -7.071068e-01  0.000000e+00
   outer loop
     vertex  6.929762e+01  5.005032e+01  5.600010e+00
     vertex  6.929762e+01  5.005032e+01  1.800004e+01
     vertex  6.926141e+01  5.008653e+01  1.800004e+01
   endloop
 endfacet
 facet normal -7.537130e-01 -6.572037e-01  0.000000e+00
   outer loop
     vertex  6.933128e+01  5.001172e+01  5.600010e+00
     vertex  6.929762e+01  5.005032e+01  1.800004e+01
     vertex  6.929762e+01  5.005032e+01  5.600010e+00
   endloop
 endfacet
 facet normal -7.537130e-01 -6.572037e-01  0.000000e+00
   outer loop
     vertex  6.933128e+01  5.001172e+01  5.600010e+00
     vertex  6.933128e+01  5.001172e+01  1.800004e+01
     vertex  6.929762e+01  5.005032e+01  1.800004e+01
   endloop
 endfacet
 facet normal -7.968051e-01 -6.042364e-01  0.000000e+00
   outer loop
     vertex  6.936222e+01  4.997091e+01  5.600010e+00
     vertex  6.933128e+01  5.001172e+01  1.800004e+01
     vertex  6.933128e+01  5.001172e+01  5.600010e+00
   endloop
 endfacet
 facet normal -7.968051e-01 -6.042364e-01  0.000000e+00
   outer loop
     vertex  6.936222e+01  4.997091e+01  5.600010e+00
     vertex  6.936222e+01  4.997091e+01  1.800004e+01
     vertex  6.933128e+01  5.001172e+01  1.800004e+01
   endloop
 endfacet
 facet normal -8.361821e-01 -5.484519e-01  0.000000e+00
   outer loop
     vertex  6.939031e+01  4.992809e+01  5.600010e+00
     vertex  6.936222e+01  4.997091e+01  1.800004e+01
     vertex  6.936222e+01  4.997091e+01  5.600010e+00
   endloop
 endfacet
 facet normal -8.361821e-01 -5.484519e-01  0.000000e+00
   outer loop
     vertex  6.939031e+01  4.992809e+01  5.600010e+00
     vertex  6.939031e+01  4.992809e+01  1.800004e+01
     vertex  6.936222e+01  4.997091e+01  1.800004e+01
   endloop
 endfacet
 facet normal -8.716605e-01 -4.901102e-01  0.000000e+00
   outer loop
     vertex  6.941541e+01  4.988345e+01  5.600010e+00
     vertex  6.939031e+01  4.992809e+01  1.800004e+01
     vertex  6.939031e+01  4.992809e+01  5.600010e+00
   endloop
 endfacet
 facet normal -8.716605e-01 -4.901102e-01  0.000000e+00
   outer loop
     vertex  6.941541e+01  4.988345e+01  5.600010e+00
     vertex  6.941541e+01  4.988345e+01  1.800004e+01
     vertex  6.939031e+01  4.992809e+01  1.800004e+01
   endloop
 endfacet
 facet normal -9.030747e-01 -4.294834e-01  0.000000e+00
   outer loop
     vertex  6.943740e+01  4.983720e+01  5.600010e+00
     vertex  6.941541e+01  4.988345e+01  1.800004e+01
     vertex  6.941541e+01  4.988345e+01  5.600010e+00
   endloop
 endfacet
 facet normal -9.030747e-01 -4.294834e-01  0.000000e+00
   outer loop
     vertex  6.943740e+01  4.983720e+01  5.600010e+00
     vertex  6.943740e+01  4.983720e+01  1.800004e+01
     vertex  6.941541e+01  4.988345e+01  1.800004e+01
   endloop
 endfacet
 facet normal -9.302784e-01 -3.668542e-01  0.000000e+00
   outer loop
     vertex  6.945619e+01  4.978956e+01  5.600010e+00
     vertex  6.943740e+01  4.983720e+01  1.800004e+01
     vertex  6.943740e+01  4.983720e+01  5.600010e+00
   endloop
 endfacet
 facet normal -9.302784e-01 -3.668542e-01  0.000000e+00
   outer loop
     vertex  6.945619e+01  4.978956e+01  5.600010e+00
     vertex  6.945619e+01  4.978956e+01  1.800004e+01
     vertex  6.943740e+01  4.983720e+01  1.800004e+01
   endloop
 endfacet
 facet normal -9.531448e-01 -3.025146e-01  0.000000e+00
   outer loop
     vertex  6.947168e+01  4.974075e+01  5.600010e+00
     vertex  6.945619e+01  4.978956e+01  1.800004e+01
     vertex  6.945619e+01  4.978956e+01  5.600010e+00
   endloop
 endfacet
 facet normal -9.531448e-01 -3.025146e-01  0.000000e+00
   outer loop
     vertex  6.947168e+01  4.974075e+01  5.600010e+00
     vertex  6.947168e+01  4.974075e+01  1.800004e+01
     vertex  6.945619e+01  4.978956e+01  1.800004e+01
   endloop
 endfacet
 facet normal -9.715671e-01 -2.367644e-01  0.000000e+00
   outer loop
     vertex  6.948381e+01  4.969099e+01  5.600010e+00
     vertex  6.947168e+01  4.974075e+01  1.800004e+01
     vertex  6.947168e+01  4.974075e+01  5.600010e+00
   endloop
 endfacet
 facet normal -9.715671e-01 -2.367644e-01  0.000000e+00
   outer loop
     vertex  6.948381e+01  4.969099e+01  5.600010e+00
     vertex  6.948381e+01  4.969099e+01  1.800004e+01
     vertex  6.947168e+01  4.974075e+01  1.800004e+01
   endloop
 endfacet
 facet normal -9.854595e-01 -1.699104e-01  0.000000e+00
   outer loop
     vertex  6.949251e+01  4.964053e+01  5.600010e+00
     vertex  6.948381e+01  4.969099e+01  1.800004e+01
     vertex  6.948381e+01  4.969099e+01  5.600010e+00
   endloop
 endfacet
 facet normal -9.854595e-01 -1.699104e-01  0.000000e+00
   outer loop
     vertex  6.949251e+01  4.964053e+01  5.600010e+00
     vertex  6.949251e+01  4.964053e+01  1.800004e+01
     vertex  6.948381e+01  4.969099e+01  1.800004e+01
   endloop
 endfacet
 facet normal -9.947573e-01 -1.022641e-01  0.000000e+00
   outer loop
     vertex  6.949774e+01  4.958958e+01  5.600010e+00
     vertex  6.949251e+01  4.964053e+01  1.800004e+01
     vertex  6.949251e+01  4.964053e+01  5.600010e+00
   endloop
 endfacet
 facet normal -9.947573e-01 -1.022641e-01  0.000000e+00
   outer loop
     vertex  6.949774e+01  4.958958e+01  5.600010e+00
     vertex  6.949774e+01  4.958958e+01  1.800004e+01
     vertex  6.949251e+01  4.964053e+01  1.800004e+01
   endloop
 endfacet
 facet normal -9.994170e-01 -3.414111e-02  0.000000e+00
   outer loop
     vertex  6.949949e+01  4.953840e+01  5.600010e+00
     vertex  6.949774e+01  4.958958e+01  1.800004e+01
     vertex  6.949774e+01  4.958958e+01  5.600010e+00
   endloop
 endfacet
 facet normal -9.994170e-01 -3.414111e-02  0.000000e+00
   outer loop
     vertex  6.949949e+01  4.953840e+01  5.600010e+00
     vertex  6.949949e+01  4.953840e+01  1.800004e+01
     vertex  6.949774e+01  4.958958e+01  1.800004e+01
   endloop
 endfacet
 facet normal -1.000000e+00  0.000000e+00  0.000000e+00
   outer loop
     vertex  6.949949e+01  4.953840e+01  5.600010e+00
     vertex  6.949949e+01  4.619700e+01  1.800004e+01
     vertex  6.949949e+01  4.953840e+01  1.800004e+01
   endloop
 endfacet
 facet normal -1.000000e+00  0.000000e+00  0.000000e+00
   outer loop
     vertex  6.949949e+01  4.619700e+01  5.600010e+00
     vertex  6.949949e+01  4.619700e+01  1.800004e+01
     vertex  6.949949e+01  4.953840e+01  5.600010e+00
   endloop
 endfacet
 facet normal  0.000000e+00 -1.000000e+00  0.000000e+00
   outer loop
     vertex  6.949949e+01  4.619700e+01  5.600010e+00
     vertex  7.019264e+01  4.619700e+01  1.800004e+01
     vertex  6.949949e+01  4.619700e+01  1.800004e+01
   endloop
 endfacet
 facet normal  0.000000e+00 -1.000000e+00  0.000000e+00
   outer loop
     vertex  6.915100e+01  4.619700e+01  4.100008e+00
     vertex  6.588900e+01  4.619700e+01  5.600010e+00
     vertex  6.588900e+01  4.619700e+01  4.100008e+00
   endloop
 endfacet
 facet normal  0.000000e+00 -1.000000e+00  0.000000e+00
   outer loop
     vertex  6.915100e+01  4.619700e+01  4.100008e+00
     vertex  6.949949e+01  4.619700e+01  5.600010e+00
     vertex  6.588900e+01  4.619700e+01  5.600010e+00
   endloop
 endfacet
 facet normal  0.000000e+00 -1.000000e+00  0.000000e+00
   outer loop
     vertex  7.019264e+01  4.619700e+01  1.000003e+00
     vertex  6.915100e+01  4.619700e+01  4.100008e+00
     vertex  6.915100e+01  4.619700e+01  1.000003e+00
   endloop
 endfacet
 facet normal  0.000000e+00 -1.000000e+00  0.000000e+00
   outer loop
     vertex  7.019264e+01  4.619700e+01  1.000003e+00
     vertex  6.949949e+01  4.619700e+01  5.600010e+00
     vertex  6.915100e+01  4.619700e+01  4.100008e+00
   endloop
 endfacet
 facet normal  0.000000e+00 -1.000000e+00 -0.000000e+00
   outer loop
     vertex  7.019264e+01  4.619700e+01  1.800004e+01
     vertex  6.949949e+01  4.619700e+01  5.600010e+00
     vertex  7.019264e+01  4.619700e+01  1.000003e+00
   endloop
 endfacet
 facet normal -1.000000e+00  0.000000e+00  0.000000e+00
   outer loop
     vertex  7.019264e+01  4.007412e+00  1.000003e+00
     vertex  7.019264e+01  4.619700e+01  1.800004e+01
     vertex  7.019264e+01  4.619700e+01  1.000003e+00
   endloop
 endfacet
 facet normal -1.000000e+00  0.000000e+00  0.000000e+00
   outer loop
     vertex  7.019264e+01  4.007412e+00  1.000003e+00
     vertex  7.019264e+01  4.007412e+00  1.800004e+01
     vertex  7.019264e+01  4.619700e+01  1.800004e+01
   endloop
 endfacet
 facet normal  1.281373e-15  1.000000e+00 -7.162715e-17
   outer loop
     vertex  6.949949e+01  4.007412e+00  5.600010e+00
     vertex  6.949949e+01  4.007412e+00  1.800004e+01
     vertex  7.019264e+01  4.007412e+00  1.800004e+01
   endloop
 endfacet
 facet normal  0.000000e+00  1.000000e+00 -2.368472e-15
   outer loop
     vertex  6.588900e+01  4.007412e+00  5.600010e+00
     vertex  6.949949e+01  4.007412e+00  5.600010e+00
     vertex  6.915100e+01  4.007412e+00  4.100008e+00
   endloop
 endfacet
 facet normal -6.183813e-15  1.000000e+00 -9.317993e-16
   outer loop
     vertex  7.019264e+01  4.007412e+00  1.000003e+00
     vertex  6.915100e+01  4.007412e+00  4.100008e+00
     vertex  6.949949e+01  4.007412e+00  5.600010e+00
   endloop
 endfacet
 facet normal -0.000000e+00  1.000000e+00  1.146035e-15
   outer loop
     vertex  6.915100e+01  4.007412e+00  1.000003e+00
     vertex  6.915100e+01  4.007412e+00  4.100008e+00
     vertex  7.019264e+01  4.007412e+00  1.000003e+00
   endloop
 endfacet
 facet normal  1.089121e-15  1.000000e+00 -0.000000e+00
   outer loop
     vertex  6.588900e+01  4.007412e+00  4.100008e+00
     vertex  6.588900e+01  4.007412e+00  5.600010e+00
     vertex  6.915100e+01  4.007412e+00  4.100008e+00
   endloop
 endfacet
 facet normal  0.000000e+00  1.000000e+00 -0.000000e+00
   outer loop
     vertex  7.019264e+01  4.007412e+00  1.000003e+00
     vertex  6.949949e+01  4.007412e+00  5.600010e+00
     vertex  7.019264e+01  4.007412e+00  1.800004e+01
   endloop
 endfacet
 facet normal -1.000000e+00  0.000000e+00  0.000000e+00
   outer loop
     vertex  6.949949e+01  5.623978e-01  5.600010e+00
     vertex  6.949949e+01  4.007412e+00  1.800004e+01
     vertex  6.949949e+01  4.007412e+00  5.600010e+00
   endloop
 endfacet
 facet normal -1.000000e+00  0.000000e+00  0.000000e+00
   outer loop
     vertex  6.949949e+01  5.623978e-01  5.600010e+00
     vertex  6.949949e+01  5.623978e-01  1.800004e+01
     vertex  6.949949e+01  4.007412e+00  1.800004e+01
   endloop
 endfacet
 facet normal -9.994170e-01  3.414111e-02  0.000000e+00
   outer loop
     vertex  6.949774e+01  5.112159e-01  5.600010e+00
     vertex  6.949949e+01  5.623978e-01  1.800004e+01
     vertex  6.949949e+01  5.623978e-01  5.600010e+00
   endloop
 endfacet
 facet normal -9.994170e-01  3.414111e-02  0.000000e+00
   outer loop
     vertex  6.949774e+01  5.112159e-01  5.600010e+00
     vertex  6.949774e+01  5.112159e-01  1.800004e+01
     vertex  6.949949e+01  5.623978e-01  1.800004e+01
   endloop
 endfacet
 facet normal -9.947573e-01  1.022641e-01  0.000000e+00
   outer loop
     vertex  6.949251e+01  4.602726e-01  5.600010e+00
     vertex  6.949774e+01  5.112159e-01  1.800004e+01
     vertex  6.949774e+01  5.112159e-01  5.600010e+00
   endloop
 endfacet
 facet normal -9.947573e-01  1.022641e-01  0.000000e+00
   outer loop
     vertex  6.949251e+01  4.602726e-01  5.600010e+00
     vertex  6.949251e+01  4.602726e-01  1.800004e+01
     vertex  6.949774e+01  5.112159e-01  1.800004e+01
   endloop
 endfacet
 facet normal -9.854595e-01  1.699104e-01  0.000000e+00
   outer loop
     vertex  6.948381e+01  4.098055e-01  5.600010e+00
     vertex  6.949251e+01  4.602726e-01  1.800004e+01
     vertex  6.949251e+01  4.602726e-01  5.600010e+00
   endloop
 endfacet
 facet normal -9.854595e-01  1.699104e-01  0.000000e+00
   outer loop
     vertex  6.948381e+01  4.098055e-01  5.600010e+00
     vertex  6.948381e+01  4.098055e-01  1.800004e+01
     vertex  6.949251e+01  4.602726e-01  1.800004e+01
   endloop
 endfacet
 facet normal -9.715671e-01  2.367644e-01  0.000000e+00
   outer loop
     vertex  6.947168e+01  3.600498e-01  5.600010e+00
     vertex  6.948381e+01  4.098055e-01  1.800004e+01
     vertex  6.948381e+01  4.098055e-01  5.600010e+00
   endloop
 endfacet
 facet normal -9.715671e-01  2.367644e-01  0.000000e+00
   outer loop
     vertex  6.947168e+01  3.600498e-01  5.600010e+00
     vertex  6.947168e+01  3.600498e-01  1.800004e+01
     vertex  6.948381e+01  4.098055e-01  1.800004e+01
   endloop
 endfacet
 facet normal -9.531448e-01  3.025146e-01  0.000000e+00
   outer loop
     vertex  6.945619e+01  3.112376e-01  5.600010e+00
     vertex  6.947168e+01  3.600498e-01  1.800004e+01
     vertex  6.947168e+01  3.600498e-01  5.600010e+00
   endloop
 endfacet
 facet normal -9.531448e-01  3.025146e-01  0.000000e+00
   outer loop
     vertex  6.945619e+01  3.112376e-01  5.600010e+00
     vertex  6.945619e+01  3.112376e-01  1.800004e+01
     vertex  6.947168e+01  3.600498e-01  1.800004e+01
   endloop
 endfacet
 facet normal -9.302784e-01  3.668542e-01  0.000000e+00
   outer loop
     vertex  6.943740e+01  2.635964e-01  5.600010e+00
     vertex  6.945619e+01  3.112376e-01  1.800004e+01
     vertex  6.945619e+01  3.112376e-01  5.600010e+00
   endloop
 endfacet
 facet normal -9.302784e-01  3.668542e-01  0.000000e+00
   outer loop
     vertex  6.943740e+01  2.635964e-01  5.600010e+00
     vertex  6.943740e+01  2.635964e-01  1.800004e+01
     vertex  6.945619e+01  3.112376e-01  1.800004e+01
   endloop
 endfacet
 facet normal -9.030747e-01  4.294834e-01  0.000000e+00
   outer loop
     vertex  6.941541e+01  2.173484e-01  5.600010e+00
     vertex  6.943740e+01  2.635964e-01  1.800004e+01
     vertex  6.943740e+01  2.635964e-01  5.600010e+00
   endloop
 endfacet
 facet normal -9.030747e-01  4.294834e-01  0.000000e+00
   outer loop
     vertex  6.941541e+01  2.173484e-01  5.600010e+00
     vertex  6.941541e+01  2.173484e-01  1.800004e+01
     vertex  6.943740e+01  2.635964e-01  1.800004e+01
   endloop
 endfacet
 facet normal -8.716605e-01  4.901102e-01  0.000000e+00
   outer loop
     vertex  6.939031e+01  1.727091e-01  5.600010e+00
     vertex  6.941541e+01  2.173484e-01  1.800004e+01
     vertex  6.941541e+01  2.173484e-01  5.600010e+00
   endloop
 endfacet
 facet normal -8.716605e-01  4.901102e-01  0.000000e+00
   outer loop
     vertex  6.939031e+01  1.727091e-01  5.600010e+00
     vertex  6.939031e+01  1.727091e-01  1.800004e+01
     vertex  6.941541e+01  2.173484e-01  1.800004e+01
   endloop
 endfacet
 facet normal -8.361821e-01  5.484519e-01  0.000000e+00
   outer loop
     vertex  6.936222e+01  1.298868e-01  5.600010e+00
     vertex  6.939031e+01  1.727091e-01  1.800004e+01
     vertex  6.939031e+01  1.727091e-01  5.600010e+00
   endloop
 endfacet
 facet normal -8.361821e-01  5.484519e-01  0.000000e+00
   outer loop
     vertex  6.936222e+01  1.298868e-01  5.600010e+00
     vertex  6.936222e+01  1.298868e-01  1.800004e+01
     vertex  6.939031e+01  1.727091e-01  1.800004e+01
   endloop
 endfacet
 facet normal -7.968051e-01  6.042364e-01  0.000000e+00
   outer loop
     vertex  6.933128e+01  8.908101e-02  5.600010e+00
     vertex  6.936222e+01  1.298868e-01  1.800004e+01
     vertex  6.936222e+01  1.298868e-01  5.600010e+00
   endloop
 endfacet
 facet normal -7.968051e-01  6.042364e-01  0.000000e+00
   outer loop
     vertex  6.933128e+01  8.908101e-02  5.600010e+00
     vertex  6.933128e+01  8.908101e-02  1.800004e+01
     vertex  6.936222e+01  1.298868e-01  1.800004e+01
   endloop
 endfacet
 facet normal -7.537130e-01  6.572037e-01  0.000000e+00
   outer loop
     vertex  6.929762e+01  5.048204e-02  5.600010e+00
     vertex  6.933128e+01  8.908101e-02  1.800004e+01
     vertex  6.933128e+01  8.908101e-02  5.600010e+00
   endloop
 endfacet
 facet normal -7.537130e-01  6.572037e-01  0.000000e+00
   outer loop
     vertex  6.929762e+01  5.048204e-02  5.600010e+00
     vertex  6.929762e+01  5.048204e-02  1.800004e+01
     vertex  6.933128e+01  8.908101e-02  1.800004e+01
   endloop
 endfacet
 facet normal -7.071068e-01  7.071068e-01  0.000000e+00
   outer loop
     vertex  6.926141e+01  1.426986e-02  5.600010e+00
     vertex  6.929762e+01  5.048204e-02  1.800004e+01
     vertex  6.929762e+01  5.048204e-02  5.600010e+00
   endloop
 endfacet
 facet normal -7.071068e-01  7.071068e-01  0.000000e+00
   outer loop
     vertex  6.926141e+01  1.426986e-02  5.600010e+00
     vertex  6.926141e+01  1.426986e-02  1.800004e+01
     vertex  6.929762e+01  5.048204e-02  1.800004e+01
   endloop
 endfacet
 facet normal -6.572037e-01  7.537130e-01  0.000000e+00
   outer loop
     vertex  6.922281e+01 -1.938669e-02  5.600010e+00
     vertex  6.926141e+01  1.426986e-02  1.800004e+01
     vertex  6.926141e+01  1.426986e-02  5.600010e+00
   endloop
 endfacet
 facet normal -6.572037e-01  7.537130e-01  0.000000e+00
   outer loop
     vertex  6.922281e+01 -1.938669e-02  5.600010e+00
     vertex  6.922281e+01 -1.938669e-02  1.800004e+01
     vertex  6.926141e+01  1.426986e-02  1.800004e+01
   endloop
 endfacet
 facet normal -6.042364e-01  7.968051e-01  0.000000e+00
   outer loop
     vertex  6.918200e+01 -5.033069e-02  5.600010e+00
     vertex  6.922281e+01 -1.938669e-02  1.800004e+01
     vertex  6.922281e+01 -1.938669e-02  5.600010e+00
   endloop
 endfacet
 facet normal -6.042364e-01  7.968051e-01  0.000000e+00
   outer loop
     vertex  6.918200e+01 -5.033069e-02  5.600010e+00
     vertex  6.918200e+01 -5.033069e-02  1.800004e+01
     vertex  6.922281e+01 -1.938669e-02  1.800004e+01
   endloop
 endfacet
 facet normal -5.484519e-01  8.361821e-01  0.000000e+00
   outer loop
     vertex  6.913918e+01 -7.841787e-02  5.600010e+00
     vertex  6.918200e+01 -5.033069e-02  1.800004e+01
     vertex  6.918200e+01 -5.033069e-02  5.600010e+00
   endloop
 endfacet
 facet normal -5.484519e-01  8.361821e-01  0.000000e+00
   outer loop
     vertex  6.913918e+01 -7.841787e-02  5.600010e+00
     vertex  6.913918e+01 -7.841787e-02  1.800004e+01
     vertex  6.918200e+01 -5.033069e-02  1.800004e+01
   endloop
 endfacet
 facet normal -4.901102e-01  8.716605e-01  0.000000e+00
   outer loop
     vertex  6.909454e+01 -1.035173e-01  5.600010e+00
     vertex  6.913918e+01 -7.841787e-02  1.800004e+01
     vertex  6.913918e+01 -7.841787e-02  5.600010e+00
   endloop
 endfacet
 facet normal -4.901102e-01  8.716605e-01  0.000000e+00
   outer loop
     vertex  6.909454e+01 -1.035173e-01  5.600010e+00
     vertex  6.909454e+01 -1.035173e-01  1.800004e+01
     vertex  6.913918e+01 -7.841787e-02  1.800004e+01
   endloop
 endfacet
 facet normal -4.294834e-01  9.030747e-01  0.000000e+00
   outer loop
     vertex  6.904829e+01 -1.255119e-01  5.600010e+00
     vertex  6.909454e+01 -1.035173e-01  1.800004e+01
     vertex  6.909454e+01 -1.035173e-01  5.600010e+00
   endloop
 endfacet
 facet normal -4.294834e-01  9.030747e-01  0.000000e+00
   outer loop
     vertex  6.904829e+01 -1.255119e-01  5.600010e+00
     vertex  6.904829e+01 -1.255119e-01  1.800004e+01
     vertex  6.909454e+01 -1.035173e-01  1.800004e+01
   endloop
 endfacet
 facet normal -3.668542e-01  9.302784e-01  0.000000e+00
   outer loop
     vertex  6.900065e+01 -1.442991e-01  5.600010e+00
     vertex  6.904829e+01 -1.255119e-01  1.800004e+01
     vertex  6.904829e+01 -1.255119e-01  5.600010e+00
   endloop
 endfacet
 facet normal -3.668542e-01  9.302784e-01  0.000000e+00
   outer loop
     vertex  6.900065e+01 -1.442991e-01  5.600010e+00
     vertex  6.900065e+01 -1.442991e-01  1.800004e+01
     vertex  6.904829e+01 -1.255119e-01  1.800004e+01
   endloop
 endfacet
 facet normal -3.025146e-01  9.531448e-01  0.000000e+00
   outer loop
     vertex  6.895184e+01 -1.597914e-01  5.600010e+00
     vertex  6.900065e+01 -1.442991e-01  1.800004e+01
     vertex  6.900065e+01 -1.442991e-01  5.600010e+00
   endloop
 endfacet
 facet normal -3.025146e-01  9.531448e-01  0.000000e+00
   outer loop
     vertex  6.895184e+01 -1.597914e-01  5.600010e+00
     vertex  6.895184e+01 -1.597914e-01  1.800004e+01
     vertex  6.900065e+01 -1.442991e-01  1.800004e+01
   endloop
 endfacet
 facet normal -2.367644e-01  9.715671e-01  0.000000e+00
   outer loop
     vertex  6.890208e+01 -1.719165e-01  5.600010e+00
     vertex  6.895184e+01 -1.597914e-01  1.800004e+01
     vertex  6.895184e+01 -1.597914e-01  5.600010e+00
   endloop
 endfacet
 facet normal -2.367644e-01  9.715671e-01  0.000000e+00
   outer loop
     vertex  6.890208e+01 -1.719165e-01  5.600010e+00
     vertex  6.890208e+01 -1.719165e-01  1.800004e+01
     vertex  6.895184e+01 -1.597914e-01  1.800004e+01
   endloop
 endfacet
 facet normal -1.699104e-01  9.854595e-01  0.000000e+00
   outer loop
     vertex  6.885162e+01 -1.806180e-01  5.600010e+00
     vertex  6.890208e+01 -1.719165e-01  1.800004e+01
     vertex  6.890208e+01 -1.719165e-01  5.600010e+00
   endloop
 endfacet
 facet normal -1.699104e-01  9.854595e-01  0.000000e+00
   outer loop
     vertex  6.885162e+01 -1.806180e-01  5.600010e+00
     vertex  6.885162e+01 -1.806180e-01  1.800004e+01
     vertex  6.890208e+01 -1.719165e-01  1.800004e+01
   endloop
 endfacet
 facet normal -1.022641e-01  9.947573e-01  0.000000e+00
   outer loop
     vertex  6.880067e+01 -1.858551e-01  5.600010e+00
     vertex  6.885162e+01 -1.806180e-01  1.800004e+01
     vertex  6.885162e+01 -1.806180e-01  5.600010e+00
   endloop
 endfacet
 facet normal -1.022641e-01  9.947573e-01  0.000000e+00
   outer loop
     vertex  6.880067e+01 -1.858551e-01  5.600010e+00
     vertex  6.880067e+01 -1.858551e-01  1.800004e+01
     vertex  6.885162e+01 -1.806180e-01  1.800004e+01
   endloop
 endfacet
 facet normal -3.414111e-02  9.994170e-01  0.000000e+00
   outer loop
     vertex  6.874949e+01 -1.876035e-01  5.600010e+00
     vertex  6.880067e+01 -1.858551e-01  1.800004e+01
     vertex  6.880067e+01 -1.858551e-01  5.600010e+00
   endloop
 endfacet
 facet normal -3.414111e-02  9.994170e-01  0.000000e+00
   outer loop
     vertex  6.874949e+01 -1.876035e-01  5.600010e+00
     vertex  6.874949e+01 -1.876035e-01  1.800004e+01
     vertex  6.880067e+01 -1.858551e-01  1.800004e+01
   endloop
 endfacet
 facet normal -1.914362e-17  1.000000e+00 -1.914362e-17
   outer loop
     vertex  5.043337e+01 -1.876035e-01  1.311839e+01
     vertex  6.874949e+01 -1.876035e-01  1.800004e+01
     vertex  5.045751e+01 -1.876035e-01  1.309425e+01
   endloop
 endfacet
 facet normal -1.967643e-17  1.000000e+00 -1.715696e-17
   outer loop
     vertex  5.047995e+01 -1.876035e-01  1.306851e+01
     vertex  5.045751e+01 -1.876035e-01  1.309425e+01
     vertex  6.874949e+01 -1.876035e-01  1.800004e+01
   endloop
 endfacet
 facet normal -1.856977e-17  1.000000e+00 -2.129671e-17
   outer loop
     vertex  5.040764e+01 -1.876035e-01  1.314082e+01
     vertex  6.874949e+01 -1.876035e-01  1.800004e+01
     vertex  5.043337e+01 -1.876035e-01  1.311839e+01
   endloop
 endfacet
 facet normal -2.017741e-17  1.000000e+00 -1.530101e-17
   outer loop
     vertex  5.050058e+01 -1.876035e-01  1.304131e+01
     vertex  5.047995e+01 -1.876035e-01  1.306851e+01
     vertex  6.874949e+01 -1.876035e-01  1.800004e+01
   endloop
 endfacet
 facet normal -1.794323e-17  1.000000e+00 -2.366169e-17
   outer loop
     vertex  5.038044e+01 -1.876035e-01  1.316145e+01
     vertex  6.874949e+01 -1.876035e-01  1.800004e+01
     vertex  5.040764e+01 -1.876035e-01  1.314082e+01
   endloop
 endfacet
 facet normal -1.724882e-17  1.000000e+00 -2.629794e-17
   outer loop
     vertex  5.035189e+01 -1.876035e-01  1.318018e+01
     vertex  6.874949e+01 -1.876035e-01  1.800004e+01
     vertex  5.038044e+01 -1.876035e-01  1.316145e+01
   endloop
 endfacet
 facet normal -2.065402e-17  1.000000e+00 -1.354698e-17
   outer loop
     vertex  5.051931e+01 -1.876035e-01  1.301276e+01
     vertex  5.050058e+01 -1.876035e-01  1.304131e+01
     vertex  6.874949e+01 -1.876035e-01  1.800004e+01
   endloop
 endfacet
 facet normal -2.111253e-17  1.000000e+00 -1.187098e-17
   outer loop
     vertex  5.053604e+01 -1.876035e-01  1.298300e+01
     vertex  5.051931e+01 -1.876035e-01  1.301276e+01
     vertex  6.874949e+01 -1.876035e-01  1.800004e+01
   endloop
 endfacet
 facet normal -1.646622e-17  1.000000e+00 -2.928515e-17
   outer loop
     vertex  5.032213e+01 -1.876035e-01  1.319691e+01
     vertex  6.874949e+01 -1.876035e-01  1.800004e+01
     vertex  5.035189e+01 -1.876035e-01  1.318018e+01
   endloop
 endfacet
 facet normal -1.556739e-17  1.000000e+00 -3.273355e-17
   outer loop
     vertex  5.029130e+01 -1.876035e-01  1.321157e+01
     vertex  6.874949e+01 -1.876035e-01  1.800004e+01
     vertex  5.032213e+01 -1.876035e-01  1.319691e+01
   endloop
 endfacet
 facet normal -2.155830e-17  1.000000e+00 -1.025268e-17
   outer loop
     vertex  5.055070e+01 -1.876035e-01  1.295217e+01
     vertex  5.053604e+01 -1.876035e-01  1.298300e+01
     vertex  6.874949e+01 -1.876035e-01  1.800004e+01
   endloop
 endfacet
 facet normal -1.451229e-17  1.000000e+00 -3.680065e-17
   outer loop
     vertex  5.025954e+01 -1.876035e-01  1.322410e+01
     vertex  6.874949e+01 -1.876035e-01  1.800004e+01
     vertex  5.029130e+01 -1.876035e-01  1.321157e+01
   endloop
 endfacet
 facet normal -2.199615e-17  1.000000e+00 -8.674154e-18
   outer loop
     vertex  5.056323e+01 -1.876035e-01  1.292041e+01
     vertex  5.055070e+01 -1.876035e-01  1.295217e+01
     vertex  6.874949e+01 -1.876035e-01  1.800004e+01
   endloop
 endfacet
 facet normal -1.324150e-17  1.000000e+00 -4.172052e-17
   outer loop
     vertex  5.022699e+01 -1.876035e-01  1.323443e+01
     vertex  6.874949e+01 -1.876035e-01  1.800004e+01
     vertex  5.025954e+01 -1.876035e-01  1.322410e+01
   endloop
 endfacet
 facet normal -2.243048e-17  1.000000e+00 -7.119116e-18
   outer loop
     vertex  5.057355e+01 -1.876035e-01  1.288787e+01
     vertex  5.056323e+01 -1.876035e-01  1.292041e+01
     vertex  6.874949e+01 -1.876035e-01  1.800004e+01
   endloop
 endfacet
 facet normal -1.166254e-17  1.000000e+00 -4.785745e-17
   outer loop
     vertex  5.019382e+01 -1.876035e-01  1.324251e+01
     vertex  6.874949e+01 -1.876035e-01  1.800004e+01
     vertex  5.022699e+01 -1.876035e-01  1.323443e+01
   endloop
 endfacet
 facet normal -2.286557e-17  1.000000e+00 -5.572188e-18
   outer loop
     vertex  5.058164e+01 -1.876035e-01  1.285470e+01
     vertex  5.057355e+01 -1.876035e-01  1.288787e+01
     vertex  6.874949e+01 -1.876035e-01  1.800004e+01
   endloop
 endfacet
 facet normal -9.623000e-18  1.000000e+00 -5.581223e-17
   outer loop
     vertex  5.016018e+01 -1.876035e-01  1.324831e+01
     vertex  6.874949e+01 -1.876035e-01  1.800004e+01
     vertex  5.019382e+01 -1.876035e-01  1.324251e+01
   endloop
 endfacet
 facet normal -2.330565e-17  1.000000e+00 -4.018300e-18
   outer loop
     vertex  5.058744e+01 -1.876035e-01  1.282105e+01
     vertex  5.058164e+01 -1.876035e-01  1.285470e+01
     vertex  6.874949e+01 -1.876035e-01  1.800004e+01
   endloop
 endfacet
 facet normal -6.852076e-18  1.000000e+00 -6.665241e-17
   outer loop
     vertex  5.012622e+01 -1.876035e-01  1.325180e+01
     vertex  6.874949e+01 -1.876035e-01  1.800004e+01
     vertex  5.016018e+01 -1.876035e-01  1.324831e+01
   endloop
 endfacet
 facet normal -2.375511e-17  1.000000e+00 -2.442100e-18
   outer loop
     vertex  5.059093e+01 -1.876035e-01  1.278709e+01
     vertex  5.058744e+01 -1.876035e-01  1.282105e+01
     vertex  6.874949e+01 -1.876035e-01  1.800004e+01
   endloop
 endfacet
 facet normal -2.445776e-17  1.000000e+00  0.000000e+00
   outer loop
     vertex  5.059210e+01 -1.876035e-01  1.275297e+01
     vertex  6.874949e+01 -1.876035e-01  1.800004e+01
     vertex  6.874949e+01 -1.876035e-01  5.600010e+00
   endloop
 endfacet
 facet normal -2.421868e-17  1.000000e+00 -8.273349e-19
   outer loop
     vertex  5.059210e+01 -1.876035e-01  1.275297e+01
     vertex  5.059093e+01 -1.876035e-01  1.278709e+01
     vertex  6.874949e+01 -1.876035e-01  1.800004e+01
   endloop
 endfacet
 facet normal -2.817488e-18  1.000000e+00 -8.247667e-17
   outer loop
     vertex  5.009210e+01 -1.876035e-01  1.325297e+01
     vertex  6.874949e+01 -1.876035e-01  1.800004e+01
     vertex  5.012622e+01 -1.876035e-01  1.325180e+01
   endloop
 endfacet
 facet normal -2.445776e-17  1.000000e+00  0.000000e+00
   outer loop
     vertex  5.059210e+01 -1.876035e-01  7.952957e+00
     vertex  5.059210e+01 -1.876035e-01  1.275297e+01
     vertex  6.874949e+01 -1.876035e-01  5.600010e+00
   endloop
 endfacet
 facet normal -2.434997e-17  1.000000e+00  8.318198e-19
   outer loop
     vertex  5.059093e+01 -1.876035e-01  7.918835e+00
     vertex  5.059210e+01 -1.876035e-01  7.952957e+00
     vertex  6.874949e+01 -1.876035e-01  5.600010e+00
   endloop
 endfacet
 facet normal -2.413929e-17  1.000000e+00  2.481594e-18
   outer loop
     vertex  5.058744e+01 -1.876035e-01  7.884873e+00
     vertex  5.059093e+01 -1.876035e-01  7.918835e+00
     vertex  6.874949e+01 -1.876035e-01  5.600010e+00
   endloop
 endfacet
 facet normal -2.393237e-17  1.000000e+00  4.126358e-18
   outer loop
     vertex  5.058164e+01 -1.876035e-01  7.851229e+00
     vertex  5.058744e+01 -1.876035e-01  7.884873e+00
     vertex  6.874949e+01 -1.876035e-01  5.600010e+00
   endloop
 endfacet
 facet normal -2.372720e-17  1.000000e+00  5.782160e-18
   outer loop
     vertex  5.057355e+01 -1.876035e-01  7.818058e+00
     vertex  5.058164e+01 -1.876035e-01  7.851229e+00
     vertex  6.874949e+01 -1.876035e-01  5.600010e+00
   endloop
 endfacet
 facet normal -2.352178e-17  1.000000e+00  7.465478e-18
   outer loop
     vertex  5.056323e+01 -1.876035e-01  7.785517e+00
     vertex  5.057355e+01 -1.876035e-01  7.818058e+00
     vertex  6.874949e+01 -1.876035e-01  5.600010e+00
   endloop
 endfacet
 facet normal -2.331407e-17  1.000000e+00  9.193877e-18
   outer loop
     vertex  5.055070e+01 -1.876035e-01  7.753756e+00
     vertex  5.056323e+01 -1.876035e-01  7.785517e+00
     vertex  6.874949e+01 -1.876035e-01  5.600010e+00
   endloop
 endfacet
 facet normal -2.310189e-17  1.000000e+00  1.098678e-17
   outer loop
     vertex  5.053604e+01 -1.876035e-01  7.722924e+00
     vertex  5.055070e+01 -1.876035e-01  7.753756e+00
     vertex  6.874949e+01 -1.876035e-01  5.600010e+00
   endloop
 endfacet
 facet normal -2.288281e-17  1.000000e+00  1.286636e-17
   outer loop
     vertex  5.051931e+01 -1.876035e-01  7.693165e+00
     vertex  5.053604e+01 -1.876035e-01  7.722924e+00
     vertex  6.874949e+01 -1.876035e-01  5.600010e+00
   endloop
 endfacet
 facet normal -2.265404e-17  1.000000e+00  1.485879e-17
   outer loop
     vertex  5.050058e+01 -1.876035e-01  7.664616e+00
     vertex  5.051931e+01 -1.876035e-01  7.693165e+00
     vertex  6.874949e+01 -1.876035e-01  5.600010e+00
   endloop
 endfacet
 facet normal -2.241228e-17  1.000000e+00  1.699577e-17
   outer loop
     vertex  5.047995e+01 -1.876035e-01  7.637413e+00
     vertex  5.050058e+01 -1.876035e-01  7.664616e+00
     vertex  6.874949e+01 -1.876035e-01  5.600010e+00
   endloop
 endfacet
 facet normal -2.215344e-17  1.000000e+00  1.931680e-17
   outer loop
     vertex  5.045751e+01 -1.876035e-01  7.611680e+00
     vertex  5.047995e+01 -1.876035e-01  7.637413e+00
     vertex  6.874949e+01 -1.876035e-01  5.600010e+00
   endloop
 endfacet
 facet normal -2.187238e-17  1.000000e+00  2.187238e-17
   outer loop
     vertex  5.043337e+01 -1.876035e-01  7.587539e+00
     vertex  5.045751e+01 -1.876035e-01  7.611680e+00
     vertex  6.874949e+01 -1.876035e-01  5.600010e+00
   endloop
 endfacet
 facet normal -2.156242e-17  1.000000e+00  2.472883e-17
   outer loop
     vertex  5.040764e+01 -1.876035e-01  7.565101e+00
     vertex  5.043337e+01 -1.876035e-01  7.587539e+00
     vertex  6.874949e+01 -1.876035e-01  5.600010e+00
   endloop
 endfacet
 facet normal -2.121457e-17  1.000000e+00  2.797561e-17
   outer loop
     vertex  5.038044e+01 -1.876035e-01  7.544472e+00
     vertex  5.040764e+01 -1.876035e-01  7.565101e+00
     vertex  6.874949e+01 -1.876035e-01  5.600010e+00
   endloop
 endfacet
 facet normal -2.081640e-17  1.000000e+00  3.173715e-17
   outer loop
     vertex  5.035189e+01 -1.876035e-01  7.525747e+00
     vertex  5.038044e+01 -1.876035e-01  7.544472e+00
     vertex  6.874949e+01 -1.876035e-01  5.600010e+00
   endloop
 endfacet
 facet normal -2.035004e-17  1.000000e+00  3.619252e-17
   outer loop
     vertex  5.032213e+01 -1.876035e-01  7.509014e+00
     vertex  5.035189e+01 -1.876035e-01  7.525747e+00
     vertex  6.874949e+01 -1.876035e-01  5.600010e+00
   endloop
 endfacet
 facet normal -1.978881e-17  1.000000e+00  4.160994e-17
   outer loop
     vertex  5.029130e+01 -1.876035e-01  7.494351e+00
     vertex  5.032213e+01 -1.876035e-01  7.509014e+00
     vertex  6.874949e+01 -1.876035e-01  5.600010e+00
   endloop
 endfacet
 facet normal -1.909083e-17  1.000000e+00  4.841102e-17
   outer loop
     vertex  5.025954e+01 -1.876035e-01  7.481826e+00
     vertex  5.029130e+01 -1.876035e-01  7.494351e+00
     vertex  6.874949e+01 -1.876035e-01  5.600010e+00
   endloop
 endfacet
 facet normal -1.818616e-17  1.000000e+00  5.729988e-17
   outer loop
     vertex  5.022699e+01 -1.876035e-01  7.471498e+00
     vertex  5.025954e+01 -1.876035e-01  7.481826e+00
     vertex  6.874949e+01 -1.876035e-01  5.600010e+00
   endloop
 endfacet
 facet normal -1.694856e-17  1.000000e+00  6.954872e-17
   outer loop
     vertex  5.019382e+01 -1.876035e-01  7.463415e+00
     vertex  5.022699e+01 -1.876035e-01  7.471498e+00
     vertex  6.874949e+01 -1.876035e-01  5.600010e+00
   endloop
 endfacet
 facet normal -1.512401e-17  1.000000e+00  8.771743e-17
   outer loop
     vertex  5.016018e+01 -1.876035e-01  7.457614e+00
     vertex  5.019382e+01 -1.876035e-01  7.463415e+00
     vertex  6.874949e+01 -1.876035e-01  5.600010e+00
   endloop
 endfacet
 facet normal -4.211665e-32  1.000000e+00 -9.355024e-17
   outer loop
     vertex  3.825507e+01 -1.876035e-01  1.325297e+01
     vertex  6.874949e+01 -1.876035e-01  1.800004e+01
     vertex  5.009210e+01 -1.876035e-01  1.325297e+01
   endloop
 endfacet
 facet normal -6.513382e-18  1.000000e+00 -5.170928e-17
   outer loop
     vertex  5.684481e-01 -1.876035e-01  1.800004e+01
     vertex  6.874949e+01 -1.876035e-01  1.800004e+01
     vertex  3.825507e+01 -1.876035e-01  1.325297e+01
   endloop
 endfacet
 facet normal  0.000000e+00  1.000000e+00  0.000000e+00
   outer loop
     vertex  5.684481e-01 -1.876035e-01  1.800004e+01
     vertex  3.775973e+01 -1.876035e-01  1.282105e+01
     vertex  3.775624e+01 -1.876035e-01  1.278709e+01
   endloop
 endfacet
 facet normal  0.000000e+00  1.000000e+00  0.000000e+00
   outer loop
     vertex  5.684481e-01 -1.876035e-01  1.800004e+01
     vertex  3.776553e+01 -1.876035e-01  1.285470e+01
     vertex  3.775973e+01 -1.876035e-01  1.282105e+01
   endloop
 endfacet
 facet normal  0.000000e+00  1.000000e+00  0.000000e+00
   outer loop
     vertex  5.684481e-01 -1.876035e-01  1.800004e+01
     vertex  3.777361e+01 -1.876035e-01  1.288787e+01
     vertex  3.776553e+01 -1.876035e-01  1.285470e+01
   endloop
 endfacet
 facet normal  0.000000e+00  1.000000e+00  0.000000e+00
   outer loop
     vertex  5.684481e-01 -1.876035e-01  1.800004e+01
     vertex  3.778394e+01 -1.876035e-01  1.292041e+01
     vertex  3.777361e+01 -1.876035e-01  1.288787e+01
   endloop
 endfacet
 facet normal  0.000000e+00  1.000000e+00  0.000000e+00
   outer loop
     vertex  5.684481e-01 -1.876035e-01  1.800004e+01
     vertex  3.779646e+01 -1.876035e-01  1.295217e+01
     vertex  3.778394e+01 -1.876035e-01  1.292041e+01
   endloop
 endfacet
 facet normal  0.000000e+00  1.000000e+00  0.000000e+00
   outer loop
     vertex  5.684481e-01 -1.876035e-01  1.800004e+01
     vertex  3.781113e+01 -1.876035e-01  1.298300e+01
     vertex  3.779646e+01 -1.876035e-01  1.295217e+01
   endloop
 endfacet
 facet normal  0.000000e+00  1.000000e+00  0.000000e+00
   outer loop
     vertex  5.684481e-01 -1.876035e-01  1.800004e+01
     vertex  3.782786e+01 -1.876035e-01  1.301276e+01
     vertex  3.781113e+01 -1.876035e-01  1.298300e+01
   endloop
 endfacet
 facet normal  0.000000e+00  1.000000e+00  0.000000e+00
   outer loop
     vertex  5.684481e-01 -1.876035e-01  1.800004e+01
     vertex  3.784658e+01 -1.876035e-01  1.304131e+01
     vertex  3.782786e+01 -1.876035e-01  1.301276e+01
   endloop
 endfacet
 facet normal  0.000000e+00  1.000000e+00  0.000000e+00
   outer loop
     vertex  5.684481e-01 -1.876035e-01  1.800004e+01
     vertex  3.786721e+01 -1.876035e-01  1.306851e+01
     vertex  3.784658e+01 -1.876035e-01  1.304131e+01
   endloop
 endfacet
 facet normal  0.000000e+00  1.000000e+00  0.000000e+00
   outer loop
     vertex  5.684481e-01 -1.876035e-01  1.800004e+01
     vertex  3.788965e+01 -1.876035e-01  1.309425e+01
     vertex  3.786721e+01 -1.876035e-01  1.306851e+01
   endloop
 endfacet
 facet normal  0.000000e+00  1.000000e+00  0.000000e+00
   outer loop
     vertex  5.684481e-01 -1.876035e-01  1.800004e+01
     vertex  3.791379e+01 -1.876035e-01  1.311839e+01
     vertex  3.788965e+01 -1.876035e-01  1.309425e+01
   endloop
 endfacet
 facet normal  0.000000e+00  1.000000e+00  0.000000e+00
   outer loop
     vertex  5.684481e-01 -1.876035e-01  1.800004e+01
     vertex  3.793953e+01 -1.876035e-01  1.314082e+01
     vertex  3.791379e+01 -1.876035e-01  1.311839e+01
   endloop
 endfacet
 facet normal  0.000000e+00  1.000000e+00  0.000000e+00
   outer loop
     vertex  5.684481e-01 -1.876035e-01  1.800004e+01
     vertex  3.796673e+01 -1.876035e-01  1.316145e+01
     vertex  3.793953e+01 -1.876035e-01  1.314082e+01
   endloop
 endfacet
 facet normal  0.000000e+00  1.000000e+00  0.000000e+00
   outer loop
     vertex  5.684481e-01 -1.876035e-01  1.800004e+01
     vertex  3.799528e+01 -1.876035e-01  1.318018e+01
     vertex  3.796673e+01 -1.876035e-01  1.316145e+01
   endloop
 endfacet
 facet normal  0.000000e+00  1.000000e+00  0.000000e+00
   outer loop
     vertex  5.684481e-01 -1.876035e-01  1.800004e+01
     vertex  3.802504e+01 -1.876035e-01  1.319691e+01
     vertex  3.799528e+01 -1.876035e-01  1.318018e+01
   endloop
 endfacet
 facet normal  0.000000e+00  1.000000e+00  0.000000e+00
   outer loop
     vertex  5.684481e-01 -1.876035e-01  1.800004e+01
     vertex  3.805587e+01 -1.876035e-01  1.321157e+01
     vertex  3.802504e+01 -1.876035e-01  1.319691e+01
   endloop
 endfacet
 facet normal  0.000000e+00  1.000000e+00  0.000000e+00
   outer loop
     vertex  5.684481e-01 -1.876035e-01  1.800004e+01
     vertex  3.808763e+01 -1.876035e-01  1.322410e+01
     vertex  3.805587e+01 -1.876035e-01  1.321157e+01
   endloop
 endfacet
 facet normal  0.000000e+00  1.000000e+00  0.000000e+00
   outer loop
     vertex  5.684481e-01 -1.876035e-01  1.800004e+01
     vertex  3.812017e+01 -1.876035e-01  1.323443e+01
     vertex  3.808763e+01 -1.876035e-01  1.322410e+01
   endloop
 endfacet
 facet normal  0.000000e+00  1.000000e+00  0.000000e+00
   outer loop
     vertex  5.684481e-01 -1.876035e-01  1.800004e+01
     vertex  3.815334e+01 -1.876035e-01  1.324251e+01
     vertex  3.812017e+01 -1.876035e-01  1.323443e+01
   endloop
 endfacet
 facet normal  0.000000e+00  1.000000e+00  0.000000e+00
   outer loop
     vertex  5.684481e-01 -1.876035e-01  1.800004e+01
     vertex  3.818699e+01 -1.876035e-01  1.324831e+01
     vertex  3.815334e+01 -1.876035e-01  1.324251e+01
   endloop
 endfacet
 facet normal  0.000000e+00  1.000000e+00  0.000000e+00
   outer loop
     vertex  5.684481e-01 -1.876035e-01  1.800004e+01
     vertex  3.822095e+01 -1.876035e-01  1.325180e+01
     vertex  3.818699e+01 -1.876035e-01  1.324831e+01
   endloop
 endfacet
 facet normal  0.000000e+00  1.000000e+00  0.000000e+00
   outer loop
     vertex  5.684481e-01 -1.876035e-01  1.800004e+01
     vertex  3.825507e+01 -1.876035e-01  1.325297e+01
     vertex  3.822095e+01 -1.876035e-01  1.325180e+01
   endloop
 endfacet
 facet normal  0.000000e+00  1.000000e+00  0.000000e+00
   outer loop
     vertex  5.684481e-01 -1.876035e-01  1.800004e+01
     vertex  3.775624e+01 -1.876035e-01  1.278709e+01
     vertex  3.775507e+01 -1.876035e-01  1.275297e+01
   endloop
 endfacet
 facet normal  0.000000e+00  1.000000e+00  0.000000e+00
   outer loop
     vertex  5.684481e-01 -1.876035e-01  5.600010e+00
     vertex  3.799528e+01 -1.876035e-01  7.525747e+00
     vertex  3.802504e+01 -1.876035e-01  7.509014e+00
   endloop
 endfacet
 facet normal  0.000000e+00  1.000000e+00  0.000000e+00
   outer loop
     vertex  5.684481e-01 -1.876035e-01  5.600010e+00
     vertex  3.796673e+01 -1.876035e-01  7.544472e+00
     vertex  3.799528e+01 -1.876035e-01  7.525747e+00
   endloop
 endfacet
 facet normal  0.000000e+00  1.000000e+00  0.000000e+00
   outer loop
     vertex  5.684481e-01 -1.876035e-01  5.600010e+00
     vertex  3.793953e+01 -1.876035e-01  7.565101e+00
     vertex  3.796673e+01 -1.876035e-01  7.544472e+00
   endloop
 endfacet
 facet normal  0.000000e+00  1.000000e+00  0.000000e+00
   outer loop
     vertex  5.684481e-01 -1.876035e-01  5.600010e+00
     vertex  3.791379e+01 -1.876035e-01  7.587539e+00
     vertex  3.793953e+01 -1.876035e-01  7.565101e+00
   endloop
 endfacet
 facet normal  0.000000e+00  1.000000e+00  0.000000e+00
   outer loop
     vertex  5.684481e-01 -1.876035e-01  5.600010e+00
     vertex  3.788965e+01 -1.876035e-01  7.611680e+00
     vertex  3.791379e+01 -1.876035e-01  7.587539e+00
   endloop
 endfacet
 facet normal  0.000000e+00  1.000000e+00  0.000000e+00
   outer loop
     vertex  5.684481e-01 -1.876035e-01  5.600010e+00
     vertex  3.786721e+01 -1.876035e-01  7.637413e+00
     vertex  3.788965e+01 -1.876035e-01  7.611680e+00
   endloop
 endfacet
 facet normal  0.000000e+00  1.000000e+00  0.000000e+00
   outer loop
     vertex  5.684481e-01 -1.876035e-01  5.600010e+00
     vertex  3.784658e+01 -1.876035e-01  7.664616e+00
     vertex  3.786721e+01 -1.876035e-01  7.637413e+00
   endloop
 endfacet
 facet normal  0.000000e+00  1.000000e+00  0.000000e+00
   outer loop
     vertex  5.684481e-01 -1.876035e-01  5.600010e+00
     vertex  3.782786e+01 -1.876035e-01  7.693165e+00
     vertex  3.784658e+01 -1.876035e-01  7.664616e+00
   endloop
 endfacet
 facet normal  0.000000e+00  1.000000e+00  0.000000e+00
   outer loop
     vertex  5.684481e-01 -1.876035e-01  5.600010e+00
     vertex  3.781113e+01 -1.876035e-01  7.722924e+00
     vertex  3.782786e+01 -1.876035e-01  7.693165e+00
   endloop
 endfacet
 facet normal  0.000000e+00  1.000000e+00  0.000000e+00
   outer loop
     vertex  5.684481e-01 -1.876035e-01  5.600010e+00
     vertex  3.779646e+01 -1.876035e-01  7.753756e+00
     vertex  3.781113e+01 -1.876035e-01  7.722924e+00
   endloop
 endfacet
 facet normal  0.000000e+00  1.000000e+00  0.000000e+00
   outer loop
     vertex  5.684481e-01 -1.876035e-01  5.600010e+00
     vertex  3.778394e+01 -1.876035e-01  7.785517e+00
     vertex  3.779646e+01 -1.876035e-01  7.753756e+00
   endloop
 endfacet
 facet normal  0.000000e+00  1.000000e+00  0.000000e+00
   outer loop
     vertex  5.684481e-01 -1.876035e-01  5.600010e+00
     vertex  3.777361e+01 -1.876035e-01  7.818058e+00
     vertex  3.778394e+01 -1.876035e-01  7.785517e+00
   endloop
 endfacet
 facet normal  0.000000e+00  1.000000e+00  0.000000e+00
   outer loop
     vertex  5.684481e-01 -1.876035e-01  5.600010e+00
     vertex  3.776553e+01 -1.876035e-01  7.851229e+00
     vertex  3.777361e+01 -1.876035e-01  7.818058e+00
   endloop
 endfacet
 facet normal  0.000000e+00  1.000000e+00  0.000000e+00
   outer loop
     vertex  5.684481e-01 -1.876035e-01  5.600010e+00
     vertex  3.775973e+01 -1.876035e-01  7.884873e+00
     vertex  3.776553e+01 -1.876035e-01  7.851229e+00
   endloop
 endfacet
 facet normal  0.000000e+00  1.000000e+00  0.000000e+00
   outer loop
     vertex  5.684481e-01 -1.876035e-01  5.600010e+00
     vertex  3.775624e+01 -1.876035e-01  7.918835e+00
     vertex  3.775973e+01 -1.876035e-01  7.884873e+00
   endloop
 endfacet
 facet normal  0.000000e+00  1.000000e+00  0.000000e+00
   outer loop
     vertex  5.684481e-01 -1.876035e-01  5.600010e+00
     vertex  3.775507e+01 -1.876035e-01  7.952957e+00
     vertex  3.775624e+01 -1.876035e-01  7.918835e+00
   endloop
 endfacet
 facet normal  0.000000e+00  1.000000e+00  0.000000e+00
   outer loop
     vertex  5.684481e-01 -1.876035e-01  5.600010e+00
     vertex  3.775507e+01 -1.876035e-01  1.275297e+01
     vertex  3.775507e+01 -1.876035e-01  7.952957e+00
   endloop
 endfacet
 facet normal  0.000000e+00  1.000000e+00  0.000000e+00
   outer loop
     vertex  5.684481e-01 -1.876035e-01  5.600010e+00
     vertex  5.684481e-01 -1.876035e-01  1.800004e+01
     vertex  3.775507e+01 -1.876035e-01  1.275297e+01
   endloop
 endfacet
 facet normal -6.513382e-18  1.000000e+00  1.740830e-16
   outer loop
     vertex  5.684481e-01 -1.876035e-01  5.600010e+00
     vertex  5.009210e+01 -1.876035e-01  7.452957e+00
     vertex  6.874949e+01 -1.876035e-01  5.600010e+00
   endloop
 endfacet
 facet normal -6.091848e-18  1.000000e+00  1.783274e-16
   outer loop
     vertex  5.009210e+01 -1.876035e-01  7.452957e+00
     vertex  5.012622e+01 -1.876035e-01  7.454122e+00
     vertex  6.874949e+01 -1.876035e-01  5.600010e+00
   endloop
 endfacet
 facet normal -1.211411e-17  1.000000e+00  1.178380e-16
   outer loop
     vertex  5.012622e+01 -1.876035e-01  7.454122e+00
     vertex  5.016018e+01 -1.876035e-01  7.457614e+00
     vertex  6.874949e+01 -1.876035e-01  5.600010e+00
   endloop
 endfacet
 facet normal  0.000000e+00  1.000000e+00  0.000000e+00
   outer loop
     vertex  5.684481e-01 -1.876035e-01  5.600010e+00
     vertex  3.825507e+01 -1.876035e-01  7.452957e+00
     vertex  5.009210e+01 -1.876035e-01  7.452957e+00
   endloop
 endfacet
 facet normal  0.000000e+00  1.000000e+00  0.000000e+00
   outer loop
     vertex  5.684481e-01 -1.876035e-01  5.600010e+00
     vertex  3.822095e+01 -1.876035e-01  7.454122e+00
     vertex  3.825507e+01 -1.876035e-01  7.452957e+00
   endloop
 endfacet
 facet normal  0.000000e+00  1.000000e+00  0.000000e+00
   outer loop
     vertex  5.684481e-01 -1.876035e-01  5.600010e+00
     vertex  3.818699e+01 -1.876035e-01  7.457614e+00
     vertex  3.822095e+01 -1.876035e-01  7.454122e+00
   endloop
 endfacet
 facet normal  0.000000e+00  1.000000e+00  0.000000e+00
   outer loop
     vertex  5.684481e-01 -1.876035e-01  5.600010e+00
     vertex  3.815334e+01 -1.876035e-01  7.463415e+00
     vertex  3.818699e+01 -1.876035e-01  7.457614e+00
   endloop
 endfacet
 facet normal  0.000000e+00  1.000000e+00  0.000000e+00
   outer loop
     vertex  5.684481e-01 -1.876035e-01  5.600010e+00
     vertex  3.812017e+01 -1.876035e-01  7.471498e+00
     vertex  3.815334e+01 -1.876035e-01  7.463415e+00
   endloop
 endfacet
 facet normal  0.000000e+00  1.000000e+00  0.000000e+00
   outer loop
     vertex  5.684481e-01 -1.876035e-01  5.600010e+00
     vertex  3.808763e+01 -1.876035e-01  7.481826e+00
     vertex  3.812017e+01 -1.876035e-01  7.471498e+00
   endloop
 endfacet
 facet normal  0.000000e+00  1.000000e+00  0.000000e+00
   outer loop
     vertex  5.684481e-01 -1.876035e-01  5.600010e+00
     vertex  3.805587e+01 -1.876035e-01  7.494351e+00
     vertex  3.808763e+01 -1.876035e-01  7.481826e+00
   endloop
 endfacet
 facet normal  0.000000e+00  1.000000e+00  0.000000e+00
   outer loop
     vertex  5.684481e-01 -1.876035e-01  5.600010e+00
     vertex  3.802504e+01 -1.876035e-01  7.509014e+00
     vertex  3.805587e+01 -1.876035e-01  7.494351e+00
   endloop
 endfacet
 facet normal  3.414111e-02  9.994170e-01  0.000000e+00
   outer loop
     vertex  5.172662e-01 -1.858551e-01  5.600010e+00
     vertex  5.684481e-01 -1.876035e-01  1.800004e+01
     vertex  5.684481e-01 -1.876035e-01  5.600010e+00
   endloop
 endfacet
 facet normal  3.414111e-02  9.994170e-01 -0.000000e+00
   outer loop
     vertex  5.172662e-01 -1.858551e-01  5.600010e+00
     vertex  5.172662e-01 -1.858551e-01  1.800004e+01
     vertex  5.684481e-01 -1.876035e-01  1.800004e+01
   endloop
 endfacet
 facet normal  1.022641e-01  9.947573e-01  0.000000e+00
   outer loop
     vertex  4.663229e-01 -1.806180e-01  5.600010e+00
     vertex  5.172662e-01 -1.858551e-01  1.800004e+01
     vertex  5.172662e-01 -1.858551e-01  5.600010e+00
   endloop
 endfacet
 facet normal  1.022641e-01  9.947573e-01 -0.000000e+00
   outer loop
     vertex  4.663229e-01 -1.806180e-01  5.600010e+00
     vertex  4.663229e-01 -1.806180e-01  1.800004e+01
     vertex  5.172662e-01 -1.858551e-01  1.800004e+01
   endloop
 endfacet
 facet normal  1.699104e-01  9.854595e-01  0.000000e+00
   outer loop
     vertex  4.158558e-01 -1.719165e-01  5.600010e+00
     vertex  4.663229e-01 -1.806180e-01  1.800004e+01
     vertex  4.663229e-01 -1.806180e-01  5.600010e+00
   endloop
 endfacet
 facet normal  1.699104e-01  9.854595e-01 -0.000000e+00
   outer loop
     vertex  4.158558e-01 -1.719165e-01  5.600010e+00
     vertex  4.158558e-01 -1.719165e-01  1.800004e+01
     vertex  4.663229e-01 -1.806180e-01  1.800004e+01
   endloop
 endfacet
 facet normal  2.367644e-01  9.715671e-01  0.000000e+00
   outer loop
     vertex  3.661001e-01 -1.597914e-01  5.600010e+00
     vertex  4.158558e-01 -1.719165e-01  1.800004e+01
     vertex  4.158558e-01 -1.719165e-01  5.600010e+00
   endloop
 endfacet
 facet normal  2.367644e-01  9.715671e-01 -0.000000e+00
   outer loop
     vertex  3.661001e-01 -1.597914e-01  5.600010e+00
     vertex  3.661001e-01 -1.597914e-01  1.800004e+01
     vertex  4.158558e-01 -1.719165e-01  1.800004e+01
   endloop
 endfacet
 facet normal  3.025146e-01  9.531448e-01  0.000000e+00
   outer loop
     vertex  3.172879e-01 -1.442991e-01  5.600010e+00
     vertex  3.661001e-01 -1.597914e-01  1.800004e+01
     vertex  3.661001e-01 -1.597914e-01  5.600010e+00
   endloop
 endfacet
 facet normal  3.025146e-01  9.531448e-01 -0.000000e+00
   outer loop
     vertex  3.172879e-01 -1.442991e-01  5.600010e+00
     vertex  3.172879e-01 -1.442991e-01  1.800004e+01
     vertex  3.661001e-01 -1.597914e-01  1.800004e+01
   endloop
 endfacet
 facet normal  3.668542e-01  9.302784e-01  0.000000e+00
   outer loop
     vertex  2.696467e-01 -1.255119e-01  5.600010e+00
     vertex  3.172879e-01 -1.442991e-01  1.800004e+01
     vertex  3.172879e-01 -1.442991e-01  5.600010e+00
   endloop
 endfacet
 facet normal  3.668542e-01  9.302784e-01 -0.000000e+00
   outer loop
     vertex  2.696467e-01 -1.255119e-01  5.600010e+00
     vertex  2.696467e-01 -1.255119e-01  1.800004e+01
     vertex  3.172879e-01 -1.442991e-01  1.800004e+01
   endloop
 endfacet
 facet normal  4.294834e-01  9.030747e-01  0.000000e+00
   outer loop
     vertex  2.233987e-01 -1.035173e-01  5.600010e+00
     vertex  2.696467e-01 -1.255119e-01  1.800004e+01
     vertex  2.696467e-01 -1.255119e-01  5.600010e+00
   endloop
 endfacet
 facet normal  4.294834e-01  9.030747e-01 -0.000000e+00
   outer loop
     vertex  2.233987e-01 -1.035173e-01  5.600010e+00
     vertex  2.233987e-01 -1.035173e-01  1.800004e+01
     vertex  2.696467e-01 -1.255119e-01  1.800004e+01
   endloop
 endfacet
 facet normal  4.901102e-01  8.716605e-01  0.000000e+00
   outer loop
     vertex  1.787594e-01 -7.841787e-02  5.600010e+00
     vertex  2.233987e-01 -1.035173e-01  1.800004e+01
     vertex  2.233987e-01 -1.035173e-01  5.600010e+00
   endloop
 endfacet
 facet normal  4.901102e-01  8.716605e-01 -0.000000e+00
   outer loop
     vertex  1.787594e-01 -7.841787e-02  5.600010e+00
     vertex  1.787594e-01 -7.841787e-02  1.800004e+01
     vertex  2.233987e-01 -1.035173e-01  1.800004e+01
   endloop
 endfacet
 facet normal  5.484519e-01  8.361821e-01  0.000000e+00
   outer loop
     vertex  1.359371e-01 -5.033069e-02  5.600010e+00
     vertex  1.787594e-01 -7.841787e-02  1.800004e+01
     vertex  1.787594e-01 -7.841787e-02  5.600010e+00
   endloop
 endfacet
 facet normal  5.484519e-01  8.361821e-01 -0.000000e+00
   outer loop
     vertex  1.359371e-01 -5.033069e-02  5.600010e+00
     vertex  1.359371e-01 -5.033069e-02  1.800004e+01
     vertex  1.787594e-01 -7.841787e-02  1.800004e+01
   endloop
 endfacet
 facet normal  6.042364e-01  7.968051e-01  0.000000e+00
   outer loop
     vertex  9.513130e-02 -1.938669e-02  5.600010e+00
     vertex  1.359371e-01 -5.033069e-02  1.800004e+01
     vertex  1.359371e-01 -5.033069e-02  5.600010e+00
   endloop
 endfacet
 facet normal  6.042364e-01  7.968051e-01 -0.000000e+00
   outer loop
     vertex  9.513130e-02 -1.938669e-02  5.600010e+00
     vertex  9.513130e-02 -1.938669e-02  1.800004e+01
     vertex  1.359371e-01 -5.033069e-02  1.800004e+01
   endloop
 endfacet
 facet normal  6.572037e-01  7.537130e-01  0.000000e+00
   outer loop
     vertex  5.653233e-02  1.426986e-02  5.600010e+00
     vertex  9.513130e-02 -1.938669e-02  1.800004e+01
     vertex  9.513130e-02 -1.938669e-02  5.600010e+00
   endloop
 endfacet
 facet normal  6.572037e-01  7.537130e-01 -0.000000e+00
   outer loop
     vertex  5.653233e-02  1.426986e-02  5.600010e+00
     vertex  5.653233e-02  1.426986e-02  1.800004e+01
     vertex  9.513130e-02 -1.938669e-02  1.800004e+01
   endloop
 endfacet
 facet normal  7.071068e-01  7.071068e-01  0.000000e+00
   outer loop
     vertex  2.032016e-02  5.048204e-02  5.600010e+00
     vertex  5.653233e-02  1.426986e-02  1.800004e+01
     vertex  5.653233e-02  1.426986e-02  5.600010e+00
   endloop
 endfacet
 facet normal  7.071068e-01  7.071068e-01 -0.000000e+00
   outer loop
     vertex  2.032016e-02  5.048204e-02  5.600010e+00
     vertex  2.032016e-02  5.048204e-02  1.800004e+01
     vertex  5.653233e-02  1.426986e-02  1.800004e+01
   endloop
 endfacet
 facet normal  7.537130e-01  6.572037e-01  0.000000e+00
   outer loop
     vertex -1.333640e-02  8.908101e-02  5.600010e+00
     vertex  2.032016e-02  5.048204e-02  1.800004e+01
     vertex  2.032016e-02  5.048204e-02  5.600010e+00
   endloop
 endfacet
 facet normal  7.537130e-01  6.572037e-01 -0.000000e+00
   outer loop
     vertex -1.333640e-02  8.908101e-02  5.600010e+00
     vertex -1.333640e-02  8.908101e-02  1.800004e+01
     vertex  2.032016e-02  5.048204e-02  1.800004e+01
   endloop
 endfacet
 facet normal  7.968051e-01  6.042364e-01  0.000000e+00
   outer loop
     vertex -4.428040e-02  1.298868e-01  5.600010e+00
     vertex -1.333640e-02  8.908101e-02  1.800004e+01
     vertex -1.333640e-02  8.908101e-02  5.600010e+00
   endloop
 endfacet
 facet normal  7.968051e-01  6.042364e-01 -0.000000e+00
   outer loop
     vertex -4.428040e-02  1.298868e-01  5.600010e+00
     vertex -4.428040e-02  1.298868e-01  1.800004e+01
     vertex -1.333640e-02  8.908101e-02  1.800004e+01
   endloop
 endfacet
 facet normal  8.361821e-01  5.484519e-01  0.000000e+00
   outer loop
     vertex -7.236758e-02  1.727091e-01  5.600010e+00
     vertex -4.428040e-02  1.298868e-01  1.800004e+01
     vertex -4.428040e-02  1.298868e-01  5.600010e+00
   endloop
 endfacet
 facet normal  8.361821e-01  5.484519e-01 -0.000000e+00
   outer loop
     vertex -7.236758e-02  1.727091e-01  5.600010e+00
     vertex -7.236758e-02  1.727091e-01  1.800004e+01
     vertex -4.428040e-02  1.298868e-01  1.800004e+01
   endloop
 endfacet
 facet normal  8.716605e-01  4.901102e-01  0.000000e+00
   outer loop
     vertex -9.746698e-02  2.173484e-01  5.600010e+00
     vertex -7.236758e-02  1.727091e-01  1.800004e+01
     vertex -7.236758e-02  1.727091e-01  5.600010e+00
   endloop
 endfacet
 facet normal  8.716605e-01  4.901102e-01 -0.000000e+00
   outer loop
     vertex -9.746698e-02  2.173484e-01  5.600010e+00
     vertex -9.746698e-02  2.173484e-01  1.800004e+01
     vertex -7.236758e-02  1.727091e-01  1.800004e+01
   endloop
 endfacet
 facet normal  9.030747e-01  4.294834e-01  0.000000e+00
   outer loop
     vertex -1.194616e-01  2.635964e-01  5.600010e+00
     vertex -9.746698e-02  2.173484e-01  1.800004e+01
     vertex -9.746698e-02  2.173484e-01  5.600010e+00
   endloop
 endfacet
 facet normal  9.030747e-01  4.294834e-01 -0.000000e+00
   outer loop
     vertex -1.194616e-01  2.635964e-01  5.600010e+00
     vertex -1.194616e-01  2.635964e-01  1.800004e+01
     vertex -9.746698e-02  2.173484e-01  1.800004e+01
   endloop
 endfacet
 facet normal  9.302784e-01  3.668542e-01  0.000000e+00
   outer loop
     vertex -1.382488e-01  3.112376e-01  5.600010e+00
     vertex -1.194616e-01  2.635964e-01  1.800004e+01
     vertex -1.194616e-01  2.635964e-01  5.600010e+00
   endloop
 endfacet
 facet normal  9.302784e-01  3.668542e-01 -0.000000e+00
   outer loop
     vertex -1.382488e-01  3.112376e-01  5.600010e+00
     vertex -1.382488e-01  3.112376e-01  1.800004e+01
     vertex -1.194616e-01  2.635964e-01  1.800004e+01
   endloop
 endfacet
 facet normal  9.531448e-01  3.025146e-01  0.000000e+00
   outer loop
     vertex -1.537411e-01  3.600498e-01  5.600010e+00
     vertex -1.382488e-01  3.112376e-01  1.800004e+01
     vertex -1.382488e-01  3.112376e-01  5.600010e+00
   endloop
 endfacet
 facet normal  9.531448e-01  3.025146e-01 -0.000000e+00
   outer loop
     vertex -1.537411e-01  3.600498e-01  5.600010e+00
     vertex -1.537411e-01  3.600498e-01  1.800004e+01
     vertex -1.382488e-01  3.112376e-01  1.800004e+01
   endloop
 endfacet
 facet normal  9.715671e-01  2.367644e-01  0.000000e+00
   outer loop
     vertex -1.658663e-01  4.098055e-01  5.600010e+00
     vertex -1.537411e-01  3.600498e-01  1.800004e+01
     vertex -1.537411e-01  3.600498e-01  5.600010e+00
   endloop
 endfacet
 facet normal  9.715671e-01  2.367644e-01 -0.000000e+00
   outer loop
     vertex -1.658663e-01  4.098055e-01  5.600010e+00
     vertex -1.658663e-01  4.098055e-01  1.800004e+01
     vertex -1.537411e-01  3.600498e-01  1.800004e+01
   endloop
 endfacet
 facet normal  9.854595e-01  1.699104e-01  0.000000e+00
   outer loop
     vertex -1.745677e-01  4.602726e-01  5.600010e+00
     vertex -1.658663e-01  4.098055e-01  1.800004e+01
     vertex -1.658663e-01  4.098055e-01  5.600010e+00
   endloop
 endfacet
 facet normal  9.854595e-01  1.699104e-01 -0.000000e+00
   outer loop
     vertex -1.745677e-01  4.602726e-01  5.600010e+00
     vertex -1.745677e-01  4.602726e-01  1.800004e+01
     vertex -1.658663e-01  4.098055e-01  1.800004e+01
   endloop
 endfacet
 facet normal  9.947573e-01  1.022641e-01  0.000000e+00
   outer loop
     vertex -1.798048e-01  5.112159e-01  5.600010e+00
     vertex -1.745677e-01  4.602726e-01  1.800004e+01
     vertex -1.745677e-01  4.602726e-01  5.600010e+00
   endloop
 endfacet
 facet normal  9.947573e-01  1.022641e-01 -0.000000e+00
   outer loop
     vertex -1.798048e-01  5.112159e-01  5.600010e+00
     vertex -1.798048e-01  5.112159e-01  1.800004e+01
     vertex -1.745677e-01  4.602726e-01  1.800004e+01
   endloop
 endfacet
 facet normal  9.994170e-01  3.414111e-02  0.000000e+00
   outer loop
     vertex -1.815532e-01  5.623978e-01  5.600010e+00
     vertex -1.798048e-01  5.112159e-01  1.800004e+01
     vertex -1.798048e-01  5.112159e-01  5.600010e+00
   endloop
 endfacet
 facet normal  9.994170e-01  3.414111e-02 -0.000000e+00
   outer loop
     vertex -1.815532e-01  5.623978e-01  5.600010e+00
     vertex -1.815532e-01  5.623978e-01  1.800004e+01
     vertex -1.798048e-01  5.112159e-01  1.800004e+01
   endloop
 endfacet
 facet normal  1.000000e+00  4.451962e-16  0.000000e+00
   outer loop
     vertex -1.815532e-01  5.425276e+00  9.200452e+00
     vertex -1.815532e-01  5.623978e-01  1.800004e+01
     vertex -1.815532e-01  5.623978e-01  5.600010e+00
   endloop
 endfacet
 facet normal  1.000000e+00  4.451962e-16 -0.000000e+00
   outer loop
     vertex -1.815532e-01  5.425276e+00  7.225352e+00
     vertex -1.815532e-01  5.425276e+00  9.200452e+00
     vertex -1.815532e-01  5.623978e-01  5.600010e+00
   endloop
 endfacet
 facet normal  1.000000e+00  0.000000e+00 -2.460270e-16
   outer loop
     vertex -1.815532e-01  2.035103e+01  9.200452e+00
     vertex -1.815532e-01  5.623978e-01  1.800004e+01
     vertex -1.815532e-01  5.425276e+00  9.200452e+00
   endloop
 endfacet
 facet normal  1.000000e+00  7.899526e-18 -9.423183e-18
   outer loop
     vertex -1.815532e-01  2.547945e+01  1.055419e+01
     vertex -1.815532e-01  2.035103e+01  9.200452e+00
     vertex -1.815532e-01  2.541228e+01  1.049788e+01
   endloop
 endfacet
 facet normal  1.000000e+00  1.475963e-16 -5.543797e-16
   outer loop
     vertex -1.815532e-01  2.536293e+01  1.043467e+01
     vertex -1.815532e-01  2.541228e+01  1.049788e+01
     vertex -1.815532e-01  2.035103e+01  9.200452e+00
   endloop
 endfacet
 facet normal  1.000000e+00 -1.003500e-16  4.524760e-16
   outer loop
     vertex -1.815532e-01  2.532822e+01  1.036563e+01
     vertex -1.815532e-01  2.536293e+01  1.043467e+01
     vertex -1.815532e-01  2.035103e+01  9.200452e+00
   endloop
 endfacet
 facet normal  1.000000e+00  4.445325e-17 -1.460598e-16
   outer loop
     vertex -1.815532e-01  2.556311e+01  1.059672e+01
     vertex -1.815532e-01  5.623978e-01  1.800004e+01
     vertex -1.815532e-01  2.035103e+01  9.200452e+00
   endloop
 endfacet
 facet normal  1.000000e+00  1.125767e-17 -2.214498e-17
   outer loop
     vertex -1.815532e-01  2.556311e+01  1.059672e+01
     vertex -1.815532e-01  2.035103e+01  9.200452e+00
     vertex -1.815532e-01  2.547945e+01  1.055419e+01
   endloop
 endfacet
 facet normal  1.000000e+00 -7.885575e-17  3.606613e-16
   outer loop
     vertex -1.815532e-01  2.530620e+01  1.028386e+01
     vertex -1.815532e-01  2.532822e+01  1.036563e+01
     vertex -1.815532e-01  2.035103e+01  9.200452e+00
   endloop
 endfacet
 facet normal  1.000000e+00  2.013117e-16  3.836448e-16
   outer loop
     vertex -1.815532e-01  2.565843e+01  1.061904e+01
     vertex -1.815532e-01  5.623978e-01  1.800004e+01
     vertex -1.815532e-01  2.556311e+01  1.059672e+01
   endloop
 endfacet
 facet normal  1.000000e+00 -6.700279e-17  3.064496e-16
   outer loop
     vertex -1.815532e-01  2.530233e+01  1.019244e+01
     vertex -1.815532e-01  2.530620e+01  1.028386e+01
     vertex -1.815532e-01  2.035103e+01  9.200452e+00
   endloop
 endfacet
 facet normal  1.000000e+00  5.108820e-17 -2.829749e-16
   outer loop
     vertex -1.815532e-01  2.532087e+01  1.009770e+01
     vertex -1.815532e-01  2.530233e+01  1.019244e+01
     vertex -1.815532e-01  2.035103e+01  9.200452e+00
   endloop
 endfacet
 facet normal  1.000000e+00 -1.575153e-16 -1.289155e-16
   outer loop
     vertex -1.815532e-01  2.541228e+01  9.301791e+00
     vertex -1.815532e-01  2.542531e+01  9.931766e+00
     vertex -1.815532e-01  2.536289e+01  1.000804e+01
   endloop
 endfacet
 facet normal  1.000000e+00 -4.695396e-16 -1.410803e-16
   outer loop
     vertex -1.815532e-01  2.547945e+01  9.358104e+00
     vertex -1.815532e-01  2.550156e+01  9.874746e+00
     vertex -1.815532e-01  2.542531e+01  9.931766e+00
   endloop
 endfacet
 facet normal  1.000000e+00 -3.077172e-16 -1.258079e-16
   outer loop
     vertex -1.815532e-01  2.547945e+01  9.358104e+00
     vertex -1.815532e-01  2.542531e+01  9.931766e+00
     vertex -1.815532e-01  2.541228e+01  9.301791e+00
   endloop
 endfacet
 facet normal  1.000000e+00  6.547479e-16 -7.211392e-17
   outer loop
     vertex -1.815532e-01  2.536293e+01  9.238585e+00
     vertex -1.815532e-01  2.541228e+01  9.301791e+00
     vertex -1.815532e-01  2.536289e+01  1.000804e+01
   endloop
 endfacet
 facet normal  1.000000e+00 -7.367090e-16 -3.574175e-17
   outer loop
     vertex -1.815532e-01  2.532822e+01  9.169547e+00
     vertex -1.815532e-01  2.536289e+01  1.000804e+01
     vertex -1.815532e-01  2.532087e+01  1.009770e+01
   endloop
 endfacet
 facet normal  1.000000e+00  1.434999e-16 -7.213726e-17
   outer loop
     vertex -1.815532e-01  2.532822e+01  9.169547e+00
     vertex -1.815532e-01  2.536293e+01  9.238585e+00
     vertex -1.815532e-01  2.536289e+01  1.000804e+01
   endloop
 endfacet
 facet normal  1.000000e+00  8.375385e-17 -1.647523e-16
   outer loop
     vertex -1.815532e-01  2.556311e+01  9.400630e+00
     vertex -1.815532e-01  2.550156e+01  9.874746e+00
     vertex -1.815532e-01  2.547945e+01  9.358104e+00
   endloop
 endfacet
 facet normal  1.000000e+00  2.773409e-16 -1.396214e-16
   outer loop
     vertex -1.815532e-01  2.556311e+01  9.400630e+00
     vertex -1.815532e-01  2.558364e+01  9.839002e+00
     vertex -1.815532e-01  2.550156e+01  9.874746e+00
   endloop
 endfacet
 facet normal  1.000000e+00  3.522135e-17  5.210238e-16
   outer loop
     vertex -1.815532e-01  2.666234e+01  1.049788e+01
     vertex -1.815532e-01  2.593336e+01  1.054716e+01
     vertex -1.815532e-01  2.599811e+01  1.048951e+01
   endloop
 endfacet
 facet normal  1.000000e+00 -5.384868e-18  6.094794e-16
   outer loop
     vertex -1.815532e-01  2.672952e+01  1.055419e+01
     vertex -1.815532e-01  2.585176e+01  1.059197e+01
     vertex -1.815532e-01  2.593336e+01  1.054716e+01
   endloop
 endfacet
 facet normal  1.000000e+00  0.000000e+00  0.000000e+00
   outer loop
     vertex -1.815532e-01  2.672952e+01  1.055419e+01
     vertex -1.815532e-01  2.593336e+01  1.054716e+01
     vertex -1.815532e-01  2.666234e+01  1.049788e+01
   endloop
 endfacet
 facet normal  1.000000e+00  4.778923e-17 -4.764475e-16
   outer loop
     vertex -1.815532e-01  2.661299e+01  1.043467e+01
     vertex -1.815532e-01  2.666234e+01  1.049788e+01
     vertex -1.815532e-01  2.599811e+01  1.048951e+01
   endloop
 endfacet
 facet normal  1.000000e+00  5.501868e-17 -3.953841e-16
   outer loop
     vertex -1.815532e-01  2.661299e+01  1.043467e+01
     vertex -1.815532e-01  2.599811e+01  1.048951e+01
     vertex -1.815532e-01  2.604509e+01  1.042585e+01
   endloop
 endfacet
 facet normal  1.000000e+00  4.296179e-17  3.804333e-16
   outer loop
     vertex -1.815532e-01  2.657828e+01  1.036563e+01
     vertex -1.815532e-01  2.661299e+01  1.043467e+01
     vertex -1.815532e-01  2.604509e+01  1.042585e+01
   endloop
 endfacet
 facet normal  1.000000e+00  4.684590e-17  4.148277e-16
   outer loop
     vertex -1.815532e-01  2.657828e+01  1.036563e+01
     vertex -1.815532e-01  2.604509e+01  1.042585e+01
     vertex -1.815532e-01  2.607826e+01  1.035519e+01
   endloop
 endfacet
 facet normal  1.000000e+00 -3.364560e-17  9.684913e-16
   outer loop
     vertex -1.815532e-01  2.681317e+01  1.059672e+01
     vertex -1.815532e-01  2.575762e+01  1.061736e+01
     vertex -1.815532e-01  2.585176e+01  1.059197e+01
   endloop
 endfacet
 facet normal  1.000000e+00 -2.915237e-17  5.734567e-17
   outer loop
     vertex -1.815532e-01  2.681317e+01  1.059672e+01
     vertex -1.815532e-01  2.585176e+01  1.059197e+01
     vertex -1.815532e-01  2.672952e+01  1.055419e+01
   endloop
 endfacet
 facet normal  1.000000e+00  1.332446e-15 -1.934542e-17
   outer loop
     vertex -1.815532e-01  2.530620e+01  9.087775e+00
     vertex -1.815532e-01  2.532822e+01  9.169547e+00
     vertex -1.815532e-01  2.532087e+01  1.009770e+01
   endloop
 endfacet
 facet normal  1.000000e+00  0.000000e+00 -0.000000e+00
   outer loop
     vertex -1.815532e-01  2.530620e+01  9.087775e+00
     vertex -1.815532e-01  2.532087e+01  1.009770e+01
     vertex -1.815532e-01  2.035103e+01  9.200452e+00
   endloop
 endfacet
 facet normal  1.000000e+00  4.483923e-16 -5.281961e-17
   outer loop
     vertex -1.815532e-01  2.565843e+01  9.422956e+00
     vertex -1.815532e-01  2.564394e+01  9.825440e+00
     vertex -1.815532e-01  2.558364e+01  9.839002e+00
   endloop
 endfacet
 facet normal  1.000000e+00 -4.982976e-18 -6.914017e-17
   outer loop
     vertex -1.815532e-01  2.565843e+01  9.422956e+00
     vertex -1.815532e-01  2.570131e+01  9.821306e+00
     vertex -1.815532e-01  2.564394e+01  9.825440e+00
   endloop
 endfacet
 facet normal  1.000000e+00  2.998740e-17 -1.280348e-16
   outer loop
     vertex -1.815532e-01  2.565843e+01  9.422956e+00
     vertex -1.815532e-01  2.558364e+01  9.839002e+00
     vertex -1.815532e-01  2.556311e+01  9.400630e+00
   endloop
 endfacet
 facet normal  1.000000e+00  4.869425e-17  3.263172e-16
   outer loop
     vertex -1.815532e-01  2.655627e+01  1.028386e+01
     vertex -1.815532e-01  2.657828e+01  1.036563e+01
     vertex -1.815532e-01  2.607826e+01  1.035519e+01
   endloop
 endfacet
 facet normal  1.000000e+00 -5.152076e-17 -3.452586e-16
   outer loop
     vertex -1.815532e-01  2.655627e+01  1.028386e+01
     vertex -1.815532e-01  2.607826e+01  1.035519e+01
     vertex -1.815532e-01  2.609812e+01  1.027184e+01
   endloop
 endfacet
 facet normal  1.000000e+00 -2.609357e-17  1.354579e-15
   outer loop
     vertex -1.815532e-01  2.690850e+01  1.061904e+01
     vertex -1.815532e-01  2.575762e+01  1.061736e+01
     vertex -1.815532e-01  2.681317e+01  1.059672e+01
   endloop
 endfacet
 facet normal  1.000000e+00  6.897228e-18  3.033178e-16
   outer loop
     vertex -1.815532e-01  2.530233e+01  8.996357e+00
     vertex -1.815532e-01  2.530620e+01  9.087775e+00
     vertex -1.815532e-01  2.035103e+01  9.200452e+00
   endloop
 endfacet
 facet normal  1.000000e+00  2.781473e-16 -9.961248e-17
   outer loop
     vertex -1.815532e-01  2.575762e+01  9.421277e+00
     vertex -1.815532e-01  2.570131e+01  9.821306e+00
     vertex -1.815532e-01  2.565843e+01  9.422956e+00
   endloop
 endfacet
 facet normal  1.000000e+00 -2.635280e-16 -1.758653e-16
   outer loop
     vertex -1.815532e-01  2.575762e+01  9.421277e+00
     vertex -1.815532e-01  2.579861e+01  9.833321e+00
     vertex -1.815532e-01  2.570131e+01  9.821306e+00
   endloop
 endfacet
 facet normal  1.000000e+00 -6.978047e-17  2.999244e-16
   outer loop
     vertex -1.815532e-01  2.655239e+01  1.019244e+01
     vertex -1.815532e-01  2.609812e+01  1.027184e+01
     vertex -1.815532e-01  2.609914e+01  1.017953e+01
   endloop
 endfacet
 facet normal  1.000000e+00 -6.862801e-17  3.065184e-16
   outer loop
     vertex -1.815532e-01  2.655239e+01  1.019244e+01
     vertex -1.815532e-01  2.655627e+01  1.028386e+01
     vertex -1.815532e-01  2.609812e+01  1.027184e+01
   endloop
 endfacet
 facet normal  1.000000e+00 -1.782594e-17 -2.964590e-16
   outer loop
     vertex -1.815532e-01  2.532087e+01  8.901618e+00
     vertex -1.815532e-01  2.530233e+01  8.996357e+00
     vertex -1.815532e-01  2.035103e+01  9.200452e+00
   endloop
 endfacet
 facet normal  1.000000e+00  3.368619e-16 -8.597404e-17
   outer loop
     vertex -1.815532e-01  2.585176e+01  9.395889e+00
     vertex -1.815532e-01  2.589001e+01  9.868614e+00
     vertex -1.815532e-01  2.579861e+01  9.833321e+00
   endloop
 endfacet
 facet normal  1.000000e+00 -3.402066e-16 -1.682370e-16
   outer loop
     vertex -1.815532e-01  2.585176e+01  9.395889e+00
     vertex -1.815532e-01  2.579861e+01  9.833321e+00
     vertex -1.815532e-01  2.575762e+01  9.421277e+00
   endloop
 endfacet
 facet normal  1.000000e+00  4.894987e-17  2.822378e-16
   outer loop
     vertex -1.815532e-01  2.657093e+01  1.009770e+01
     vertex -1.815532e-01  2.609914e+01  1.017953e+01
     vertex -1.815532e-01  2.607737e+01  1.008496e+01
   endloop
 endfacet
 facet normal  1.000000e+00 -5.259626e-17 -3.032624e-16
   outer loop
     vertex -1.815532e-01  2.657093e+01  1.009770e+01
     vertex -1.815532e-01  2.655239e+01  1.019244e+01
     vertex -1.815532e-01  2.609914e+01  1.017953e+01
   endloop
 endfacet
 facet normal  1.000000e+00 -3.028844e-16 -7.900044e-17
   outer loop
     vertex -1.815532e-01  2.593336e+01  9.351070e+00
     vertex -1.815532e-01  2.596753e+01  9.922759e+00
     vertex -1.815532e-01  2.589001e+01  9.868614e+00
   endloop
 endfacet
 facet normal  1.000000e+00 -3.087399e-17 -5.621559e-17
   outer loop
     vertex -1.815532e-01  2.593336e+01  9.351070e+00
     vertex -1.815532e-01  2.589001e+01  9.868614e+00
     vertex -1.815532e-01  2.585176e+01  9.395889e+00
   endloop
 endfacet
 facet normal  1.000000e+00  0.000000e+00  0.000000e+00
   outer loop
     vertex -1.815532e-01  2.661296e+01  1.000804e+01
     vertex -1.815532e-01  2.607737e+01  1.008496e+01
     vertex -1.815532e-01  2.603228e+01  9.996667e+00
   endloop
 endfacet
 facet normal  1.000000e+00  4.766851e-17  3.318793e-16
   outer loop
     vertex -1.815532e-01  2.661296e+01  1.000804e+01
     vertex -1.815532e-01  2.657093e+01  1.009770e+01
     vertex -1.815532e-01  2.607737e+01  1.008496e+01
   endloop
 endfacet
 facet normal  1.000000e+00 -4.890916e-16 -6.787304e-17
   outer loop
     vertex -1.815532e-01  2.599811e+01  9.293422e+00
     vertex -1.815532e-01  2.596753e+01  9.922759e+00
     vertex -1.815532e-01  2.593336e+01  9.351070e+00
   endloop
 endfacet
 facet normal  1.000000e+00  0.000000e+00  0.000000e+00
   outer loop
     vertex -1.815532e-01  2.667538e+01  9.931766e+00
     vertex -1.815532e-01  2.603228e+01  9.996667e+00
     vertex -1.815532e-01  2.596753e+01  9.922759e+00
   endloop
 endfacet
 facet normal  1.000000e+00  0.000000e+00  0.000000e+00
   outer loop
     vertex -1.815532e-01  2.667538e+01  9.931766e+00
     vertex -1.815532e-01  2.661296e+01  1.000804e+01
     vertex -1.815532e-01  2.603228e+01  9.996667e+00
   endloop
 endfacet
 facet normal  1.000000e+00  5.608576e-19 -4.407560e-17
   outer loop
     vertex -1.815532e-01  2.667538e+01  9.931766e+00
     vertex -1.815532e-01  2.596753e+01  9.922759e+00
     vertex -1.815532e-01  2.599811e+01  9.293422e+00
   endloop
 endfacet
 facet normal  1.000000e+00  2.394349e-16 -1.666068e-16
   outer loop
     vertex -1.815532e-01  2.550446e+01  8.183044e+00
     vertex -1.815532e-01  2.550156e+01  8.678660e+00
     vertex -1.815532e-01  2.542531e+01  8.735680e+00
   endloop
 endfacet
 facet normal  1.000000e+00  5.192572e-16 -1.265339e-16
   outer loop
     vertex -1.815532e-01  2.550446e+01  8.183044e+00
     vertex -1.815532e-01  2.542531e+01  8.735680e+00
     vertex -1.815532e-01  2.543728e+01  8.126731e+00
   endloop
 endfacet
 facet normal  1.000000e+00 -5.580796e-16 -9.283955e-17
   outer loop
     vertex -1.815532e-01  2.538793e+01  8.063525e+00
     vertex -1.815532e-01  2.542531e+01  8.735680e+00
     vertex -1.815532e-01  2.536289e+01  8.811951e+00
   endloop
 endfacet
 facet normal  1.000000e+00  1.708202e-16 -1.333814e-16
   outer loop
     vertex -1.815532e-01  2.538793e+01  8.063525e+00
     vertex -1.815532e-01  2.543728e+01  8.126731e+00
     vertex -1.815532e-01  2.542531e+01  8.735680e+00
   endloop
 endfacet
 facet normal  1.000000e+00 -7.066137e-17 -3.311748e-17
   outer loop
     vertex -1.815532e-01  2.535322e+01  7.994487e+00
     vertex -1.815532e-01  2.536289e+01  8.811951e+00
     vertex -1.815532e-01  2.532087e+01  8.901618e+00
   endloop
 endfacet
 facet normal  1.000000e+00  8.881839e-16 -4.445899e-17
   outer loop
     vertex -1.815532e-01  2.535322e+01  7.994487e+00
     vertex -1.815532e-01  2.538793e+01  8.063525e+00
     vertex -1.815532e-01  2.536289e+01  8.811951e+00
   endloop
 endfacet
 facet normal  1.000000e+00  8.525982e-17 -1.339386e-16
   outer loop
     vertex -1.815532e-01  2.666234e+01  9.301791e+00
     vertex -1.815532e-01  2.667538e+01  9.931766e+00
     vertex -1.815532e-01  2.599811e+01  9.293422e+00
   endloop
 endfacet
 facet normal  1.000000e+00 -2.909609e-17 -6.681633e-17
   outer loop
     vertex -1.815532e-01  2.558811e+01  8.225570e+00
     vertex -1.815532e-01  2.558364e+01  8.642916e+00
     vertex -1.815532e-01  2.550156e+01  8.678660e+00
   endloop
 endfacet
 facet normal  1.000000e+00 -4.763760e-16 -7.160360e-17
   outer loop
     vertex -1.815532e-01  2.558811e+01  8.225570e+00
     vertex -1.815532e-01  2.564394e+01  8.629354e+00
     vertex -1.815532e-01  2.558364e+01  8.642916e+00
   endloop
 endfacet
 facet normal  1.000000e+00 -5.764712e-16 -1.713764e-16
   outer loop
     vertex -1.815532e-01  2.558811e+01  8.225570e+00
     vertex -1.815532e-01  2.550156e+01  8.678660e+00
     vertex -1.815532e-01  2.550446e+01  8.183044e+00
   endloop
 endfacet
 facet normal  1.000000e+00 -3.077172e-16 -1.258079e-16
   outer loop
     vertex -1.815532e-01  2.672952e+01  9.358104e+00
     vertex -1.815532e-01  2.667538e+01  9.931766e+00
     vertex -1.815532e-01  2.666234e+01  9.301791e+00
   endloop
 endfacet
 facet normal  1.000000e+00 -4.695396e-16 -1.410803e-16
   outer loop
     vertex -1.815532e-01  2.672952e+01  9.358104e+00
     vertex -1.815532e-01  2.675162e+01  9.874746e+00
     vertex -1.815532e-01  2.667538e+01  9.931766e+00
   endloop
 endfacet
 facet normal  1.000000e+00  7.881468e-17  3.775914e-16
   outer loop
     vertex -1.815532e-01  2.661299e+01  9.238585e+00
     vertex -1.815532e-01  2.666234e+01  9.301791e+00
     vertex -1.815532e-01  2.599811e+01  9.293422e+00
   endloop
 endfacet
 facet normal  1.000000e+00  6.698740e-18 -4.310400e-16
   outer loop
     vertex -1.815532e-01  2.661299e+01  9.238585e+00
     vertex -1.815532e-01  2.599811e+01  9.293422e+00
     vertex -1.815532e-01  2.604509e+01  9.229759e+00
   endloop
 endfacet
 facet normal  1.000000e+00  0.000000e+00 -0.000000e+00
   outer loop
     vertex -1.815532e-01  2.657828e+01  9.169547e+00
     vertex -1.815532e-01  2.661299e+01  9.238585e+00
     vertex -1.815532e-01  2.604509e+01  9.229759e+00
   endloop
 endfacet
 facet normal  1.000000e+00  0.000000e+00  0.000000e+00
   outer loop
     vertex -1.815532e-01  2.657828e+01  9.169547e+00
     vertex -1.815532e-01  2.604509e+01  9.229759e+00
     vertex -1.815532e-01  2.607826e+01  9.159105e+00
   endloop
 endfacet
 facet normal  1.000000e+00  8.375385e-17 -1.647523e-16
   outer loop
     vertex -1.815532e-01  2.681317e+01  9.400630e+00
     vertex -1.815532e-01  2.675162e+01  9.874746e+00
     vertex -1.815532e-01  2.672952e+01  9.358104e+00
   endloop
 endfacet
 facet normal  1.000000e+00  2.773409e-16 -1.396214e-16
   outer loop
     vertex -1.815532e-01  2.681317e+01  9.400630e+00
     vertex -1.815532e-01  2.683370e+01  9.839002e+00
     vertex -1.815532e-01  2.675162e+01  9.874746e+00
   endloop
 endfacet
 facet normal  1.000000e+00  0.000000e+00  0.000000e+00
   outer loop
     vertex -1.815532e-01  2.533120e+01  7.912715e+00
     vertex -1.815532e-01  2.035103e+01  9.200452e+00
     vertex -1.815532e-01  2.035103e+01  7.225352e+00
   endloop
 endfacet
 facet normal  1.000000e+00  1.213484e-15  1.268624e-17
   outer loop
     vertex -1.815532e-01  2.533120e+01  7.912715e+00
     vertex -1.815532e-01  2.535322e+01  7.994487e+00
     vertex -1.815532e-01  2.532087e+01  8.901618e+00
   endloop
 endfacet
 facet normal  1.000000e+00  0.000000e+00  0.000000e+00
   outer loop
     vertex -1.815532e-01  2.533120e+01  7.912715e+00
     vertex -1.815532e-01  2.532087e+01  8.901618e+00
     vertex -1.815532e-01  2.035103e+01  9.200452e+00
   endloop
 endfacet
 facet normal  1.000000e+00  4.716583e-16 -1.694581e-16
   outer loop
     vertex -1.815532e-01  2.568343e+01  8.247897e+00
     vertex -1.815532e-01  2.570131e+01  8.625220e+00
     vertex -1.815532e-01  2.564394e+01  8.629354e+00
   endloop
 endfacet
 facet normal  1.000000e+00  3.341887e-16 -1.836894e-16
   outer loop
     vertex -1.815532e-01  2.568343e+01  8.247897e+00
     vertex -1.815532e-01  2.564394e+01  8.629354e+00
     vertex -1.815532e-01  2.558811e+01  8.225570e+00
   endloop
 endfacet
 facet normal  1.000000e+00  3.396092e-17  5.196081e-16
   outer loop
     vertex -1.815532e-01  2.793741e+01  1.049788e+01
     vertex -1.815532e-01  2.718343e+01  1.054716e+01
     vertex -1.815532e-01  2.724818e+01  1.048951e+01
   endloop
 endfacet
 facet normal  1.000000e+00 -5.223436e-18  6.097733e-16
   outer loop
     vertex -1.815532e-01  2.800458e+01  1.055419e+01
     vertex -1.815532e-01  2.710182e+01  1.059197e+01
     vertex -1.815532e-01  2.718343e+01  1.054716e+01
   endloop
 endfacet
 facet normal  1.000000e+00  0.000000e+00  0.000000e+00
   outer loop
     vertex -1.815532e-01  2.800458e+01  1.055419e+01
     vertex -1.815532e-01  2.718343e+01  1.054716e+01
     vertex -1.815532e-01  2.793741e+01  1.049788e+01
   endloop
 endfacet
 facet normal  1.000000e+00  5.272387e-17 -3.970775e-16
   outer loop
     vertex -1.815532e-01  2.788806e+01  1.043467e+01
     vertex -1.815532e-01  2.724818e+01  1.048951e+01
     vertex -1.815532e-01  2.729515e+01  1.042585e+01
   endloop
 endfacet
 facet normal  1.000000e+00  4.603912e-17 -4.750809e-16
   outer loop
     vertex -1.815532e-01  2.788806e+01  1.043467e+01
     vertex -1.815532e-01  2.793741e+01  1.049788e+01
     vertex -1.815532e-01  2.724818e+01  1.048951e+01
   endloop
 endfacet
 facet normal  1.000000e+00 -7.128309e-18  3.413480e-16
   outer loop
     vertex -1.815532e-01  2.655627e+01  9.087775e+00
     vertex -1.815532e-01  2.657828e+01  9.169547e+00
     vertex -1.815532e-01  2.607826e+01  9.159105e+00
   endloop
 endfacet
 facet normal  1.000000e+00 -6.020625e-17 -1.434592e-17
   outer loop
     vertex -1.815532e-01  2.655627e+01  9.087775e+00
     vertex -1.815532e-01  2.607826e+01  9.159105e+00
     vertex -1.815532e-01  2.609812e+01  9.075750e+00
   endloop
 endfacet
 facet normal  1.000000e+00  2.998740e-17 -1.280348e-16
   outer loop
     vertex -1.815532e-01  2.690850e+01  9.422956e+00
     vertex -1.815532e-01  2.683370e+01  9.839002e+00
     vertex -1.815532e-01  2.681317e+01  9.400630e+00
   endloop
 endfacet
 facet normal  1.000000e+00  4.483923e-16 -5.281961e-17
   outer loop
     vertex -1.815532e-01  2.690850e+01  9.422956e+00
     vertex -1.815532e-01  2.689401e+01  9.825440e+00
     vertex -1.815532e-01  2.683370e+01  9.839002e+00
   endloop
 endfacet
 facet normal  1.000000e+00 -4.982976e-18 -6.914017e-17
   outer loop
     vertex -1.815532e-01  2.690850e+01  9.422956e+00
     vertex -1.815532e-01  2.695137e+01  9.821306e+00
     vertex -1.815532e-01  2.689401e+01  9.825440e+00
   endloop
 endfacet
 facet normal  1.000000e+00  4.463577e-17  4.137900e-16
   outer loop
     vertex -1.815532e-01  2.785335e+01  1.036563e+01
     vertex -1.815532e-01  2.729515e+01  1.042585e+01
     vertex -1.815532e-01  2.732833e+01  1.035519e+01
   endloop
 endfacet
 facet normal  1.000000e+00  4.113653e-17  3.813509e-16
   outer loop
     vertex -1.815532e-01  2.785335e+01  1.036563e+01
     vertex -1.815532e-01  2.788806e+01  1.043467e+01
     vertex -1.815532e-01  2.729515e+01  1.042585e+01
   endloop
 endfacet
 facet normal  1.000000e+00 -3.280776e-17  9.715980e-16
   outer loop
     vertex -1.815532e-01  2.808824e+01  1.059672e+01
     vertex -1.815532e-01  2.700768e+01  1.061736e+01
     vertex -1.815532e-01  2.710182e+01  1.059197e+01
   endloop
 endfacet
 facet normal  1.000000e+00 -2.840643e-17  5.587833e-17
   outer loop
     vertex -1.815532e-01  2.808824e+01  1.059672e+01
     vertex -1.815532e-01  2.710182e+01  1.059197e+01
     vertex -1.815532e-01  2.800458e+01  1.055419e+01
   endloop
 endfacet
 facet normal  1.000000e+00  0.000000e+00 -0.000000e+00
   outer loop
     vertex -1.815532e-01  2.532733e+01  7.821297e+00
     vertex -1.815532e-01  2.533120e+01  7.912715e+00
     vertex -1.815532e-01  2.035103e+01  7.225352e+00
   endloop
 endfacet
 facet normal  1.000000e+00 -2.602632e-16 -2.023053e-16
   outer loop
     vertex -1.815532e-01  2.578262e+01  8.246217e+00
     vertex -1.815532e-01  2.579861e+01  8.637235e+00
     vertex -1.815532e-01  2.570131e+01  8.625220e+00
   endloop
 endfacet
 facet normal  1.000000e+00 -2.489047e-18 -1.470004e-16
   outer loop
     vertex -1.815532e-01  2.578262e+01  8.246217e+00
     vertex -1.815532e-01  2.570131e+01  8.625220e+00
     vertex -1.815532e-01  2.568343e+01  8.247897e+00
   endloop
 endfacet
 facet normal  1.000000e+00 -4.887043e-17 -3.446271e-16
   outer loop
     vertex -1.815532e-01  2.783133e+01  1.028386e+01
     vertex -1.815532e-01  2.732833e+01  1.035519e+01
     vertex -1.815532e-01  2.734819e+01  1.027184e+01
   endloop
 endfacet
 facet normal  1.000000e+00  4.636298e-17  3.269449e-16
   outer loop
     vertex -1.815532e-01  2.783133e+01  1.028386e+01
     vertex -1.815532e-01  2.785335e+01  1.036563e+01
     vertex -1.815532e-01  2.732833e+01  1.035519e+01
   endloop
 endfacet
 facet normal  1.000000e+00 -6.862801e-17  3.065184e-16
   outer loop
     vertex -1.815532e-01  2.655239e+01  8.996357e+00
     vertex -1.815532e-01  2.655627e+01  9.087775e+00
     vertex -1.815532e-01  2.609812e+01  9.075750e+00
   endloop
 endfacet
 facet normal  1.000000e+00 -6.978047e-17  2.999244e-16
   outer loop
     vertex -1.815532e-01  2.655239e+01  8.996357e+00
     vertex -1.815532e-01  2.609812e+01  9.075750e+00
     vertex -1.815532e-01  2.609914e+01  8.983444e+00
   endloop
 endfacet
 facet normal  1.000000e+00 -2.553537e-17  1.352196e-15
   outer loop
     vertex -1.815532e-01  2.818356e+01  1.061904e+01
     vertex -1.815532e-01  2.700768e+01  1.061736e+01
     vertex -1.815532e-01  2.808824e+01  1.059672e+01
   endloop
 endfacet
 facet normal  1.000000e+00 -2.635280e-16 -1.758653e-16
   outer loop
     vertex -1.815532e-01  2.700768e+01  9.421277e+00
     vertex -1.815532e-01  2.704867e+01  9.833321e+00
     vertex -1.815532e-01  2.695137e+01  9.821306e+00
   endloop
 endfacet
 facet normal  1.000000e+00  2.781473e-16 -9.961248e-17
   outer loop
     vertex -1.815532e-01  2.700768e+01  9.421277e+00
     vertex -1.815532e-01  2.695137e+01  9.821306e+00
     vertex -1.815532e-01  2.690850e+01  9.422956e+00
   endloop
 endfacet
 facet normal  1.000000e+00  0.000000e+00  0.000000e+00
   outer loop
     vertex -1.815532e-01  2.534587e+01  7.726559e+00
     vertex -1.815532e-01  2.532733e+01  7.821297e+00
     vertex -1.815532e-01  2.035103e+01  7.225352e+00
   endloop
 endfacet
 facet normal  1.000000e+00 -6.507297e-17  3.063678e-16
   outer loop
     vertex -1.815532e-01  2.782746e+01  1.019244e+01
     vertex -1.815532e-01  2.783133e+01  1.028386e+01
     vertex -1.815532e-01  2.734819e+01  1.027184e+01
   endloop
 endfacet
 facet normal  1.000000e+00 -6.613372e-17  2.999644e-16
   outer loop
     vertex -1.815532e-01  2.782746e+01  1.019244e+01
     vertex -1.815532e-01  2.734819e+01  1.027184e+01
     vertex -1.815532e-01  2.734920e+01  1.017953e+01
   endloop
 endfacet
 facet normal  1.000000e+00 -5.680306e-17 -2.106258e-16
   outer loop
     vertex -1.815532e-01  2.587676e+01  8.220829e+00
     vertex -1.815532e-01  2.579861e+01  8.637235e+00
     vertex -1.815532e-01  2.578262e+01  8.246217e+00
   endloop
 endfacet
 facet normal  1.000000e+00  7.199492e-17 -1.864537e-16
   outer loop
     vertex -1.815532e-01  2.587676e+01  8.220829e+00
     vertex -1.815532e-01  2.589001e+01  8.672528e+00
     vertex -1.815532e-01  2.579861e+01  8.637235e+00
   endloop
 endfacet
 facet normal  1.000000e+00 -5.259626e-17 -3.032624e-16
   outer loop
     vertex -1.815532e-01  2.657093e+01  8.901618e+00
     vertex -1.815532e-01  2.655239e+01  8.996357e+00
     vertex -1.815532e-01  2.609914e+01  8.983444e+00
   endloop
 endfacet
 facet normal  1.000000e+00  0.000000e+00  0.000000e+00
   outer loop
     vertex -1.815532e-01  2.657093e+01  8.901618e+00
     vertex -1.815532e-01  2.609914e+01  8.983444e+00
     vertex -1.815532e-01  2.607737e+01  8.888878e+00
   endloop
 endfacet
 facet normal  1.000000e+00 -3.402066e-16 -1.682370e-16
   outer loop
     vertex -1.815532e-01  2.710182e+01  9.395889e+00
     vertex -1.815532e-01  2.704867e+01  9.833321e+00
     vertex -1.815532e-01  2.700768e+01  9.421277e+00
   endloop
 endfacet
 facet normal  1.000000e+00  3.368619e-16 -8.597404e-17
   outer loop
     vertex -1.815532e-01  2.710182e+01  9.395889e+00
     vertex -1.815532e-01  2.714008e+01  9.868614e+00
     vertex -1.815532e-01  2.704867e+01  9.833321e+00
   endloop
 endfacet
 facet normal  1.000000e+00 -4.986120e-17 -3.027272e-16
   outer loop
     vertex -1.815532e-01  2.784599e+01  1.009770e+01
     vertex -1.815532e-01  2.782746e+01  1.019244e+01
     vertex -1.815532e-01  2.734920e+01  1.017953e+01
   endloop
 endfacet
 facet normal  1.000000e+00  4.657645e-17  2.827842e-16
   outer loop
     vertex -1.815532e-01  2.784599e+01  1.009770e+01
     vertex -1.815532e-01  2.734920e+01  1.017953e+01
     vertex -1.815532e-01  2.732743e+01  1.008496e+01
   endloop
 endfacet
 facet normal  1.000000e+00 -2.966546e-17  2.956345e-16
   outer loop
     vertex -1.815532e-01  2.538789e+01  7.636891e+00
     vertex -1.815532e-01  2.534587e+01  7.726559e+00
     vertex -1.815532e-01  2.035103e+01  7.225352e+00
   endloop
 endfacet
 facet normal  1.000000e+00 -9.963598e-17 -1.814179e-16
   outer loop
     vertex -1.815532e-01  2.595837e+01  8.176010e+00
     vertex -1.815532e-01  2.589001e+01  8.672528e+00
     vertex -1.815532e-01  2.587676e+01  8.220829e+00
   endloop
 endfacet
 facet normal  1.000000e+00  4.335215e-16 -1.080207e-16
   outer loop
     vertex -1.815532e-01  2.595837e+01  8.176010e+00
     vertex -1.815532e-01  2.596753e+01  8.726673e+00
     vertex -1.815532e-01  2.589001e+01  8.672528e+00
   endloop
 endfacet
 facet normal  1.000000e+00  0.000000e+00  0.000000e+00
   outer loop
     vertex -1.815532e-01  2.661296e+01  8.811951e+00
     vertex -1.815532e-01  2.657093e+01  8.901618e+00
     vertex -1.815532e-01  2.607737e+01  8.888878e+00
   endloop
 endfacet
 facet normal  1.000000e+00  0.000000e+00  0.000000e+00
   outer loop
     vertex -1.815532e-01  2.661296e+01  8.811951e+00
     vertex -1.815532e-01  2.607737e+01  8.888878e+00
     vertex -1.815532e-01  2.603228e+01  8.800581e+00
   endloop
 endfacet
 facet normal  1.000000e+00 -3.028844e-16 -7.900044e-17
   outer loop
     vertex -1.815532e-01  2.718343e+01  9.351070e+00
     vertex -1.815532e-01  2.721759e+01  9.922759e+00
     vertex -1.815532e-01  2.714008e+01  9.868614e+00
   endloop
 endfacet
 facet normal  1.000000e+00 -3.087399e-17 -5.621559e-17
   outer loop
     vertex -1.815532e-01  2.718343e+01  9.351070e+00
     vertex -1.815532e-01  2.714008e+01  9.868614e+00
     vertex -1.815532e-01  2.710182e+01  9.395889e+00
   endloop
 endfacet
 facet normal  1.000000e+00  4.539646e-17  3.308144e-16
   outer loop
     vertex -1.815532e-01  2.788802e+01  1.000804e+01
     vertex -1.815532e-01  2.784599e+01  1.009770e+01
     vertex -1.815532e-01  2.732743e+01  1.008496e+01
   endloop
 endfacet
 facet normal  1.000000e+00  0.000000e+00  0.000000e+00
   outer loop
     vertex -1.815532e-01  2.788802e+01  1.000804e+01
     vertex -1.815532e-01  2.732743e+01  1.008496e+01
     vertex -1.815532e-01  2.728234e+01  9.996667e+00
   endloop
 endfacet
 facet normal  1.000000e+00  2.270474e-17 -3.453284e-16
   outer loop
     vertex -1.815532e-01  2.545032e+01  7.560621e+00
     vertex -1.815532e-01  2.538789e+01  7.636891e+00
     vertex -1.815532e-01  2.035103e+01  7.225352e+00
   endloop
 endfacet
 facet normal  1.000000e+00 -8.844224e-17 -9.933639e-17
   outer loop
     vertex -1.815532e-01  2.602311e+01  8.118362e+00
     vertex -1.815532e-01  2.596753e+01  8.726673e+00
     vertex -1.815532e-01  2.595837e+01  8.176010e+00
   endloop
 endfacet
 facet normal  1.000000e+00 -7.012822e-18  3.581711e-16
   outer loop
     vertex -1.815532e-01  2.667538e+01  8.735680e+00
     vertex -1.815532e-01  2.661296e+01  8.811951e+00
     vertex -1.815532e-01  2.603228e+01  8.800581e+00
   endloop
 endfacet
 facet normal  1.000000e+00 -3.965318e-17  3.474157e-17
   outer loop
     vertex -1.815532e-01  2.667538e+01  8.735680e+00
     vertex -1.815532e-01  2.603228e+01  8.800581e+00
     vertex -1.815532e-01  2.596753e+01  8.726673e+00
   endloop
 endfacet
 facet normal  1.000000e+00 -3.800570e-17 -9.472749e-17
   outer loop
     vertex -1.815532e-01  2.667538e+01  8.735680e+00
     vertex -1.815532e-01  2.596753e+01  8.726673e+00
     vertex -1.815532e-01  2.602311e+01  8.118362e+00
   endloop
 endfacet
 facet normal  1.000000e+00 -4.890916e-16 -6.787304e-17
   outer loop
     vertex -1.815532e-01  2.724818e+01  9.293422e+00
     vertex -1.815532e-01  2.721759e+01  9.922759e+00
     vertex -1.815532e-01  2.718343e+01  9.351070e+00
   endloop
 endfacet
 facet normal  1.000000e+00  5.417353e-19 -4.407653e-17
   outer loop
     vertex -1.815532e-01  2.795044e+01  9.931766e+00
     vertex -1.815532e-01  2.721759e+01  9.922759e+00
     vertex -1.815532e-01  2.724818e+01  9.293422e+00
   endloop
 endfacet
 facet normal  1.000000e+00  0.000000e+00  0.000000e+00
   outer loop
     vertex -1.815532e-01  2.795044e+01  9.931766e+00
     vertex -1.815532e-01  2.728234e+01  9.996667e+00
     vertex -1.815532e-01  2.721759e+01  9.922759e+00
   endloop
 endfacet
 facet normal  1.000000e+00  0.000000e+00  0.000000e+00
   outer loop
     vertex -1.815532e-01  2.795044e+01  9.931766e+00
     vertex -1.815532e-01  2.788802e+01  1.000804e+01
     vertex -1.815532e-01  2.728234e+01  9.996667e+00
   endloop
 endfacet
 facet normal  1.000000e+00 -2.941796e-17  4.474334e-16
   outer loop
     vertex -1.815532e-01  2.552656e+01  7.503601e+00
     vertex -1.815532e-01  2.545032e+01  7.560621e+00
     vertex -1.815532e-01  2.035103e+01  7.225352e+00
   endloop
 endfacet
 facet normal  1.000000e+00 -4.773512e-18 -1.096190e-17
   outer loop
     vertex -1.815532e-01  2.560864e+01  7.467857e+00
     vertex -1.815532e-01  2.552656e+01  7.503601e+00
     vertex -1.815532e-01  2.035103e+01  7.225352e+00
   endloop
 endfacet
 facet normal  1.000000e+00  1.790753e-18 -1.367767e-16
   outer loop
     vertex -1.815532e-01  2.666234e+01  8.126731e+00
     vertex -1.815532e-01  2.667538e+01  8.735680e+00
     vertex -1.815532e-01  2.602311e+01  8.118362e+00
   endloop
 endfacet
 facet normal  1.000000e+00  5.374555e-16 -1.482423e-16
   outer loop
     vertex -1.815532e-01  2.672952e+01  8.183044e+00
     vertex -1.815532e-01  2.667538e+01  8.735680e+00
     vertex -1.815532e-01  2.666234e+01  8.126731e+00
   endloop
 endfacet
 facet normal  1.000000e+00  2.306937e-16 -1.782952e-16
   outer loop
     vertex -1.815532e-01  2.672952e+01  8.183044e+00
     vertex -1.815532e-01  2.675162e+01  8.678660e+00
     vertex -1.815532e-01  2.667538e+01  8.735680e+00
   endloop
 endfacet
 facet normal  1.000000e+00  4.351519e-17  4.680934e-16
   outer loop
     vertex -1.815532e-01  2.661299e+01  8.063525e+00
     vertex -1.815532e-01  2.602311e+01  8.118362e+00
     vertex -1.815532e-01  2.607009e+01  8.054700e+00
   endloop
 endfacet
 facet normal  1.000000e+00  0.000000e+00 -0.000000e+00
   outer loop
     vertex -1.815532e-01  2.661299e+01  8.063525e+00
     vertex -1.815532e-01  2.666234e+01  8.126731e+00
     vertex -1.815532e-01  2.602311e+01  8.118362e+00
   endloop
 endfacet
 facet normal  1.000000e+00  4.495655e-17  3.794305e-16
   outer loop
     vertex -1.815532e-01  2.657828e+01  7.994487e+00
     vertex -1.815532e-01  2.661299e+01  8.063525e+00
     vertex -1.815532e-01  2.607009e+01  8.054700e+00
   endloop
 endfacet
 facet normal  1.000000e+00  4.928630e-17  4.159734e-16
   outer loop
     vertex -1.815532e-01  2.657828e+01  7.994487e+00
     vertex -1.815532e-01  2.607009e+01  8.054700e+00
     vertex -1.815532e-01  2.610326e+01  7.984045e+00
   endloop
 endfacet
 facet normal  1.000000e+00 -5.915973e-16 -1.416218e-16
   outer loop
     vertex -1.815532e-01  2.681317e+01  8.225570e+00
     vertex -1.815532e-01  2.675162e+01  8.678660e+00
     vertex -1.815532e-01  2.672952e+01  8.183044e+00
   endloop
 endfacet
 facet normal  1.000000e+00 -2.835299e-17 -6.510988e-17
   outer loop
     vertex -1.815532e-01  2.681317e+01  8.225570e+00
     vertex -1.815532e-01  2.683370e+01  8.642916e+00
     vertex -1.815532e-01  2.675162e+01  8.678660e+00
   endloop
 endfacet
 facet normal  1.000000e+00  8.216632e-17 -1.338746e-16
   outer loop
     vertex -1.815532e-01  2.793741e+01  9.301791e+00
     vertex -1.815532e-01  2.795044e+01  9.931766e+00
     vertex -1.815532e-01  2.724818e+01  9.293422e+00
   endloop
 endfacet
 facet normal  1.000000e+00  5.127238e-17  3.256230e-16
   outer loop
     vertex -1.815532e-01  2.655627e+01  7.912715e+00
     vertex -1.815532e-01  2.657828e+01  7.994487e+00
     vertex -1.815532e-01  2.610326e+01  7.984045e+00
   endloop
 endfacet
 facet normal  1.000000e+00 -5.447503e-17 -3.459626e-16
   outer loop
     vertex -1.815532e-01  2.655627e+01  7.912715e+00
     vertex -1.815532e-01  2.610326e+01  7.984045e+00
     vertex -1.815532e-01  2.612313e+01  7.900691e+00
   endloop
 endfacet
 facet normal  1.000000e+00 -3.077172e-16 -1.258079e-16
   outer loop
     vertex -1.815532e-01  2.800458e+01  9.358104e+00
     vertex -1.815532e-01  2.795044e+01  9.931766e+00
     vertex -1.815532e-01  2.793741e+01  9.301791e+00
   endloop
 endfacet
 facet normal  1.000000e+00 -4.695396e-16 -1.410803e-16
   outer loop
     vertex -1.815532e-01  2.800458e+01  9.358104e+00
     vertex -1.815532e-01  2.802669e+01  9.874746e+00
     vertex -1.815532e-01  2.795044e+01  9.931766e+00
   endloop
 endfacet
 facet normal  1.000000e+00  6.419339e-18 -4.312461e-16
   outer loop
     vertex -1.815532e-01  2.788806e+01  9.238585e+00
     vertex -1.815532e-01  2.724818e+01  9.293422e+00
     vertex -1.815532e-01  2.729515e+01  9.229759e+00
   endloop
 endfacet
 facet normal  1.000000e+00  7.592838e-17  3.798452e-16
   outer loop
     vertex -1.815532e-01  2.788806e+01  9.238585e+00
     vertex -1.815532e-01  2.793741e+01  9.301791e+00
     vertex -1.815532e-01  2.724818e+01  9.293422e+00
   endloop
 endfacet
 facet normal  1.000000e+00  3.103186e-16 -8.177330e-17
   outer loop
     vertex -1.815532e-01  2.690850e+01  8.247897e+00
     vertex -1.815532e-01  2.683370e+01  8.642916e+00
     vertex -1.815532e-01  2.681317e+01  8.225570e+00
   endloop
 endfacet
 facet normal  1.000000e+00 -5.137548e-16 -2.377994e-16
   outer loop
     vertex -1.815532e-01  2.690850e+01  8.247897e+00
     vertex -1.815532e-01  2.689401e+01  8.629354e+00
     vertex -1.815532e-01  2.683370e+01  8.642916e+00
   endloop
 endfacet
 facet normal  1.000000e+00  4.694242e-16 -2.004561e-16
   outer loop
     vertex -1.815532e-01  2.690850e+01  8.247897e+00
     vertex -1.815532e-01  2.695137e+01  8.625220e+00
     vertex -1.815532e-01  2.689401e+01  8.629354e+00
   endloop
 endfacet
 facet normal  1.000000e+00  0.000000e+00  0.000000e+00
   outer loop
     vertex -1.815532e-01  2.785335e+01  9.169547e+00
     vertex -1.815532e-01  2.729515e+01  9.229759e+00
     vertex -1.815532e-01  2.732833e+01  9.159105e+00
   endloop
 endfacet
 facet normal  1.000000e+00  0.000000e+00 -0.000000e+00
   outer loop
     vertex -1.815532e-01  2.785335e+01  9.169547e+00
     vertex -1.815532e-01  2.788806e+01  9.238585e+00
     vertex -1.815532e-01  2.729515e+01  9.229759e+00
   endloop
 endfacet
 facet normal  1.000000e+00  8.375385e-17 -1.647523e-16
   outer loop
     vertex -1.815532e-01  2.808824e+01  9.400630e+00
     vertex -1.815532e-01  2.802669e+01  9.874746e+00
     vertex -1.815532e-01  2.800458e+01  9.358104e+00
   endloop
 endfacet
 facet normal  1.000000e+00  2.773409e-16 -1.396214e-16
   outer loop
     vertex -1.815532e-01  2.808824e+01  9.400630e+00
     vertex -1.815532e-01  2.810877e+01  9.839002e+00
     vertex -1.815532e-01  2.802669e+01  9.874746e+00
   endloop
 endfacet
 facet normal  1.000000e+00 -6.415516e-17  2.718789e-18
   outer loop
     vertex -1.815532e-01  2.655239e+01  7.821297e+00
     vertex -1.815532e-01  2.655627e+01  7.912715e+00
     vertex -1.815532e-01  2.612313e+01  7.900691e+00
   endloop
 endfacet
 facet normal  1.000000e+00 -9.063456e-18  3.005902e-16
   outer loop
     vertex -1.815532e-01  2.655239e+01  7.821297e+00
     vertex -1.815532e-01  2.612313e+01  7.900691e+00
     vertex -1.815532e-01  2.612414e+01  7.808384e+00
   endloop
 endfacet
 facet normal  1.000000e+00 -5.710913e-17 -1.360794e-17
   outer loop
     vertex -1.815532e-01  2.783133e+01  9.087775e+00
     vertex -1.815532e-01  2.732833e+01  9.159105e+00
     vertex -1.815532e-01  2.734819e+01  9.075750e+00
   endloop
 endfacet
 facet normal  1.000000e+00 -6.787036e-18  3.412561e-16
   outer loop
     vertex -1.815532e-01  2.783133e+01  9.087775e+00
     vertex -1.815532e-01  2.785335e+01  9.169547e+00
     vertex -1.815532e-01  2.732833e+01  9.159105e+00
   endloop
 endfacet
 facet normal  1.000000e+00  2.998740e-17 -1.280348e-16
   outer loop
     vertex -1.815532e-01  2.818356e+01  9.422956e+00
     vertex -1.815532e-01  2.810877e+01  9.839002e+00
     vertex -1.815532e-01  2.808824e+01  9.400630e+00
   endloop
 endfacet
 facet normal  1.000000e+00  4.483923e-16 -5.281961e-17
   outer loop
     vertex -1.815532e-01  2.818356e+01  9.422956e+00
     vertex -1.815532e-01  2.816907e+01  9.825440e+00
     vertex -1.815532e-01  2.810877e+01  9.839002e+00
   endloop
 endfacet
 facet normal  1.000000e+00 -4.982976e-18 -6.914017e-17
   outer loop
     vertex -1.815532e-01  2.818356e+01  9.422956e+00
     vertex -1.815532e-01  2.822643e+01  9.821306e+00
     vertex -1.815532e-01  2.816907e+01  9.825440e+00
   endloop
 endfacet
 facet normal  1.000000e+00 -2.486260e-18 -1.468358e-16
   outer loop
     vertex -1.815532e-01  2.700768e+01  8.246217e+00
     vertex -1.815532e-01  2.695137e+01  8.625220e+00
     vertex -1.815532e-01  2.690850e+01  8.247897e+00
   endloop
 endfacet
 facet normal  1.000000e+00 -2.623450e-16 -1.854461e-16
   outer loop
     vertex -1.815532e-01  2.700768e+01  8.246217e+00
     vertex -1.815532e-01  2.704867e+01  8.637235e+00
     vertex -1.815532e-01  2.695137e+01  8.625220e+00
   endloop
 endfacet
 facet normal  1.000000e+00 -6.613372e-17  2.999644e-16
   outer loop
     vertex -1.815532e-01  2.782746e+01  8.996357e+00
     vertex -1.815532e-01  2.734819e+01  9.075750e+00
     vertex -1.815532e-01  2.734920e+01  8.983444e+00
   endloop
 endfacet
 facet normal  1.000000e+00 -6.507297e-17  3.063678e-16
   outer loop
     vertex -1.815532e-01  2.782746e+01  8.996357e+00
     vertex -1.815532e-01  2.783133e+01  9.087775e+00
     vertex -1.815532e-01  2.734819e+01  9.075750e+00
   endloop
 endfacet
 facet normal  1.000000e+00  5.157816e-17  2.816327e-16
   outer loop
     vertex -1.815532e-01  2.657093e+01  7.726559e+00
     vertex -1.815532e-01  2.612414e+01  7.808384e+00
     vertex -1.815532e-01  2.610237e+01  7.713819e+00
   endloop
 endfacet
 facet normal  1.000000e+00  0.000000e+00  0.000000e+00
   outer loop
     vertex -1.815532e-01  2.657093e+01  7.726559e+00
     vertex -1.815532e-01  2.655239e+01  7.821297e+00
     vertex -1.815532e-01  2.612414e+01  7.808384e+00
   endloop
 endfacet
 facet normal  1.000000e+00  2.781473e-16 -9.961248e-17
   outer loop
     vertex -1.815532e-01  2.828275e+01  9.421277e+00
     vertex -1.815532e-01  2.822643e+01  9.821306e+00
     vertex -1.815532e-01  2.818356e+01  9.422956e+00
   endloop
 endfacet
 facet normal  1.000000e+00 -2.635280e-16 -1.758653e-16
   outer loop
     vertex -1.815532e-01  2.828275e+01  9.421277e+00
     vertex -1.815532e-01  2.832374e+01  9.833321e+00
     vertex -1.815532e-01  2.822643e+01  9.821306e+00
   endloop
 endfacet
 facet normal  1.000000e+00  7.358561e-17 -1.905733e-16
   outer loop
     vertex -1.815532e-01  2.710182e+01  8.220829e+00
     vertex -1.815532e-01  2.714008e+01  8.672528e+00
     vertex -1.815532e-01  2.704867e+01  8.637235e+00
   endloop
 endfacet
 facet normal  1.000000e+00 -5.585051e-17 -2.070937e-16
   outer loop
     vertex -1.815532e-01  2.710182e+01  8.220829e+00
     vertex -1.815532e-01  2.704867e+01  8.637235e+00
     vertex -1.815532e-01  2.700768e+01  8.246217e+00
   endloop
 endfacet
 facet normal  1.000000e+00 -4.986120e-17 -3.027272e-16
   outer loop
     vertex -1.815532e-01  2.784599e+01  8.901618e+00
     vertex -1.815532e-01  2.782746e+01  8.996357e+00
     vertex -1.815532e-01  2.734920e+01  8.983444e+00
   endloop
 endfacet
 facet normal  1.000000e+00  0.000000e+00  0.000000e+00
   outer loop
     vertex -1.815532e-01  2.784599e+01  8.901618e+00
     vertex -1.815532e-01  2.734920e+01  8.983444e+00
     vertex -1.815532e-01  2.732743e+01  8.888878e+00
   endloop
 endfacet
 facet normal  1.000000e+00  5.017997e-17  3.330563e-16
   outer loop
     vertex -1.815532e-01  2.661296e+01  7.636891e+00
     vertex -1.815532e-01  2.657093e+01  7.726559e+00
     vertex -1.815532e-01  2.610237e+01  7.713819e+00
   endloop
 endfacet
 facet normal  1.000000e+00 -4.397731e-17 -2.918878e-16
   outer loop
     vertex -1.815532e-01  2.661296e+01  7.636891e+00
     vertex -1.815532e-01  2.610237e+01  7.713819e+00
     vertex -1.815532e-01  2.605728e+01  7.625522e+00
   endloop
 endfacet
 facet normal  1.000000e+00 -3.402066e-16 -1.682370e-16
   outer loop
     vertex -1.815532e-01  2.837689e+01  9.395889e+00
     vertex -1.815532e-01  2.832374e+01  9.833321e+00
     vertex -1.815532e-01  2.828275e+01  9.421277e+00
   endloop
 endfacet
 facet normal  1.000000e+00  3.368619e-16 -8.597404e-17
   outer loop
     vertex -1.815532e-01  2.837689e+01  9.395889e+00
     vertex -1.815532e-01  2.841514e+01  9.868614e+00
     vertex -1.815532e-01  2.832374e+01  9.833321e+00
   endloop
 endfacet
 facet normal  1.000000e+00 -9.674183e-17 -1.761482e-16
   outer loop
     vertex -1.815532e-01  2.718343e+01  8.176010e+00
     vertex -1.815532e-01  2.714008e+01  8.672528e+00
     vertex -1.815532e-01  2.710182e+01  8.220829e+00
   endloop
 endfacet
 facet normal  1.000000e+00  4.478930e-16 -1.285951e-16
   outer loop
     vertex -1.815532e-01  2.718343e+01  8.176010e+00
     vertex -1.815532e-01  2.721759e+01  8.726673e+00
     vertex -1.815532e-01  2.714008e+01  8.672528e+00
   endloop
 endfacet
 facet normal  1.000000e+00  0.000000e+00  0.000000e+00
   outer loop
     vertex -1.815532e-01  2.788802e+01  8.811951e+00
     vertex -1.815532e-01  2.784599e+01  8.901618e+00
     vertex -1.815532e-01  2.732743e+01  8.888878e+00
   endloop
 endfacet
 facet normal  1.000000e+00  0.000000e+00  0.000000e+00
   outer loop
     vertex -1.815532e-01  2.788802e+01  8.811951e+00
     vertex -1.815532e-01  2.732743e+01  8.888878e+00
     vertex -1.815532e-01  2.728234e+01  8.800581e+00
   endloop
 endfacet
 facet normal  1.000000e+00 -3.028844e-16 -7.900044e-17
   outer loop
     vertex -1.815532e-01  2.845849e+01  9.351070e+00
     vertex -1.815532e-01  2.849266e+01  9.922759e+00
     vertex -1.815532e-01  2.841514e+01  9.868614e+00
   endloop
 endfacet
 facet normal  1.000000e+00 -3.087399e-17 -5.621559e-17
   outer loop
     vertex -1.815532e-01  2.845849e+01  9.351070e+00
     vertex -1.815532e-01  2.841514e+01  9.868614e+00
     vertex -1.815532e-01  2.837689e+01  9.395889e+00
   endloop
 endfacet
 facet normal  1.000000e+00  3.611038e-17  3.439031e-16
   outer loop
     vertex -1.815532e-01  2.667538e+01  7.560621e+00
     vertex -1.815532e-01  2.605728e+01  7.625522e+00
     vertex -1.815532e-01  2.599253e+01  7.551613e+00
   endloop
 endfacet
 facet normal  1.000000e+00 -4.180367e-17 -3.981241e-16
   outer loop
     vertex -1.815532e-01  2.667538e+01  7.560621e+00
     vertex -1.815532e-01  2.661296e+01  7.636891e+00
     vertex -1.815532e-01  2.605728e+01  7.625522e+00
   endloop
 endfacet
 facet normal  1.000000e+00 -8.505428e-17 -9.553111e-17
   outer loop
     vertex -1.815532e-01  2.724818e+01  8.118362e+00
     vertex -1.815532e-01  2.721759e+01  8.726673e+00
     vertex -1.815532e-01  2.718343e+01  8.176010e+00
   endloop
 endfacet
 facet normal  1.000000e+00 -3.828568e-17  3.354345e-17
   outer loop
     vertex -1.815532e-01  2.795044e+01  8.735680e+00
     vertex -1.815532e-01  2.728234e+01  8.800581e+00
     vertex -1.815532e-01  2.721759e+01  8.726673e+00
   endloop
 endfacet
 facet normal  1.000000e+00 -6.727725e-18  3.584045e-16
   outer loop
     vertex -1.815532e-01  2.795044e+01  8.735680e+00
     vertex -1.815532e-01  2.788802e+01  8.811951e+00
     vertex -1.815532e-01  2.728234e+01  8.800581e+00
   endloop
 endfacet
 facet normal  1.000000e+00  4.769235e-17 -4.178498e-17
   outer loop
     vertex -1.815532e-01  2.852324e+01  9.293422e+00
     vertex -1.815532e-01  2.855741e+01  9.996667e+00
     vertex -1.815532e-01  2.849266e+01  9.922759e+00
   endloop
 endfacet
 facet normal  1.000000e+00 -4.890916e-16 -6.787304e-17
   outer loop
     vertex -1.815532e-01  2.852324e+01  9.293422e+00
     vertex -1.815532e-01  2.849266e+01  9.922759e+00
     vertex -1.815532e-01  2.845849e+01  9.351070e+00
   endloop
 endfacet
 facet normal  1.000000e+00  0.000000e+00  0.000000e+00
   outer loop
     vertex -1.815532e-01  2.675162e+01  7.503601e+00
     vertex -1.815532e-01  2.599253e+01  7.551613e+00
     vertex -1.815532e-01  2.591501e+01  7.497468e+00
   endloop
 endfacet
 facet normal  1.000000e+00  3.363263e-17  5.317422e-16
   outer loop
     vertex -1.815532e-01  2.675162e+01  7.503601e+00
     vertex -1.815532e-01  2.667538e+01  7.560621e+00
     vertex -1.815532e-01  2.599253e+01  7.551613e+00
   endloop
 endfacet
 facet normal  1.000000e+00  5.041534e-16 -6.396233e-17
   outer loop
     vertex -1.815532e-01  2.857022e+01  9.229759e+00
     vertex -1.815532e-01  2.855741e+01  9.996667e+00
     vertex -1.815532e-01  2.852324e+01  9.293422e+00
   endloop
 endfacet
 facet normal  1.000000e+00  1.372676e-16 -7.009034e-17
   outer loop
     vertex -1.815532e-01  2.857022e+01  9.229759e+00
     vertex -1.815532e-01  2.860249e+01  1.008496e+01
     vertex -1.815532e-01  2.855741e+01  9.996667e+00
   endloop
 endfacet
 facet normal  1.000000e+00  0.000000e+00  0.000000e+00
   outer loop
     vertex -1.815532e-01  2.683370e+01  7.467857e+00
     vertex -1.815532e-01  2.591501e+01  7.497468e+00
     vertex -1.815532e-01  2.582361e+01  7.462175e+00
   endloop
 endfacet
 facet normal  1.000000e+00  0.000000e+00  0.000000e+00
   outer loop
     vertex -1.815532e-01  2.683370e+01  7.467857e+00
     vertex -1.815532e-01  2.675162e+01  7.503601e+00
     vertex -1.815532e-01  2.591501e+01  7.497468e+00
   endloop
 endfacet
 facet normal  1.000000e+00 -1.605122e-17 -2.180063e-15
   outer loop
     vertex -1.815532e-01  2.689401e+01  7.454294e+00
     vertex -1.815532e-01  2.582361e+01  7.462175e+00
     vertex -1.815532e-01  2.572631e+01  7.450160e+00
   endloop
 endfacet
 facet normal  1.000000e+00  0.000000e+00  0.000000e+00
   outer loop
     vertex -1.815532e-01  2.689401e+01  7.454294e+00
     vertex -1.815532e-01  2.683370e+01  7.467857e+00
     vertex -1.815532e-01  2.582361e+01  7.462175e+00
   endloop
 endfacet
 facet normal  1.000000e+00 -1.279679e-16 -6.008019e-17
   outer loop
     vertex -1.815532e-01  2.860339e+01  9.159105e+00
     vertex -1.815532e-01  2.860249e+01  1.008496e+01
     vertex -1.815532e-01  2.857022e+01  9.229759e+00
   endloop
 endfacet
 facet normal  1.000000e+00 -2.526480e-16 -6.020086e-17
   outer loop
     vertex -1.815532e-01  2.862325e+01  9.075750e+00
     vertex -1.815532e-01  2.860249e+01  1.008496e+01
     vertex -1.815532e-01  2.860339e+01  9.159105e+00
   endloop
 endfacet
 facet normal  1.000000e+00  1.128425e-18 -9.119779e-17
   outer loop
     vertex -1.815532e-01  2.792456e+01  8.126731e+00
     vertex -1.815532e-01  2.721759e+01  8.726673e+00
     vertex -1.815532e-01  2.724818e+01  8.118362e+00
   endloop
 endfacet
 facet normal  1.000000e+00 -3.621170e-17 -1.351991e-16
   outer loop
     vertex -1.815532e-01  2.792456e+01  8.126731e+00
     vertex -1.815532e-01  2.795044e+01  8.735680e+00
     vertex -1.815532e-01  2.721759e+01  8.726673e+00
   endloop
 endfacet
 facet normal  1.000000e+00  5.473142e-16 -1.600026e-16
   outer loop
     vertex -1.815532e-01  2.799173e+01  8.183044e+00
     vertex -1.815532e-01  2.795044e+01  8.735680e+00
     vertex -1.815532e-01  2.792456e+01  8.126731e+00
   endloop
 endfacet
 facet normal  1.000000e+00  2.264448e-16 -1.839768e-16
   outer loop
     vertex -1.815532e-01  2.799173e+01  8.183044e+00
     vertex -1.815532e-01  2.802669e+01  8.678660e+00
     vertex -1.815532e-01  2.795044e+01  8.735680e+00
   endloop
 endfacet
 facet normal  1.000000e+00  4.075896e-17  4.660596e-16
   outer loop
     vertex -1.815532e-01  2.787521e+01  8.063525e+00
     vertex -1.815532e-01  2.724818e+01  8.118362e+00
     vertex -1.815532e-01  2.729515e+01  8.054700e+00
   endloop
 endfacet
 facet normal  1.000000e+00  0.000000e+00 -0.000000e+00
   outer loop
     vertex -1.815532e-01  2.787521e+01  8.063525e+00
     vertex -1.815532e-01  2.792456e+01  8.126731e+00
     vertex -1.815532e-01  2.724818e+01  8.118362e+00
   endloop
 endfacet
 facet normal  1.000000e+00  4.574501e-17  4.143108e-16
   outer loop
     vertex -1.815532e-01  2.784050e+01  7.994487e+00
     vertex -1.815532e-01  2.729515e+01  8.054700e+00
     vertex -1.815532e-01  2.732833e+01  7.984045e+00
   endloop
 endfacet
 facet normal  1.000000e+00  4.205486e-17  3.808892e-16
   outer loop
     vertex -1.815532e-01  2.784050e+01  7.994487e+00
     vertex -1.815532e-01  2.787521e+01  8.063525e+00
     vertex -1.815532e-01  2.729515e+01  8.054700e+00
   endloop
 endfacet
 facet normal  1.000000e+00 -5.996847e-16 -1.257131e-16
   outer loop
     vertex -1.815532e-01  2.807539e+01  8.225570e+00
     vertex -1.815532e-01  2.802669e+01  8.678660e+00
     vertex -1.815532e-01  2.799173e+01  8.183044e+00
   endloop
 endfacet
 facet normal  1.000000e+00 -2.798564e-17 -6.426629e-17
   outer loop
     vertex -1.815532e-01  2.807539e+01  8.225570e+00
     vertex -1.815532e-01  2.810877e+01  8.642916e+00
     vertex -1.815532e-01  2.802669e+01  8.678660e+00
   endloop
 endfacet
 facet normal  1.000000e+00 -5.019763e-17 -3.449434e-16
   outer loop
     vertex -1.815532e-01  2.781848e+01  7.912715e+00
     vertex -1.815532e-01  2.732833e+01  7.984045e+00
     vertex -1.815532e-01  2.734819e+01  7.900691e+00
   endloop
 endfacet
 facet normal  1.000000e+00  4.753259e-17  3.266300e-16
   outer loop
     vertex -1.815532e-01  2.781848e+01  7.912715e+00
     vertex -1.815532e-01  2.784050e+01  7.994487e+00
     vertex -1.815532e-01  2.732833e+01  7.984045e+00
   endloop
 endfacet
 facet normal  1.000000e+00 -5.098587e-16 -2.204761e-16
   outer loop
     vertex -1.815532e-01  2.817071e+01  8.247897e+00
     vertex -1.815532e-01  2.816907e+01  8.629354e+00
     vertex -1.815532e-01  2.810877e+01  8.642916e+00
   endloop
 endfacet
 facet normal  1.000000e+00  4.682842e-16 -2.162742e-16
   outer loop
     vertex -1.815532e-01  2.817071e+01  8.247897e+00
     vertex -1.815532e-01  2.822643e+01  8.625220e+00
     vertex -1.815532e-01  2.816907e+01  8.629354e+00
   endloop
 endfacet
 facet normal  1.000000e+00  3.125992e-16 -9.151028e-17
   outer loop
     vertex -1.815532e-01  2.817071e+01  8.247897e+00
     vertex -1.815532e-01  2.810877e+01  8.642916e+00
     vertex -1.815532e-01  2.807539e+01  8.225570e+00
   endloop
 endfacet
 facet normal  1.000000e+00 -8.340157e-18  3.005981e-16
   outer loop
     vertex -1.815532e-01  2.781461e+01  7.821297e+00
     vertex -1.815532e-01  2.734819e+01  7.900691e+00
     vertex -1.815532e-01  2.734920e+01  7.808384e+00
   endloop
 endfacet
 facet normal  1.000000e+00 -5.908148e-17  2.503776e-18
   outer loop
     vertex -1.815532e-01  2.781461e+01  7.821297e+00
     vertex -1.815532e-01  2.781848e+01  7.912715e+00
     vertex -1.815532e-01  2.734819e+01  7.900691e+00
   endloop
 endfacet
 facet normal  1.000000e+00 -2.484830e-18 -1.467514e-16
   outer loop
     vertex -1.815532e-01  2.826990e+01  8.246217e+00
     vertex -1.815532e-01  2.822643e+01  8.625220e+00
     vertex -1.815532e-01  2.817071e+01  8.247897e+00
   endloop
 endfacet
 facet normal  1.000000e+00 -2.634280e-16 -1.766757e-16
   outer loop
     vertex -1.815532e-01  2.826990e+01  8.246217e+00
     vertex -1.815532e-01  2.832374e+01  8.637235e+00
     vertex -1.815532e-01  2.822643e+01  8.625220e+00
   endloop
 endfacet
 facet normal  1.000000e+00  4.776683e-17  2.825102e-16
   outer loop
     vertex -1.815532e-01  2.783314e+01  7.726559e+00
     vertex -1.815532e-01  2.734920e+01  7.808384e+00
     vertex -1.815532e-01  2.732743e+01  7.713819e+00
   endloop
 endfacet
 facet normal  1.000000e+00  0.000000e+00  0.000000e+00
   outer loop
     vertex -1.815532e-01  2.783314e+01  7.726559e+00
     vertex -1.815532e-01  2.781461e+01  7.821297e+00
     vertex -1.815532e-01  2.734920e+01  7.808384e+00
   endloop
 endfacet
 facet normal  1.000000e+00  7.443084e-17 -1.927623e-16
   outer loop
     vertex -1.815532e-01  2.836404e+01  8.220829e+00
     vertex -1.815532e-01  2.841514e+01  8.672528e+00
     vertex -1.815532e-01  2.832374e+01  8.637235e+00
   endloop
 endfacet
 facet normal  1.000000e+00 -5.537325e-17 -2.053240e-16
   outer loop
     vertex -1.815532e-01  2.836404e+01  8.220829e+00
     vertex -1.815532e-01  2.832374e+01  8.637235e+00
     vertex -1.815532e-01  2.826990e+01  8.246217e+00
   endloop
 endfacet
 facet normal  1.000000e+00 -4.119398e-17 -2.933090e-16
   outer loop
     vertex -1.815532e-01  2.787517e+01  7.636891e+00
     vertex -1.815532e-01  2.732743e+01  7.713819e+00
     vertex -1.815532e-01  2.728234e+01  7.625522e+00
   endloop
 endfacet
 facet normal  1.000000e+00  4.653649e-17  3.313487e-16
   outer loop
     vertex -1.815532e-01  2.787517e+01  7.636891e+00
     vertex -1.815532e-01  2.783314e+01  7.726559e+00
     vertex -1.815532e-01  2.732743e+01  7.713819e+00
   endloop
 endfacet
 facet normal  1.000000e+00 -9.531878e-17 -1.735571e-16
   outer loop
     vertex -1.815532e-01  2.844564e+01  8.176010e+00
     vertex -1.815532e-01  2.841514e+01  8.672528e+00
     vertex -1.815532e-01  2.836404e+01  8.220829e+00
   endloop
 endfacet
 facet normal  1.000000e+00  4.556567e-16 -1.397097e-16
   outer loop
     vertex -1.815532e-01  2.844564e+01  8.176010e+00
     vertex -1.815532e-01  2.849266e+01  8.726673e+00
     vertex -1.815532e-01  2.841514e+01  8.672528e+00
   endloop
 endfacet
 facet normal  1.000000e+00  3.422641e-17  3.455538e-16
   outer loop
     vertex -1.815532e-01  2.793759e+01  7.560621e+00
     vertex -1.815532e-01  2.728234e+01  7.625522e+00
     vertex -1.815532e-01  2.721759e+01  7.551613e+00
   endloop
 endfacet
 facet normal  1.000000e+00 -3.922430e-17 -3.960131e-16
   outer loop
     vertex -1.815532e-01  2.793759e+01  7.560621e+00
     vertex -1.815532e-01  2.787517e+01  7.636891e+00
     vertex -1.815532e-01  2.728234e+01  7.625522e+00
   endloop
 endfacet
 facet normal  1.000000e+00 -8.341202e-17 -9.368655e-17
   outer loop
     vertex -1.815532e-01  2.851039e+01  8.118362e+00
     vertex -1.815532e-01  2.849266e+01  8.726673e+00
     vertex -1.815532e-01  2.844564e+01  8.176010e+00
   endloop
 endfacet
 facet normal  1.000000e+00  1.008012e-16 -8.831551e-17
   outer loop
     vertex -1.815532e-01  2.851039e+01  8.118362e+00
     vertex -1.815532e-01  2.855741e+01  8.800581e+00
     vertex -1.815532e-01  2.849266e+01  8.726673e+00
   endloop
 endfacet
 facet normal  1.000000e+00 -6.412150e-16 -3.717705e-17
   outer loop
     vertex -1.815532e-01  2.855737e+01  8.054700e+00
     vertex -1.815532e-01  2.855741e+01  8.800581e+00
     vertex -1.815532e-01  2.851039e+01  8.118362e+00
   endloop
 endfacet
 facet normal  1.000000e+00  7.288471e-17 -3.721572e-17
   outer loop
     vertex -1.815532e-01  2.855737e+01  8.054700e+00
     vertex -1.815532e-01  2.860249e+01  8.888878e+00
     vertex -1.815532e-01  2.855741e+01  8.800581e+00
   endloop
 endfacet
 facet normal  1.000000e+00  3.192572e-17  5.294598e-16
   outer loop
     vertex -1.815532e-01  2.801384e+01  7.503601e+00
     vertex -1.815532e-01  2.793759e+01  7.560621e+00
     vertex -1.815532e-01  2.721759e+01  7.551613e+00
   endloop
 endfacet
 facet normal  1.000000e+00  0.000000e+00  0.000000e+00
   outer loop
     vertex -1.815532e-01  2.801384e+01  7.503601e+00
     vertex -1.815532e-01  2.721759e+01  7.551613e+00
     vertex -1.815532e-01  2.714008e+01  7.497468e+00
   endloop
 endfacet
 facet normal  1.000000e+00 -8.138169e-16  1.075141e-17
   outer loop
     vertex -1.815532e-01  2.859054e+01  7.984045e+00
     vertex -1.815532e-01  2.860249e+01  8.888878e+00
     vertex -1.815532e-01  2.855737e+01  8.054700e+00
   endloop
 endfacet
 facet normal  1.000000e+00  0.000000e+00  0.000000e+00
   outer loop
     vertex -1.815532e-01  2.809592e+01  7.467857e+00
     vertex -1.815532e-01  2.714008e+01  7.497468e+00
     vertex -1.815532e-01  2.704867e+01  7.462175e+00
   endloop
 endfacet
 facet normal  1.000000e+00  0.000000e+00  0.000000e+00
   outer loop
     vertex -1.815532e-01  2.809592e+01  7.467857e+00
     vertex -1.815532e-01  2.801384e+01  7.503601e+00
     vertex -1.815532e-01  2.714008e+01  7.497468e+00
   endloop
 endfacet
 facet normal  1.000000e+00  0.000000e+00  0.000000e+00
   outer loop
     vertex -1.815532e-01  2.815622e+01  7.454294e+00
     vertex -1.815532e-01  2.809592e+01  7.467857e+00
     vertex -1.815532e-01  2.704867e+01  7.462175e+00
   endloop
 endfacet
 facet normal  1.000000e+00  1.324034e-15 -1.749194e-17
   outer loop
     vertex -1.815532e-01  2.861040e+01  7.900691e+00
     vertex -1.815532e-01  2.860249e+01  8.888878e+00
     vertex -1.815532e-01  2.859054e+01  7.984045e+00
   endloop
 endfacet
 facet normal  1.000000e+00  1.179087e-16 -2.714380e-17
   outer loop
     vertex -1.815532e-01  2.861040e+01  7.900691e+00
     vertex -1.815532e-01  2.862426e+01  8.983444e+00
     vertex -1.815532e-01  2.860249e+01  8.888878e+00
   endloop
 endfacet
 facet normal  1.000000e+00 -6.806468e-17  4.953516e-16
   outer loop
     vertex -1.815532e-01  3.344892e+01  1.156907e+01
     vertex -1.815532e-01  2.837689e+01  1.059197e+01
     vertex -1.815532e-01  2.845849e+01  1.054716e+01
   endloop
 endfacet
 facet normal  1.000000e+00  3.411365e-17 -3.505076e-17
   outer loop
     vertex -1.815532e-01  3.364854e+01  1.176335e+01
     vertex -1.815532e-01  2.837689e+01  1.059197e+01
     vertex -1.815532e-01  3.344892e+01  1.156907e+01
   endloop
 endfacet
 facet normal  1.000000e+00 -1.187534e-16  6.529116e-16
   outer loop
     vertex -1.815532e-01  3.364854e+01  1.176335e+01
     vertex -1.815532e-01  2.828275e+01  1.061736e+01
     vertex -1.815532e-01  2.837689e+01  1.059197e+01
   endloop
 endfacet
 facet normal  1.000000e+00  8.734241e-18  1.203096e-16
   outer loop
     vertex -1.815532e-01  3.327832e+01  1.135075e+01
     vertex -1.815532e-01  3.344892e+01  1.156907e+01
     vertex -1.815532e-01  2.845849e+01  1.054716e+01
   endloop
 endfacet
 facet normal  1.000000e+00 -4.336017e-17  4.327627e-16
   outer loop
     vertex -1.815532e-01  3.327832e+01  1.135075e+01
     vertex -1.815532e-01  2.845849e+01  1.054716e+01
     vertex -1.815532e-01  2.852324e+01  1.048951e+01
   endloop
 endfacet
 facet normal  1.000000e+00  2.912344e-17 -3.948398e-17
   outer loop
     vertex -1.815532e-01  3.387388e+01  1.192956e+01
     vertex -1.815532e-01  2.828275e+01  1.061736e+01
     vertex -1.815532e-01  3.364854e+01  1.176335e+01
   endloop
 endfacet
 facet normal  1.000000e+00  7.511797e-17 -3.805526e-16
   outer loop
     vertex -1.815532e-01  3.313728e+01  1.110854e+01
     vertex -1.815532e-01  2.852324e+01  1.048951e+01
     vertex -1.815532e-01  2.857022e+01  1.042585e+01
   endloop
 endfacet
 facet normal  1.000000e+00 -7.253155e-18  2.334097e-16
   outer loop
     vertex -1.815532e-01  3.313728e+01  1.110854e+01
     vertex -1.815532e-01  3.327832e+01  1.135075e+01
     vertex -1.815532e-01  2.852324e+01  1.048951e+01
   endloop
 endfacet
 facet normal  1.000000e+00 -2.390901e-17  2.134821e-16
   outer loop
     vertex -1.815532e-01  3.412103e+01  1.206409e+01
     vertex -1.815532e-01  2.700768e+01  1.061736e+01
     vertex -1.815532e-01  2.818356e+01  1.061904e+01
   endloop
 endfacet
 facet normal  1.000000e+00  2.563643e-16 -1.386093e-15
   outer loop
     vertex -1.815532e-01  3.412103e+01  1.206409e+01
     vertex -1.815532e-01  2.565843e+01  1.061904e+01
     vertex -1.815532e-01  2.575762e+01  1.061736e+01
   endloop
 endfacet
 facet normal  1.000000e+00 -2.446323e-17  2.373448e-16
   outer loop
     vertex -1.815532e-01  3.412103e+01  1.206409e+01
     vertex -1.815532e-01  2.575762e+01  1.061736e+01
     vertex -1.815532e-01  2.690850e+01  1.061904e+01
   endloop
 endfacet
 facet normal  1.000000e+00  2.598268e-16 -1.181603e-15
   outer loop
     vertex -1.815532e-01  3.412103e+01  1.206409e+01
     vertex -1.815532e-01  2.690850e+01  1.061904e+01
     vertex -1.815532e-01  2.700768e+01  1.061736e+01
   endloop
 endfacet
 facet normal  1.000000e+00  2.634562e-16 -9.672528e-16
   outer loop
     vertex -1.815532e-01  3.412103e+01  1.206409e+01
     vertex -1.815532e-01  2.818356e+01  1.061904e+01
     vertex -1.815532e-01  2.828275e+01  1.061736e+01
   endloop
 endfacet
 facet normal  1.000000e+00 -5.020771e-17  2.985385e-16
   outer loop
     vertex -1.815532e-01  3.412103e+01  1.206409e+01
     vertex -1.815532e-01  2.828275e+01  1.061736e+01
     vertex -1.815532e-01  3.387388e+01  1.192956e+01
   endloop
 endfacet
 facet normal  1.000000e+00 -1.892499e-17  3.839486e-16
   outer loop
     vertex -1.815532e-01  3.303514e+01  1.086279e+01
     vertex -1.815532e-01  2.857022e+01  1.042585e+01
     vertex -1.815532e-01  2.860339e+01  1.035519e+01
   endloop
 endfacet
 facet normal  1.000000e+00  1.943986e-17 -8.080305e-18
   outer loop
     vertex -1.815532e-01  3.303514e+01  1.086279e+01
     vertex -1.815532e-01  3.313728e+01  1.110854e+01
     vertex -1.815532e-01  2.857022e+01  1.042585e+01
   endloop
 endfacet
 facet normal  1.000000e+00  3.594793e-17 -9.527651e-17
   outer loop
     vertex -1.815532e-01  3.438560e+01  1.216392e+01
     vertex -1.815532e-01  2.565843e+01  1.061904e+01
     vertex -1.815532e-01  3.412103e+01  1.206409e+01
   endloop
 endfacet
 facet normal  1.000000e+00  4.515651e-17 -1.472968e-16
   outer loop
     vertex -1.815532e-01  3.438560e+01  1.216392e+01
     vertex -1.815532e-01  5.623978e-01  1.800004e+01
     vertex -1.815532e-01  2.565843e+01  1.061904e+01
   endloop
 endfacet
 facet normal  1.000000e+00  3.152881e-17 -3.254696e-16
   outer loop
     vertex -1.815532e-01  3.296596e+01  1.060724e+01
     vertex -1.815532e-01  2.860339e+01  1.035519e+01
     vertex -1.815532e-01  2.862325e+01  1.027184e+01
   endloop
 endfacet
 facet normal  1.000000e+00  1.768790e-19  2.171749e-16
   outer loop
     vertex -1.815532e-01  3.296596e+01  1.060724e+01
     vertex -1.815532e-01  3.303514e+01  1.086279e+01
     vertex -1.815532e-01  2.860339e+01  1.035519e+01
   endloop
 endfacet
 facet normal  1.000000e+00  8.337064e-17  7.417306e-17
   outer loop
     vertex -1.815532e-01  3.466276e+01  1.222659e+01
     vertex -1.815532e-01  5.623978e-01  1.800004e+01
     vertex -1.815532e-01  3.438560e+01  1.216392e+01
   endloop
 endfacet
 facet normal  1.000000e+00 -1.839962e-18  1.065750e-16
   outer loop
     vertex -1.815532e-01  3.293038e+01  1.034620e+01
     vertex -1.815532e-01  3.296596e+01  1.060724e+01
     vertex -1.815532e-01  2.862325e+01  1.027184e+01
   endloop
 endfacet
 facet normal  1.000000e+00 -5.190271e-18  3.006327e-16
   outer loop
     vertex -1.815532e-01  3.293038e+01  1.034620e+01
     vertex -1.815532e-01  2.862325e+01  1.027184e+01
     vertex -1.815532e-01  2.862426e+01  1.017953e+01
   endloop
 endfacet
 facet normal  1.000000e+00  6.447396e-18 -4.607245e-20
   outer loop
     vertex -1.815532e-01  3.292851e+01  1.008395e+01
     vertex -1.815532e-01  3.293038e+01  1.034620e+01
     vertex -1.815532e-01  2.862426e+01  1.017953e+01
   endloop
 endfacet
 facet normal  1.000000e+00  2.357362e-17  2.880797e-16
   outer loop
     vertex -1.815532e-01  3.295992e+01  9.824742e+00
     vertex -1.815532e-01  2.862426e+01  1.017953e+01
     vertex -1.815532e-01  2.860249e+01  1.008496e+01
   endloop
 endfacet
 facet normal  1.000000e+00  8.849946e-18  1.081501e-16
   outer loop
     vertex -1.815532e-01  3.295992e+01  9.824742e+00
     vertex -1.815532e-01  3.292851e+01  1.008395e+01
     vertex -1.815532e-01  2.862426e+01  1.017953e+01
   endloop
 endfacet
 facet normal  1.000000e+00  3.088699e-18 -5.494081e-17
   outer loop
     vertex -1.815532e-01  3.295992e+01  9.824742e+00
     vertex -1.815532e-01  2.860249e+01  1.008496e+01
     vertex -1.815532e-01  2.862325e+01  9.075750e+00
   endloop
 endfacet
 facet normal  1.000000e+00 -5.281274e-17  3.001105e-16
   outer loop
     vertex -1.815532e-01  3.302368e+01  9.572674e+00
     vertex -1.815532e-01  2.862325e+01  9.075750e+00
     vertex -1.815532e-01  2.862426e+01  8.983444e+00
   endloop
 endfacet
 facet normal  1.000000e+00 -4.257512e-17  2.094528e-16
   outer loop
     vertex -1.815532e-01  3.302368e+01  9.572674e+00
     vertex -1.815532e-01  3.295992e+01  9.824742e+00
     vertex -1.815532e-01  2.862325e+01  9.075750e+00
   endloop
 endfacet
 facet normal  1.000000e+00 -1.655811e-17 -2.542227e-17
   outer loop
     vertex -1.815532e-01  3.311839e+01  9.331666e+00
     vertex -1.815532e-01  2.862426e+01  8.983444e+00
     vertex -1.815532e-01  2.861040e+01  7.900691e+00
   endloop
 endfacet
 facet normal  1.000000e+00 -2.664018e-17  1.046961e-16
   outer loop
     vertex -1.815532e-01  3.311839e+01  9.331666e+00
     vertex -1.815532e-01  3.302368e+01  9.572674e+00
     vertex -1.815532e-01  2.862426e+01  8.983444e+00
   endloop
 endfacet
 facet normal  1.000000e+00 -5.416083e-17  9.303714e-17
   outer loop
     vertex -1.815532e-01  3.324216e+01  9.105393e+00
     vertex -1.815532e-01  3.311839e+01  9.331666e+00
     vertex -1.815532e-01  2.861040e+01  7.900691e+00
   endloop
 endfacet
 facet normal  1.000000e+00 -3.874951e-16  8.280860e-16
   outer loop
     vertex -1.815532e-01  3.170910e+01  5.600010e+00
     vertex -1.815532e-01  2.831089e+01  7.462175e+00
     vertex -1.815532e-01  2.821358e+01  7.450160e+00
   endloop
 endfacet
 facet normal  1.000000e+00 -3.477515e-16  9.006130e-16
   outer loop
     vertex -1.815532e-01  3.170910e+01  5.600010e+00
     vertex -1.815532e-01  2.840229e+01  7.497468e+00
     vertex -1.815532e-01  2.831089e+01  7.462175e+00
   endloop
 endfacet
 facet normal  1.000000e+00  6.760186e-16  4.961457e-16
   outer loop
     vertex -1.815532e-01  3.170910e+01  5.600010e+00
     vertex -1.815532e-01  3.341095e+01  8.875413e+00
     vertex -1.815532e-01  3.324216e+01  9.105393e+00
   endloop
 endfacet
 facet normal  1.000000e+00 -4.746331e-16  6.794888e-16
   outer loop
     vertex -1.815532e-01  3.170910e+01  5.600010e+00
     vertex -1.815532e-01  2.847981e+01  7.551613e+00
     vertex -1.815532e-01  2.840229e+01  7.497468e+00
   endloop
 endfacet
 facet normal  1.000000e+00  4.761006e-16  6.000199e-16
   outer loop
     vertex -1.815532e-01  3.170910e+01  5.600010e+00
     vertex -1.815532e-01  3.360900e+01  8.672009e+00
     vertex -1.815532e-01  3.341095e+01  8.875413e+00
   endloop
 endfacet
 facet normal  1.000000e+00 -4.304203e-16  7.526474e-16
   outer loop
     vertex -1.815532e-01  3.170910e+01  5.600010e+00
     vertex -1.815532e-01  2.854456e+01  7.625522e+00
     vertex -1.815532e-01  2.847981e+01  7.551613e+00
   endloop
 endfacet
 facet normal  1.000000e+00 -8.391188e-16  1.141201e-16
   outer loop
     vertex -1.815532e-01  3.170910e+01  5.600010e+00
     vertex -1.815532e-01  2.858964e+01  7.713819e+00
     vertex -1.815532e-01  2.854456e+01  7.625522e+00
   endloop
 endfacet
 facet normal  1.000000e+00  3.853444e-16  6.561487e-16
   outer loop
     vertex -1.815532e-01  3.170910e+01  5.600010e+00
     vertex -1.815532e-01  3.383211e+01  8.498682e+00
     vertex -1.815532e-01  3.360900e+01  8.672009e+00
   endloop
 endfacet
 facet normal  1.000000e+00 -6.207317e-16  4.364054e-16
   outer loop
     vertex -1.815532e-01  3.170910e+01  5.600010e+00
     vertex -1.815532e-01  2.861141e+01  7.808384e+00
     vertex -1.815532e-01  2.858964e+01  7.713819e+00
   endloop
 endfacet
 facet normal  1.000000e+00  3.803357e-16  6.598171e-16
   outer loop
     vertex -1.815532e-01  3.170910e+01  5.600010e+00
     vertex -1.815532e-01  3.407567e+01  8.358282e+00
     vertex -1.815532e-01  3.383211e+01  8.498682e+00
   endloop
 endfacet
 facet normal  1.000000e+00 -7.231381e-16  2.927598e-16
   outer loop
     vertex -1.815532e-01  3.170910e+01  5.600010e+00
     vertex -1.815532e-01  2.861040e+01  7.900691e+00
     vertex -1.815532e-01  2.861141e+01  7.808384e+00
   endloop
 endfacet
 facet normal  1.000000e+00  2.971524e-16  7.311876e-16
   outer loop
     vertex -1.815532e-01  3.170910e+01  5.600010e+00
     vertex -1.815532e-01  3.433482e+01  8.252966e+00
     vertex -1.815532e-01  3.407567e+01  8.358282e+00
   endloop
 endfacet
 facet normal  1.000000e+00 -2.661849e-16  9.082131e-16
   outer loop
     vertex -1.815532e-01  3.170910e+01  5.600010e+00
     vertex -1.815532e-01  3.324216e+01  9.105393e+00
     vertex -1.815532e-01  2.861040e+01  7.900691e+00
   endloop
 endfacet
 facet normal  1.000000e+00  1.266709e-16  8.999186e-16
   outer loop
     vertex -1.815532e-01  3.460447e+01  8.184169e+00
     vertex -1.815532e-01  3.433482e+01  8.252966e+00
     vertex -1.815532e-01  3.170910e+01  5.600010e+00
   endloop
 endfacet
 facet normal  1.000000e+00  1.230925e-16  9.039280e-16
   outer loop
     vertex -1.815532e-01  3.479350e+01  8.158428e+00
     vertex -1.815532e-01  3.460447e+01  8.184169e+00
     vertex -1.815532e-01  3.170910e+01  5.600010e+00
   endloop
 endfacet
 facet normal  1.000000e+00  1.058711e-15 -2.240406e-16
   outer loop
     vertex -1.815532e-01  3.497530e+01  8.150351e+00
     vertex -1.815532e-01  3.479350e+01  8.158428e+00
     vertex -1.815532e-01  3.170910e+01  5.600010e+00
   endloop
 endfacet
 facet normal  1.000000e+00 -1.104092e-15  2.545841e-15
   outer loop
     vertex -1.815532e-01  3.524160e+01  8.167720e+00
     vertex -1.815532e-01  3.497530e+01  8.150351e+00
     vertex -1.815532e-01  3.170910e+01  5.600010e+00
   endloop
 endfacet
 facet normal  1.000000e+00  8.645326e-16 -1.624714e-16
   outer loop
     vertex -1.815532e-01  3.170910e+01  1.500003e+00
     vertex -1.815532e-01  3.524160e+01  8.167720e+00
     vertex -1.815532e-01  3.170910e+01  5.600010e+00
   endloop
 endfacet
 facet normal  1.000000e+00  4.418946e-17  2.721391e-16
   outer loop
     vertex -1.815532e-01  3.170910e+01  1.500003e+00
     vertex -1.815532e-01  3.552107e+01  8.224331e+00
     vertex -1.815532e-01  3.524160e+01  8.167720e+00
   endloop
 endfacet
 facet normal  1.000000e+00  1.020055e-17  2.914071e-16
   outer loop
     vertex -1.815532e-01  3.170910e+01  1.500003e+00
     vertex -1.815532e-01  3.577048e+01  8.310847e+00
     vertex -1.815532e-01  3.552107e+01  8.224331e+00
   endloop
 endfacet
 facet normal  1.000000e+00 -4.307102e-17  3.231735e-16
   outer loop
     vertex -1.815532e-01  3.170910e+01  1.500003e+00
     vertex -1.815532e-01  3.600563e+01  8.428071e+00
     vertex -1.815532e-01  3.577048e+01  8.310847e+00
   endloop
 endfacet
 facet normal  1.000000e+00 -9.260802e-17 -2.021199e-16
   outer loop
     vertex -1.815532e-01  4.953840e+01  1.800004e+01
     vertex -1.815532e-01  3.570873e+01  1.211488e+01
     vertex -1.815532e-01  3.594631e+01  1.200602e+01
   endloop
 endfacet
 facet normal  1.000000e+00 -7.554756e-17 -2.422106e-16
   outer loop
     vertex -1.815532e-01  4.953840e+01  1.800004e+01
     vertex -1.815532e-01  3.546030e+01  1.219237e+01
     vertex -1.815532e-01  3.570873e+01  1.211488e+01
   endloop
 endfacet
 facet normal  1.000000e+00 -2.048846e-16  7.130928e-17
   outer loop
     vertex -1.815532e-01  4.953840e+01  1.800004e+01
     vertex -1.815532e-01  3.520511e+01  1.223764e+01
     vertex -1.815532e-01  3.546030e+01  1.219237e+01
   endloop
 endfacet
 facet normal  1.000000e+00 -1.927560e-17 -3.903713e-16
   outer loop
     vertex -1.815532e-01  4.953840e+01  1.800004e+01
     vertex -1.815532e-01  3.494730e+01  1.225037e+01
     vertex -1.815532e-01  3.520511e+01  1.223764e+01
   endloop
 endfacet
 facet normal  1.000000e+00  1.703681e-16 -8.716358e-16
   outer loop
     vertex -1.815532e-01  4.953840e+01  1.800004e+01
     vertex -1.815532e-01  3.466276e+01  1.222659e+01
     vertex -1.815532e-01  3.494730e+01  1.225037e+01
   endloop
 endfacet
 facet normal  1.000000e+00 -1.700154e-18 -4.282907e-16
   outer loop
     vertex -1.815532e-01  4.953840e+01  1.800004e+01
     vertex -1.815532e-01  5.623978e-01  1.800004e+01
     vertex -1.815532e-01  3.466276e+01  1.222659e+01
   endloop
 endfacet
 facet normal  1.000000e+00 -1.177724e-18  1.428058e-16
   outer loop
     vertex -1.815532e-01  4.405094e+01  1.156907e+01
     vertex -1.815532e-01  3.637315e+01  1.170011e+01
     vertex -1.815532e-01  3.655493e+01  1.150725e+01
   endloop
 endfacet
 facet normal  1.000000e+00 -3.552744e-18  3.650339e-18
   outer loop
     vertex -1.815532e-01  4.425056e+01  1.176335e+01
     vertex -1.815532e-01  3.637315e+01  1.170011e+01
     vertex -1.815532e-01  4.405094e+01  1.156907e+01
   endloop
 endfacet
 facet normal  1.000000e+00 -4.810312e-18  1.602885e-16
   outer loop
     vertex -1.815532e-01  4.425056e+01  1.176335e+01
     vertex -1.815532e-01  3.616907e+01  1.186714e+01
     vertex -1.815532e-01  3.637315e+01  1.170011e+01
   endloop
 endfacet
 facet normal  1.000000e+00  2.789594e-18  1.305779e-16
   outer loop
     vertex -1.815532e-01  4.388033e+01  1.135075e+01
     vertex -1.815532e-01  3.655493e+01  1.150725e+01
     vertex -1.815532e-01  3.671106e+01  1.129135e+01
   endloop
 endfacet
 facet normal  1.000000e+00  0.000000e+00 -0.000000e+00
   outer loop
     vertex -1.815532e-01  4.388033e+01  1.135075e+01
     vertex -1.815532e-01  4.405094e+01  1.156907e+01
     vertex -1.815532e-01  3.655493e+01  1.150725e+01
   endloop
 endfacet
 facet normal  1.000000e+00  0.000000e+00  0.000000e+00
   outer loop
     vertex -1.815532e-01  4.447589e+01  1.192956e+01
     vertex -1.815532e-01  3.594631e+01  1.200602e+01
     vertex -1.815532e-01  3.616907e+01  1.186714e+01
   endloop
 endfacet
 facet normal  1.000000e+00 -2.535244e-18  3.374308e-16
   outer loop
     vertex -1.815532e-01  4.447589e+01  1.192956e+01
     vertex -1.815532e-01  3.616907e+01  1.186714e+01
     vertex -1.815532e-01  4.425056e+01  1.176335e+01
   endloop
 endfacet
 facet normal  1.000000e+00  0.000000e+00  0.000000e+00
   outer loop
     vertex -1.815532e-01  4.373930e+01  1.110854e+01
     vertex -1.815532e-01  3.671106e+01  1.129135e+01
     vertex -1.815532e-01  3.684246e+01  1.104700e+01
   endloop
 endfacet
 facet normal  1.000000e+00  2.936197e-18  1.128834e-16
   outer loop
     vertex -1.815532e-01  4.373930e+01  1.110854e+01
     vertex -1.815532e-01  4.388033e+01  1.135075e+01
     vertex -1.815532e-01  3.671106e+01  1.129135e+01
   endloop
 endfacet
 facet normal  1.000000e+00  0.000000e+00  0.000000e+00
   outer loop
     vertex -1.815532e-01  4.472304e+01  1.206409e+01
     vertex -1.815532e-01  3.594631e+01  1.200602e+01
     vertex -1.815532e-01  4.447589e+01  1.192956e+01
   endloop
 endfacet
 facet normal  1.000000e+00  2.768460e-18 -4.183964e-16
   outer loop
     vertex -1.815532e-01  4.472304e+01  1.206409e+01
     vertex -1.815532e-01  4.953840e+01  1.800004e+01
     vertex -1.815532e-01  3.594631e+01  1.200602e+01
   endloop
 endfacet
 facet normal  1.000000e+00 -5.327241e-18  1.048509e-16
   outer loop
     vertex -1.815532e-01  4.363715e+01  1.086279e+01
     vertex -1.815532e-01  3.684246e+01  1.104700e+01
     vertex -1.815532e-01  3.693964e+01  1.078722e+01
   endloop
 endfacet
 facet normal  1.000000e+00 -2.023164e-18  2.267260e-16
   outer loop
     vertex -1.815532e-01  4.363715e+01  1.086279e+01
     vertex -1.815532e-01  4.373930e+01  1.110854e+01
     vertex -1.815532e-01  3.684246e+01  1.104700e+01
   endloop
 endfacet
 facet normal  1.000000e+00  3.774475e-16 -7.223438e-16
   outer loop
     vertex -1.815532e-01  4.498762e+01  1.216392e+01
     vertex -1.815532e-01  4.953840e+01  1.800004e+01
     vertex -1.815532e-01  4.472304e+01  1.206409e+01
   endloop
 endfacet
 facet normal  1.000000e+00 -4.156860e-18  1.125257e-18
   outer loop
     vertex -1.815532e-01  4.356797e+01  1.060724e+01
     vertex -1.815532e-01  4.363715e+01  1.086279e+01
     vertex -1.815532e-01  3.693964e+01  1.078722e+01
   endloop
 endfacet
 facet normal  1.000000e+00 -1.425208e-18  1.017279e-16
   outer loop
     vertex -1.815532e-01  4.356797e+01  1.060724e+01
     vertex -1.815532e-01  3.693964e+01  1.078722e+01
     vertex -1.815532e-01  3.700109e+01  1.051524e+01
   endloop
 endfacet
 facet normal  1.000000e+00  1.175206e-16 -5.196626e-16
   outer loop
     vertex -1.815532e-01  4.526477e+01  1.222659e+01
     vertex -1.815532e-01  4.953840e+01  1.800004e+01
     vertex -1.815532e-01  4.498762e+01  1.216392e+01
   endloop
 endfacet
 facet normal  1.000000e+00 -3.361445e-18  1.985069e-16
   outer loop
     vertex -1.815532e-01  4.353240e+01  1.034620e+01
     vertex -1.815532e-01  3.700109e+01  1.051524e+01
     vertex -1.815532e-01  3.702510e+01  1.023600e+01
   endloop
 endfacet
 facet normal  1.000000e+00 -2.984904e-18  2.130552e-16
   outer loop
     vertex -1.815532e-01  4.353240e+01  1.034620e+01
     vertex -1.815532e-01  4.356797e+01  1.060724e+01
     vertex -1.815532e-01  3.700109e+01  1.051524e+01
   endloop
 endfacet
 facet normal  1.000000e+00  1.425069e-16 -5.381580e-16
   outer loop
     vertex -1.815532e-01  4.554931e+01  1.225037e+01
     vertex -1.815532e-01  4.953840e+01  1.800004e+01
     vertex -1.815532e-01  4.526477e+01  1.222659e+01
   endloop
 endfacet
 facet normal  1.000000e+00  2.303500e-18  9.855317e-17
   outer loop
     vertex -1.815532e-01  4.353052e+01  1.008395e+01
     vertex -1.815532e-01  3.702510e+01  1.023600e+01
     vertex -1.815532e-01  3.701062e+01  9.954712e+00
   endloop
 endfacet
 facet normal  1.000000e+00  0.000000e+00 -0.000000e+00
   outer loop
     vertex -1.815532e-01  4.353052e+01  1.008395e+01
     vertex -1.815532e-01  4.353240e+01  1.034620e+01
     vertex -1.815532e-01  3.702510e+01  1.023600e+01
   endloop
 endfacet
 facet normal  1.000000e+00 -2.097249e-17 -4.247369e-16
   outer loop
     vertex -1.815532e-01  4.580713e+01  1.223764e+01
     vertex -1.815532e-01  4.953840e+01  1.800004e+01
     vertex -1.815532e-01  4.554931e+01  1.225037e+01
   endloop
 endfacet
 facet normal  1.000000e+00 -2.247330e-18  1.002743e-16
   outer loop
     vertex -1.815532e-01  4.356193e+01  9.824742e+00
     vertex -1.815532e-01  3.701062e+01  9.954712e+00
     vertex -1.815532e-01  3.695738e+01  9.676722e+00
   endloop
 endfacet
 facet normal  1.000000e+00  1.195993e-20  2.141570e-16
   outer loop
     vertex -1.815532e-01  4.356193e+01  9.824742e+00
     vertex -1.815532e-01  4.353052e+01  1.008395e+01
     vertex -1.815532e-01  3.701062e+01  9.954712e+00
   endloop
 endfacet
 facet normal  1.000000e+00 -1.673101e-16 -3.299802e-16
   outer loop
     vertex -1.815532e-01  4.606231e+01  1.219237e+01
     vertex -1.815532e-01  4.953840e+01  1.800004e+01
     vertex -1.815532e-01  4.580713e+01  1.223764e+01
   endloop
 endfacet
 facet normal  1.000000e+00 -9.406948e-19  2.064690e-16
   outer loop
     vertex -1.815532e-01  4.362570e+01  9.572674e+00
     vertex -1.815532e-01  3.695738e+01  9.676722e+00
     vertex -1.815532e-01  3.686582e+01  9.407445e+00
   endloop
 endfacet
 facet normal  1.000000e+00 -2.453885e-18  1.094906e-16
   outer loop
     vertex -1.815532e-01  4.362570e+01  9.572674e+00
     vertex -1.815532e-01  4.356193e+01  9.824742e+00
     vertex -1.815532e-01  3.695738e+01  9.676722e+00
   endloop
 endfacet
 facet normal  1.000000e+00 -2.072006e-16 -3.061044e-16
   outer loop
     vertex -1.815532e-01  4.631074e+01  1.211488e+01
     vertex -1.815532e-01  4.953840e+01  1.800004e+01
     vertex -1.815532e-01  4.606231e+01  1.219237e+01
   endloop
 endfacet
 facet normal  1.000000e+00  4.066869e-18  1.598083e-18
   outer loop
     vertex -1.815532e-01  4.372040e+01  9.331666e+00
     vertex -1.815532e-01  4.362570e+01  9.572674e+00
     vertex -1.815532e-01  3.686582e+01  9.407445e+00
   endloop
 endfacet
 facet normal  1.000000e+00  6.418158e-18  2.142813e-16
   outer loop
     vertex -1.815532e-01  4.372040e+01  9.331666e+00
     vertex -1.815532e-01  3.686582e+01  9.407445e+00
     vertex -1.815532e-01  3.673717e+01  9.152241e+00
   endloop
 endfacet
 facet normal  1.000000e+00 -6.033537e-17 -3.866513e-16
   outer loop
     vertex -1.815532e-01  4.654833e+01  1.200602e+01
     vertex -1.815532e-01  4.953840e+01  1.800004e+01
     vertex -1.815532e-01  4.631074e+01  1.211488e+01
   endloop
 endfacet
 facet normal  1.000000e+00  5.542532e-18  2.483609e-16
   outer loop
     vertex -1.815532e-01  4.384418e+01  9.105393e+00
     vertex -1.815532e-01  4.372040e+01  9.331666e+00
     vertex -1.815532e-01  3.673717e+01  9.152241e+00
   endloop
 endfacet
 facet normal  1.000000e+00  3.887857e-18 -2.658365e-18
   outer loop
     vertex -1.815532e-01  4.384418e+01  9.105393e+00
     vertex -1.815532e-01  3.673717e+01  9.152241e+00
     vertex -1.815532e-01  3.659135e+01  8.938981e+00
   endloop
 endfacet
 facet normal  1.000000e+00 -3.882732e-16 -2.230618e-16
   outer loop
     vertex -1.815532e-01  4.677108e+01  1.186714e+01
     vertex -1.815532e-01  4.953840e+01  1.800004e+01
     vertex -1.815532e-01  4.654833e+01  1.200602e+01
   endloop
 endfacet
 facet normal  1.000000e+00  1.040250e-18  1.214503e-16
   outer loop
     vertex -1.815532e-01  4.401296e+01  8.875413e+00
     vertex -1.815532e-01  4.384418e+01  9.105393e+00
     vertex -1.815532e-01  3.659135e+01  8.938981e+00
   endloop
 endfacet
 facet normal  1.000000e+00  0.000000e+00  0.000000e+00
   outer loop
     vertex -1.815532e-01  4.401296e+01  8.875413e+00
     vertex -1.815532e-01  3.659135e+01  8.938981e+00
     vertex -1.815532e-01  3.641912e+01  8.745016e+00
   endloop
 endfacet
 facet normal  1.000000e+00 -2.380530e-16 -2.908451e-16
   outer loop
     vertex -1.815532e-01  4.697516e+01  1.170011e+01
     vertex -1.815532e-01  4.953840e+01  1.800004e+01
     vertex -1.815532e-01  4.677108e+01  1.186714e+01
   endloop
 endfacet
 facet normal  1.000000e+00 -2.304594e-18  1.342112e-16
   outer loop
     vertex -1.815532e-01  4.421101e+01  8.672009e+00
     vertex -1.815532e-01  4.401296e+01  8.875413e+00
     vertex -1.815532e-01  3.641912e+01  8.745016e+00
   endloop
 endfacet
 facet normal  1.000000e+00 -2.022431e-18  1.643257e-16
   outer loop
     vertex -1.815532e-01  4.421101e+01  8.672009e+00
     vertex -1.815532e-01  3.641912e+01  8.745016e+00
     vertex -1.815532e-01  3.622293e+01  8.573696e+00
   endloop
 endfacet
 facet normal  1.000000e+00 -3.939572e-16 -2.274125e-16
   outer loop
     vertex -1.815532e-01  4.715694e+01  1.150725e+01
     vertex -1.815532e-01  4.953840e+01  1.800004e+01
     vertex -1.815532e-01  4.697516e+01  1.170011e+01
   endloop
 endfacet
 facet normal  1.000000e+00  0.000000e+00  0.000000e+00
   outer loop
     vertex -1.815532e-01  4.443412e+01  8.498682e+00
     vertex -1.815532e-01  4.421101e+01  8.672009e+00
     vertex -1.815532e-01  3.622293e+01  8.573696e+00
   endloop
 endfacet
 facet normal  1.000000e+00  0.000000e+00  0.000000e+00
   outer loop
     vertex -1.815532e-01  4.443412e+01  8.498682e+00
     vertex -1.815532e-01  3.622293e+01  8.573696e+00
     vertex -1.815532e-01  3.600563e+01  8.428071e+00
   endloop
 endfacet
 facet normal  1.000000e+00 -4.591534e-16 -2.034995e-16
   outer loop
     vertex -1.815532e-01  4.731308e+01  1.129135e+01
     vertex -1.815532e-01  4.953840e+01  1.800004e+01
     vertex -1.815532e-01  4.715694e+01  1.150725e+01
   endloop
 endfacet
 facet normal  1.000000e+00  0.000000e+00  0.000000e+00
   outer loop
     vertex -1.815532e-01  4.467769e+01  8.358282e+00
     vertex -1.815532e-01  4.443412e+01  8.498682e+00
     vertex -1.815532e-01  3.600563e+01  8.428071e+00
   endloop
 endfacet
 facet normal  1.000000e+00  2.373965e-18  2.949902e-16
   outer loop
     vertex -1.815532e-01  4.467769e+01  8.358282e+00
     vertex -1.815532e-01  3.600563e+01  8.428071e+00
     vertex -1.815532e-01  3.170910e+01  1.500003e+00
   endloop
 endfacet
 facet normal  1.000000e+00 -2.785862e-16 -2.633951e-16
   outer loop
     vertex -1.815532e-01  4.744448e+01  1.104700e+01
     vertex -1.815532e-01  4.953840e+01  1.800004e+01
     vertex -1.815532e-01  4.731308e+01  1.129135e+01
   endloop
 endfacet
 facet normal  1.000000e+00 -8.307870e-16 -9.709836e-17
   outer loop
     vertex -1.815532e-01  4.754166e+01  1.078722e+01
     vertex -1.815532e-01  4.953840e+01  1.800004e+01
     vertex -1.815532e-01  4.744448e+01  1.104700e+01
   endloop
 endfacet
 facet normal  1.000000e+00 -8.535315e-16 -9.080191e-17
   outer loop
     vertex -1.815532e-01  4.760311e+01  1.051524e+01
     vertex -1.815532e-01  4.953840e+01  1.800004e+01
     vertex -1.815532e-01  4.754166e+01  1.078722e+01
   endloop
 endfacet
 facet normal  1.000000e+00 -9.327924e-16 -8.047809e-17
   outer loop
     vertex -1.815532e-01  4.889191e+01  5.600010e+00
     vertex -1.815532e-01  4.584361e+01  8.167720e+00
     vertex -1.815532e-01  4.557732e+01  8.150351e+00
   endloop
 endfacet
 facet normal  1.000000e+00 -8.762792e-17  9.228708e-16
   outer loop
     vertex -1.815532e-01  4.889191e+01  5.600010e+00
     vertex -1.815532e-01  4.612308e+01  8.224331e+00
     vertex -1.815532e-01  4.584361e+01  8.167720e+00
   endloop
 endfacet
 facet normal  1.000000e+00 -1.763654e-16  8.292471e-16
   outer loop
     vertex -1.815532e-01  4.889191e+01  5.600010e+00
     vertex -1.815532e-01  4.637249e+01  8.310847e+00
     vertex -1.815532e-01  4.612308e+01  8.224331e+00
   endloop
 endfacet
 facet normal  1.000000e+00 -2.576778e-16  7.536765e-16
   outer loop
     vertex -1.815532e-01  4.889191e+01  5.600010e+00
     vertex -1.815532e-01  4.660765e+01  8.428071e+00
     vertex -1.815532e-01  4.637249e+01  8.310847e+00
   endloop
 endfacet
 facet normal  1.000000e+00 -4.181952e-16  6.240246e-16
   outer loop
     vertex -1.815532e-01  4.889191e+01  5.600010e+00
     vertex -1.815532e-01  4.682495e+01  8.573696e+00
     vertex -1.815532e-01  4.660765e+01  8.428071e+00
   endloop
 endfacet
 facet normal  1.000000e+00 -4.970514e-16  5.692129e-16
   outer loop
     vertex -1.815532e-01  4.889191e+01  5.600010e+00
     vertex -1.815532e-01  4.702114e+01  8.745016e+00
     vertex -1.815532e-01  4.682495e+01  8.573696e+00
   endloop
 endfacet
 facet normal  1.000000e+00 -4.867843e-16  5.753202e-16
   outer loop
     vertex -1.815532e-01  4.889191e+01  5.600010e+00
     vertex -1.815532e-01  4.719336e+01  8.938981e+00
     vertex -1.815532e-01  4.702114e+01  8.745016e+00
   endloop
 endfacet
 facet normal  1.000000e+00 -6.901246e-16  4.718803e-16
   outer loop
     vertex -1.815532e-01  4.889191e+01  5.600010e+00
     vertex -1.815532e-01  4.733918e+01  9.152241e+00
     vertex -1.815532e-01  4.719336e+01  8.938981e+00
   endloop
 endfacet
 facet normal  1.000000e+00  1.025498e-15  2.464646e-15
   outer loop
     vertex -1.815532e-01  4.889191e+01  5.600010e+00
     vertex -1.815532e-01  4.557732e+01  8.150351e+00
     vertex -1.815532e-01  4.539551e+01  8.158428e+00
   endloop
 endfacet
 facet normal  1.000000e+00 -1.204710e-15  0.000000e+00
   outer loop
     vertex -1.815532e-01  4.953840e+01  5.600010e+00
     vertex -1.815532e-01  4.953840e+01  1.800004e+01
     vertex -1.815532e-01  4.760311e+01  1.051524e+01
   endloop
 endfacet
 facet normal  1.000000e+00 -2.382030e-16  4.463569e-16
   outer loop
     vertex -1.815532e-01  4.953840e+01  5.600010e+00
     vertex -1.815532e-01  4.746783e+01  9.407445e+00
     vertex -1.815532e-01  4.733918e+01  9.152241e+00
   endloop
 endfacet
 facet normal  1.000000e+00  9.874453e-16  1.205167e-15
   outer loop
     vertex -1.815532e-01  4.953840e+01  5.600010e+00
     vertex -1.815532e-01  4.733918e+01  9.152241e+00
     vertex -1.815532e-01  4.889191e+01  5.600010e+00
   endloop
 endfacet
 facet normal  1.000000e+00 -5.349654e-16  2.849709e-16
   outer loop
     vertex -1.815532e-01  4.953840e+01  5.600010e+00
     vertex -1.815532e-01  4.755939e+01  9.676722e+00
     vertex -1.815532e-01  4.746783e+01  9.407445e+00
   endloop
 endfacet
 facet normal  1.000000e+00 -6.570700e-16  2.256961e-16
   outer loop
     vertex -1.815532e-01  4.953840e+01  5.600010e+00
     vertex -1.815532e-01  4.761264e+01  9.954712e+00
     vertex -1.815532e-01  4.755939e+01  9.676722e+00
   endloop
 endfacet
 facet normal  1.000000e+00 -1.045758e-15  5.380780e-17
   outer loop
     vertex -1.815532e-01  4.953840e+01  5.600010e+00
     vertex -1.815532e-01  4.762711e+01  1.023600e+01
     vertex -1.815532e-01  4.761264e+01  9.954712e+00
   endloop
 endfacet
 facet normal  1.000000e+00 -5.723074e-16  2.489985e-16
   outer loop
     vertex -1.815532e-01  4.953840e+01  5.600010e+00
     vertex -1.815532e-01  4.760311e+01  1.051524e+01
     vertex -1.815532e-01  4.762711e+01  1.023600e+01
   endloop
 endfacet
 facet normal  1.000000e+00 -8.918884e-16 -1.557017e-16
   outer loop
     vertex -1.815532e-01  4.889191e+01  1.500003e+00
     vertex -1.815532e-01  4.889191e+01  5.600010e+00
     vertex -1.815532e-01  4.539551e+01  8.158428e+00
   endloop
 endfacet
 facet normal  1.000000e+00  1.644080e-16  4.045504e-16
   outer loop
     vertex -1.815532e-01  4.889191e+01  1.500003e+00
     vertex -1.815532e-01  4.493684e+01  8.252966e+00
     vertex -1.815532e-01  4.467769e+01  8.358282e+00
   endloop
 endfacet
 facet normal  1.000000e+00  9.246661e-17  3.624158e-16
   outer loop
     vertex -1.815532e-01  4.889191e+01  1.500003e+00
     vertex -1.815532e-01  4.520648e+01  8.184169e+00
     vertex -1.815532e-01  4.493684e+01  8.252966e+00
   endloop
 endfacet
 facet normal  1.000000e+00  4.585206e-17  3.367140e-16
   outer loop
     vertex -1.815532e-01  4.889191e+01  1.500003e+00
     vertex -1.815532e-01  4.539551e+01  8.158428e+00
     vertex -1.815532e-01  4.520648e+01  8.184169e+00
   endloop
 endfacet
 facet normal  1.000000e+00 -1.615311e-18  3.025337e-16
   outer loop
     vertex -1.815532e-01  4.889191e+01  1.500003e+00
     vertex -1.815532e-01  4.467769e+01  8.358282e+00
     vertex -1.815532e-01  3.170910e+01  1.500003e+00
   endloop
 endfacet
 facet normal  1.000000e+00 -2.316922e-17  1.401308e-15
   outer loop
     vertex -1.815532e-01  3.170910e+01  5.600010e+00
     vertex -1.815532e-01  5.425276e+00  7.225352e+00
     vertex -1.815532e-01  5.623978e-01  5.600010e+00
   endloop
 endfacet
 facet normal  1.000000e+00  0.000000e+00  1.775983e-15
   outer loop
     vertex -1.815532e-01  3.170910e+01  5.600010e+00
     vertex -1.815532e-01  2.035103e+01  7.225352e+00
     vertex -1.815532e-01  5.425276e+00  7.225352e+00
   endloop
 endfacet
 facet normal  1.000000e+00 -6.278791e-17  1.337215e-15
   outer loop
     vertex -1.815532e-01  3.170910e+01  5.600010e+00
     vertex -1.815532e-01  2.566895e+01  7.454294e+00
     vertex -1.815532e-01  2.035103e+01  7.225352e+00
   endloop
 endfacet
 facet normal  1.000000e+00 -4.380719e-18 -1.947784e-17
   outer loop
     vertex -1.815532e-01  2.566895e+01  7.454294e+00
     vertex -1.815532e-01  2.560864e+01  7.467857e+00
     vertex -1.815532e-01  2.035103e+01  7.225352e+00
   endloop
 endfacet
 facet normal  1.000000e+00  7.775183e-16  4.074434e-15
   outer loop
     vertex -1.815532e-01  3.170910e+01  5.600010e+00
     vertex -1.815532e-01  2.572631e+01  7.450160e+00
     vertex -1.815532e-01  2.566895e+01  7.454294e+00
   endloop
 endfacet
 facet normal  1.000000e+00 -2.896148e-17  1.466535e-15
   outer loop
     vertex -1.815532e-01  3.170910e+01  5.600010e+00
     vertex -1.815532e-01  2.689401e+01  7.454294e+00
     vertex -1.815532e-01  2.572631e+01  7.450160e+00
   endloop
 endfacet
 facet normal  1.000000e+00  7.319734e-16  3.442486e-15
   outer loop
     vertex -1.815532e-01  3.170910e+01  5.600010e+00
     vertex -1.815532e-01  2.695137e+01  7.450160e+00
     vertex -1.815532e-01  2.689401e+01  7.454294e+00
   endloop
 endfacet
 facet normal  1.000000e+00 -3.627195e-16  6.274395e-16
   outer loop
     vertex -1.815532e-01  3.170910e+01  5.600010e+00
     vertex -1.815532e-01  2.704867e+01  7.462175e+00
     vertex -1.815532e-01  2.695137e+01  7.450160e+00
   endloop
 endfacet
 facet normal  1.000000e+00  1.112228e-17  1.563051e-15
   outer loop
     vertex -1.815532e-01  3.170910e+01  5.600010e+00
     vertex -1.815532e-01  2.815622e+01  7.454294e+00
     vertex -1.815532e-01  2.704867e+01  7.462175e+00
   endloop
 endfacet
 facet normal  1.000000e+00  6.903105e-16  2.864402e-15
   outer loop
     vertex -1.815532e-01  3.170910e+01  5.600010e+00
     vertex -1.815532e-01  2.821358e+01  7.450160e+00
     vertex -1.815532e-01  2.815622e+01  7.454294e+00
   endloop
 endfacet
 facet normal  9.994170e-01 -3.414111e-02  0.000000e+00
   outer loop
     vertex -1.798048e-01  4.958958e+01  5.600010e+00
     vertex -1.815532e-01  4.953840e+01  1.800004e+01
     vertex -1.815532e-01  4.953840e+01  5.600010e+00
   endloop
 endfacet
 facet normal  9.994170e-01 -3.414111e-02  0.000000e+00
   outer loop
     vertex -1.798048e-01  4.958958e+01  5.600010e+00
     vertex -1.798048e-01  4.958958e+01  1.800004e+01
     vertex -1.815532e-01  4.953840e+01  1.800004e+01
   endloop
 endfacet
 facet normal  9.947573e-01 -1.022641e-01  0.000000e+00
   outer loop
     vertex -1.745677e-01  4.964053e+01  5.600010e+00
     vertex -1.798048e-01  4.958958e+01  1.800004e+01
     vertex -1.798048e-01  4.958958e+01  5.600010e+00
   endloop
 endfacet
 facet normal  9.947573e-01 -1.022641e-01  0.000000e+00
   outer loop
     vertex -1.745677e-01  4.964053e+01  5.600010e+00
     vertex -1.745677e-01  4.964053e+01  1.800004e+01
     vertex -1.798048e-01  4.958958e+01  1.800004e+01
   endloop
 endfacet
 facet normal  9.854595e-01 -1.699104e-01  0.000000e+00
   outer loop
     vertex -1.658663e-01  4.969099e+01  5.600010e+00
     vertex -1.745677e-01  4.964053e+01  1.800004e+01
     vertex -1.745677e-01  4.964053e+01  5.600010e+00
   endloop
 endfacet
 facet normal  9.854595e-01 -1.699104e-01  0.000000e+00
   outer loop
     vertex -1.658663e-01  4.969099e+01  5.600010e+00
     vertex -1.658663e-01  4.969099e+01  1.800004e+01
     vertex -1.745677e-01  4.964053e+01  1.800004e+01
   endloop
 endfacet
 facet normal  9.715671e-01 -2.367644e-01  0.000000e+00
   outer loop
     vertex -1.537411e-01  4.974075e+01  5.600010e+00
     vertex -1.658663e-01  4.969099e+01  1.800004e+01
     vertex -1.658663e-01  4.969099e+01  5.600010e+00
   endloop
 endfacet
 facet normal  9.715671e-01 -2.367644e-01  0.000000e+00
   outer loop
     vertex -1.537411e-01  4.974075e+01  5.600010e+00
     vertex -1.537411e-01  4.974075e+01  1.800004e+01
     vertex -1.658663e-01  4.969099e+01  1.800004e+01
   endloop
 endfacet
 facet normal  9.531448e-01 -3.025146e-01  0.000000e+00
   outer loop
     vertex -1.382488e-01  4.978956e+01  5.600010e+00
     vertex -1.537411e-01  4.974075e+01  1.800004e+01
     vertex -1.537411e-01  4.974075e+01  5.600010e+00
   endloop
 endfacet
 facet normal  9.531448e-01 -3.025146e-01  0.000000e+00
   outer loop
     vertex -1.382488e-01  4.978956e+01  5.600010e+00
     vertex -1.382488e-01  4.978956e+01  1.800004e+01
     vertex -1.537411e-01  4.974075e+01  1.800004e+01
   endloop
 endfacet
 facet normal  9.302784e-01 -3.668542e-01  0.000000e+00
   outer loop
     vertex -1.194616e-01  4.983720e+01  5.600010e+00
     vertex -1.382488e-01  4.978956e+01  1.800004e+01
     vertex -1.382488e-01  4.978956e+01  5.600010e+00
   endloop
 endfacet
 facet normal  9.302784e-01 -3.668542e-01  0.000000e+00
   outer loop
     vertex -1.194616e-01  4.983720e+01  5.600010e+00
     vertex -1.194616e-01  4.983720e+01  1.800004e+01
     vertex -1.382488e-01  4.978956e+01  1.800004e+01
   endloop
 endfacet
 facet normal  9.030747e-01 -4.294834e-01  0.000000e+00
   outer loop
     vertex -9.746698e-02  4.988345e+01  5.600010e+00
     vertex -1.194616e-01  4.983720e+01  1.800004e+01
     vertex -1.194616e-01  4.983720e+01  5.600010e+00
   endloop
 endfacet
 facet normal  9.030747e-01 -4.294834e-01  0.000000e+00
   outer loop
     vertex -9.746698e-02  4.988345e+01  5.600010e+00
     vertex -9.746698e-02  4.988345e+01  1.800004e+01
     vertex -1.194616e-01  4.983720e+01  1.800004e+01
   endloop
 endfacet
 facet normal  8.716605e-01 -4.901102e-01  0.000000e+00
   outer loop
     vertex -7.236758e-02  4.992809e+01  5.600010e+00
     vertex -9.746698e-02  4.988345e+01  1.800004e+01
     vertex -9.746698e-02  4.988345e+01  5.600010e+00
   endloop
 endfacet
 facet normal  8.716605e-01 -4.901102e-01  0.000000e+00
   outer loop
     vertex -7.236758e-02  4.992809e+01  5.600010e+00
     vertex -7.236758e-02  4.992809e+01  1.800004e+01
     vertex -9.746698e-02  4.988345e+01  1.800004e+01
   endloop
 endfacet
 facet normal  8.361821e-01 -5.484519e-01  0.000000e+00
   outer loop
     vertex -4.428040e-02  4.997091e+01  5.600010e+00
     vertex -7.236758e-02  4.992809e+01  1.800004e+01
     vertex -7.236758e-02  4.992809e+01  5.600010e+00
   endloop
 endfacet
 facet normal  8.361821e-01 -5.484519e-01  0.000000e+00
   outer loop
     vertex -4.428040e-02  4.997091e+01  5.600010e+00
     vertex -4.428040e-02  4.997091e+01  1.800004e+01
     vertex -7.236758e-02  4.992809e+01  1.800004e+01
   endloop
 endfacet
 facet normal  7.968051e-01 -6.042364e-01  0.000000e+00
   outer loop
     vertex -1.333640e-02  5.001172e+01  5.600010e+00
     vertex -4.428040e-02  4.997091e+01  1.800004e+01
     vertex -4.428040e-02  4.997091e+01  5.600010e+00
   endloop
 endfacet
 facet normal  7.968051e-01 -6.042364e-01  0.000000e+00
   outer loop
     vertex -1.333640e-02  5.001172e+01  5.600010e+00
     vertex -1.333640e-02  5.001172e+01  1.800004e+01
     vertex -4.428040e-02  4.997091e+01  1.800004e+01
   endloop
 endfacet
 facet normal  7.537130e-01 -6.572037e-01  0.000000e+00
   outer loop
     vertex  2.032016e-02  5.005032e+01  5.600010e+00
     vertex -1.333640e-02  5.001172e+01  1.800004e+01
     vertex -1.333640e-02  5.001172e+01  5.600010e+00
   endloop
 endfacet
 facet normal  7.537130e-01 -6.572037e-01  0.000000e+00
   outer loop
     vertex  2.032016e-02  5.005032e+01  5.600010e+00
     vertex  2.032016e-02  5.005032e+01  1.800004e+01
     vertex -1.333640e-02  5.001172e+01  1.800004e+01
   endloop
 endfacet
 facet normal  7.071068e-01 -7.071068e-01  0.000000e+00
   outer loop
     vertex  5.653233e-02  5.008653e+01  5.600010e+00
     vertex  2.032016e-02  5.005032e+01  1.800004e+01
     vertex  2.032016e-02  5.005032e+01  5.600010e+00
   endloop
 endfacet
 facet normal  7.071068e-01 -7.071068e-01  0.000000e+00
   outer loop
     vertex  5.653233e-02  5.008653e+01  5.600010e+00
     vertex  5.653233e-02  5.008653e+01  1.800004e+01
     vertex  2.032016e-02  5.005032e+01  1.800004e+01
   endloop
 endfacet
 facet normal  6.572037e-01 -7.537130e-01  0.000000e+00
   outer loop
     vertex  9.513130e-02  5.012019e+01  5.600010e+00
     vertex  5.653233e-02  5.008653e+01  1.800004e+01
     vertex  5.653233e-02  5.008653e+01  5.600010e+00
   endloop
 endfacet
 facet normal  6.572037e-01 -7.537130e-01  0.000000e+00
   outer loop
     vertex  9.513130e-02  5.012019e+01  5.600010e+00
     vertex  9.513130e-02  5.012019e+01  1.800004e+01
     vertex  5.653233e-02  5.008653e+01  1.800004e+01
   endloop
 endfacet
 facet normal  6.042364e-01 -7.968051e-01  0.000000e+00
   outer loop
     vertex  1.359371e-01  5.015113e+01  5.600010e+00
     vertex  9.513130e-02  5.012019e+01  1.800004e+01
     vertex  9.513130e-02  5.012019e+01  5.600010e+00
   endloop
 endfacet
 facet normal  6.042364e-01 -7.968051e-01  0.000000e+00
   outer loop
     vertex  1.359371e-01  5.015113e+01  5.600010e+00
     vertex  1.359371e-01  5.015113e+01  1.800004e+01
     vertex  9.513130e-02  5.012019e+01  1.800004e+01
   endloop
 endfacet
 facet normal  5.484519e-01 -8.361821e-01  0.000000e+00
   outer loop
     vertex  1.787594e-01  5.017922e+01  5.600010e+00
     vertex  1.359371e-01  5.015113e+01  1.800004e+01
     vertex  1.359371e-01  5.015113e+01  5.600010e+00
   endloop
 endfacet
 facet normal  5.484519e-01 -8.361821e-01  0.000000e+00
   outer loop
     vertex  1.787594e-01  5.017922e+01  5.600010e+00
     vertex  1.787594e-01  5.017922e+01  1.800004e+01
     vertex  1.359371e-01  5.015113e+01  1.800004e+01
   endloop
 endfacet
 facet normal  4.901102e-01 -8.716605e-01  0.000000e+00
   outer loop
     vertex  2.233987e-01  5.020432e+01  5.600010e+00
     vertex  1.787594e-01  5.017922e+01  1.800004e+01
     vertex  1.787594e-01  5.017922e+01  5.600010e+00
   endloop
 endfacet
 facet normal  4.901102e-01 -8.716605e-01  0.000000e+00
   outer loop
     vertex  2.233987e-01  5.020432e+01  5.600010e+00
     vertex  2.233987e-01  5.020432e+01  1.800004e+01
     vertex  1.787594e-01  5.017922e+01  1.800004e+01
   endloop
 endfacet
 facet normal  4.294834e-01 -9.030747e-01  0.000000e+00
   outer loop
     vertex  2.696467e-01  5.022631e+01  5.600010e+00
     vertex  2.233987e-01  5.020432e+01  1.800004e+01
     vertex  2.233987e-01  5.020432e+01  5.600010e+00
   endloop
 endfacet
 facet normal  4.294834e-01 -9.030747e-01  0.000000e+00
   outer loop
     vertex  2.696467e-01  5.022631e+01  5.600010e+00
     vertex  2.696467e-01  5.022631e+01  1.800004e+01
     vertex  2.233987e-01  5.020432e+01  1.800004e+01
   endloop
 endfacet
 facet normal  3.668542e-01 -9.302784e-01  0.000000e+00
   outer loop
     vertex  3.172879e-01  5.024510e+01  5.600010e+00
     vertex  2.696467e-01  5.022631e+01  1.800004e+01
     vertex  2.696467e-01  5.022631e+01  5.600010e+00
   endloop
 endfacet
 facet normal  3.668542e-01 -9.302784e-01  0.000000e+00
   outer loop
     vertex  3.172879e-01  5.024510e+01  5.600010e+00
     vertex  3.172879e-01  5.024510e+01  1.800004e+01
     vertex  2.696467e-01  5.022631e+01  1.800004e+01
   endloop
 endfacet
 facet normal  3.025146e-01 -9.531448e-01  0.000000e+00
   outer loop
     vertex  3.661001e-01  5.026059e+01  5.600010e+00
     vertex  3.172879e-01  5.024510e+01  1.800004e+01
     vertex  3.172879e-01  5.024510e+01  5.600010e+00
   endloop
 endfacet
 facet normal  3.025146e-01 -9.531448e-01  0.000000e+00
   outer loop
     vertex  3.661001e-01  5.026059e+01  5.600010e+00
     vertex  3.661001e-01  5.026059e+01  1.800004e+01
     vertex  3.172879e-01  5.024510e+01  1.800004e+01
   endloop
 endfacet
 facet normal  2.367644e-01 -9.715671e-01  0.000000e+00
   outer loop
     vertex  4.158558e-01  5.027272e+01  5.600010e+00
     vertex  3.661001e-01  5.026059e+01  1.800004e+01
     vertex  3.661001e-01  5.026059e+01  5.600010e+00
   endloop
 endfacet
 facet normal  2.367644e-01 -9.715671e-01  0.000000e+00
   outer loop
     vertex  4.158558e-01  5.027272e+01  5.600010e+00
     vertex  4.158558e-01  5.027272e+01  1.800004e+01
     vertex  3.661001e-01  5.026059e+01  1.800004e+01
   endloop
 endfacet
 facet normal  1.699104e-01 -9.854595e-01  0.000000e+00
   outer loop
     vertex  4.663229e-01  5.028142e+01  5.600010e+00
     vertex  4.158558e-01  5.027272e+01  1.800004e+01
     vertex  4.158558e-01  5.027272e+01  5.600010e+00
   endloop
 endfacet
 facet normal  1.699104e-01 -9.854595e-01  0.000000e+00
   outer loop
     vertex  4.663229e-01  5.028142e+01  5.600010e+00
     vertex  4.663229e-01  5.028142e+01  1.800004e+01
     vertex  4.158558e-01  5.027272e+01  1.800004e+01
   endloop
 endfacet
 facet normal  1.022641e-01 -9.947573e-01  0.000000e+00
   outer loop
     vertex  5.172662e-01  5.028666e+01  5.600010e+00
     vertex  4.663229e-01  5.028142e+01  1.800004e+01
     vertex  4.663229e-01  5.028142e+01  5.600010e+00
   endloop
 endfacet
 facet normal  1.022641e-01 -9.947573e-01  0.000000e+00
   outer loop
     vertex  5.172662e-01  5.028666e+01  5.600010e+00
     vertex  5.172662e-01  5.028666e+01  1.800004e+01
     vertex  4.663229e-01  5.028142e+01  1.800004e+01
   endloop
 endfacet
 facet normal  3.414111e-02 -9.994170e-01  0.000000e+00
   outer loop
     vertex  5.684481e-01  5.028840e+01  5.600010e+00
     vertex  5.172662e-01  5.028666e+01  1.800004e+01
     vertex  5.172662e-01  5.028666e+01  5.600010e+00
   endloop
 endfacet
 facet normal  3.414111e-02 -9.994170e-01  0.000000e+00
   outer loop
     vertex  5.684481e-01  5.028840e+01  5.600010e+00
     vertex  5.684481e-01  5.028840e+01  1.800004e+01
     vertex  5.172662e-01  5.028666e+01  1.800004e+01
   endloop
 endfacet
 facet normal  9.947573e-01  0.000000e+00 -1.022641e-01
   outer loop
     vertex  3.775973e+01 -1.687606e+00  1.282105e+01
     vertex  3.775624e+01 -1.876035e-01  1.278709e+01
     vertex  3.775973e+01 -1.876035e-01  1.282105e+01
   endloop
 endfacet
 facet normal  9.947573e-01  0.000000e+00 -1.022641e-01
   outer loop
     vertex  3.775624e+01 -1.687606e+00  1.278709e+01
     vertex  3.775624e+01 -1.876035e-01  1.278709e+01
     vertex  3.775973e+01 -1.687606e+00  1.282105e+01
   endloop
 endfacet
 facet normal  9.994170e-01  0.000000e+00 -3.414111e-02
   outer loop
     vertex  3.775624e+01 -1.687606e+00  1.278709e+01
     vertex  3.775507e+01 -1.876035e-01  1.275297e+01
     vertex  3.775624e+01 -1.876035e-01  1.278709e+01
   endloop
 endfacet
 facet normal  9.994170e-01  0.000000e+00 -3.414111e-02
   outer loop
     vertex  3.775507e+01 -1.687606e+00  1.275297e+01
     vertex  3.775507e+01 -1.876035e-01  1.275297e+01
     vertex  3.775624e+01 -1.687606e+00  1.278709e+01
   endloop
 endfacet
 facet normal  1.000000e+00  0.000000e+00 -0.000000e+00
   outer loop
     vertex  3.775507e+01 -1.876035e-01  7.952957e+00
     vertex  3.775507e+01 -1.876035e-01  1.275297e+01
     vertex  3.775507e+01 -1.687606e+00  1.275297e+01
   endloop
 endfacet
 facet normal  1.000000e+00  0.000000e+00  0.000000e+00
   outer loop
     vertex  3.775507e+01 -1.687606e+00  7.952957e+00
     vertex  3.775507e+01 -1.876035e-01  7.952957e+00
     vertex  3.775507e+01 -1.687606e+00  1.275297e+01
   endloop
 endfacet
 facet normal  9.994170e-01  0.000000e+00  3.414111e-02
   outer loop
     vertex  3.775624e+01 -1.687606e+00  7.918835e+00
     vertex  3.775507e+01 -1.876035e-01  7.952957e+00
     vertex  3.775507e+01 -1.687606e+00  7.952957e+00
   endloop
 endfacet
 facet normal  9.994170e-01 -0.000000e+00  3.414111e-02
   outer loop
     vertex  3.775624e+01 -1.687606e+00  7.918835e+00
     vertex  3.775624e+01 -1.876035e-01  7.918835e+00
     vertex  3.775507e+01 -1.876035e-01  7.952957e+00
   endloop
 endfacet
 facet normal  9.947573e-01 -0.000000e+00  1.022641e-01
   outer loop
     vertex  3.775624e+01 -1.687606e+00  7.918835e+00
     vertex  3.775973e+01 -1.876035e-01  7.884873e+00
     vertex  3.775624e+01 -1.876035e-01  7.918835e+00
   endloop
 endfacet
 facet normal  9.947573e-01 -0.000000e+00  1.022641e-01
   outer loop
     vertex  3.775973e+01 -1.687606e+00  7.884873e+00
     vertex  3.775973e+01 -1.876035e-01  7.884873e+00
     vertex  3.775624e+01 -1.687606e+00  7.918835e+00
   endloop
 endfacet
 facet normal  9.854595e-01  0.000000e+00  1.699104e-01
   outer loop
     vertex  3.776553e+01 -1.687606e+00  7.851229e+00
     vertex  3.775973e+01 -1.876035e-01  7.884873e+00
     vertex  3.775973e+01 -1.687606e+00  7.884873e+00
   endloop
 endfacet
 facet normal  9.854595e-01 -0.000000e+00  1.699104e-01
   outer loop
     vertex  3.776553e+01 -1.687606e+00  7.851229e+00
     vertex  3.776553e+01 -1.876035e-01  7.851229e+00
     vertex  3.775973e+01 -1.876035e-01  7.884873e+00
   endloop
 endfacet
 facet normal  9.715671e-01 -0.000000e+00  2.367644e-01
   outer loop
     vertex  3.776553e+01 -1.687606e+00  7.851229e+00
     vertex  3.777361e+01 -1.876035e-01  7.818058e+00
     vertex  3.776553e+01 -1.876035e-01  7.851229e+00
   endloop
 endfacet
 facet normal  9.715671e-01 -0.000000e+00  2.367644e-01
   outer loop
     vertex  3.777361e+01 -1.687606e+00  7.818058e+00
     vertex  3.777361e+01 -1.876035e-01  7.818058e+00
     vertex  3.776553e+01 -1.687606e+00  7.851229e+00
   endloop
 endfacet
 facet normal  9.531448e-01  0.000000e+00  3.025146e-01
   outer loop
     vertex  3.778394e+01 -1.687606e+00  7.785517e+00
     vertex  3.777361e+01 -1.876035e-01  7.818058e+00
     vertex  3.777361e+01 -1.687606e+00  7.818058e+00
   endloop
 endfacet
 facet normal  9.531448e-01 -0.000000e+00  3.025146e-01
   outer loop
     vertex  3.778394e+01 -1.687606e+00  7.785517e+00
     vertex  3.778394e+01 -1.876035e-01  7.785517e+00
     vertex  3.777361e+01 -1.876035e-01  7.818058e+00
   endloop
 endfacet
 facet normal  9.302784e-01  0.000000e+00  3.668542e-01
   outer loop
     vertex  3.779646e+01 -1.687606e+00  7.753756e+00
     vertex  3.778394e+01 -1.876035e-01  7.785517e+00
     vertex  3.778394e+01 -1.687606e+00  7.785517e+00
   endloop
 endfacet
 facet normal  9.302784e-01 -0.000000e+00  3.668542e-01
   outer loop
     vertex  3.779646e+01 -1.687606e+00  7.753756e+00
     vertex  3.779646e+01 -1.876035e-01  7.753756e+00
     vertex  3.778394e+01 -1.876035e-01  7.785517e+00
   endloop
 endfacet
 facet normal  9.030747e-01  0.000000e+00  4.294834e-01
   outer loop
     vertex  3.781113e+01 -1.687606e+00  7.722924e+00
     vertex  3.779646e+01 -1.876035e-01  7.753756e+00
     vertex  3.779646e+01 -1.687606e+00  7.753756e+00
   endloop
 endfacet
 facet normal  9.030747e-01 -0.000000e+00  4.294834e-01
   outer loop
     vertex  3.781113e+01 -1.687606e+00  7.722924e+00
     vertex  3.781113e+01 -1.876035e-01  7.722924e+00
     vertex  3.779646e+01 -1.876035e-01  7.753756e+00
   endloop
 endfacet
 facet normal  8.716605e-01 -0.000000e+00  4.901102e-01
   outer loop
     vertex  3.781113e+01 -1.687606e+00  7.722924e+00
     vertex  3.782786e+01 -1.876035e-01  7.693165e+00
     vertex  3.781113e+01 -1.876035e-01  7.722924e+00
   endloop
 endfacet
 facet normal  8.716605e-01 -0.000000e+00  4.901102e-01
   outer loop
     vertex  3.782786e+01 -1.687606e+00  7.693165e+00
     vertex  3.782786e+01 -1.876035e-01  7.693165e+00
     vertex  3.781113e+01 -1.687606e+00  7.722924e+00
   endloop
 endfacet
 facet normal  8.361821e-01  0.000000e+00  5.484519e-01
   outer loop
     vertex  3.784658e+01 -1.687606e+00  7.664616e+00
     vertex  3.782786e+01 -1.876035e-01  7.693165e+00
     vertex  3.782786e+01 -1.687606e+00  7.693165e+00
   endloop
 endfacet
 facet normal  8.361821e-01 -0.000000e+00  5.484519e-01
   outer loop
     vertex  3.784658e+01 -1.687606e+00  7.664616e+00
     vertex  3.784658e+01 -1.876035e-01  7.664616e+00
     vertex  3.782786e+01 -1.876035e-01  7.693165e+00
   endloop
 endfacet
 facet normal  7.968051e-01  0.000000e+00  6.042364e-01
   outer loop
     vertex  3.786721e+01 -1.687606e+00  7.637413e+00
     vertex  3.784658e+01 -1.876035e-01  7.664616e+00
     vertex  3.784658e+01 -1.687606e+00  7.664616e+00
   endloop
 endfacet
 facet normal  7.968051e-01 -0.000000e+00  6.042364e-01
   outer loop
     vertex  3.786721e+01 -1.687606e+00  7.637413e+00
     vertex  3.786721e+01 -1.876035e-01  7.637413e+00
     vertex  3.784658e+01 -1.876035e-01  7.664616e+00
   endloop
 endfacet
 facet normal  7.537130e-01  0.000000e+00  6.572037e-01
   outer loop
     vertex  3.788965e+01 -1.687606e+00  7.611680e+00
     vertex  3.786721e+01 -1.876035e-01  7.637413e+00
     vertex  3.786721e+01 -1.687606e+00  7.637413e+00
   endloop
 endfacet
 facet normal  7.537130e-01 -0.000000e+00  6.572037e-01
   outer loop
     vertex  3.788965e+01 -1.687606e+00  7.611680e+00
     vertex  3.788965e+01 -1.876035e-01  7.611680e+00
     vertex  3.786721e+01 -1.876035e-01  7.637413e+00
   endloop
 endfacet
 facet normal  7.071068e-01  0.000000e+00  7.071068e-01
   outer loop
     vertex  3.791379e+01 -1.687606e+00  7.587539e+00
     vertex  3.788965e+01 -1.876035e-01  7.611680e+00
     vertex  3.788965e+01 -1.687606e+00  7.611680e+00
   endloop
 endfacet
 facet normal  7.071068e-01 -0.000000e+00  7.071068e-01
   outer loop
     vertex  3.791379e+01 -1.687606e+00  7.587539e+00
     vertex  3.791379e+01 -1.876035e-01  7.587539e+00
     vertex  3.788965e+01 -1.876035e-01  7.611680e+00
   endloop
 endfacet
 facet normal  6.572037e-01  0.000000e+00  7.537130e-01
   outer loop
     vertex  3.793953e+01 -1.687606e+00  7.565101e+00
     vertex  3.791379e+01 -1.876035e-01  7.587539e+00
     vertex  3.791379e+01 -1.687606e+00  7.587539e+00
   endloop
 endfacet
 facet normal  6.572037e-01 -0.000000e+00  7.537130e-01
   outer loop
     vertex  3.793953e+01 -1.687606e+00  7.565101e+00
     vertex  3.793953e+01 -1.876035e-01  7.565101e+00
     vertex  3.791379e+01 -1.876035e-01  7.587539e+00
   endloop
 endfacet
 facet normal  6.042364e-01  0.000000e+00  7.968051e-01
   outer loop
     vertex  3.796673e+01 -1.687606e+00  7.544472e+00
     vertex  3.793953e+01 -1.876035e-01  7.565101e+00
     vertex  3.793953e+01 -1.687606e+00  7.565101e+00
   endloop
 endfacet
 facet normal  6.042364e-01 -0.000000e+00  7.968051e-01
   outer loop
     vertex  3.796673e+01 -1.687606e+00  7.544472e+00
     vertex  3.796673e+01 -1.876035e-01  7.544472e+00
     vertex  3.793953e+01 -1.876035e-01  7.565101e+00
   endloop
 endfacet
 facet normal  5.484519e-01 -0.000000e+00  8.361821e-01
   outer loop
     vertex  3.796673e+01 -1.687606e+00  7.544472e+00
     vertex  3.799528e+01 -1.876035e-01  7.525747e+00
     vertex  3.796673e+01 -1.876035e-01  7.544472e+00
   endloop
 endfacet
 facet normal  5.484519e-01 -0.000000e+00  8.361821e-01
   outer loop
     vertex  3.799528e+01 -1.687606e+00  7.525747e+00
     vertex  3.799528e+01 -1.876035e-01  7.525747e+00
     vertex  3.796673e+01 -1.687606e+00  7.544472e+00
   endloop
 endfacet
 facet normal  4.901102e-01  0.000000e+00  8.716605e-01
   outer loop
     vertex  3.802504e+01 -1.687606e+00  7.509014e+00
     vertex  3.799528e+01 -1.876035e-01  7.525747e+00
     vertex  3.799528e+01 -1.687606e+00  7.525747e+00
   endloop
 endfacet
 facet normal  4.901102e-01 -0.000000e+00  8.716605e-01
   outer loop
     vertex  3.802504e+01 -1.687606e+00  7.509014e+00
     vertex  3.802504e+01 -1.876035e-01  7.509014e+00
     vertex  3.799528e+01 -1.876035e-01  7.525747e+00
   endloop
 endfacet
 facet normal  4.294834e-01  0.000000e+00  9.030747e-01
   outer loop
     vertex  3.805587e+01 -1.687606e+00  7.494351e+00
     vertex  3.802504e+01 -1.876035e-01  7.509014e+00
     vertex  3.802504e+01 -1.687606e+00  7.509014e+00
   endloop
 endfacet
 facet normal  4.294834e-01 -0.000000e+00  9.030747e-01
   outer loop
     vertex  3.805587e+01 -1.687606e+00  7.494351e+00
     vertex  3.805587e+01 -1.876035e-01  7.494351e+00
     vertex  3.802504e+01 -1.876035e-01  7.509014e+00
   endloop
 endfacet
 facet normal  3.668542e-01 -0.000000e+00  9.302784e-01
   outer loop
     vertex  3.805587e+01 -1.687606e+00  7.494351e+00
     vertex  3.808763e+01 -1.876035e-01  7.481826e+00
     vertex  3.805587e+01 -1.876035e-01  7.494351e+00
   endloop
 endfacet
 facet normal  3.668542e-01 -0.000000e+00  9.302784e-01
   outer loop
     vertex  3.808763e+01 -1.687606e+00  7.481826e+00
     vertex  3.808763e+01 -1.876035e-01  7.481826e+00
     vertex  3.805587e+01 -1.687606e+00  7.494351e+00
   endloop
 endfacet
 facet normal  3.025146e-01  0.000000e+00  9.531448e-01
   outer loop
     vertex  3.812017e+01 -1.687606e+00  7.471498e+00
     vertex  3.808763e+01 -1.876035e-01  7.481826e+00
     vertex  3.808763e+01 -1.687606e+00  7.481826e+00
   endloop
 endfacet
 facet normal  3.025146e-01 -0.000000e+00  9.531448e-01
   outer loop
     vertex  3.812017e+01 -1.687606e+00  7.471498e+00
     vertex  3.812017e+01 -1.876035e-01  7.471498e+00
     vertex  3.808763e+01 -1.876035e-01  7.481826e+00
   endloop
 endfacet
 facet normal  2.367644e-01 -0.000000e+00  9.715671e-01
   outer loop
     vertex  3.812017e+01 -1.687606e+00  7.471498e+00
     vertex  3.815334e+01 -1.876035e-01  7.463415e+00
     vertex  3.812017e+01 -1.876035e-01  7.471498e+00
   endloop
 endfacet
 facet normal  2.367644e-01 -0.000000e+00  9.715671e-01
   outer loop
     vertex  3.815334e+01 -1.687606e+00  7.463415e+00
     vertex  3.815334e+01 -1.876035e-01  7.463415e+00
     vertex  3.812017e+01 -1.687606e+00  7.471498e+00
   endloop
 endfacet
 facet normal  1.699104e-01  0.000000e+00  9.854595e-01
   outer loop
     vertex  3.818699e+01 -1.687606e+00  7.457614e+00
     vertex  3.815334e+01 -1.876035e-01  7.463415e+00
     vertex  3.815334e+01 -1.687606e+00  7.463415e+00
   endloop
 endfacet
 facet normal  1.699104e-01 -0.000000e+00  9.854595e-01
   outer loop
     vertex  3.818699e+01 -1.687606e+00  7.457614e+00
     vertex  3.818699e+01 -1.876035e-01  7.457614e+00
     vertex  3.815334e+01 -1.876035e-01  7.463415e+00
   endloop
 endfacet
 facet normal  1.022641e-01 -0.000000e+00  9.947573e-01
   outer loop
     vertex  3.818699e+01 -1.687606e+00  7.457614e+00
     vertex  3.822095e+01 -1.876035e-01  7.454122e+00
     vertex  3.818699e+01 -1.876035e-01  7.457614e+00
   endloop
 endfacet
 facet normal  1.022641e-01 -0.000000e+00  9.947573e-01
   outer loop
     vertex  3.822095e+01 -1.687606e+00  7.454122e+00
     vertex  3.822095e+01 -1.876035e-01  7.454122e+00
     vertex  3.818699e+01 -1.687606e+00  7.457614e+00
   endloop
 endfacet
 facet normal  3.414111e-02  0.000000e+00  9.994170e-01
   outer loop
     vertex  3.825507e+01 -1.687606e+00  7.452957e+00
     vertex  3.822095e+01 -1.876035e-01  7.454122e+00
     vertex  3.822095e+01 -1.687606e+00  7.454122e+00
   endloop
 endfacet
 facet normal  3.414111e-02 -0.000000e+00  9.994170e-01
   outer loop
     vertex  3.825507e+01 -1.687606e+00  7.452957e+00
     vertex  3.825507e+01 -1.876035e-01  7.452957e+00
     vertex  3.822095e+01 -1.876035e-01  7.454122e+00
   endloop
 endfacet
 facet normal  0.000000e+00  0.000000e+00  1.000000e+00
   outer loop
     vertex  5.009210e+01 -1.687606e+00  7.452957e+00
     vertex  3.825507e+01 -1.876035e-01  7.452957e+00
     vertex  3.825507e+01 -1.687606e+00  7.452957e+00
   endloop
 endfacet
 facet normal  0.000000e+00 -0.000000e+00  1.000000e+00
   outer loop
     vertex  5.009210e+01 -1.687606e+00  7.452957e+00
     vertex  5.009210e+01 -1.876035e-01  7.452957e+00
     vertex  3.825507e+01 -1.876035e-01  7.452957e+00
   endloop
 endfacet
 facet normal -3.414111e-02  0.000000e+00  9.994170e-01
   outer loop
     vertex  5.012622e+01 -1.687606e+00  7.454122e+00
     vertex  5.009210e+01 -1.876035e-01  7.452957e+00
     vertex  5.009210e+01 -1.687606e+00  7.452957e+00
   endloop
 endfacet
 facet normal -3.414111e-02  0.000000e+00  9.994170e-01
   outer loop
     vertex  5.012622e+01 -1.687606e+00  7.454122e+00
     vertex  5.012622e+01 -1.876035e-01  7.454122e+00
     vertex  5.009210e+01 -1.876035e-01  7.452957e+00
   endloop
 endfacet
 facet normal -1.022641e-01  0.000000e+00  9.947573e-01
   outer loop
     vertex  5.012622e+01 -1.687606e+00  7.454122e+00
     vertex  5.016018e+01 -1.876035e-01  7.457614e+00
     vertex  5.012622e+01 -1.876035e-01  7.454122e+00
   endloop
 endfacet
 facet normal -1.022641e-01  0.000000e+00  9.947573e-01
   outer loop
     vertex  5.016018e+01 -1.687606e+00  7.457614e+00
     vertex  5.016018e+01 -1.876035e-01  7.457614e+00
     vertex  5.012622e+01 -1.687606e+00  7.454122e+00
   endloop
 endfacet
 facet normal -1.699104e-01  0.000000e+00  9.854595e-01
   outer loop
     vertex  5.019382e+01 -1.687606e+00  7.463415e+00
     vertex  5.016018e+01 -1.876035e-01  7.457614e+00
     vertex  5.016018e+01 -1.687606e+00  7.457614e+00
   endloop
 endfacet
 facet normal -1.699104e-01  0.000000e+00  9.854595e-01
   outer loop
     vertex  5.019382e+01 -1.687606e+00  7.463415e+00
     vertex  5.019382e+01 -1.876035e-01  7.463415e+00
     vertex  5.016018e+01 -1.876035e-01  7.457614e+00
   endloop
 endfacet
 facet normal -2.367644e-01  0.000000e+00  9.715671e-01
   outer loop
     vertex  5.019382e+01 -1.687606e+00  7.463415e+00
     vertex  5.022699e+01 -1.876035e-01  7.471498e+00
     vertex  5.019382e+01 -1.876035e-01  7.463415e+00
   endloop
 endfacet
 facet normal -2.367644e-01  0.000000e+00  9.715671e-01
   outer loop
     vertex  5.022699e+01 -1.687606e+00  7.471498e+00
     vertex  5.022699e+01 -1.876035e-01  7.471498e+00
     vertex  5.019382e+01 -1.687606e+00  7.463415e+00
   endloop
 endfacet
 facet normal -3.025146e-01  0.000000e+00  9.531448e-01
   outer loop
     vertex  5.025954e+01 -1.687606e+00  7.481826e+00
     vertex  5.022699e+01 -1.876035e-01  7.471498e+00
     vertex  5.022699e+01 -1.687606e+00  7.471498e+00
   endloop
 endfacet
 facet normal -3.025146e-01  0.000000e+00  9.531448e-01
   outer loop
     vertex  5.025954e+01 -1.687606e+00  7.481826e+00
     vertex  5.025954e+01 -1.876035e-01  7.481826e+00
     vertex  5.022699e+01 -1.876035e-01  7.471498e+00
   endloop
 endfacet
 facet normal -3.668542e-01  0.000000e+00  9.302784e-01
   outer loop
     vertex  5.025954e+01 -1.687606e+00  7.481826e+00
     vertex  5.029130e+01 -1.876035e-01  7.494351e+00
     vertex  5.025954e+01 -1.876035e-01  7.481826e+00
   endloop
 endfacet
 facet normal -3.668542e-01  0.000000e+00  9.302784e-01
   outer loop
     vertex  5.029130e+01 -1.687606e+00  7.494351e+00
     vertex  5.029130e+01 -1.876035e-01  7.494351e+00
     vertex  5.025954e+01 -1.687606e+00  7.481826e+00
   endloop
 endfacet
 facet normal -4.294834e-01  0.000000e+00  9.030747e-01
   outer loop
     vertex  5.032213e+01 -1.687606e+00  7.509014e+00
     vertex  5.029130e+01 -1.876035e-01  7.494351e+00
     vertex  5.029130e+01 -1.687606e+00  7.494351e+00
   endloop
 endfacet
 facet normal -4.294834e-01  0.000000e+00  9.030747e-01
   outer loop
     vertex  5.032213e+01 -1.687606e+00  7.509014e+00
     vertex  5.032213e+01 -1.876035e-01  7.509014e+00
     vertex  5.029130e+01 -1.876035e-01  7.494351e+00
   endloop
 endfacet
 facet normal -4.901102e-01  0.000000e+00  8.716605e-01
   outer loop
     vertex  5.035189e+01 -1.687606e+00  7.525747e+00
     vertex  5.032213e+01 -1.876035e-01  7.509014e+00
     vertex  5.032213e+01 -1.687606e+00  7.509014e+00
   endloop
 endfacet
 facet normal -4.901102e-01  0.000000e+00  8.716605e-01
   outer loop
     vertex  5.035189e+01 -1.687606e+00  7.525747e+00
     vertex  5.035189e+01 -1.876035e-01  7.525747e+00
     vertex  5.032213e+01 -1.876035e-01  7.509014e+00
   endloop
 endfacet
 facet normal -5.484519e-01  0.000000e+00  8.361821e-01
   outer loop
     vertex  5.035189e+01 -1.687606e+00  7.525747e+00
     vertex  5.038044e+01 -1.876035e-01  7.544472e+00
     vertex  5.035189e+01 -1.876035e-01  7.525747e+00
   endloop
 endfacet
 facet normal -5.484519e-01  0.000000e+00  8.361821e-01
   outer loop
     vertex  5.038044e+01 -1.687606e+00  7.544472e+00
     vertex  5.038044e+01 -1.876035e-01  7.544472e+00
     vertex  5.035189e+01 -1.687606e+00  7.525747e+00
   endloop
 endfacet
 facet normal -6.042364e-01  0.000000e+00  7.968051e-01
   outer loop
     vertex  5.040764e+01 -1.687606e+00  7.565101e+00
     vertex  5.038044e+01 -1.876035e-01  7.544472e+00
     vertex  5.038044e+01 -1.687606e+00  7.544472e+00
   endloop
 endfacet
 facet normal -6.042364e-01  0.000000e+00  7.968051e-01
   outer loop
     vertex  5.040764e+01 -1.687606e+00  7.565101e+00
     vertex  5.040764e+01 -1.876035e-01  7.565101e+00
     vertex  5.038044e+01 -1.876035e-01  7.544472e+00
   endloop
 endfacet
 facet normal -6.572037e-01  0.000000e+00  7.537130e-01
   outer loop
     vertex  5.043337e+01 -1.687606e+00  7.587539e+00
     vertex  5.040764e+01 -1.876035e-01  7.565101e+00
     vertex  5.040764e+01 -1.687606e+00  7.565101e+00
   endloop
 endfacet
 facet normal -6.572037e-01  0.000000e+00  7.537130e-01
   outer loop
     vertex  5.043337e+01 -1.687606e+00  7.587539e+00
     vertex  5.043337e+01 -1.876035e-01  7.587539e+00
     vertex  5.040764e+01 -1.876035e-01  7.565101e+00
   endloop
 endfacet
 facet normal -7.071068e-01  0.000000e+00  7.071068e-01
   outer loop
     vertex  5.045751e+01 -1.687606e+00  7.611680e+00
     vertex  5.043337e+01 -1.876035e-01  7.587539e+00
     vertex  5.043337e+01 -1.687606e+00  7.587539e+00
   endloop
 endfacet
 facet normal -7.071068e-01  0.000000e+00  7.071068e-01
   outer loop
     vertex  5.045751e+01 -1.687606e+00  7.611680e+00
     vertex  5.045751e+01 -1.876035e-01  7.611680e+00
     vertex  5.043337e+01 -1.876035e-01  7.587539e+00
   endloop
 endfacet
 facet normal -7.537130e-01  0.000000e+00  6.572037e-01
   outer loop
     vertex  5.047995e+01 -1.687606e+00  7.637413e+00
     vertex  5.045751e+01 -1.876035e-01  7.611680e+00
     vertex  5.045751e+01 -1.687606e+00  7.611680e+00
   endloop
 endfacet
 facet normal -7.537130e-01  0.000000e+00  6.572037e-01
   outer loop
     vertex  5.047995e+01 -1.687606e+00  7.637413e+00
     vertex  5.047995e+01 -1.876035e-01  7.637413e+00
     vertex  5.045751e+01 -1.876035e-01  7.611680e+00
   endloop
 endfacet
 facet normal -7.968051e-01  0.000000e+00  6.042364e-01
   outer loop
     vertex  5.050058e+01 -1.687606e+00  7.664616e+00
     vertex  5.047995e+01 -1.876035e-01  7.637413e+00
     vertex  5.047995e+01 -1.687606e+00  7.637413e+00
   endloop
 endfacet
 facet normal -7.968051e-01  0.000000e+00  6.042364e-01
   outer loop
     vertex  5.050058e+01 -1.687606e+00  7.664616e+00
     vertex  5.050058e+01 -1.876035e-01  7.664616e+00
     vertex  5.047995e+01 -1.876035e-01  7.637413e+00
   endloop
 endfacet
 facet normal -8.361821e-01  0.000000e+00  5.484519e-01
   outer loop
     vertex  5.051931e+01 -1.687606e+00  7.693165e+00
     vertex  5.050058e+01 -1.876035e-01  7.664616e+00
     vertex  5.050058e+01 -1.687606e+00  7.664616e+00
   endloop
 endfacet
 facet normal -8.361821e-01  0.000000e+00  5.484519e-01
   outer loop
     vertex  5.051931e+01 -1.687606e+00  7.693165e+00
     vertex  5.051931e+01 -1.876035e-01  7.693165e+00
     vertex  5.050058e+01 -1.876035e-01  7.664616e+00
   endloop
 endfacet
 facet normal -8.716605e-01  0.000000e+00  4.901102e-01
   outer loop
     vertex  5.051931e+01 -1.687606e+00  7.693165e+00
     vertex  5.053604e+01 -1.876035e-01  7.722924e+00
     vertex  5.051931e+01 -1.876035e-01  7.693165e+00
   endloop
 endfacet
 facet normal -8.716605e-01  0.000000e+00  4.901102e-01
   outer loop
     vertex  5.053604e+01 -1.687606e+00  7.722924e+00
     vertex  5.053604e+01 -1.876035e-01  7.722924e+00
     vertex  5.051931e+01 -1.687606e+00  7.693165e+00
   endloop
 endfacet
 facet normal -9.030747e-01  0.000000e+00  4.294834e-01
   outer loop
     vertex  5.055070e+01 -1.687606e+00  7.753756e+00
     vertex  5.053604e+01 -1.876035e-01  7.722924e+00
     vertex  5.053604e+01 -1.687606e+00  7.722924e+00
   endloop
 endfacet
 facet normal -9.030747e-01  0.000000e+00  4.294834e-01
   outer loop
     vertex  5.055070e+01 -1.687606e+00  7.753756e+00
     vertex  5.055070e+01 -1.876035e-01  7.753756e+00
     vertex  5.053604e+01 -1.876035e-01  7.722924e+00
   endloop
 endfacet
 facet normal -9.302784e-01  0.000000e+00  3.668542e-01
   outer loop
     vertex  5.056323e+01 -1.687606e+00  7.785517e+00
     vertex  5.055070e+01 -1.876035e-01  7.753756e+00
     vertex  5.055070e+01 -1.687606e+00  7.753756e+00
   endloop
 endfacet
 facet normal -9.302784e-01  0.000000e+00  3.668542e-01
   outer loop
     vertex  5.056323e+01 -1.687606e+00  7.785517e+00
     vertex  5.056323e+01 -1.876035e-01  7.785517e+00
     vertex  5.055070e+01 -1.876035e-01  7.753756e+00
   endloop
 endfacet
 facet normal -9.531448e-01  0.000000e+00  3.025146e-01
   outer loop
     vertex  5.057355e+01 -1.687606e+00  7.818058e+00
     vertex  5.056323e+01 -1.876035e-01  7.785517e+00
     vertex  5.056323e+01 -1.687606e+00  7.785517e+00
   endloop
 endfacet
 facet normal -9.531448e-01  0.000000e+00  3.025146e-01
   outer loop
     vertex  5.057355e+01 -1.687606e+00  7.818058e+00
     vertex  5.057355e+01 -1.876035e-01  7.818058e+00
     vertex  5.056323e+01 -1.876035e-01  7.785517e+00
   endloop
 endfacet
 facet normal -9.715671e-01  0.000000e+00  2.367644e-01
   outer loop
     vertex  5.057355e+01 -1.687606e+00  7.818058e+00
     vertex  5.058164e+01 -1.876035e-01  7.851229e+00
     vertex  5.057355e+01 -1.876035e-01  7.818058e+00
   endloop
 endfacet
 facet normal -9.715671e-01  0.000000e+00  2.367644e-01
   outer loop
     vertex  5.058164e+01 -1.687606e+00  7.851229e+00
     vertex  5.058164e+01 -1.876035e-01  7.851229e+00
     vertex  5.057355e+01 -1.687606e+00  7.818058e+00
   endloop
 endfacet
 facet normal -9.854595e-01  0.000000e+00  1.699104e-01
   outer loop
     vertex  5.058744e+01 -1.687606e+00  7.884873e+00
     vertex  5.058164e+01 -1.876035e-01  7.851229e+00
     vertex  5.058164e+01 -1.687606e+00  7.851229e+00
   endloop
 endfacet
 facet normal -9.854595e-01  0.000000e+00  1.699104e-01
   outer loop
     vertex  5.058744e+01 -1.687606e+00  7.884873e+00
     vertex  5.058744e+01 -1.876035e-01  7.884873e+00
     vertex  5.058164e+01 -1.876035e-01  7.851229e+00
   endloop
 endfacet
 facet normal -9.947573e-01  0.000000e+00  1.022641e-01
   outer loop
     vertex  5.058744e+01 -1.687606e+00  7.884873e+00
     vertex  5.059093e+01 -1.876035e-01  7.918835e+00
     vertex  5.058744e+01 -1.876035e-01  7.884873e+00
   endloop
 endfacet
 facet normal -9.947573e-01  0.000000e+00  1.022641e-01
   outer loop
     vertex  5.059093e+01 -1.687606e+00  7.918835e+00
     vertex  5.059093e+01 -1.876035e-01  7.918835e+00
     vertex  5.058744e+01 -1.687606e+00  7.884873e+00
   endloop
 endfacet
 facet normal -9.994170e-01  0.000000e+00  3.414111e-02
   outer loop
     vertex  5.059210e+01 -1.687606e+00  7.952957e+00
     vertex  5.059093e+01 -1.876035e-01  7.918835e+00
     vertex  5.059093e+01 -1.687606e+00  7.918835e+00
   endloop
 endfacet
 facet normal -9.994170e-01  0.000000e+00  3.414111e-02
   outer loop
     vertex  5.059210e+01 -1.687606e+00  7.952957e+00
     vertex  5.059210e+01 -1.876035e-01  7.952957e+00
     vertex  5.059093e+01 -1.876035e-01  7.918835e+00
   endloop
 endfacet
 facet normal -1.000000e+00  0.000000e+00  0.000000e+00
   outer loop
     vertex  5.059210e+01 -1.687606e+00  1.275297e+01
     vertex  5.059210e+01 -1.876035e-01  7.952957e+00
     vertex  5.059210e+01 -1.687606e+00  7.952957e+00
   endloop
 endfacet
 facet normal -1.000000e+00  0.000000e+00  0.000000e+00
   outer loop
     vertex  5.059210e+01 -1.687606e+00  1.275297e+01
     vertex  5.059210e+01 -1.876035e-01  1.275297e+01
     vertex  5.059210e+01 -1.876035e-01  7.952957e+00
   endloop
 endfacet
 facet normal -9.994170e-01  0.000000e+00 -3.414111e-02
   outer loop
     vertex  5.059210e+01 -1.687606e+00  1.275297e+01
     vertex  5.059093e+01 -1.876035e-01  1.278709e+01
     vertex  5.059210e+01 -1.876035e-01  1.275297e+01
   endloop
 endfacet
 facet normal -9.994170e-01  0.000000e+00 -3.414111e-02
   outer loop
     vertex  5.059093e+01 -1.687606e+00  1.278709e+01
     vertex  5.059093e+01 -1.876035e-01  1.278709e+01
     vertex  5.059210e+01 -1.687606e+00  1.275297e+01
   endloop
 endfacet
 facet normal -9.947573e-01  0.000000e+00 -1.022641e-01
   outer loop
     vertex  5.059093e+01 -1.687606e+00  1.278709e+01
     vertex  5.058744e+01 -1.876035e-01  1.282105e+01
     vertex  5.059093e+01 -1.876035e-01  1.278709e+01
   endloop
 endfacet
 facet normal -9.947573e-01  0.000000e+00 -1.022641e-01
   outer loop
     vertex  5.058744e+01 -1.687606e+00  1.282105e+01
     vertex  5.058744e+01 -1.876035e-01  1.282105e+01
     vertex  5.059093e+01 -1.687606e+00  1.278709e+01
   endloop
 endfacet
 facet normal -9.854595e-01  0.000000e+00 -1.699104e-01
   outer loop
     vertex  5.058744e+01 -1.687606e+00  1.282105e+01
     vertex  5.058164e+01 -1.876035e-01  1.285470e+01
     vertex  5.058744e+01 -1.876035e-01  1.282105e+01
   endloop
 endfacet
 facet normal -9.854595e-01  0.000000e+00 -1.699104e-01
   outer loop
     vertex  5.058164e+01 -1.687606e+00  1.285470e+01
     vertex  5.058164e+01 -1.876035e-01  1.285470e+01
     vertex  5.058744e+01 -1.687606e+00  1.282105e+01
   endloop
 endfacet
 facet normal -9.715671e-01  0.000000e+00 -2.367644e-01
   outer loop
     vertex  5.058164e+01 -1.687606e+00  1.285470e+01
     vertex  5.057355e+01 -1.876035e-01  1.288787e+01
     vertex  5.058164e+01 -1.876035e-01  1.285470e+01
   endloop
 endfacet
 facet normal -9.715671e-01  0.000000e+00 -2.367644e-01
   outer loop
     vertex  5.057355e+01 -1.687606e+00  1.288787e+01
     vertex  5.057355e+01 -1.876035e-01  1.288787e+01
     vertex  5.058164e+01 -1.687606e+00  1.285470e+01
   endloop
 endfacet
 facet normal -9.531448e-01  0.000000e+00 -3.025146e-01
   outer loop
     vertex  5.056323e+01 -1.687606e+00  1.292041e+01
     vertex  5.057355e+01 -1.876035e-01  1.288787e+01
     vertex  5.057355e+01 -1.687606e+00  1.288787e+01
   endloop
 endfacet
 facet normal -9.531448e-01  0.000000e+00 -3.025146e-01
   outer loop
     vertex  5.056323e+01 -1.687606e+00  1.292041e+01
     vertex  5.056323e+01 -1.876035e-01  1.292041e+01
     vertex  5.057355e+01 -1.876035e-01  1.288787e+01
   endloop
 endfacet
 facet normal -9.302784e-01  0.000000e+00 -3.668542e-01
   outer loop
     vertex  5.055070e+01 -1.687606e+00  1.295217e+01
     vertex  5.056323e+01 -1.876035e-01  1.292041e+01
     vertex  5.056323e+01 -1.687606e+00  1.292041e+01
   endloop
 endfacet
 facet normal -9.302784e-01  0.000000e+00 -3.668542e-01
   outer loop
     vertex  5.055070e+01 -1.687606e+00  1.295217e+01
     vertex  5.055070e+01 -1.876035e-01  1.295217e+01
     vertex  5.056323e+01 -1.876035e-01  1.292041e+01
   endloop
 endfacet
 facet normal -9.030747e-01  0.000000e+00 -4.294834e-01
   outer loop
     vertex  5.053604e+01 -1.687606e+00  1.298300e+01
     vertex  5.055070e+01 -1.876035e-01  1.295217e+01
     vertex  5.055070e+01 -1.687606e+00  1.295217e+01
   endloop
 endfacet
 facet normal -9.030747e-01  0.000000e+00 -4.294834e-01
   outer loop
     vertex  5.053604e+01 -1.687606e+00  1.298300e+01
     vertex  5.053604e+01 -1.876035e-01  1.298300e+01
     vertex  5.055070e+01 -1.876035e-01  1.295217e+01
   endloop
 endfacet
 facet normal -8.716605e-01  0.000000e+00 -4.901102e-01
   outer loop
     vertex  5.051931e+01 -1.687606e+00  1.301276e+01
     vertex  5.053604e+01 -1.876035e-01  1.298300e+01
     vertex  5.053604e+01 -1.687606e+00  1.298300e+01
   endloop
 endfacet
 facet normal -8.716605e-01  0.000000e+00 -4.901102e-01
   outer loop
     vertex  5.051931e+01 -1.687606e+00  1.301276e+01
     vertex  5.051931e+01 -1.876035e-01  1.301276e+01
     vertex  5.053604e+01 -1.876035e-01  1.298300e+01
   endloop
 endfacet
 facet normal -8.361821e-01  0.000000e+00 -5.484519e-01
   outer loop
     vertex  5.051931e+01 -1.687606e+00  1.301276e+01
     vertex  5.050058e+01 -1.876035e-01  1.304131e+01
     vertex  5.051931e+01 -1.876035e-01  1.301276e+01
   endloop
 endfacet
 facet normal -8.361821e-01  0.000000e+00 -5.484519e-01
   outer loop
     vertex  5.050058e+01 -1.687606e+00  1.304131e+01
     vertex  5.050058e+01 -1.876035e-01  1.304131e+01
     vertex  5.051931e+01 -1.687606e+00  1.301276e+01
   endloop
 endfacet
 facet normal -7.968051e-01  0.000000e+00 -6.042364e-01
   outer loop
     vertex  5.050058e+01 -1.687606e+00  1.304131e+01
     vertex  5.047995e+01 -1.876035e-01  1.306851e+01
     vertex  5.050058e+01 -1.876035e-01  1.304131e+01
   endloop
 endfacet
 facet normal -7.968051e-01  0.000000e+00 -6.042364e-01
   outer loop
     vertex  5.047995e+01 -1.687606e+00  1.306851e+01
     vertex  5.047995e+01 -1.876035e-01  1.306851e+01
     vertex  5.050058e+01 -1.687606e+00  1.304131e+01
   endloop
 endfacet
 facet normal -7.537130e-01  0.000000e+00 -6.572037e-01
   outer loop
     vertex  5.047995e+01 -1.687606e+00  1.306851e+01
     vertex  5.045751e+01 -1.876035e-01  1.309425e+01
     vertex  5.047995e+01 -1.876035e-01  1.306851e+01
   endloop
 endfacet
 facet normal -7.537130e-01  0.000000e+00 -6.572037e-01
   outer loop
     vertex  5.045751e+01 -1.687606e+00  1.309425e+01
     vertex  5.045751e+01 -1.876035e-01  1.309425e+01
     vertex  5.047995e+01 -1.687606e+00  1.306851e+01
   endloop
 endfacet
 facet normal -7.071068e-01  0.000000e+00 -7.071068e-01
   outer loop
     vertex  5.043337e+01 -1.687606e+00  1.311839e+01
     vertex  5.045751e+01 -1.876035e-01  1.309425e+01
     vertex  5.045751e+01 -1.687606e+00  1.309425e+01
   endloop
 endfacet
 facet normal -7.071068e-01  0.000000e+00 -7.071068e-01
   outer loop
     vertex  5.043337e+01 -1.687606e+00  1.311839e+01
     vertex  5.043337e+01 -1.876035e-01  1.311839e+01
     vertex  5.045751e+01 -1.876035e-01  1.309425e+01
   endloop
 endfacet
 facet normal -6.572037e-01  0.000000e+00 -7.537130e-01
   outer loop
     vertex  5.040764e+01 -1.687606e+00  1.314082e+01
     vertex  5.043337e+01 -1.876035e-01  1.311839e+01
     vertex  5.043337e+01 -1.687606e+00  1.311839e+01
   endloop
 endfacet
 facet normal -6.572037e-01  0.000000e+00 -7.537130e-01
   outer loop
     vertex  5.040764e+01 -1.687606e+00  1.314082e+01
     vertex  5.040764e+01 -1.876035e-01  1.314082e+01
     vertex  5.043337e+01 -1.876035e-01  1.311839e+01
   endloop
 endfacet
 facet normal -6.042364e-01  0.000000e+00 -7.968051e-01
   outer loop
     vertex  5.038044e+01 -1.687606e+00  1.316145e+01
     vertex  5.040764e+01 -1.876035e-01  1.314082e+01
     vertex  5.040764e+01 -1.687606e+00  1.314082e+01
   endloop
 endfacet
 facet normal -6.042364e-01  0.000000e+00 -7.968051e-01
   outer loop
     vertex  5.038044e+01 -1.687606e+00  1.316145e+01
     vertex  5.038044e+01 -1.876035e-01  1.316145e+01
     vertex  5.040764e+01 -1.876035e-01  1.314082e+01
   endloop
 endfacet
 facet normal -5.484519e-01  0.000000e+00 -8.361821e-01
   outer loop
     vertex  5.035189e+01 -1.687606e+00  1.318018e+01
     vertex  5.038044e+01 -1.876035e-01  1.316145e+01
     vertex  5.038044e+01 -1.687606e+00  1.316145e+01
   endloop
 endfacet
 facet normal -5.484519e-01  0.000000e+00 -8.361821e-01
   outer loop
     vertex  5.035189e+01 -1.687606e+00  1.318018e+01
     vertex  5.035189e+01 -1.876035e-01  1.318018e+01
     vertex  5.038044e+01 -1.876035e-01  1.316145e+01
   endloop
 endfacet
 facet normal -4.901102e-01  0.000000e+00 -8.716605e-01
   outer loop
     vertex  5.032213e+01 -1.687606e+00  1.319691e+01
     vertex  5.035189e+01 -1.876035e-01  1.318018e+01
     vertex  5.035189e+01 -1.687606e+00  1.318018e+01
   endloop
 endfacet
 facet normal -4.901102e-01  0.000000e+00 -8.716605e-01
   outer loop
     vertex  5.032213e+01 -1.687606e+00  1.319691e+01
     vertex  5.032213e+01 -1.876035e-01  1.319691e+01
     vertex  5.035189e+01 -1.876035e-01  1.318018e+01
   endloop
 endfacet
 facet normal -4.294834e-01  0.000000e+00 -9.030747e-01
   outer loop
     vertex  5.029130e+01 -1.687606e+00  1.321157e+01
     vertex  5.032213e+01 -1.876035e-01  1.319691e+01
     vertex  5.032213e+01 -1.687606e+00  1.319691e+01
   endloop
 endfacet
 facet normal -4.294834e-01  0.000000e+00 -9.030747e-01
   outer loop
     vertex  5.029130e+01 -1.687606e+00  1.321157e+01
     vertex  5.029130e+01 -1.876035e-01  1.321157e+01
     vertex  5.032213e+01 -1.876035e-01  1.319691e+01
   endloop
 endfacet
 facet normal -3.668542e-01  0.000000e+00 -9.302784e-01
   outer loop
     vertex  5.025954e+01 -1.687606e+00  1.322410e+01
     vertex  5.029130e+01 -1.876035e-01  1.321157e+01
     vertex  5.029130e+01 -1.687606e+00  1.321157e+01
   endloop
 endfacet
 facet normal -3.668542e-01  0.000000e+00 -9.302784e-01
   outer loop
     vertex  5.025954e+01 -1.687606e+00  1.322410e+01
     vertex  5.025954e+01 -1.876035e-01  1.322410e+01
     vertex  5.029130e+01 -1.876035e-01  1.321157e+01
   endloop
 endfacet
 facet normal -3.025146e-01  0.000000e+00 -9.531448e-01
   outer loop
     vertex  5.022699e+01 -1.687606e+00  1.323443e+01
     vertex  5.025954e+01 -1.876035e-01  1.322410e+01
     vertex  5.025954e+01 -1.687606e+00  1.322410e+01
   endloop
 endfacet
 facet normal -3.025146e-01  0.000000e+00 -9.531448e-01
   outer loop
     vertex  5.022699e+01 -1.687606e+00  1.323443e+01
     vertex  5.022699e+01 -1.876035e-01  1.323443e+01
     vertex  5.025954e+01 -1.876035e-01  1.322410e+01
   endloop
 endfacet
 facet normal -2.367644e-01  0.000000e+00 -9.715671e-01
   outer loop
     vertex  5.019382e+01 -1.687606e+00  1.324251e+01
     vertex  5.022699e+01 -1.876035e-01  1.323443e+01
     vertex  5.022699e+01 -1.687606e+00  1.323443e+01
   endloop
 endfacet
 facet normal -2.367644e-01  0.000000e+00 -9.715671e-01
   outer loop
     vertex  5.019382e+01 -1.687606e+00  1.324251e+01
     vertex  5.019382e+01 -1.876035e-01  1.324251e+01
     vertex  5.022699e+01 -1.876035e-01  1.323443e+01
   endloop
 endfacet
 facet normal -1.699104e-01  0.000000e+00 -9.854595e-01
   outer loop
     vertex  5.016018e+01 -1.687606e+00  1.324831e+01
     vertex  5.019382e+01 -1.876035e-01  1.324251e+01
     vertex  5.019382e+01 -1.687606e+00  1.324251e+01
   endloop
 endfacet
 facet normal -1.699104e-01  0.000000e+00 -9.854595e-01
   outer loop
     vertex  5.016018e+01 -1.687606e+00  1.324831e+01
     vertex  5.016018e+01 -1.876035e-01  1.324831e+01
     vertex  5.019382e+01 -1.876035e-01  1.324251e+01
   endloop
 endfacet
 facet normal -1.022641e-01  0.000000e+00 -9.947573e-01
   outer loop
     vertex  5.012622e+01 -1.687606e+00  1.325180e+01
     vertex  5.016018e+01 -1.876035e-01  1.324831e+01
     vertex  5.016018e+01 -1.687606e+00  1.324831e+01
   endloop
 endfacet
 facet normal -1.022641e-01  0.000000e+00 -9.947573e-01
   outer loop
     vertex  5.012622e+01 -1.687606e+00  1.325180e+01
     vertex  5.012622e+01 -1.876035e-01  1.325180e+01
     vertex  5.016018e+01 -1.876035e-01  1.324831e+01
   endloop
 endfacet
 facet normal -3.414111e-02  0.000000e+00 -9.994170e-01
   outer loop
     vertex  5.009210e+01 -1.687606e+00  1.325297e+01
     vertex  5.012622e+01 -1.876035e-01  1.325180e+01
     vertex  5.012622e+01 -1.687606e+00  1.325180e+01
   endloop
 endfacet
 facet normal -3.414111e-02  0.000000e+00 -9.994170e-01
   outer loop
     vertex  5.009210e+01 -1.687606e+00  1.325297e+01
     vertex  5.009210e+01 -1.876035e-01  1.325297e+01
     vertex  5.012622e+01 -1.876035e-01  1.325180e+01
   endloop
 endfacet
 facet normal -4.502035e-16  0.000000e+00 -1.000000e+00
   outer loop
     vertex  3.825507e+01 -1.687606e+00  1.325297e+01
     vertex  5.009210e+01 -1.876035e-01  1.325297e+01
     vertex  5.009210e+01 -1.687606e+00  1.325297e+01
   endloop
 endfacet
 facet normal -4.502035e-16  0.000000e+00 -1.000000e+00
   outer loop
     vertex  3.825507e+01 -1.687606e+00  1.325297e+01
     vertex  3.825507e+01 -1.876035e-01  1.325297e+01
     vertex  5.009210e+01 -1.876035e-01  1.325297e+01
   endloop
 endfacet
 facet normal  3.414111e-02  0.000000e+00 -9.994170e-01
   outer loop
     vertex  3.822095e+01 -1.687606e+00  1.325180e+01
     vertex  3.825507e+01 -1.876035e-01  1.325297e+01
     vertex  3.825507e+01 -1.687606e+00  1.325297e+01
   endloop
 endfacet
 facet normal  3.414111e-02  0.000000e+00 -9.994170e-01
   outer loop
     vertex  3.822095e+01 -1.687606e+00  1.325180e+01
     vertex  3.822095e+01 -1.876035e-01  1.325180e+01
     vertex  3.825507e+01 -1.876035e-01  1.325297e+01
   endloop
 endfacet
 facet normal  1.022641e-01  0.000000e+00 -9.947573e-01
   outer loop
     vertex  3.818699e+01 -1.687606e+00  1.324831e+01
     vertex  3.822095e+01 -1.876035e-01  1.325180e+01
     vertex  3.822095e+01 -1.687606e+00  1.325180e+01
   endloop
 endfacet
 facet normal  1.022641e-01  0.000000e+00 -9.947573e-01
   outer loop
     vertex  3.818699e+01 -1.687606e+00  1.324831e+01
     vertex  3.818699e+01 -1.876035e-01  1.324831e+01
     vertex  3.822095e+01 -1.876035e-01  1.325180e+01
   endloop
 endfacet
 facet normal  1.699104e-01  0.000000e+00 -9.854595e-01
   outer loop
     vertex  3.815334e+01 -1.687606e+00  1.324251e+01
     vertex  3.818699e+01 -1.876035e-01  1.324831e+01
     vertex  3.818699e+01 -1.687606e+00  1.324831e+01
   endloop
 endfacet
 facet normal  1.699104e-01  0.000000e+00 -9.854595e-01
   outer loop
     vertex  3.815334e+01 -1.687606e+00  1.324251e+01
     vertex  3.815334e+01 -1.876035e-01  1.324251e+01
     vertex  3.818699e+01 -1.876035e-01  1.324831e+01
   endloop
 endfacet
 facet normal  2.367644e-01  0.000000e+00 -9.715671e-01
   outer loop
     vertex  3.812017e+01 -1.687606e+00  1.323443e+01
     vertex  3.815334e+01 -1.876035e-01  1.324251e+01
     vertex  3.815334e+01 -1.687606e+00  1.324251e+01
   endloop
 endfacet
 facet normal  2.367644e-01  0.000000e+00 -9.715671e-01
   outer loop
     vertex  3.812017e+01 -1.687606e+00  1.323443e+01
     vertex  3.812017e+01 -1.876035e-01  1.323443e+01
     vertex  3.815334e+01 -1.876035e-01  1.324251e+01
   endloop
 endfacet
 facet normal  3.025146e-01  0.000000e+00 -9.531448e-01
   outer loop
     vertex  3.808763e+01 -1.687606e+00  1.322410e+01
     vertex  3.812017e+01 -1.876035e-01  1.323443e+01
     vertex  3.812017e+01 -1.687606e+00  1.323443e+01
   endloop
 endfacet
 facet normal  3.025146e-01  0.000000e+00 -9.531448e-01
   outer loop
     vertex  3.808763e+01 -1.687606e+00  1.322410e+01
     vertex  3.808763e+01 -1.876035e-01  1.322410e+01
     vertex  3.812017e+01 -1.876035e-01  1.323443e+01
   endloop
 endfacet
 facet normal  3.668542e-01  0.000000e+00 -9.302784e-01
   outer loop
     vertex  3.805587e+01 -1.687606e+00  1.321157e+01
     vertex  3.808763e+01 -1.876035e-01  1.322410e+01
     vertex  3.808763e+01 -1.687606e+00  1.322410e+01
   endloop
 endfacet
 facet normal  3.668542e-01  0.000000e+00 -9.302784e-01
   outer loop
     vertex  3.805587e+01 -1.687606e+00  1.321157e+01
     vertex  3.805587e+01 -1.876035e-01  1.321157e+01
     vertex  3.808763e+01 -1.876035e-01  1.322410e+01
   endloop
 endfacet
 facet normal  4.294834e-01  0.000000e+00 -9.030747e-01
   outer loop
     vertex  3.802504e+01 -1.687606e+00  1.319691e+01
     vertex  3.805587e+01 -1.876035e-01  1.321157e+01
     vertex  3.805587e+01 -1.687606e+00  1.321157e+01
   endloop
 endfacet
 facet normal  4.294834e-01  0.000000e+00 -9.030747e-01
   outer loop
     vertex  3.802504e+01 -1.687606e+00  1.319691e+01
     vertex  3.802504e+01 -1.876035e-01  1.319691e+01
     vertex  3.805587e+01 -1.876035e-01  1.321157e+01
   endloop
 endfacet
 facet normal  4.901102e-01  0.000000e+00 -8.716605e-01
   outer loop
     vertex  3.799528e+01 -1.687606e+00  1.318018e+01
     vertex  3.802504e+01 -1.876035e-01  1.319691e+01
     vertex  3.802504e+01 -1.687606e+00  1.319691e+01
   endloop
 endfacet
 facet normal  4.901102e-01  0.000000e+00 -8.716605e-01
   outer loop
     vertex  3.799528e+01 -1.687606e+00  1.318018e+01
     vertex  3.799528e+01 -1.876035e-01  1.318018e+01
     vertex  3.802504e+01 -1.876035e-01  1.319691e+01
   endloop
 endfacet
 facet normal  5.484519e-01  0.000000e+00 -8.361821e-01
   outer loop
     vertex  3.796673e+01 -1.687606e+00  1.316145e+01
     vertex  3.799528e+01 -1.876035e-01  1.318018e+01
     vertex  3.799528e+01 -1.687606e+00  1.318018e+01
   endloop
 endfacet
 facet normal  5.484519e-01  0.000000e+00 -8.361821e-01
   outer loop
     vertex  3.796673e+01 -1.687606e+00  1.316145e+01
     vertex  3.796673e+01 -1.876035e-01  1.316145e+01
     vertex  3.799528e+01 -1.876035e-01  1.318018e+01
   endloop
 endfacet
 facet normal  6.042364e-01  0.000000e+00 -7.968051e-01
   outer loop
     vertex  3.793953e+01 -1.687606e+00  1.314082e+01
     vertex  3.796673e+01 -1.876035e-01  1.316145e+01
     vertex  3.796673e+01 -1.687606e+00  1.316145e+01
   endloop
 endfacet
 facet normal  6.042364e-01  0.000000e+00 -7.968051e-01
   outer loop
     vertex  3.793953e+01 -1.687606e+00  1.314082e+01
     vertex  3.793953e+01 -1.876035e-01  1.314082e+01
     vertex  3.796673e+01 -1.876035e-01  1.316145e+01
   endloop
 endfacet
 facet normal  6.572037e-01  0.000000e+00 -7.537130e-01
   outer loop
     vertex  3.791379e+01 -1.687606e+00  1.311839e+01
     vertex  3.793953e+01 -1.876035e-01  1.314082e+01
     vertex  3.793953e+01 -1.687606e+00  1.314082e+01
   endloop
 endfacet
 facet normal  6.572037e-01  0.000000e+00 -7.537130e-01
   outer loop
     vertex  3.791379e+01 -1.687606e+00  1.311839e+01
     vertex  3.791379e+01 -1.876035e-01  1.311839e+01
     vertex  3.793953e+01 -1.876035e-01  1.314082e+01
   endloop
 endfacet
 facet normal  7.071068e-01  0.000000e+00 -7.071068e-01
   outer loop
     vertex  3.791379e+01 -1.687606e+00  1.311839e+01
     vertex  3.788965e+01 -1.876035e-01  1.309425e+01
     vertex  3.791379e+01 -1.876035e-01  1.311839e+01
   endloop
 endfacet
 facet normal  7.071068e-01  0.000000e+00 -7.071068e-01
   outer loop
     vertex  3.788965e+01 -1.687606e+00  1.309425e+01
     vertex  3.788965e+01 -1.876035e-01  1.309425e+01
     vertex  3.791379e+01 -1.687606e+00  1.311839e+01
   endloop
 endfacet
 facet normal  7.537130e-01  0.000000e+00 -6.572037e-01
   outer loop
     vertex  3.788965e+01 -1.687606e+00  1.309425e+01
     vertex  3.786721e+01 -1.876035e-01  1.306851e+01
     vertex  3.788965e+01 -1.876035e-01  1.309425e+01
   endloop
 endfacet
 facet normal  7.537130e-01  0.000000e+00 -6.572037e-01
   outer loop
     vertex  3.786721e+01 -1.687606e+00  1.306851e+01
     vertex  3.786721e+01 -1.876035e-01  1.306851e+01
     vertex  3.788965e+01 -1.687606e+00  1.309425e+01
   endloop
 endfacet
 facet normal  7.968051e-01  0.000000e+00 -6.042364e-01
   outer loop
     vertex  3.786721e+01 -1.687606e+00  1.306851e+01
     vertex  3.784658e+01 -1.876035e-01  1.304131e+01
     vertex  3.786721e+01 -1.876035e-01  1.306851e+01
   endloop
 endfacet
 facet normal  7.968051e-01  0.000000e+00 -6.042364e-01
   outer loop
     vertex  3.784658e+01 -1.687606e+00  1.304131e+01
     vertex  3.784658e+01 -1.876035e-01  1.304131e+01
     vertex  3.786721e+01 -1.687606e+00  1.306851e+01
   endloop
 endfacet
 facet normal  8.361821e-01  0.000000e+00 -5.484519e-01
   outer loop
     vertex  3.784658e+01 -1.687606e+00  1.304131e+01
     vertex  3.782786e+01 -1.876035e-01  1.301276e+01
     vertex  3.784658e+01 -1.876035e-01  1.304131e+01
   endloop
 endfacet
 facet normal  8.361821e-01  0.000000e+00 -5.484519e-01
   outer loop
     vertex  3.782786e+01 -1.687606e+00  1.301276e+01
     vertex  3.782786e+01 -1.876035e-01  1.301276e+01
     vertex  3.784658e+01 -1.687606e+00  1.304131e+01
   endloop
 endfacet
 facet normal  8.716605e-01  0.000000e+00 -4.901102e-01
   outer loop
     vertex  3.782786e+01 -1.687606e+00  1.301276e+01
     vertex  3.781113e+01 -1.876035e-01  1.298300e+01
     vertex  3.782786e+01 -1.876035e-01  1.301276e+01
   endloop
 endfacet
 facet normal  8.716605e-01  0.000000e+00 -4.901102e-01
   outer loop
     vertex  3.781113e+01 -1.687606e+00  1.298300e+01
     vertex  3.781113e+01 -1.876035e-01  1.298300e+01
     vertex  3.782786e+01 -1.687606e+00  1.301276e+01
   endloop
 endfacet
 facet normal  9.030747e-01  0.000000e+00 -4.294834e-01
   outer loop
     vertex  3.779646e+01 -1.687606e+00  1.295217e+01
     vertex  3.781113e+01 -1.876035e-01  1.298300e+01
     vertex  3.781113e+01 -1.687606e+00  1.298300e+01
   endloop
 endfacet
 facet normal  9.030747e-01  0.000000e+00 -4.294834e-01
   outer loop
     vertex  3.779646e+01 -1.687606e+00  1.295217e+01
     vertex  3.779646e+01 -1.876035e-01  1.295217e+01
     vertex  3.781113e+01 -1.876035e-01  1.298300e+01
   endloop
 endfacet
 facet normal  9.302784e-01  0.000000e+00 -3.668542e-01
   outer loop
     vertex  3.778394e+01 -1.687606e+00  1.292041e+01
     vertex  3.779646e+01 -1.876035e-01  1.295217e+01
     vertex  3.779646e+01 -1.687606e+00  1.295217e+01
   endloop
 endfacet
 facet normal  9.302784e-01  0.000000e+00 -3.668542e-01
   outer loop
     vertex  3.778394e+01 -1.687606e+00  1.292041e+01
     vertex  3.778394e+01 -1.876035e-01  1.292041e+01
     vertex  3.779646e+01 -1.876035e-01  1.295217e+01
   endloop
 endfacet
 facet normal  9.531448e-01  0.000000e+00 -3.025146e-01
   outer loop
     vertex  3.778394e+01 -1.687606e+00  1.292041e+01
     vertex  3.777361e+01 -1.876035e-01  1.288787e+01
     vertex  3.778394e+01 -1.876035e-01  1.292041e+01
   endloop
 endfacet
 facet normal  9.531448e-01  0.000000e+00 -3.025146e-01
   outer loop
     vertex  3.777361e+01 -1.687606e+00  1.288787e+01
     vertex  3.777361e+01 -1.876035e-01  1.288787e+01
     vertex  3.778394e+01 -1.687606e+00  1.292041e+01
   endloop
 endfacet
 facet normal  9.715671e-01  0.000000e+00 -2.367644e-01
   outer loop
     vertex  3.777361e+01 -1.687606e+00  1.288787e+01
     vertex  3.776553e+01 -1.876035e-01  1.285470e+01
     vertex  3.777361e+01 -1.876035e-01  1.288787e+01
   endloop
 endfacet
 facet normal  9.715671e-01  0.000000e+00 -2.367644e-01
   outer loop
     vertex  3.776553e+01 -1.687606e+00  1.285470e+01
     vertex  3.776553e+01 -1.876035e-01  1.285470e+01
     vertex  3.777361e+01 -1.687606e+00  1.288787e+01
   endloop
 endfacet
 facet normal  9.854595e-01  0.000000e+00 -1.699104e-01
   outer loop
     vertex  3.776553e+01 -1.687606e+00  1.285470e+01
     vertex  3.775973e+01 -1.876035e-01  1.282105e+01
     vertex  3.776553e+01 -1.876035e-01  1.285470e+01
   endloop
 endfacet
 facet normal  9.854595e-01  0.000000e+00 -1.699104e-01
   outer loop
     vertex  3.775973e+01 -1.687606e+00  1.282105e+01
     vertex  3.775973e+01 -1.876035e-01  1.282105e+01
     vertex  3.776553e+01 -1.687606e+00  1.285470e+01
   endloop
 endfacet
 facet normal -1.000000e+00  0.000000e+00  0.000000e+00
   outer loop
     vertex  4.989253e+01  5.028840e+01  8.406614e+00
     vertex  4.989253e+01  5.028840e+01  1.061171e+01
     vertex  4.989253e+01  5.178841e+01  1.061171e+01
   endloop
 endfacet
 facet normal -1.000000e+00  0.000000e+00  0.000000e+00
   outer loop
     vertex  4.989253e+01  5.178841e+01  8.406614e+00
     vertex  4.989253e+01  5.028840e+01  8.406614e+00
     vertex  4.989253e+01  5.178841e+01  1.061171e+01
   endloop
 endfacet
 facet normal  0.000000e+00  0.000000e+00  1.000000e+00
   outer loop
     vertex  4.506730e+01  5.028840e+01  8.406614e+00
     vertex  4.989253e+01  5.028840e+01  8.406614e+00
     vertex  4.989253e+01  5.178841e+01  8.406614e+00
   endloop
 endfacet
 facet normal -0.000000e+00  0.000000e+00  1.000000e+00
   outer loop
     vertex  4.506730e+01  5.178841e+01  8.406614e+00
     vertex  4.506730e+01  5.028840e+01  8.406614e+00
     vertex  4.989253e+01  5.178841e+01  8.406614e+00
   endloop
 endfacet
 facet normal  1.000000e+00  0.000000e+00  0.000000e+00
   outer loop
     vertex  4.506730e+01  5.028840e+01  1.061171e+01
     vertex  4.506730e+01  5.028840e+01  8.406614e+00
     vertex  4.506730e+01  5.178841e+01  8.406614e+00
   endloop
 endfacet
 facet normal  1.000000e+00  0.000000e+00  0.000000e+00
   outer loop
     vertex  4.506730e+01  5.178841e+01  1.061171e+01
     vertex  4.506730e+01  5.028840e+01  1.061171e+01
     vertex  4.506730e+01  5.178841e+01  8.406614e+00
   endloop
 endfacet
 facet normal  0.000000e+00  0.000000e+00 -1.000000e+00
   outer loop
     vertex  4.989253e+01  5.028840e+01  1.061171e+01
     vertex  4.506730e+01  5.028840e+01  1.061171e+01
     vertex  4.506730e+01  5.178841e+01  1.061171e+01
   endloop
 endfacet
 facet normal -0.000000e+00 -0.000000e+00 -1.000000e+00
   outer loop
     vertex  4.989253e+01  5.178841e+01  1.061171e+01
     vertex  4.989253e+01  5.028840e+01  1.061171e+01
     vertex  4.506730e+01  5.178841e+01  1.061171e+01
   endloop
 endfacet
 facet normal  1.000000e+00  0.000000e+00 -5.405241e-15
   outer loop
     vertex  3.084903e+01  5.178841e+01  8.397160e+00
     vertex  3.084903e+01  5.028840e+01  9.711704e+00
     vertex  3.084903e+01  5.028840e+01  8.397160e+00
   endloop
 endfacet
 facet normal  1.000000e+00  0.000000e+00 -5.405241e-15
   outer loop
     vertex  3.084903e+01  5.178841e+01  9.711704e+00
     vertex  3.084903e+01  5.028840e+01  9.711704e+00
     vertex  3.084903e+01  5.178841e+01  8.397160e+00
   endloop
 endfacet
 facet normal  9.994170e-01  0.000000e+00 -3.414111e-02
   outer loop
     vertex  3.084903e+01  5.178841e+01  9.711704e+00
     vertex  3.085136e+01  5.028840e+01  9.779947e+00
     vertex  3.084903e+01  5.028840e+01  9.711704e+00
   endloop
 endfacet
 facet normal  9.994170e-01  0.000000e+00 -3.414111e-02
   outer loop
     vertex  3.085136e+01  5.178841e+01  9.779947e+00
     vertex  3.085136e+01  5.028840e+01  9.779947e+00
     vertex  3.084903e+01  5.178841e+01  9.711704e+00
   endloop
 endfacet
 facet normal  9.947573e-01  0.000000e+00 -1.022641e-01
   outer loop
     vertex  3.085136e+01  5.178841e+01  9.779947e+00
     vertex  3.085834e+01  5.028840e+01  9.847871e+00
     vertex  3.085136e+01  5.028840e+01  9.779947e+00
   endloop
 endfacet
 facet normal  9.947573e-01  0.000000e+00 -1.022641e-01
   outer loop
     vertex  3.085834e+01  5.178841e+01  9.847871e+00
     vertex  3.085834e+01  5.028840e+01  9.847871e+00
     vertex  3.085136e+01  5.178841e+01  9.779947e+00
   endloop
 endfacet
 facet normal  9.854595e-01  0.000000e+00 -1.699104e-01
   outer loop
     vertex  3.085834e+01  5.178841e+01  9.847871e+00
     vertex  3.086994e+01  5.028840e+01  9.915161e+00
     vertex  3.085834e+01  5.028840e+01  9.847871e+00
   endloop
 endfacet
 facet normal  9.854595e-01  0.000000e+00 -1.699104e-01
   outer loop
     vertex  3.086994e+01  5.178841e+01  9.915161e+00
     vertex  3.086994e+01  5.028840e+01  9.915161e+00
     vertex  3.085834e+01  5.178841e+01  9.847871e+00
   endloop
 endfacet
 facet normal  9.715671e-01  0.000000e+00 -2.367644e-01
   outer loop
     vertex  3.086994e+01  5.178841e+01  9.915161e+00
     vertex  3.088611e+01  5.028840e+01  9.981502e+00
     vertex  3.086994e+01  5.028840e+01  9.915161e+00
   endloop
 endfacet
 facet normal  9.715671e-01  0.000000e+00 -2.367644e-01
   outer loop
     vertex  3.088611e+01  5.178841e+01  9.981502e+00
     vertex  3.088611e+01  5.028840e+01  9.981502e+00
     vertex  3.086994e+01  5.178841e+01  9.915161e+00
   endloop
 endfacet
 facet normal  9.531448e-01  0.000000e+00 -3.025146e-01
   outer loop
     vertex  3.088611e+01  5.178841e+01  9.981502e+00
     vertex  3.090677e+01  5.028840e+01  1.004658e+01
     vertex  3.088611e+01  5.028840e+01  9.981502e+00
   endloop
 endfacet
 facet normal  9.531448e-01  0.000000e+00 -3.025146e-01
   outer loop
     vertex  3.090677e+01  5.178841e+01  1.004658e+01
     vertex  3.090677e+01  5.028840e+01  1.004658e+01
     vertex  3.088611e+01  5.178841e+01  9.981502e+00
   endloop
 endfacet
 facet normal  9.302784e-01  0.000000e+00 -3.668542e-01
   outer loop
     vertex  3.090677e+01  5.178841e+01  1.004658e+01
     vertex  3.093182e+01  5.028840e+01  1.011011e+01
     vertex  3.090677e+01  5.028840e+01  1.004658e+01
   endloop
 endfacet
 facet normal  9.302784e-01  0.000000e+00 -3.668542e-01
   outer loop
     vertex  3.093182e+01  5.178841e+01  1.011011e+01
     vertex  3.093182e+01  5.028840e+01  1.011011e+01
     vertex  3.090677e+01  5.178841e+01  1.004658e+01
   endloop
 endfacet
 facet normal  9.030747e-01  0.000000e+00 -4.294834e-01
   outer loop
     vertex  3.093182e+01  5.178841e+01  1.011011e+01
     vertex  3.096114e+01  5.028840e+01  1.017177e+01
     vertex  3.093182e+01  5.028840e+01  1.011011e+01
   endloop
 endfacet
 facet normal  9.030747e-01  0.000000e+00 -4.294834e-01
   outer loop
     vertex  3.096114e+01  5.178841e+01  1.017177e+01
     vertex  3.096114e+01  5.028840e+01  1.017177e+01
     vertex  3.093182e+01  5.178841e+01  1.011011e+01
   endloop
 endfacet
 facet normal  8.716605e-01  0.000000e+00 -4.901102e-01
   outer loop
     vertex  3.096114e+01  5.178841e+01  1.017177e+01
     vertex  3.099461e+01  5.028840e+01  1.023129e+01
     vertex  3.096114e+01  5.028840e+01  1.017177e+01
   endloop
 endfacet
 facet normal  8.716605e-01  0.000000e+00 -4.901102e-01
   outer loop
     vertex  3.099461e+01  5.178841e+01  1.023129e+01
     vertex  3.099461e+01  5.028840e+01  1.023129e+01
     vertex  3.096114e+01  5.178841e+01  1.017177e+01
   endloop
 endfacet
 facet normal  8.361821e-01  0.000000e+00 -5.484519e-01
   outer loop
     vertex  3.099461e+01  5.178841e+01  1.023129e+01
     vertex  3.103206e+01  5.028840e+01  1.028839e+01
     vertex  3.099461e+01  5.028840e+01  1.023129e+01
   endloop
 endfacet
 facet normal  8.361821e-01  0.000000e+00 -5.484519e-01
   outer loop
     vertex  3.103206e+01  5.178841e+01  1.028839e+01
     vertex  3.103206e+01  5.028840e+01  1.028839e+01
     vertex  3.099461e+01  5.178841e+01  1.023129e+01
   endloop
 endfacet
 facet normal  7.968051e-01  0.000000e+00 -6.042364e-01
   outer loop
     vertex  3.103206e+01  5.178841e+01  1.028839e+01
     vertex  3.107332e+01  5.028840e+01  1.034279e+01
     vertex  3.103206e+01  5.028840e+01  1.028839e+01
   endloop
 endfacet
 facet normal  7.968051e-01  0.000000e+00 -6.042364e-01
   outer loop
     vertex  3.107332e+01  5.178841e+01  1.034279e+01
     vertex  3.107332e+01  5.028840e+01  1.034279e+01
     vertex  3.103206e+01  5.178841e+01  1.028839e+01
   endloop
 endfacet
 facet normal  7.537130e-01  0.000000e+00 -6.572037e-01
   outer loop
     vertex  3.107332e+01  5.178841e+01  1.034279e+01
     vertex  3.111819e+01  5.028840e+01  1.039426e+01
     vertex  3.107332e+01  5.028840e+01  1.034279e+01
   endloop
 endfacet
 facet normal  7.537130e-01  0.000000e+00 -6.572037e-01
   outer loop
     vertex  3.111819e+01  5.178841e+01  1.039426e+01
     vertex  3.111819e+01  5.028840e+01  1.039426e+01
     vertex  3.107332e+01  5.178841e+01  1.034279e+01
   endloop
 endfacet
 facet normal  7.071068e-01  0.000000e+00 -7.071068e-01
   outer loop
     vertex  3.111819e+01  5.178841e+01  1.039426e+01
     vertex  3.116647e+01  5.028840e+01  1.044254e+01
     vertex  3.111819e+01  5.028840e+01  1.039426e+01
   endloop
 endfacet
 facet normal  7.071068e-01  0.000000e+00 -7.071068e-01
   outer loop
     vertex  3.116647e+01  5.178841e+01  1.044254e+01
     vertex  3.116647e+01  5.028840e+01  1.044254e+01
     vertex  3.111819e+01  5.178841e+01  1.039426e+01
   endloop
 endfacet
 facet normal  6.572037e-01  0.000000e+00 -7.537130e-01
   outer loop
     vertex  3.116647e+01  5.178841e+01  1.044254e+01
     vertex  3.121794e+01  5.028840e+01  1.048742e+01
     vertex  3.116647e+01  5.028840e+01  1.044254e+01
   endloop
 endfacet
 facet normal  6.572037e-01  0.000000e+00 -7.537130e-01
   outer loop
     vertex  3.121794e+01  5.178841e+01  1.048742e+01
     vertex  3.121794e+01  5.028840e+01  1.048742e+01
     vertex  3.116647e+01  5.178841e+01  1.044254e+01
   endloop
 endfacet
 facet normal  6.042364e-01  0.000000e+00 -7.968051e-01
   outer loop
     vertex  3.121794e+01  5.178841e+01  1.048742e+01
     vertex  3.127235e+01  5.028840e+01  1.052868e+01
     vertex  3.121794e+01  5.028840e+01  1.048742e+01
   endloop
 endfacet
 facet normal  6.042364e-01  0.000000e+00 -7.968051e-01
   outer loop
     vertex  3.127235e+01  5.178841e+01  1.052868e+01
     vertex  3.127235e+01  5.028840e+01  1.052868e+01
     vertex  3.121794e+01  5.178841e+01  1.048742e+01
   endloop
 endfacet
 facet normal  5.484519e-01  0.000000e+00 -8.361821e-01
   outer loop
     vertex  3.127235e+01  5.178841e+01  1.052868e+01
     vertex  3.132944e+01  5.028840e+01  1.056613e+01
     vertex  3.127235e+01  5.028840e+01  1.052868e+01
   endloop
 endfacet
 facet normal  5.484519e-01  0.000000e+00 -8.361821e-01
   outer loop
     vertex  3.132944e+01  5.178841e+01  1.056613e+01
     vertex  3.132944e+01  5.028840e+01  1.056613e+01
     vertex  3.127235e+01  5.178841e+01  1.052868e+01
   endloop
 endfacet
 facet normal  4.901102e-01  0.000000e+00 -8.716605e-01
   outer loop
     vertex  3.132944e+01  5.178841e+01  1.056613e+01
     vertex  3.138896e+01  5.028840e+01  1.059959e+01
     vertex  3.132944e+01  5.028840e+01  1.056613e+01
   endloop
 endfacet
 facet normal  4.901102e-01  0.000000e+00 -8.716605e-01
   outer loop
     vertex  3.138896e+01  5.178841e+01  1.059959e+01
     vertex  3.138896e+01  5.028840e+01  1.059959e+01
     vertex  3.132944e+01  5.178841e+01  1.056613e+01
   endloop
 endfacet
 facet normal  4.294834e-01  0.000000e+00 -9.030747e-01
   outer loop
     vertex  3.138896e+01  5.178841e+01  1.059959e+01
     vertex  3.145063e+01  5.028840e+01  1.062892e+01
     vertex  3.138896e+01  5.028840e+01  1.059959e+01
   endloop
 endfacet
 facet normal  4.294834e-01  0.000000e+00 -9.030747e-01
   outer loop
     vertex  3.145063e+01  5.178841e+01  1.062892e+01
     vertex  3.145063e+01  5.028840e+01  1.062892e+01
     vertex  3.138896e+01  5.178841e+01  1.059959e+01
   endloop
 endfacet
 facet normal  3.668542e-01  0.000000e+00 -9.302784e-01
   outer loop
     vertex  3.145063e+01  5.178841e+01  1.062892e+01
     vertex  3.151415e+01  5.028840e+01  1.065397e+01
     vertex  3.145063e+01  5.028840e+01  1.062892e+01
   endloop
 endfacet
 facet normal  3.668542e-01  0.000000e+00 -9.302784e-01
   outer loop
     vertex  3.151415e+01  5.178841e+01  1.065397e+01
     vertex  3.151415e+01  5.028840e+01  1.065397e+01
     vertex  3.145063e+01  5.178841e+01  1.062892e+01
   endloop
 endfacet
 facet normal  3.025146e-01  0.000000e+00 -9.531448e-01
   outer loop
     vertex  3.151415e+01  5.178841e+01  1.065397e+01
     vertex  3.157923e+01  5.028840e+01  1.067462e+01
     vertex  3.151415e+01  5.028840e+01  1.065397e+01
   endloop
 endfacet
 facet normal  3.025146e-01  0.000000e+00 -9.531448e-01
   outer loop
     vertex  3.157923e+01  5.178841e+01  1.067462e+01
     vertex  3.157923e+01  5.028840e+01  1.067462e+01
     vertex  3.151415e+01  5.178841e+01  1.065397e+01
   endloop
 endfacet
 facet normal  2.367644e-01  0.000000e+00 -9.715671e-01
   outer loop
     vertex  3.157923e+01  5.178841e+01  1.067462e+01
     vertex  3.164557e+01  5.028840e+01  1.069079e+01
     vertex  3.157923e+01  5.028840e+01  1.067462e+01
   endloop
 endfacet
 facet normal  2.367644e-01  0.000000e+00 -9.715671e-01
   outer loop
     vertex  3.164557e+01  5.178841e+01  1.069079e+01
     vertex  3.164557e+01  5.028840e+01  1.069079e+01
     vertex  3.157923e+01  5.178841e+01  1.067462e+01
   endloop
 endfacet
 facet normal  1.699104e-01  0.000000e+00 -9.854595e-01
   outer loop
     vertex  3.164557e+01  5.178841e+01  1.069079e+01
     vertex  3.171286e+01  5.028840e+01  1.070239e+01
     vertex  3.164557e+01  5.028840e+01  1.069079e+01
   endloop
 endfacet
 facet normal  1.699104e-01  0.000000e+00 -9.854595e-01
   outer loop
     vertex  3.171286e+01  5.178841e+01  1.070239e+01
     vertex  3.171286e+01  5.028840e+01  1.070239e+01
     vertex  3.164557e+01  5.178841e+01  1.069079e+01
   endloop
 endfacet
 facet normal  1.022641e-01  0.000000e+00 -9.947573e-01
   outer loop
     vertex  3.171286e+01  5.178841e+01  1.070239e+01
     vertex  3.178079e+01  5.028840e+01  1.070938e+01
     vertex  3.171286e+01  5.028840e+01  1.070239e+01
   endloop
 endfacet
 facet normal  1.022641e-01  0.000000e+00 -9.947573e-01
   outer loop
     vertex  3.178079e+01  5.178841e+01  1.070938e+01
     vertex  3.178079e+01  5.028840e+01  1.070938e+01
     vertex  3.171286e+01  5.178841e+01  1.070239e+01
   endloop
 endfacet
 facet normal  3.414111e-02  0.000000e+00 -9.994170e-01
   outer loop
     vertex  3.178079e+01  5.178841e+01  1.070938e+01
     vertex  3.184903e+01  5.028840e+01  1.071171e+01
     vertex  3.178079e+01  5.028840e+01  1.070938e+01
   endloop
 endfacet
 facet normal  3.414111e-02  0.000000e+00 -9.994170e-01
   outer loop
     vertex  3.184903e+01  5.178841e+01  1.071171e+01
     vertex  3.184903e+01  5.028840e+01  1.071171e+01
     vertex  3.178079e+01  5.178841e+01  1.070938e+01
   endloop
 endfacet
 facet normal  1.794821e-15  0.000000e+00 -1.000000e+00
   outer loop
     vertex  3.877702e+01  5.028840e+01  1.071171e+01
     vertex  3.184903e+01  5.028840e+01  1.071171e+01
     vertex  3.184903e+01  5.178841e+01  1.071171e+01
   endloop
 endfacet
 facet normal  1.794821e-15  0.000000e+00 -1.000000e+00
   outer loop
     vertex  3.877702e+01  5.178841e+01  1.071171e+01
     vertex  3.877702e+01  5.028840e+01  1.071171e+01
     vertex  3.184903e+01  5.178841e+01  1.071171e+01
   endloop
 endfacet
 facet normal -3.414111e-02 -0.000000e+00 -9.994170e-01
   outer loop
     vertex  3.877702e+01  5.178841e+01  1.071171e+01
     vertex  3.884526e+01  5.028840e+01  1.070938e+01
     vertex  3.877702e+01  5.028840e+01  1.071171e+01
   endloop
 endfacet
 facet normal -3.414111e-02 -0.000000e+00 -9.994170e-01
   outer loop
     vertex  3.884526e+01  5.178841e+01  1.070938e+01
     vertex  3.884526e+01  5.028840e+01  1.070938e+01
     vertex  3.877702e+01  5.178841e+01  1.071171e+01
   endloop
 endfacet
 facet normal -1.022641e-01 -0.000000e+00 -9.947573e-01
   outer loop
     vertex  3.884526e+01  5.178841e+01  1.070938e+01
     vertex  3.891319e+01  5.028840e+01  1.070239e+01
     vertex  3.884526e+01  5.028840e+01  1.070938e+01
   endloop
 endfacet
 facet normal -1.022641e-01 -0.000000e+00 -9.947573e-01
   outer loop
     vertex  3.891319e+01  5.178841e+01  1.070239e+01
     vertex  3.891319e+01  5.028840e+01  1.070239e+01
     vertex  3.884526e+01  5.178841e+01  1.070938e+01
   endloop
 endfacet
 facet normal -1.699104e-01 -0.000000e+00 -9.854595e-01
   outer loop
     vertex  3.891319e+01  5.178841e+01  1.070239e+01
     vertex  3.898047e+01  5.028840e+01  1.069079e+01
     vertex  3.891319e+01  5.028840e+01  1.070239e+01
   endloop
 endfacet
 facet normal -1.699104e-01 -0.000000e+00 -9.854595e-01
   outer loop
     vertex  3.898047e+01  5.178841e+01  1.069079e+01
     vertex  3.898047e+01  5.028840e+01  1.069079e+01
     vertex  3.891319e+01  5.178841e+01  1.070239e+01
   endloop
 endfacet
 facet normal -2.367644e-01 -0.000000e+00 -9.715671e-01
   outer loop
     vertex  3.898047e+01  5.178841e+01  1.069079e+01
     vertex  3.904682e+01  5.028840e+01  1.067462e+01
     vertex  3.898047e+01  5.028840e+01  1.069079e+01
   endloop
 endfacet
 facet normal -2.367644e-01 -0.000000e+00 -9.715671e-01
   outer loop
     vertex  3.904682e+01  5.178841e+01  1.067462e+01
     vertex  3.904682e+01  5.028840e+01  1.067462e+01
     vertex  3.898047e+01  5.178841e+01  1.069079e+01
   endloop
 endfacet
 facet normal -3.025146e-01 -0.000000e+00 -9.531448e-01
   outer loop
     vertex  3.904682e+01  5.178841e+01  1.067462e+01
     vertex  3.911190e+01  5.028840e+01  1.065397e+01
     vertex  3.904682e+01  5.028840e+01  1.067462e+01
   endloop
 endfacet
 facet normal -3.025146e-01 -0.000000e+00 -9.531448e-01
   outer loop
     vertex  3.911190e+01  5.178841e+01  1.065397e+01
     vertex  3.911190e+01  5.028840e+01  1.065397e+01
     vertex  3.904682e+01  5.178841e+01  1.067462e+01
   endloop
 endfacet
 facet normal -3.668542e-01 -0.000000e+00 -9.302784e-01
   outer loop
     vertex  3.911190e+01  5.178841e+01  1.065397e+01
     vertex  3.917542e+01  5.028840e+01  1.062892e+01
     vertex  3.911190e+01  5.028840e+01  1.065397e+01
   endloop
 endfacet
 facet normal -3.668542e-01 -0.000000e+00 -9.302784e-01
   outer loop
     vertex  3.917542e+01  5.178841e+01  1.062892e+01
     vertex  3.917542e+01  5.028840e+01  1.062892e+01
     vertex  3.911190e+01  5.178841e+01  1.065397e+01
   endloop
 endfacet
 facet normal -4.294834e-01 -0.000000e+00 -9.030747e-01
   outer loop
     vertex  3.917542e+01  5.178841e+01  1.062892e+01
     vertex  3.923708e+01  5.028840e+01  1.059959e+01
     vertex  3.917542e+01  5.028840e+01  1.062892e+01
   endloop
 endfacet
 facet normal -4.294834e-01 -0.000000e+00 -9.030747e-01
   outer loop
     vertex  3.923708e+01  5.178841e+01  1.059959e+01
     vertex  3.923708e+01  5.028840e+01  1.059959e+01
     vertex  3.917542e+01  5.178841e+01  1.062892e+01
   endloop
 endfacet
 facet normal -4.901102e-01 -0.000000e+00 -8.716605e-01
   outer loop
     vertex  3.923708e+01  5.178841e+01  1.059959e+01
     vertex  3.929660e+01  5.028840e+01  1.056613e+01
     vertex  3.923708e+01  5.028840e+01  1.059959e+01
   endloop
 endfacet
 facet normal -4.901102e-01 -0.000000e+00 -8.716605e-01
   outer loop
     vertex  3.929660e+01  5.178841e+01  1.056613e+01
     vertex  3.929660e+01  5.028840e+01  1.056613e+01
     vertex  3.923708e+01  5.178841e+01  1.059959e+01
   endloop
 endfacet
 facet normal -5.484519e-01 -0.000000e+00 -8.361821e-01
   outer loop
     vertex  3.929660e+01  5.178841e+01  1.056613e+01
     vertex  3.935370e+01  5.028840e+01  1.052868e+01
     vertex  3.929660e+01  5.028840e+01  1.056613e+01
   endloop
 endfacet
 facet normal -5.484519e-01 -0.000000e+00 -8.361821e-01
   outer loop
     vertex  3.935370e+01  5.178841e+01  1.052868e+01
     vertex  3.935370e+01  5.028840e+01  1.052868e+01
     vertex  3.929660e+01  5.178841e+01  1.056613e+01
   endloop
 endfacet
 facet normal -6.042364e-01 -0.000000e+00 -7.968051e-01
   outer loop
     vertex  3.935370e+01  5.178841e+01  1.052868e+01
     vertex  3.940811e+01  5.028840e+01  1.048742e+01
     vertex  3.935370e+01  5.028840e+01  1.052868e+01
   endloop
 endfacet
 facet normal -6.042364e-01 -0.000000e+00 -7.968051e-01
   outer loop
     vertex  3.940811e+01  5.178841e+01  1.048742e+01
     vertex  3.940811e+01  5.028840e+01  1.048742e+01
     vertex  3.935370e+01  5.178841e+01  1.052868e+01
   endloop
 endfacet
 facet normal -6.572037e-01 -0.000000e+00 -7.537130e-01
   outer loop
     vertex  3.940811e+01  5.178841e+01  1.048742e+01
     vertex  3.945957e+01  5.028840e+01  1.044254e+01
     vertex  3.940811e+01  5.028840e+01  1.048742e+01
   endloop
 endfacet
 facet normal -6.572037e-01 -0.000000e+00 -7.537130e-01
   outer loop
     vertex  3.945957e+01  5.178841e+01  1.044254e+01
     vertex  3.945957e+01  5.028840e+01  1.044254e+01
     vertex  3.940811e+01  5.178841e+01  1.048742e+01
   endloop
 endfacet
 facet normal -7.071068e-01 -0.000000e+00 -7.071068e-01
   outer loop
     vertex  3.945957e+01  5.178841e+01  1.044254e+01
     vertex  3.950786e+01  5.028840e+01  1.039426e+01
     vertex  3.945957e+01  5.028840e+01  1.044254e+01
   endloop
 endfacet
 facet normal -7.071068e-01 -0.000000e+00 -7.071068e-01
   outer loop
     vertex  3.950786e+01  5.178841e+01  1.039426e+01
     vertex  3.950786e+01  5.028840e+01  1.039426e+01
     vertex  3.945957e+01  5.178841e+01  1.044254e+01
   endloop
 endfacet
 facet normal -7.537130e-01 -0.000000e+00 -6.572037e-01
   outer loop
     vertex  3.950786e+01  5.178841e+01  1.039426e+01
     vertex  3.955273e+01  5.028840e+01  1.034279e+01
     vertex  3.950786e+01  5.028840e+01  1.039426e+01
   endloop
 endfacet
 facet normal -7.537130e-01 -0.000000e+00 -6.572037e-01
   outer loop
     vertex  3.955273e+01  5.178841e+01  1.034279e+01
     vertex  3.955273e+01  5.028840e+01  1.034279e+01
     vertex  3.950786e+01  5.178841e+01  1.039426e+01
   endloop
 endfacet
 facet normal -7.968051e-01 -0.000000e+00 -6.042364e-01
   outer loop
     vertex  3.955273e+01  5.178841e+01  1.034279e+01
     vertex  3.959399e+01  5.028840e+01  1.028839e+01
     vertex  3.955273e+01  5.028840e+01  1.034279e+01
   endloop
 endfacet
 facet normal -7.968051e-01 -0.000000e+00 -6.042364e-01
   outer loop
     vertex  3.959399e+01  5.178841e+01  1.028839e+01
     vertex  3.959399e+01  5.028840e+01  1.028839e+01
     vertex  3.955273e+01  5.178841e+01  1.034279e+01
   endloop
 endfacet
 facet normal -8.361821e-01 -0.000000e+00 -5.484519e-01
   outer loop
     vertex  3.959399e+01  5.178841e+01  1.028839e+01
     vertex  3.963144e+01  5.028840e+01  1.023129e+01
     vertex  3.959399e+01  5.028840e+01  1.028839e+01
   endloop
 endfacet
 facet normal -8.361821e-01 -0.000000e+00 -5.484519e-01
   outer loop
     vertex  3.963144e+01  5.178841e+01  1.023129e+01
     vertex  3.963144e+01  5.028840e+01  1.023129e+01
     vertex  3.959399e+01  5.178841e+01  1.028839e+01
   endloop
 endfacet
 facet normal -8.716605e-01 -0.000000e+00 -4.901102e-01
   outer loop
     vertex  3.963144e+01  5.178841e+01  1.023129e+01
     vertex  3.966491e+01  5.028840e+01  1.017177e+01
     vertex  3.963144e+01  5.028840e+01  1.023129e+01
   endloop
 endfacet
 facet normal -8.716605e-01 -0.000000e+00 -4.901102e-01
   outer loop
     vertex  3.966491e+01  5.178841e+01  1.017177e+01
     vertex  3.966491e+01  5.028840e+01  1.017177e+01
     vertex  3.963144e+01  5.178841e+01  1.023129e+01
   endloop
 endfacet
 facet normal -9.030747e-01 -0.000000e+00 -4.294834e-01
   outer loop
     vertex  3.966491e+01  5.178841e+01  1.017177e+01
     vertex  3.969423e+01  5.028840e+01  1.011011e+01
     vertex  3.966491e+01  5.028840e+01  1.017177e+01
   endloop
 endfacet
 facet normal -9.030747e-01 -0.000000e+00 -4.294834e-01
   outer loop
     vertex  3.969423e+01  5.178841e+01  1.011011e+01
     vertex  3.969423e+01  5.028840e+01  1.011011e+01
     vertex  3.966491e+01  5.178841e+01  1.017177e+01
   endloop
 endfacet
 facet normal -9.302784e-01 -0.000000e+00 -3.668542e-01
   outer loop
     vertex  3.969423e+01  5.178841e+01  1.011011e+01
     vertex  3.971928e+01  5.028840e+01  1.004658e+01
     vertex  3.969423e+01  5.028840e+01  1.011011e+01
   endloop
 endfacet
 facet normal -9.302784e-01 -0.000000e+00 -3.668542e-01
   outer loop
     vertex  3.971928e+01  5.178841e+01  1.004658e+01
     vertex  3.971928e+01  5.028840e+01  1.004658e+01
     vertex  3.969423e+01  5.178841e+01  1.011011e+01
   endloop
 endfacet
 facet normal -9.531448e-01 -0.000000e+00 -3.025146e-01
   outer loop
     vertex  3.971928e+01  5.178841e+01  1.004658e+01
     vertex  3.973994e+01  5.028840e+01  9.981502e+00
     vertex  3.971928e+01  5.028840e+01  1.004658e+01
   endloop
 endfacet
 facet normal -9.531448e-01 -0.000000e+00 -3.025146e-01
   outer loop
     vertex  3.973994e+01  5.178841e+01  9.981502e+00
     vertex  3.973994e+01  5.028840e+01  9.981502e+00
     vertex  3.971928e+01  5.178841e+01  1.004658e+01
   endloop
 endfacet
 facet normal -9.715671e-01 -0.000000e+00 -2.367644e-01
   outer loop
     vertex  3.973994e+01  5.178841e+01  9.981502e+00
     vertex  3.975610e+01  5.028840e+01  9.915161e+00
     vertex  3.973994e+01  5.028840e+01  9.981502e+00
   endloop
 endfacet
 facet normal -9.715671e-01 -0.000000e+00 -2.367644e-01
   outer loop
     vertex  3.975610e+01  5.178841e+01  9.915161e+00
     vertex  3.975610e+01  5.028840e+01  9.915161e+00
     vertex  3.973994e+01  5.178841e+01  9.981502e+00
   endloop
 endfacet
 facet normal -9.854595e-01 -0.000000e+00 -1.699104e-01
   outer loop
     vertex  3.975610e+01  5.178841e+01  9.915161e+00
     vertex  3.976771e+01  5.028840e+01  9.847871e+00
     vertex  3.975610e+01  5.028840e+01  9.915161e+00
   endloop
 endfacet
 facet normal -9.854595e-01 -0.000000e+00 -1.699104e-01
   outer loop
     vertex  3.976771e+01  5.178841e+01  9.847871e+00
     vertex  3.976771e+01  5.028840e+01  9.847871e+00
     vertex  3.975610e+01  5.178841e+01  9.915161e+00
   endloop
 endfacet
 facet normal -9.947573e-01 -0.000000e+00 -1.022641e-01
   outer loop
     vertex  3.976771e+01  5.178841e+01  9.847871e+00
     vertex  3.977469e+01  5.028840e+01  9.779947e+00
     vertex  3.976771e+01  5.028840e+01  9.847871e+00
   endloop
 endfacet
 facet normal -9.947573e-01 -0.000000e+00 -1.022641e-01
   outer loop
     vertex  3.977469e+01  5.178841e+01  9.779947e+00
     vertex  3.977469e+01  5.028840e+01  9.779947e+00
     vertex  3.976771e+01  5.178841e+01  9.847871e+00
   endloop
 endfacet
 facet normal -9.994170e-01 -0.000000e+00 -3.414111e-02
   outer loop
     vertex  3.977469e+01  5.178841e+01  9.779947e+00
     vertex  3.977702e+01  5.028840e+01  9.711704e+00
     vertex  3.977469e+01  5.028840e+01  9.779947e+00
   endloop
 endfacet
 facet normal -9.994170e-01 -0.000000e+00 -3.414111e-02
   outer loop
     vertex  3.977702e+01  5.178841e+01  9.711704e+00
     vertex  3.977702e+01  5.028840e+01  9.711704e+00
     vertex  3.977469e+01  5.178841e+01  9.779947e+00
   endloop
 endfacet
 facet normal -1.000000e+00 -0.000000e+00  0.000000e+00
   outer loop
     vertex  3.977702e+01  5.178841e+01  9.711704e+00
     vertex  3.977702e+01  5.028840e+01  8.397160e+00
     vertex  3.977702e+01  5.028840e+01  9.711704e+00
   endloop
 endfacet
 facet normal -1.000000e+00  0.000000e+00  0.000000e+00
   outer loop
     vertex  3.977702e+01  5.178841e+01  8.397160e+00
     vertex  3.977702e+01  5.028840e+01  8.397160e+00
     vertex  3.977702e+01  5.178841e+01  9.711704e+00
   endloop
 endfacet
 facet normal -9.994170e-01  0.000000e+00  3.414111e-02
   outer loop
     vertex  3.977702e+01  5.178841e+01  8.397160e+00
     vertex  3.977469e+01  5.028840e+01  8.328918e+00
     vertex  3.977702e+01  5.028840e+01  8.397160e+00
   endloop
 endfacet
 facet normal -9.994170e-01  0.000000e+00  3.414111e-02
   outer loop
     vertex  3.977469e+01  5.178841e+01  8.328918e+00
     vertex  3.977469e+01  5.028840e+01  8.328918e+00
     vertex  3.977702e+01  5.178841e+01  8.397160e+00
   endloop
 endfacet
 facet normal -9.947573e-01  0.000000e+00  1.022641e-01
   outer loop
     vertex  3.977469e+01  5.178841e+01  8.328918e+00
     vertex  3.976771e+01  5.028840e+01  8.260993e+00
     vertex  3.977469e+01  5.028840e+01  8.328918e+00
   endloop
 endfacet
 facet normal -9.947573e-01  0.000000e+00  1.022641e-01
   outer loop
     vertex  3.976771e+01  5.178841e+01  8.260993e+00
     vertex  3.976771e+01  5.028840e+01  8.260993e+00
     vertex  3.977469e+01  5.178841e+01  8.328918e+00
   endloop
 endfacet
 facet normal -9.854595e-01  0.000000e+00  1.699104e-01
   outer loop
     vertex  3.976771e+01  5.178841e+01  8.260993e+00
     vertex  3.975610e+01  5.028840e+01  8.193704e+00
     vertex  3.976771e+01  5.028840e+01  8.260993e+00
   endloop
 endfacet
 facet normal -9.854595e-01  0.000000e+00  1.699104e-01
   outer loop
     vertex  3.975610e+01  5.178841e+01  8.193704e+00
     vertex  3.975610e+01  5.028840e+01  8.193704e+00
     vertex  3.976771e+01  5.178841e+01  8.260993e+00
   endloop
 endfacet
 facet normal -9.715671e-01  0.000000e+00  2.367644e-01
   outer loop
     vertex  3.975610e+01  5.178841e+01  8.193704e+00
     vertex  3.973994e+01  5.028840e+01  8.127363e+00
     vertex  3.975610e+01  5.028840e+01  8.193704e+00
   endloop
 endfacet
 facet normal -9.715671e-01  0.000000e+00  2.367644e-01
   outer loop
     vertex  3.973994e+01  5.178841e+01  8.127363e+00
     vertex  3.973994e+01  5.028840e+01  8.127363e+00
     vertex  3.975610e+01  5.178841e+01  8.193704e+00
   endloop
 endfacet
 facet normal -9.531448e-01  0.000000e+00  3.025146e-01
   outer loop
     vertex  3.973994e+01  5.178841e+01  8.127363e+00
     vertex  3.971928e+01  5.028840e+01  8.062280e+00
     vertex  3.973994e+01  5.028840e+01  8.127363e+00
   endloop
 endfacet
 facet normal -9.531448e-01  0.000000e+00  3.025146e-01
   outer loop
     vertex  3.971928e+01  5.178841e+01  8.062280e+00
     vertex  3.971928e+01  5.028840e+01  8.062280e+00
     vertex  3.973994e+01  5.178841e+01  8.127363e+00
   endloop
 endfacet
 facet normal -9.302784e-01  0.000000e+00  3.668542e-01
   outer loop
     vertex  3.971928e+01  5.178841e+01  8.062280e+00
     vertex  3.969423e+01  5.028840e+01  7.998758e+00
     vertex  3.971928e+01  5.028840e+01  8.062280e+00
   endloop
 endfacet
 facet normal -9.302784e-01  0.000000e+00  3.668542e-01
   outer loop
     vertex  3.969423e+01  5.178841e+01  7.998758e+00
     vertex  3.969423e+01  5.028840e+01  7.998758e+00
     vertex  3.971928e+01  5.178841e+01  8.062280e+00
   endloop
 endfacet
 facet normal -9.030747e-01  0.000000e+00  4.294834e-01
   outer loop
     vertex  3.969423e+01  5.178841e+01  7.998758e+00
     vertex  3.966491e+01  5.028840e+01  7.937094e+00
     vertex  3.969423e+01  5.028840e+01  7.998758e+00
   endloop
 endfacet
 facet normal -9.030747e-01  0.000000e+00  4.294834e-01
   outer loop
     vertex  3.966491e+01  5.178841e+01  7.937094e+00
     vertex  3.966491e+01  5.028840e+01  7.937094e+00
     vertex  3.969423e+01  5.178841e+01  7.998758e+00
   endloop
 endfacet
 facet normal -8.716605e-01  0.000000e+00  4.901102e-01
   outer loop
     vertex  3.966491e+01  5.178841e+01  7.937094e+00
     vertex  3.963144e+01  5.028840e+01  7.877575e+00
     vertex  3.966491e+01  5.028840e+01  7.937094e+00
   endloop
 endfacet
 facet normal -8.716605e-01  0.000000e+00  4.901102e-01
   outer loop
     vertex  3.963144e+01  5.178841e+01  7.877575e+00
     vertex  3.963144e+01  5.028840e+01  7.877575e+00
     vertex  3.966491e+01  5.178841e+01  7.937094e+00
   endloop
 endfacet
 facet normal -8.361821e-01  0.000000e+00  5.484519e-01
   outer loop
     vertex  3.963144e+01  5.178841e+01  7.877575e+00
     vertex  3.959399e+01  5.028840e+01  7.820478e+00
     vertex  3.963144e+01  5.028840e+01  7.877575e+00
   endloop
 endfacet
 facet normal -8.361821e-01  0.000000e+00  5.484519e-01
   outer loop
     vertex  3.959399e+01  5.178841e+01  7.820478e+00
     vertex  3.959399e+01  5.028840e+01  7.820478e+00
     vertex  3.963144e+01  5.178841e+01  7.877575e+00
   endloop
 endfacet
 facet normal -7.968051e-01  0.000000e+00  6.042364e-01
   outer loop
     vertex  3.959399e+01  5.178841e+01  7.820478e+00
     vertex  3.955273e+01  5.028840e+01  7.766071e+00
     vertex  3.959399e+01  5.028840e+01  7.820478e+00
   endloop
 endfacet
 facet normal -7.968051e-01  0.000000e+00  6.042364e-01
   outer loop
     vertex  3.955273e+01  5.178841e+01  7.766071e+00
     vertex  3.955273e+01  5.028840e+01  7.766071e+00
     vertex  3.959399e+01  5.178841e+01  7.820478e+00
   endloop
 endfacet
 facet normal -7.537130e-01  0.000000e+00  6.572037e-01
   outer loop
     vertex  3.955273e+01  5.178841e+01  7.766071e+00
     vertex  3.950786e+01  5.028840e+01  7.714605e+00
     vertex  3.955273e+01  5.028840e+01  7.766071e+00
   endloop
 endfacet
 facet normal -7.537130e-01  0.000000e+00  6.572037e-01
   outer loop
     vertex  3.950786e+01  5.178841e+01  7.714605e+00
     vertex  3.950786e+01  5.028840e+01  7.714605e+00
     vertex  3.955273e+01  5.178841e+01  7.766071e+00
   endloop
 endfacet
 facet normal -7.071068e-01  0.000000e+00  7.071068e-01
   outer loop
     vertex  3.950786e+01  5.178841e+01  7.714605e+00
     vertex  3.945957e+01  5.028840e+01  7.666322e+00
     vertex  3.950786e+01  5.028840e+01  7.714605e+00
   endloop
 endfacet
 facet normal -7.071068e-01  0.000000e+00  7.071068e-01
   outer loop
     vertex  3.945957e+01  5.178841e+01  7.666322e+00
     vertex  3.945957e+01  5.028840e+01  7.666322e+00
     vertex  3.950786e+01  5.178841e+01  7.714605e+00
   endloop
 endfacet
 facet normal -6.572037e-01  0.000000e+00  7.537130e-01
   outer loop
     vertex  3.945957e+01  5.178841e+01  7.666322e+00
     vertex  3.940811e+01  5.028840e+01  7.621447e+00
     vertex  3.945957e+01  5.028840e+01  7.666322e+00
   endloop
 endfacet
 facet normal -6.572037e-01  0.000000e+00  7.537130e-01
   outer loop
     vertex  3.940811e+01  5.178841e+01  7.621447e+00
     vertex  3.940811e+01  5.028840e+01  7.621447e+00
     vertex  3.945957e+01  5.178841e+01  7.666322e+00
   endloop
 endfacet
 facet normal -6.042364e-01  0.000000e+00  7.968051e-01
   outer loop
     vertex  3.940811e+01  5.178841e+01  7.621447e+00
     vertex  3.935370e+01  5.028840e+01  7.580188e+00
     vertex  3.940811e+01  5.028840e+01  7.621447e+00
   endloop
 endfacet
 facet normal -6.042364e-01  0.000000e+00  7.968051e-01
   outer loop
     vertex  3.935370e+01  5.178841e+01  7.580188e+00
     vertex  3.935370e+01  5.028840e+01  7.580188e+00
     vertex  3.940811e+01  5.178841e+01  7.621447e+00
   endloop
 endfacet
 facet normal -5.484519e-01  0.000000e+00  8.361821e-01
   outer loop
     vertex  3.935370e+01  5.178841e+01  7.580188e+00
     vertex  3.929660e+01  5.028840e+01  7.542739e+00
     vertex  3.935370e+01  5.028840e+01  7.580188e+00
   endloop
 endfacet
 facet normal -5.484519e-01  0.000000e+00  8.361821e-01
   outer loop
     vertex  3.929660e+01  5.178841e+01  7.542739e+00
     vertex  3.929660e+01  5.028840e+01  7.542739e+00
     vertex  3.935370e+01  5.178841e+01  7.580188e+00
   endloop
 endfacet
 facet normal -4.901102e-01  0.000000e+00  8.716605e-01
   outer loop
     vertex  3.929660e+01  5.178841e+01  7.542739e+00
     vertex  3.923708e+01  5.028840e+01  7.509273e+00
     vertex  3.929660e+01  5.028840e+01  7.542739e+00
   endloop
 endfacet
 facet normal -4.901102e-01  0.000000e+00  8.716605e-01
   outer loop
     vertex  3.923708e+01  5.178841e+01  7.509273e+00
     vertex  3.923708e+01  5.028840e+01  7.509273e+00
     vertex  3.929660e+01  5.178841e+01  7.542739e+00
   endloop
 endfacet
 facet normal -4.294834e-01  0.000000e+00  9.030747e-01
   outer loop
     vertex  3.923708e+01  5.178841e+01  7.509273e+00
     vertex  3.917542e+01  5.028840e+01  7.479947e+00
     vertex  3.923708e+01  5.028840e+01  7.509273e+00
   endloop
 endfacet
 facet normal -4.294834e-01  0.000000e+00  9.030747e-01
   outer loop
     vertex  3.917542e+01  5.178841e+01  7.479947e+00
     vertex  3.917542e+01  5.028840e+01  7.479947e+00
     vertex  3.923708e+01  5.178841e+01  7.509273e+00
   endloop
 endfacet
 facet normal -3.668542e-01  0.000000e+00  9.302784e-01
   outer loop
     vertex  3.917542e+01  5.178841e+01  7.479947e+00
     vertex  3.911190e+01  5.028840e+01  7.454897e+00
     vertex  3.917542e+01  5.028840e+01  7.479947e+00
   endloop
 endfacet
 facet normal -3.668542e-01  0.000000e+00  9.302784e-01
   outer loop
     vertex  3.911190e+01  5.178841e+01  7.454897e+00
     vertex  3.911190e+01  5.028840e+01  7.454897e+00
     vertex  3.917542e+01  5.178841e+01  7.479947e+00
   endloop
 endfacet
 facet normal -3.025146e-01  0.000000e+00  9.531448e-01
   outer loop
     vertex  3.911190e+01  5.178841e+01  7.454897e+00
     vertex  3.904682e+01  5.028840e+01  7.434241e+00
     vertex  3.911190e+01  5.028840e+01  7.454897e+00
   endloop
 endfacet
 facet normal -3.025146e-01  0.000000e+00  9.531448e-01
   outer loop
     vertex  3.904682e+01  5.178841e+01  7.434241e+00
     vertex  3.904682e+01  5.028840e+01  7.434241e+00
     vertex  3.911190e+01  5.178841e+01  7.454897e+00
   endloop
 endfacet
 facet normal -2.367644e-01  0.000000e+00  9.715671e-01
   outer loop
     vertex  3.904682e+01  5.178841e+01  7.434241e+00
     vertex  3.898047e+01  5.028840e+01  7.418074e+00
     vertex  3.904682e+01  5.028840e+01  7.434241e+00
   endloop
 endfacet
 facet normal -2.367644e-01  0.000000e+00  9.715671e-01
   outer loop
     vertex  3.898047e+01  5.178841e+01  7.418074e+00
     vertex  3.898047e+01  5.028840e+01  7.418074e+00
     vertex  3.904682e+01  5.178841e+01  7.434241e+00
   endloop
 endfacet
 facet normal -1.699104e-01  0.000000e+00  9.854595e-01
   outer loop
     vertex  3.898047e+01  5.178841e+01  7.418074e+00
     vertex  3.891319e+01  5.028840e+01  7.406472e+00
     vertex  3.898047e+01  5.028840e+01  7.418074e+00
   endloop
 endfacet
 facet normal -1.699104e-01  0.000000e+00  9.854595e-01
   outer loop
     vertex  3.891319e+01  5.178841e+01  7.406472e+00
     vertex  3.891319e+01  5.028840e+01  7.406472e+00
     vertex  3.898047e+01  5.178841e+01  7.418074e+00
   endloop
 endfacet
 facet normal -1.022641e-01  0.000000e+00  9.947573e-01
   outer loop
     vertex  3.891319e+01  5.178841e+01  7.406472e+00
     vertex  3.884526e+01  5.028840e+01  7.399489e+00
     vertex  3.891319e+01  5.028840e+01  7.406472e+00
   endloop
 endfacet
 facet normal -1.022641e-01  0.000000e+00  9.947573e-01
   outer loop
     vertex  3.884526e+01  5.178841e+01  7.399489e+00
     vertex  3.884526e+01  5.028840e+01  7.399489e+00
     vertex  3.891319e+01  5.178841e+01  7.406472e+00
   endloop
 endfacet
 facet normal -3.414111e-02  0.000000e+00  9.994170e-01
   outer loop
     vertex  3.884526e+01  5.178841e+01  7.399489e+00
     vertex  3.877702e+01  5.028840e+01  7.397158e+00
     vertex  3.884526e+01  5.028840e+01  7.399489e+00
   endloop
 endfacet
 facet normal -3.414111e-02  0.000000e+00  9.994170e-01
   outer loop
     vertex  3.877702e+01  5.178841e+01  7.397158e+00
     vertex  3.877702e+01  5.028840e+01  7.397158e+00
     vertex  3.884526e+01  5.178841e+01  7.399489e+00
   endloop
 endfacet
 facet normal -1.666619e-15  0.000000e+00  1.000000e+00
   outer loop
     vertex  3.184903e+01  5.028840e+01  7.397158e+00
     vertex  3.877702e+01  5.028840e+01  7.397158e+00
     vertex  3.877702e+01  5.178841e+01  7.397158e+00
   endloop
 endfacet
 facet normal -1.666619e-15  0.000000e+00  1.000000e+00
   outer loop
     vertex  3.184903e+01  5.178841e+01  7.397158e+00
     vertex  3.184903e+01  5.028840e+01  7.397158e+00
     vertex  3.877702e+01  5.178841e+01  7.397158e+00
   endloop
 endfacet
 facet normal  3.414111e-02  0.000000e+00  9.994170e-01
   outer loop
     vertex  3.184903e+01  5.178841e+01  7.397158e+00
     vertex  3.178079e+01  5.028840e+01  7.399489e+00
     vertex  3.184903e+01  5.028840e+01  7.397158e+00
   endloop
 endfacet
 facet normal  3.414111e-02  0.000000e+00  9.994170e-01
   outer loop
     vertex  3.178079e+01  5.178841e+01  7.399489e+00
     vertex  3.178079e+01  5.028840e+01  7.399489e+00
     vertex  3.184903e+01  5.178841e+01  7.397158e+00
   endloop
 endfacet
 facet normal  1.022641e-01  0.000000e+00  9.947573e-01
   outer loop
     vertex  3.178079e+01  5.178841e+01  7.399489e+00
     vertex  3.171286e+01  5.028840e+01  7.406472e+00
     vertex  3.178079e+01  5.028840e+01  7.399489e+00
   endloop
 endfacet
 facet normal  1.022641e-01  0.000000e+00  9.947573e-01
   outer loop
     vertex  3.171286e+01  5.178841e+01  7.406472e+00
     vertex  3.171286e+01  5.028840e+01  7.406472e+00
     vertex  3.178079e+01  5.178841e+01  7.399489e+00
   endloop
 endfacet
 facet normal  1.699104e-01  0.000000e+00  9.854595e-01
   outer loop
     vertex  3.171286e+01  5.178841e+01  7.406472e+00
     vertex  3.164557e+01  5.028840e+01  7.418074e+00
     vertex  3.171286e+01  5.028840e+01  7.406472e+00
   endloop
 endfacet
 facet normal  1.699104e-01  0.000000e+00  9.854595e-01
   outer loop
     vertex  3.164557e+01  5.178841e+01  7.418074e+00
     vertex  3.164557e+01  5.028840e+01  7.418074e+00
     vertex  3.171286e+01  5.178841e+01  7.406472e+00
   endloop
 endfacet
 facet normal  2.367644e-01  0.000000e+00  9.715671e-01
   outer loop
     vertex  3.164557e+01  5.178841e+01  7.418074e+00
     vertex  3.157923e+01  5.028840e+01  7.434241e+00
     vertex  3.164557e+01  5.028840e+01  7.418074e+00
   endloop
 endfacet
 facet normal  2.367644e-01  0.000000e+00  9.715671e-01
   outer loop
     vertex  3.157923e+01  5.178841e+01  7.434241e+00
     vertex  3.157923e+01  5.028840e+01  7.434241e+00
     vertex  3.164557e+01  5.178841e+01  7.418074e+00
   endloop
 endfacet
 facet normal  3.025146e-01  0.000000e+00  9.531448e-01
   outer loop
     vertex  3.157923e+01  5.178841e+01  7.434241e+00
     vertex  3.151415e+01  5.028840e+01  7.454897e+00
     vertex  3.157923e+01  5.028840e+01  7.434241e+00
   endloop
 endfacet
 facet normal  3.025146e-01  0.000000e+00  9.531448e-01
   outer loop
     vertex  3.151415e+01  5.178841e+01  7.454897e+00
     vertex  3.151415e+01  5.028840e+01  7.454897e+00
     vertex  3.157923e+01  5.178841e+01  7.434241e+00
   endloop
 endfacet
 facet normal  3.668542e-01  0.000000e+00  9.302784e-01
   outer loop
     vertex  3.151415e+01  5.178841e+01  7.454897e+00
     vertex  3.145063e+01  5.028840e+01  7.479947e+00
     vertex  3.151415e+01  5.028840e+01  7.454897e+00
   endloop
 endfacet
 facet normal  3.668542e-01  0.000000e+00  9.302784e-01
   outer loop
     vertex  3.145063e+01  5.178841e+01  7.479947e+00
     vertex  3.145063e+01  5.028840e+01  7.479947e+00
     vertex  3.151415e+01  5.178841e+01  7.454897e+00
   endloop
 endfacet
 facet normal  4.294834e-01  0.000000e+00  9.030747e-01
   outer loop
     vertex  3.145063e+01  5.178841e+01  7.479947e+00
     vertex  3.138896e+01  5.028840e+01  7.509273e+00
     vertex  3.145063e+01  5.028840e+01  7.479947e+00
   endloop
 endfacet
 facet normal  4.294834e-01  0.000000e+00  9.030747e-01
   outer loop
     vertex  3.138896e+01  5.178841e+01  7.509273e+00
     vertex  3.138896e+01  5.028840e+01  7.509273e+00
     vertex  3.145063e+01  5.178841e+01  7.479947e+00
   endloop
 endfacet
 facet normal  4.901102e-01  0.000000e+00  8.716605e-01
   outer loop
     vertex  3.138896e+01  5.178841e+01  7.509273e+00
     vertex  3.132944e+01  5.028840e+01  7.542739e+00
     vertex  3.138896e+01  5.028840e+01  7.509273e+00
   endloop
 endfacet
 facet normal  4.901102e-01  0.000000e+00  8.716605e-01
   outer loop
     vertex  3.132944e+01  5.178841e+01  7.542739e+00
     vertex  3.132944e+01  5.028840e+01  7.542739e+00
     vertex  3.138896e+01  5.178841e+01  7.509273e+00
   endloop
 endfacet
 facet normal  5.484519e-01  0.000000e+00  8.361821e-01
   outer loop
     vertex  3.132944e+01  5.178841e+01  7.542739e+00
     vertex  3.127235e+01  5.028840e+01  7.580188e+00
     vertex  3.132944e+01  5.028840e+01  7.542739e+00
   endloop
 endfacet
 facet normal  5.484519e-01  0.000000e+00  8.361821e-01
   outer loop
     vertex  3.127235e+01  5.178841e+01  7.580188e+00
     vertex  3.127235e+01  5.028840e+01  7.580188e+00
     vertex  3.132944e+01  5.178841e+01  7.542739e+00
   endloop
 endfacet
 facet normal  6.042364e-01  0.000000e+00  7.968051e-01
   outer loop
     vertex  3.127235e+01  5.178841e+01  7.580188e+00
     vertex  3.121794e+01  5.028840e+01  7.621447e+00
     vertex  3.127235e+01  5.028840e+01  7.580188e+00
   endloop
 endfacet
 facet normal  6.042364e-01  0.000000e+00  7.968051e-01
   outer loop
     vertex  3.121794e+01  5.178841e+01  7.621447e+00
     vertex  3.121794e+01  5.028840e+01  7.621447e+00
     vertex  3.127235e+01  5.178841e+01  7.580188e+00
   endloop
 endfacet
 facet normal  6.572037e-01  0.000000e+00  7.537130e-01
   outer loop
     vertex  3.121794e+01  5.178841e+01  7.621447e+00
     vertex  3.116647e+01  5.028840e+01  7.666322e+00
     vertex  3.121794e+01  5.028840e+01  7.621447e+00
   endloop
 endfacet
 facet normal  6.572037e-01  0.000000e+00  7.537130e-01
   outer loop
     vertex  3.116647e+01  5.178841e+01  7.666322e+00
     vertex  3.116647e+01  5.028840e+01  7.666322e+00
     vertex  3.121794e+01  5.178841e+01  7.621447e+00
   endloop
 endfacet
 facet normal  7.071068e-01  0.000000e+00  7.071068e-01
   outer loop
     vertex  3.116647e+01  5.178841e+01  7.666322e+00
     vertex  3.111819e+01  5.028840e+01  7.714605e+00
     vertex  3.116647e+01  5.028840e+01  7.666322e+00
   endloop
 endfacet
 facet normal  7.071068e-01  0.000000e+00  7.071068e-01
   outer loop
     vertex  3.111819e+01  5.178841e+01  7.714605e+00
     vertex  3.111819e+01  5.028840e+01  7.714605e+00
     vertex  3.116647e+01  5.178841e+01  7.666322e+00
   endloop
 endfacet
 facet normal  7.537130e-01  0.000000e+00  6.572037e-01
   outer loop
     vertex  3.111819e+01  5.178841e+01  7.714605e+00
     vertex  3.107332e+01  5.028840e+01  7.766071e+00
     vertex  3.111819e+01  5.028840e+01  7.714605e+00
   endloop
 endfacet
 facet normal  7.537130e-01  0.000000e+00  6.572037e-01
   outer loop
     vertex  3.107332e+01  5.178841e+01  7.766071e+00
     vertex  3.107332e+01  5.028840e+01  7.766071e+00
     vertex  3.111819e+01  5.178841e+01  7.714605e+00
   endloop
 endfacet
 facet normal  7.968051e-01  0.000000e+00  6.042364e-01
   outer loop
     vertex  3.107332e+01  5.178841e+01  7.766071e+00
     vertex  3.103206e+01  5.028840e+01  7.820478e+00
     vertex  3.107332e+01  5.028840e+01  7.766071e+00
   endloop
 endfacet
 facet normal  7.968051e-01  0.000000e+00  6.042364e-01
   outer loop
     vertex  3.103206e+01  5.178841e+01  7.820478e+00
     vertex  3.103206e+01  5.028840e+01  7.820478e+00
     vertex  3.107332e+01  5.178841e+01  7.766071e+00
   endloop
 endfacet
 facet normal  8.361821e-01  0.000000e+00  5.484519e-01
   outer loop
     vertex  3.103206e+01  5.178841e+01  7.820478e+00
     vertex  3.099461e+01  5.028840e+01  7.877575e+00
     vertex  3.103206e+01  5.028840e+01  7.820478e+00
   endloop
 endfacet
 facet normal  8.361821e-01  0.000000e+00  5.484519e-01
   outer loop
     vertex  3.099461e+01  5.178841e+01  7.877575e+00
     vertex  3.099461e+01  5.028840e+01  7.877575e+00
     vertex  3.103206e+01  5.178841e+01  7.820478e+00
   endloop
 endfacet
 facet normal  8.716605e-01  0.000000e+00  4.901102e-01
   outer loop
     vertex  3.099461e+01  5.178841e+01  7.877575e+00
     vertex  3.096114e+01  5.028840e+01  7.937094e+00
     vertex  3.099461e+01  5.028840e+01  7.877575e+00
   endloop
 endfacet
 facet normal  8.716605e-01  0.000000e+00  4.901102e-01
   outer loop
     vertex  3.096114e+01  5.178841e+01  7.937094e+00
     vertex  3.096114e+01  5.028840e+01  7.937094e+00
     vertex  3.099461e+01  5.178841e+01  7.877575e+00
   endloop
 endfacet
 facet normal  9.030747e-01  0.000000e+00  4.294834e-01
   outer loop
     vertex  3.096114e+01  5.178841e+01  7.937094e+00
     vertex  3.093182e+01  5.028840e+01  7.998758e+00
     vertex  3.096114e+01  5.028840e+01  7.937094e+00
   endloop
 endfacet
 facet normal  9.030747e-01  0.000000e+00  4.294834e-01
   outer loop
     vertex  3.093182e+01  5.178841e+01  7.998758e+00
     vertex  3.093182e+01  5.028840e+01  7.998758e+00
     vertex  3.096114e+01  5.178841e+01  7.937094e+00
   endloop
 endfacet
 facet normal  9.302784e-01  0.000000e+00  3.668542e-01
   outer loop
     vertex  3.093182e+01  5.178841e+01  7.998758e+00
     vertex  3.090677e+01  5.028840e+01  8.062280e+00
     vertex  3.093182e+01  5.028840e+01  7.998758e+00
   endloop
 endfacet
 facet normal  9.302784e-01  0.000000e+00  3.668542e-01
   outer loop
     vertex  3.090677e+01  5.178841e+01  8.062280e+00
     vertex  3.090677e+01  5.028840e+01  8.062280e+00
     vertex  3.093182e+01  5.178841e+01  7.998758e+00
   endloop
 endfacet
 facet normal  9.531448e-01  0.000000e+00  3.025146e-01
   outer loop
     vertex  3.090677e+01  5.178841e+01  8.062280e+00
     vertex  3.088611e+01  5.028840e+01  8.127363e+00
     vertex  3.090677e+01  5.028840e+01  8.062280e+00
   endloop
 endfacet
 facet normal  9.531448e-01  0.000000e+00  3.025146e-01
   outer loop
     vertex  3.088611e+01  5.178841e+01  8.127363e+00
     vertex  3.088611e+01  5.028840e+01  8.127363e+00
     vertex  3.090677e+01  5.178841e+01  8.062280e+00
   endloop
 endfacet
 facet normal  9.715671e-01  0.000000e+00  2.367644e-01
   outer loop
     vertex  3.088611e+01  5.178841e+01  8.127363e+00
     vertex  3.086994e+01  5.028840e+01  8.193704e+00
     vertex  3.088611e+01  5.028840e+01  8.127363e+00
   endloop
 endfacet
 facet normal  9.715671e-01  0.000000e+00  2.367644e-01
   outer loop
     vertex  3.086994e+01  5.178841e+01  8.193704e+00
     vertex  3.086994e+01  5.028840e+01  8.193704e+00
     vertex  3.088611e+01  5.178841e+01  8.127363e+00
   endloop
 endfacet
 facet normal  9.854595e-01  0.000000e+00  1.699104e-01
   outer loop
     vertex  3.086994e+01  5.178841e+01  8.193704e+00
     vertex  3.085834e+01  5.028840e+01  8.260993e+00
     vertex  3.086994e+01  5.028840e+01  8.193704e+00
   endloop
 endfacet
 facet normal  9.854595e-01  0.000000e+00  1.699104e-01
   outer loop
     vertex  3.085834e+01  5.178841e+01  8.260993e+00
     vertex  3.085834e+01  5.028840e+01  8.260993e+00
     vertex  3.086994e+01  5.178841e+01  8.193704e+00
   endloop
 endfacet
 facet normal  9.947573e-01  0.000000e+00  1.022641e-01
   outer loop
     vertex  3.085834e+01  5.178841e+01  8.260993e+00
     vertex  3.085136e+01  5.028840e+01  8.328918e+00
     vertex  3.085834e+01  5.028840e+01  8.260993e+00
   endloop
 endfacet
 facet normal  9.947573e-01  0.000000e+00  1.022641e-01
   outer loop
     vertex  3.085136e+01  5.178841e+01  8.328918e+00
     vertex  3.085136e+01  5.028840e+01  8.328918e+00
     vertex  3.085834e+01  5.178841e+01  8.260993e+00
   endloop
 endfacet
 facet normal  9.994170e-01  0.000000e+00  3.414111e-02
   outer loop
     vertex  3.085136e+01  5.178841e+01  8.328918e+00
     vertex  3.084903e+01  5.028840e+01  8.397160e+00
     vertex  3.085136e+01  5.028840e+01  8.328918e+00
   endloop
 endfacet
 facet normal  9.994170e-01  0.000000e+00  3.414111e-02
   outer loop
     vertex  3.084903e+01  5.178841e+01  8.397160e+00
     vertex  3.084903e+01  5.028840e+01  8.397160e+00
     vertex  3.085136e+01  5.178841e+01  8.328918e+00
   endloop
 endfacet
 facet normal  1.000000e+00 -7.427327e-18  0.000000e+00
   outer loop
     vertex -1.059995e-01  3.170910e+01  1.500003e+00
     vertex -1.059995e-01 -5.500127e-02  4.100008e+00
     vertex -1.059995e-01 -5.500127e-02  0.000000e+00
   endloop
 endfacet
 facet normal  1.000000e+00  0.000000e+00  9.073920e-17
   outer loop
     vertex -1.059995e-01  3.170910e+01  1.500003e+00
     vertex -1.059995e-01  3.170910e+01  4.100008e+00
     vertex -1.059995e-01 -5.500127e-02  4.100008e+00
   endloop
 endfacet
 facet normal  1.000000e+00  0.000000e+00  1.174272e-16
   outer loop
     vertex -1.059995e-01  4.889191e+01  1.500003e+00
     vertex -1.059995e-01  5.020200e+01  4.100008e+00
     vertex -1.059995e-01  4.889191e+01  4.100008e+00
   endloop
 endfacet
 facet normal  1.000000e+00 -4.038278e-18 -2.070675e-16
   outer loop
     vertex -1.059995e-01  5.020200e+01  0.000000e+00
     vertex -1.059995e-01  4.889191e+01  1.500003e+00
     vertex -1.059995e-01  3.170910e+01  1.500003e+00
   endloop
 endfacet
 facet normal  1.000000e+00  2.330458e-16 -0.000000e+00
   outer loop
     vertex -1.059995e-01  5.020200e+01  0.000000e+00
     vertex -1.059995e-01  5.020200e+01  4.100008e+00
     vertex -1.059995e-01  4.889191e+01  1.500003e+00
   endloop
 endfacet
 facet normal  1.000000e+00  0.000000e+00 -1.572813e-16
   outer loop
     vertex -1.059995e-01  5.020200e+01  0.000000e+00
     vertex -1.059995e-01  3.170910e+01  1.500003e+00
     vertex -1.059995e-01 -5.500127e-02  0.000000e+00
   endloop
 endfacet
 facet normal  0.000000e+00 -1.000000e+00  0.000000e+00
   outer loop
     vertex  6.915100e+01  5.020200e+01  0.000000e+00
     vertex -1.059995e-01  5.020200e+01  4.100008e+00
     vertex -1.059995e-01  5.020200e+01  0.000000e+00
   endloop
 endfacet
 facet normal  0.000000e+00 -1.000000e+00  0.000000e+00
   outer loop
     vertex  6.915100e+01  5.020200e+01  0.000000e+00
     vertex  6.915100e+01  5.020200e+01  4.100008e+00
     vertex -1.059995e-01  5.020200e+01  4.100008e+00
   endloop
 endfacet
 facet normal -1.000000e+00  0.000000e+00  0.000000e+00
   outer loop
     vertex  6.915100e+01  5.020100e+01  0.000000e+00
     vertex  6.915100e+01  5.020200e+01  4.100008e+00
     vertex  6.915100e+01  5.020200e+01  0.000000e+00
   endloop
 endfacet
 facet normal -1.000000e+00  0.000000e+00  0.000000e+00
   outer loop
     vertex  6.915100e+01  5.020100e+01  0.000000e+00
     vertex  6.915100e+01  5.020100e+01  4.100008e+00
     vertex  6.915100e+01  5.020200e+01  4.100008e+00
   endloop
 endfacet
 facet normal  0.000000e+00 -1.000000e+00  0.000000e+00
   outer loop
     vertex  6.938283e+01  5.020100e+01  0.000000e+00
     vertex  6.915100e+01  5.020100e+01  4.100008e+00
     vertex  6.915100e+01  5.020100e+01  0.000000e+00
   endloop
 endfacet
 facet normal  0.000000e+00 -1.000000e+00  0.000000e+00
   outer loop
     vertex  6.938283e+01  5.020100e+01  0.000000e+00
     vertex  6.938283e+01  5.020100e+01  4.100008e+00
     vertex  6.915100e+01  5.020100e+01  4.100008e+00
   endloop
 endfacet
 facet normal -1.000000e+00  0.000000e+00  0.000000e+00
   outer loop
     vertex  6.938283e+01  4.669099e+01  0.000000e+00
     vertex  6.938283e+01  5.020100e+01  4.100008e+00
     vertex  6.938283e+01  5.020100e+01  0.000000e+00
   endloop
 endfacet
 facet normal -1.000000e+00  0.000000e+00  0.000000e+00
   outer loop
     vertex  6.938283e+01  4.669099e+01  0.000000e+00
     vertex  6.938283e+01  4.669099e+01  4.100008e+00
     vertex  6.938283e+01  5.020100e+01  4.100008e+00
   endloop
 endfacet
 facet normal  0.000000e+00  1.000000e+00  0.000000e+00
   outer loop
     vertex  6.915100e+01  4.669099e+01  0.000000e+00
     vertex  6.938283e+01  4.669099e+01  4.100008e+00
     vertex  6.938283e+01  4.669099e+01  0.000000e+00
   endloop
 endfacet
 facet normal  0.000000e+00  1.000000e+00  0.000000e+00
   outer loop
     vertex  6.915100e+01  4.669099e+01  0.000000e+00
     vertex  6.915100e+01  4.669099e+01  4.100008e+00
     vertex  6.938283e+01  4.669099e+01  4.100008e+00
   endloop
 endfacet
 facet normal -1.000000e+00  0.000000e+00  0.000000e+00
   outer loop
     vertex  6.915100e+01  4.619700e+01  1.000003e+00
     vertex  6.915100e+01  4.619700e+01  4.100008e+00
     vertex  6.915100e+01  4.669099e+01  4.100008e+00
   endloop
 endfacet
 facet normal -1.000000e+00  0.000000e+00  0.000000e+00
   outer loop
     vertex  6.915100e+01  4.669099e+01  0.000000e+00
     vertex  6.915100e+01  4.619700e+01  1.000003e+00
     vertex  6.915100e+01  4.669099e+01  4.100008e+00
   endloop
 endfacet
 facet normal -1.000000e+00  0.000000e+00  0.000000e+00
   outer loop
     vertex  6.915100e+01  4.007412e+00  1.000003e+00
     vertex  6.915100e+01  3.455006e+00  4.100008e+00
     vertex  6.915100e+01  4.007412e+00  4.100008e+00
   endloop
 endfacet
 facet normal -1.000000e+00  0.000000e+00  0.000000e+00
   outer loop
     vertex  6.915100e+01  4.007412e+00  1.000003e+00
     vertex  6.915100e+01  4.619700e+01  1.000003e+00
     vertex  6.915100e+01  4.669099e+01  0.000000e+00
   endloop
 endfacet
 facet normal -1.000000e+00  0.000000e+00  0.000000e+00
   outer loop
     vertex  6.915100e+01  3.455006e+00  0.000000e+00
     vertex  6.915100e+01  3.455006e+00  4.100008e+00
     vertex  6.915100e+01  4.007412e+00  1.000003e+00
   endloop
 endfacet
 facet normal -1.000000e+00  0.000000e+00  0.000000e+00
   outer loop
     vertex  6.915100e+01  3.455006e+00  0.000000e+00
     vertex  6.915100e+01  4.007412e+00  1.000003e+00
     vertex  6.915100e+01  4.669099e+01  0.000000e+00
   endloop
 endfacet
 facet normal  0.000000e+00 -1.000000e+00  0.000000e+00
   outer loop
     vertex  6.945314e+01  3.455006e+00  0.000000e+00
     vertex  6.915100e+01  3.455006e+00  4.100008e+00
     vertex  6.915100e+01  3.455006e+00  0.000000e+00
   endloop
 endfacet
 facet normal  0.000000e+00 -1.000000e+00  0.000000e+00
   outer loop
     vertex  6.945314e+01  3.455006e+00  0.000000e+00
     vertex  6.945314e+01  3.455006e+00  4.100008e+00
     vertex  6.915100e+01  3.455006e+00  4.100008e+00
   endloop
 endfacet
 facet normal -1.000000e+00  0.000000e+00  0.000000e+00
   outer loop
     vertex  6.945314e+01 -5.500127e-02  0.000000e+00
     vertex  6.945314e+01  3.455006e+00  4.100008e+00
     vertex  6.945314e+01  3.455006e+00  0.000000e+00
   endloop
 endfacet
 facet normal -1.000000e+00  0.000000e+00  0.000000e+00
   outer loop
     vertex  6.945314e+01 -5.500127e-02  0.000000e+00
     vertex  6.945314e+01 -5.500127e-02  4.100008e+00
     vertex  6.945314e+01  3.455006e+00  4.100008e+00
   endloop
 endfacet
 facet normal  7.132505e-17  1.000000e+00  0.000000e+00
   outer loop
     vertex -1.059995e-01 -5.500127e-02  0.000000e+00
     vertex  6.945314e+01 -5.500127e-02  4.100008e+00
     vertex  6.945314e+01 -5.500127e-02  0.000000e+00
   endloop
 endfacet
 facet normal  7.132505e-17  1.000000e+00 -0.000000e+00
   outer loop
     vertex -1.059995e-01 -5.500127e-02  0.000000e+00
     vertex -1.059995e-01 -5.500127e-02  4.100008e+00
     vertex  6.945314e+01 -5.500127e-02  4.100008e+00
   endloop
 endfacet
 facet normal  0.000000e+00  0.000000e+00  1.000000e+00
   outer loop
     vertex  6.918200e+01 -5.033069e-02  5.600010e+00
     vertex  6.922281e+01 -1.938669e-02  5.600010e+00
     vertex  6.926141e+01  1.426986e-02  5.600010e+00
   endloop
 endfacet
 facet normal  0.000000e+00  0.000000e+00  1.000000e+00
   outer loop
     vertex  6.939031e+01  1.727091e-01  5.600010e+00
     vertex  6.933128e+01  8.908101e-02  5.600010e+00
     vertex  6.936222e+01  1.298868e-01  5.600010e+00
   endloop
 endfacet
 facet normal  0.000000e+00  0.000000e+00  1.000000e+00
   outer loop
     vertex  6.941541e+01  2.173484e-01  5.600010e+00
     vertex  6.933128e+01  8.908101e-02  5.600010e+00
     vertex  6.939031e+01  1.727091e-01  5.600010e+00
   endloop
 endfacet
 facet normal  0.000000e+00  0.000000e+00  1.000000e+00
   outer loop
     vertex  6.909454e+01 -1.035173e-01  5.600010e+00
     vertex  6.926141e+01  1.426986e-02  5.600010e+00
     vertex  6.929762e+01  5.048204e-02  5.600010e+00
   endloop
 endfacet
 facet normal  0.000000e+00  0.000000e+00  1.000000e+00
   outer loop
     vertex  6.909454e+01 -1.035173e-01  5.600010e+00
     vertex  6.913918e+01 -7.841787e-02  5.600010e+00
     vertex  6.918200e+01 -5.033069e-02  5.600010e+00
   endloop
 endfacet
 facet normal  0.000000e+00  0.000000e+00  1.000000e+00
   outer loop
     vertex  6.909454e+01 -1.035173e-01  5.600010e+00
     vertex  6.918200e+01 -5.033069e-02  5.600010e+00
     vertex  6.926141e+01  1.426986e-02  5.600010e+00
   endloop
 endfacet
 facet normal  0.000000e+00  0.000000e+00  1.000000e+00
   outer loop
     vertex  6.945619e+01  3.112376e-01  5.600010e+00
     vertex  6.941541e+01  2.173484e-01  5.600010e+00
     vertex  6.943740e+01  2.635964e-01  5.600010e+00
   endloop
 endfacet
 facet normal  0.000000e+00  0.000000e+00  1.000000e+00
   outer loop
     vertex  6.895184e+01 -1.597914e-01  5.600010e+00
     vertex  6.900065e+01 -1.442991e-01  5.600010e+00
     vertex  6.904829e+01 -1.255119e-01  5.600010e+00
   endloop
 endfacet
 facet normal  0.000000e+00  0.000000e+00  1.000000e+00
   outer loop
     vertex  6.890208e+01 -1.719165e-01  5.600010e+00
     vertex  6.904829e+01 -1.255119e-01  5.600010e+00
     vertex  6.909454e+01 -1.035173e-01  5.600010e+00
   endloop
 endfacet
 facet normal  0.000000e+00  0.000000e+00  1.000000e+00
   outer loop
     vertex  6.890208e+01 -1.719165e-01  5.600010e+00
     vertex  6.895184e+01 -1.597914e-01  5.600010e+00
     vertex  6.904829e+01 -1.255119e-01  5.600010e+00
   endloop
 endfacet
 facet normal  0.000000e+00  0.000000e+00  1.000000e+00
   outer loop
     vertex  6.949251e+01  4.602726e-01  5.600010e+00
     vertex  6.947168e+01  3.600498e-01  5.600010e+00
     vertex  6.948381e+01  4.098055e-01  5.600010e+00
   endloop
 endfacet
 facet normal  0.000000e+00  0.000000e+00  1.000000e+00
   outer loop
     vertex  6.949251e+01  4.602726e-01  5.600010e+00
     vertex  6.945619e+01  3.112376e-01  5.600010e+00
     vertex  6.947168e+01  3.600498e-01  5.600010e+00
   endloop
 endfacet
 facet normal  0.000000e+00  0.000000e+00  1.000000e+00
   outer loop
     vertex  6.949251e+01  4.602726e-01  5.600010e+00
     vertex  6.929762e+01  5.048204e-02  5.600010e+00
     vertex  6.933128e+01  8.908101e-02  5.600010e+00
   endloop
 endfacet
 facet normal  0.000000e+00  0.000000e+00  1.000000e+00
   outer loop
     vertex  6.949251e+01  4.602726e-01  5.600010e+00
     vertex  6.909454e+01 -1.035173e-01  5.600010e+00
     vertex  6.929762e+01  5.048204e-02  5.600010e+00
   endloop
 endfacet
 facet normal  0.000000e+00  0.000000e+00  1.000000e+00
   outer loop
     vertex  6.949251e+01  4.602726e-01  5.600010e+00
     vertex  6.933128e+01  8.908101e-02  5.600010e+00
     vertex  6.941541e+01  2.173484e-01  5.600010e+00
   endloop
 endfacet
 facet normal  0.000000e+00  0.000000e+00  1.000000e+00
   outer loop
     vertex  6.949251e+01  4.602726e-01  5.600010e+00
     vertex  6.941541e+01  2.173484e-01  5.600010e+00
     vertex  6.945619e+01  3.112376e-01  5.600010e+00
   endloop
 endfacet
 facet normal  0.000000e+00  0.000000e+00  1.000000e+00
   outer loop
     vertex  6.880067e+01 -1.858551e-01  5.600010e+00
     vertex  6.885162e+01 -1.806180e-01  5.600010e+00
     vertex  6.890208e+01 -1.719165e-01  5.600010e+00
   endloop
 endfacet
 facet normal  0.000000e+00  0.000000e+00  1.000000e+00
   outer loop
     vertex  6.880067e+01 -1.858551e-01  5.600010e+00
     vertex  6.890208e+01 -1.719165e-01  5.600010e+00
     vertex  6.909454e+01 -1.035173e-01  5.600010e+00
   endloop
 endfacet
 facet normal  0.000000e+00  0.000000e+00  1.000000e+00
   outer loop
     vertex  6.874949e+01 -1.876035e-01  5.600010e+00
     vertex  6.880067e+01 -1.858551e-01  5.600010e+00
     vertex  6.909454e+01 -1.035173e-01  5.600010e+00
   endloop
 endfacet
 facet normal  0.000000e+00  0.000000e+00  1.000000e+00
   outer loop
     vertex  6.949949e+01  5.623978e-01  5.600010e+00
     vertex  6.949251e+01  4.602726e-01  5.600010e+00
     vertex  6.949774e+01  5.112159e-01  5.600010e+00
   endloop
 endfacet
 facet normal  0.000000e+00  0.000000e+00  1.000000e+00
   outer loop
     vertex  6.949949e+01  5.623978e-01  5.600010e+00
     vertex  6.909454e+01 -1.035173e-01  5.600010e+00
     vertex  6.949251e+01  4.602726e-01  5.600010e+00
   endloop
 endfacet
 facet normal  0.000000e+00  0.000000e+00  1.000000e+00
   outer loop
     vertex  6.949949e+01  5.623978e-01  5.600010e+00
     vertex  6.874949e+01 -1.876035e-01  5.600010e+00
     vertex  6.909454e+01 -1.035173e-01  5.600010e+00
   endloop
 endfacet
 facet normal -0.000000e+00  0.000000e+00  1.000000e+00
   outer loop
     vertex  6.588900e+01  4.007412e+00  5.600010e+00
     vertex  6.949949e+01  5.623978e-01  5.600010e+00
     vertex  6.949949e+01  4.007412e+00  5.600010e+00
   endloop
 endfacet
 facet normal  0.000000e+00  0.000000e+00  1.000000e+00
   outer loop
     vertex  6.588900e+01  4.007412e+00  5.600010e+00
     vertex  6.874949e+01 -1.876035e-01  5.600010e+00
     vertex  6.949949e+01  5.623978e-01  5.600010e+00
   endloop
 endfacet
 facet normal -0.000000e+00  0.000000e+00  1.000000e+00
   outer loop
     vertex  5.195000e+01  2.090000e+00  5.600010e+00
     vertex  6.874949e+01 -1.876035e-01  5.600010e+00
     vertex  6.588900e+01  4.007412e+00  5.600010e+00
   endloop
 endfacet
 facet normal  0.000000e+00  0.000000e+00  1.000000e+00
   outer loop
     vertex  5.195000e+01  4.970000e+00  5.600010e+00
     vertex  5.195000e+01  2.090000e+00  5.600010e+00
     vertex  6.588900e+01  4.007412e+00  5.600010e+00
   endloop
 endfacet
 facet normal  0.000000e+00  0.000000e+00  1.000000e+00
   outer loop
     vertex  5.162453e+01  9.884227e+00  5.600010e+00
     vertex  5.195000e+01  4.970000e+00  5.600010e+00
     vertex  6.588900e+01  4.007412e+00  5.600010e+00
   endloop
 endfacet
 facet normal -0.000000e+00  0.000000e+00  1.000000e+00
   outer loop
     vertex  3.599000e+01  2.090000e+00  5.600010e+00
     vertex  6.874949e+01 -1.876035e-01  5.600010e+00
     vertex  5.195000e+01  2.090000e+00  5.600010e+00
   endloop
 endfacet
 facet normal  0.000000e+00  0.000000e+00  1.000000e+00
   outer loop
     vertex  3.599000e+01  4.970000e+00  5.600010e+00
     vertex  5.195000e+01  4.970000e+00  5.600010e+00
     vertex  5.162453e+01  9.884227e+00  5.600010e+00
   endloop
 endfacet
 facet normal  0.000000e+00  0.000000e+00  1.000000e+00
   outer loop
     vertex  6.949251e+01  4.964053e+01  5.600010e+00
     vertex  6.949949e+01  4.953840e+01  5.600010e+00
     vertex  6.949774e+01  4.958958e+01  5.600010e+00
   endloop
 endfacet
 facet normal  0.000000e+00  0.000000e+00  1.000000e+00
   outer loop
     vertex  6.588900e+01  4.619700e+01  5.600010e+00
     vertex  6.949949e+01  4.619700e+01  5.600010e+00
     vertex  6.949949e+01  4.953840e+01  5.600010e+00
   endloop
 endfacet
 facet normal  0.000000e+00  0.000000e+00  1.000000e+00
   outer loop
     vertex  6.588900e+01  4.619700e+01  5.600010e+00
     vertex  5.162453e+01  9.884227e+00  5.600010e+00
     vertex  6.588900e+01  4.007412e+00  5.600010e+00
   endloop
 endfacet
 facet normal  0.000000e+00  0.000000e+00  1.000000e+00
   outer loop
     vertex  6.943740e+01  4.983720e+01  5.600010e+00
     vertex  6.947168e+01  4.974075e+01  5.600010e+00
     vertex  6.945619e+01  4.978956e+01  5.600010e+00
   endloop
 endfacet
 facet normal  0.000000e+00  0.000000e+00  1.000000e+00
   outer loop
     vertex  6.943740e+01  4.983720e+01  5.600010e+00
     vertex  6.948381e+01  4.969099e+01  5.600010e+00
     vertex  6.947168e+01  4.974075e+01  5.600010e+00
   endloop
 endfacet
 facet normal  0.000000e+00  0.000000e+00  1.000000e+00
   outer loop
     vertex  6.939031e+01  4.992809e+01  5.600010e+00
     vertex  6.949251e+01  4.964053e+01  5.600010e+00
     vertex  6.948381e+01  4.969099e+01  5.600010e+00
   endloop
 endfacet
 facet normal  0.000000e+00  0.000000e+00  1.000000e+00
   outer loop
     vertex  6.939031e+01  4.992809e+01  5.600010e+00
     vertex  6.948381e+01  4.969099e+01  5.600010e+00
     vertex  6.943740e+01  4.983720e+01  5.600010e+00
   endloop
 endfacet
 facet normal  0.000000e+00  0.000000e+00  1.000000e+00
   outer loop
     vertex  6.939031e+01  4.992809e+01  5.600010e+00
     vertex  6.943740e+01  4.983720e+01  5.600010e+00
     vertex  6.941541e+01  4.988345e+01  5.600010e+00
   endloop
 endfacet
 facet normal  0.000000e+00  0.000000e+00  1.000000e+00
   outer loop
     vertex  6.933128e+01  5.001172e+01  5.600010e+00
     vertex  6.939031e+01  4.992809e+01  5.600010e+00
     vertex  6.936222e+01  4.997091e+01  5.600010e+00
   endloop
 endfacet
 facet normal  0.000000e+00  0.000000e+00  1.000000e+00
   outer loop
     vertex  6.929762e+01  5.005032e+01  5.600010e+00
     vertex  6.939031e+01  4.992809e+01  5.600010e+00
     vertex  6.933128e+01  5.001172e+01  5.600010e+00
   endloop
 endfacet
 facet normal  0.000000e+00  0.000000e+00  1.000000e+00
   outer loop
     vertex  6.929762e+01  5.005032e+01  5.600010e+00
     vertex  6.949949e+01  4.953840e+01  5.600010e+00
     vertex  6.949251e+01  4.964053e+01  5.600010e+00
   endloop
 endfacet
 facet normal  0.000000e+00  0.000000e+00  1.000000e+00
   outer loop
     vertex  6.929762e+01  5.005032e+01  5.600010e+00
     vertex  6.949251e+01  4.964053e+01  5.600010e+00
     vertex  6.939031e+01  4.992809e+01  5.600010e+00
   endloop
 endfacet
 facet normal  0.000000e+00  0.000000e+00  1.000000e+00
   outer loop
     vertex  6.922281e+01  5.012019e+01  5.600010e+00
     vertex  6.949949e+01  4.953840e+01  5.600010e+00
     vertex  6.929762e+01  5.005032e+01  5.600010e+00
   endloop
 endfacet
 facet normal  0.000000e+00  0.000000e+00  1.000000e+00
   outer loop
     vertex  6.922281e+01  5.012019e+01  5.600010e+00
     vertex  6.929762e+01  5.005032e+01  5.600010e+00
     vertex  6.926141e+01  5.008653e+01  5.600010e+00
   endloop
 endfacet
 facet normal  0.000000e+00  0.000000e+00  1.000000e+00
   outer loop
     vertex  6.913918e+01  5.017922e+01  5.600010e+00
     vertex  6.949949e+01  4.953840e+01  5.600010e+00
     vertex  6.922281e+01  5.012019e+01  5.600010e+00
   endloop
 endfacet
 facet normal  0.000000e+00  0.000000e+00  1.000000e+00
   outer loop
     vertex  6.913918e+01  5.017922e+01  5.600010e+00
     vertex  6.922281e+01  5.012019e+01  5.600010e+00
     vertex  6.918200e+01  5.015113e+01  5.600010e+00
   endloop
 endfacet
 facet normal  0.000000e+00  0.000000e+00  1.000000e+00
   outer loop
     vertex  6.909454e+01  5.020432e+01  5.600010e+00
     vertex  6.949949e+01  4.953840e+01  5.600010e+00
     vertex  6.913918e+01  5.017922e+01  5.600010e+00
   endloop
 endfacet
 facet normal  0.000000e+00  0.000000e+00  1.000000e+00
   outer loop
     vertex  6.904829e+01  5.022631e+01  5.600010e+00
     vertex  6.949949e+01  4.953840e+01  5.600010e+00
     vertex  6.909454e+01  5.020432e+01  5.600010e+00
   endloop
 endfacet
 facet normal  0.000000e+00  0.000000e+00  1.000000e+00
   outer loop
     vertex  6.890208e+01  5.027272e+01  5.600010e+00
     vertex  6.949949e+01  4.953840e+01  5.600010e+00
     vertex  6.904829e+01  5.022631e+01  5.600010e+00
   endloop
 endfacet
 facet normal  0.000000e+00  0.000000e+00  1.000000e+00
   outer loop
     vertex  6.890208e+01  5.027272e+01  5.600010e+00
     vertex  6.900065e+01  5.024510e+01  5.600010e+00
     vertex  6.895184e+01  5.026059e+01  5.600010e+00
   endloop
 endfacet
 facet normal  0.000000e+00  0.000000e+00  1.000000e+00
   outer loop
     vertex  6.890208e+01  5.027272e+01  5.600010e+00
     vertex  6.904829e+01  5.022631e+01  5.600010e+00
     vertex  6.900065e+01  5.024510e+01  5.600010e+00
   endloop
 endfacet
 facet normal  0.000000e+00  0.000000e+00  1.000000e+00
   outer loop
     vertex  6.874949e+01  5.028840e+01  5.600010e+00
     vertex  6.949949e+01  4.953840e+01  5.600010e+00
     vertex  6.890208e+01  5.027272e+01  5.600010e+00
   endloop
 endfacet
 facet normal  0.000000e+00  0.000000e+00  1.000000e+00
   outer loop
     vertex  6.874949e+01  5.028840e+01  5.600010e+00
     vertex  6.885162e+01  5.028142e+01  5.600010e+00
     vertex  6.880067e+01  5.028666e+01  5.600010e+00
   endloop
 endfacet
 facet normal  0.000000e+00  0.000000e+00  1.000000e+00
   outer loop
     vertex  6.874949e+01  5.028840e+01  5.600010e+00
     vertex  6.890208e+01  5.027272e+01  5.600010e+00
     vertex  6.885162e+01  5.028142e+01  5.600010e+00
   endloop
 endfacet
 facet normal  0.000000e+00  0.000000e+00  1.000000e+00
   outer loop
     vertex  6.874949e+01  5.028840e+01  5.600010e+00
     vertex  6.588900e+01  4.619700e+01  5.600010e+00
     vertex  6.949949e+01  4.953840e+01  5.600010e+00
   endloop
 endfacet
 facet normal  0.000000e+00  0.000000e+00  1.000000e+00
   outer loop
     vertex  5.162453e+01  4.149958e+01  5.600010e+00
     vertex  6.588900e+01  4.619700e+01  5.600010e+00
     vertex  6.874949e+01  5.028840e+01  5.600010e+00
   endloop
 endfacet
 facet normal -0.000000e+00  0.000000e+00  1.000000e+00
   outer loop
     vertex  5.162453e+01  4.149958e+01  5.600010e+00
     vertex  5.162453e+01  9.884227e+00  5.600010e+00
     vertex  6.588900e+01  4.619700e+01  5.600010e+00
   endloop
 endfacet
 facet normal  0.000000e+00  0.000000e+00  1.000000e+00
   outer loop
     vertex  1.690297e+01  9.884227e+00  5.600010e+00
     vertex  3.599000e+01  2.090000e+00  5.600010e+00
     vertex  3.599000e+01  4.970000e+00  5.600010e+00
   endloop
 endfacet
 facet normal  0.000000e+00  0.000000e+00  1.000000e+00
   outer loop
     vertex  5.684481e-01 -1.876035e-01  5.600010e+00
     vertex  3.599000e+01  2.090000e+00  5.600010e+00
     vertex  1.690297e+01  9.884227e+00  5.600010e+00
   endloop
 endfacet
 facet normal  0.000000e+00  0.000000e+00  1.000000e+00
   outer loop
     vertex  4.663229e-01 -1.806180e-01  5.600010e+00
     vertex  5.172662e-01 -1.858551e-01  5.600010e+00
     vertex  5.684481e-01 -1.876035e-01  5.600010e+00
   endloop
 endfacet
 facet normal  0.000000e+00  0.000000e+00  1.000000e+00
   outer loop
     vertex  4.158558e-01 -1.719165e-01  5.600010e+00
     vertex  4.663229e-01 -1.806180e-01  5.600010e+00
     vertex  5.684481e-01 -1.876035e-01  5.600010e+00
   endloop
 endfacet
 facet normal  0.000000e+00  0.000000e+00  1.000000e+00
   outer loop
     vertex  3.172879e-01 -1.442991e-01  5.600010e+00
     vertex  3.661001e-01 -1.597914e-01  5.600010e+00
     vertex  4.158558e-01 -1.719165e-01  5.600010e+00
   endloop
 endfacet
 facet normal  0.000000e+00  0.000000e+00  1.000000e+00
   outer loop
     vertex  3.172879e-01 -1.442991e-01  5.600010e+00
     vertex  4.158558e-01 -1.719165e-01  5.600010e+00
     vertex  5.684481e-01 -1.876035e-01  5.600010e+00
   endloop
 endfacet
 facet normal  0.000000e+00  0.000000e+00  1.000000e+00
   outer loop
     vertex  2.233987e-01 -1.035173e-01  5.600010e+00
     vertex  2.696467e-01 -1.255119e-01  5.600010e+00
     vertex  3.172879e-01 -1.442991e-01  5.600010e+00
   endloop
 endfacet
 facet normal  0.000000e+00  0.000000e+00  1.000000e+00
   outer loop
     vertex  1.787594e-01 -7.841787e-02  5.600010e+00
     vertex  2.233987e-01 -1.035173e-01  5.600010e+00
     vertex  3.172879e-01 -1.442991e-01  5.600010e+00
   endloop
 endfacet
 facet normal  0.000000e+00  0.000000e+00  1.000000e+00
   outer loop
     vertex  5.653233e-02  1.426986e-02  5.600010e+00
     vertex  1.359371e-01 -5.033069e-02  5.600010e+00
     vertex  1.787594e-01 -7.841787e-02  5.600010e+00
   endloop
 endfacet
 facet normal  0.000000e+00  0.000000e+00  1.000000e+00
   outer loop
     vertex  5.653233e-02  1.426986e-02  5.600010e+00
     vertex  9.513130e-02 -1.938669e-02  5.600010e+00
     vertex  1.359371e-01 -5.033069e-02  5.600010e+00
   endloop
 endfacet
 facet normal  0.000000e+00  0.000000e+00  1.000000e+00
   outer loop
     vertex  5.653233e-02  1.426986e-02  5.600010e+00
     vertex  1.787594e-01 -7.841787e-02  5.600010e+00
     vertex  3.172879e-01 -1.442991e-01  5.600010e+00
   endloop
 endfacet
 facet normal  0.000000e+00  0.000000e+00  1.000000e+00
   outer loop
     vertex  2.032016e-02  5.048204e-02  5.600010e+00
     vertex  3.172879e-01 -1.442991e-01  5.600010e+00
     vertex  5.684481e-01 -1.876035e-01  5.600010e+00
   endloop
 endfacet
 facet normal  0.000000e+00  0.000000e+00  1.000000e+00
   outer loop
     vertex  2.032016e-02  5.048204e-02  5.600010e+00
     vertex  5.653233e-02  1.426986e-02  5.600010e+00
     vertex  3.172879e-01 -1.442991e-01  5.600010e+00
   endloop
 endfacet
 facet normal  0.000000e+00  0.000000e+00  1.000000e+00
   outer loop
     vertex -1.333640e-02  8.908101e-02  5.600010e+00
     vertex  2.032016e-02  5.048204e-02  5.600010e+00
     vertex  5.684481e-01 -1.876035e-01  5.600010e+00
   endloop
 endfacet
 facet normal  0.000000e+00  0.000000e+00  1.000000e+00
   outer loop
     vertex -7.236758e-02  1.727091e-01  5.600010e+00
     vertex -4.428040e-02  1.298868e-01  5.600010e+00
     vertex -1.333640e-02  8.908101e-02  5.600010e+00
   endloop
 endfacet
 facet normal  0.000000e+00  0.000000e+00  1.000000e+00
   outer loop
     vertex -7.236758e-02  1.727091e-01  5.600010e+00
     vertex -1.333640e-02  8.908101e-02  5.600010e+00
     vertex  5.684481e-01 -1.876035e-01  5.600010e+00
   endloop
 endfacet
 facet normal  0.000000e+00  0.000000e+00  1.000000e+00
   outer loop
     vertex -1.194616e-01  2.635964e-01  5.600010e+00
     vertex -9.746698e-02  2.173484e-01  5.600010e+00
     vertex -7.236758e-02  1.727091e-01  5.600010e+00
   endloop
 endfacet
 facet normal  0.000000e+00  0.000000e+00  1.000000e+00
   outer loop
     vertex -1.382488e-01  3.112376e-01  5.600010e+00
     vertex -1.194616e-01  2.635964e-01  5.600010e+00
     vertex -7.236758e-02  1.727091e-01  5.600010e+00
   endloop
 endfacet
 facet normal  0.000000e+00  0.000000e+00  1.000000e+00
   outer loop
     vertex -1.658663e-01  4.098055e-01  5.600010e+00
     vertex -1.537411e-01  3.600498e-01  5.600010e+00
     vertex -1.382488e-01  3.112376e-01  5.600010e+00
   endloop
 endfacet
 facet normal  0.000000e+00  0.000000e+00  1.000000e+00
   outer loop
     vertex -1.658663e-01  4.098055e-01  5.600010e+00
     vertex -1.382488e-01  3.112376e-01  5.600010e+00
     vertex -7.236758e-02  1.727091e-01  5.600010e+00
   endloop
 endfacet
 facet normal  0.000000e+00  0.000000e+00  1.000000e+00
   outer loop
     vertex -1.745677e-01  4.602726e-01  5.600010e+00
     vertex -7.236758e-02  1.727091e-01  5.600010e+00
     vertex  5.684481e-01 -1.876035e-01  5.600010e+00
   endloop
 endfacet
 facet normal  0.000000e+00  0.000000e+00  1.000000e+00
   outer loop
     vertex -1.745677e-01  4.602726e-01  5.600010e+00
     vertex -1.658663e-01  4.098055e-01  5.600010e+00
     vertex -7.236758e-02  1.727091e-01  5.600010e+00
   endloop
 endfacet
 facet normal -0.000000e+00  0.000000e+00  1.000000e+00
   outer loop
     vertex -1.815532e-01  5.623978e-01  5.600010e+00
     vertex  5.684481e-01 -1.876035e-01  5.600010e+00
     vertex  1.690297e+01  9.884227e+00  5.600010e+00
   endloop
 endfacet
 facet normal  0.000000e+00  0.000000e+00  1.000000e+00
   outer loop
     vertex -1.815532e-01  5.623978e-01  5.600010e+00
     vertex -1.798048e-01  5.112159e-01  5.600010e+00
     vertex -1.745677e-01  4.602726e-01  5.600010e+00
   endloop
 endfacet
 facet normal  0.000000e+00  0.000000e+00  1.000000e+00
   outer loop
     vertex -1.815532e-01  5.623978e-01  5.600010e+00
     vertex -1.745677e-01  4.602726e-01  5.600010e+00
     vertex  5.684481e-01 -1.876035e-01  5.600010e+00
   endloop
 endfacet
 facet normal -0.000000e+00  0.000000e+00  1.000000e+00
   outer loop
     vertex  4.668212e+00  3.170910e+01  5.600010e+00
     vertex  1.690297e+01  9.884227e+00  5.600010e+00
     vertex  1.690297e+01  4.149958e+01  5.600010e+00
   endloop
 endfacet
 facet normal  0.000000e+00  0.000000e+00  1.000000e+00
   outer loop
     vertex  4.668212e+00  3.170910e+01  5.600010e+00
     vertex -1.815532e-01  5.623978e-01  5.600010e+00
     vertex  1.690297e+01  9.884227e+00  5.600010e+00
   endloop
 endfacet
 facet normal -0.000000e+00  0.000000e+00  1.000000e+00
   outer loop
     vertex -1.815532e-01  3.170910e+01  5.600010e+00
     vertex -1.815532e-01  5.623978e-01  5.600010e+00
     vertex  4.668212e+00  3.170910e+01  5.600010e+00
   endloop
 endfacet
 facet normal  0.000000e+00  0.000000e+00  1.000000e+00
   outer loop
     vertex  4.668212e+00  4.889191e+01  5.600010e+00
     vertex  4.668212e+00  3.170910e+01  5.600010e+00
     vertex  1.690297e+01  4.149958e+01  5.600010e+00
   endloop
 endfacet
 facet normal  0.000000e+00  0.000000e+00  1.000000e+00
   outer loop
     vertex  5.684481e-01  5.028840e+01  5.600010e+00
     vertex -1.815532e-01  4.889191e+01  5.600010e+00
     vertex  4.668212e+00  4.889191e+01  5.600010e+00
   endloop
 endfacet
 facet normal  0.000000e+00  0.000000e+00  1.000000e+00
   outer loop
     vertex  5.684481e-01  5.028840e+01  5.600010e+00
     vertex -1.815532e-01  4.953840e+01  5.600010e+00
     vertex -1.815532e-01  4.889191e+01  5.600010e+00
   endloop
 endfacet
 facet normal  0.000000e+00  0.000000e+00  1.000000e+00
   outer loop
     vertex  4.158558e-01  5.027272e+01  5.600010e+00
     vertex  5.172662e-01  5.028666e+01  5.600010e+00
     vertex  4.663229e-01  5.028142e+01  5.600010e+00
   endloop
 endfacet
 facet normal  0.000000e+00  0.000000e+00  1.000000e+00
   outer loop
     vertex  4.158558e-01  5.027272e+01  5.600010e+00
     vertex  5.684481e-01  5.028840e+01  5.600010e+00
     vertex  5.172662e-01  5.028666e+01  5.600010e+00
   endloop
 endfacet
 facet normal  0.000000e+00  0.000000e+00  1.000000e+00
   outer loop
     vertex -1.658663e-01  4.969099e+01  5.600010e+00
     vertex -1.798048e-01  4.958958e+01  5.600010e+00
     vertex -1.815532e-01  4.953840e+01  5.600010e+00
   endloop
 endfacet
 facet normal  0.000000e+00  0.000000e+00  1.000000e+00
   outer loop
     vertex -1.658663e-01  4.969099e+01  5.600010e+00
     vertex -1.745677e-01  4.964053e+01  5.600010e+00
     vertex -1.798048e-01  4.958958e+01  5.600010e+00
   endloop
 endfacet
 facet normal  0.000000e+00  0.000000e+00  1.000000e+00
   outer loop
     vertex  3.172879e-01  5.024510e+01  5.600010e+00
     vertex  4.158558e-01  5.027272e+01  5.600010e+00
     vertex  3.661001e-01  5.026059e+01  5.600010e+00
   endloop
 endfacet
 facet normal  0.000000e+00  0.000000e+00  1.000000e+00
   outer loop
     vertex -1.382488e-01  4.978956e+01  5.600010e+00
     vertex -1.537411e-01  4.974075e+01  5.600010e+00
     vertex -1.658663e-01  4.969099e+01  5.600010e+00
   endloop
 endfacet
 facet normal  0.000000e+00  0.000000e+00  1.000000e+00
   outer loop
     vertex -1.194616e-01  4.983720e+01  5.600010e+00
     vertex -1.382488e-01  4.978956e+01  5.600010e+00
     vertex -1.658663e-01  4.969099e+01  5.600010e+00
   endloop
 endfacet
 facet normal  0.000000e+00  0.000000e+00  1.000000e+00
   outer loop
     vertex  2.233987e-01  5.020432e+01  5.600010e+00
     vertex  4.158558e-01  5.027272e+01  5.600010e+00
     vertex  3.172879e-01  5.024510e+01  5.600010e+00
   endloop
 endfacet
 facet normal  0.000000e+00  0.000000e+00  1.000000e+00
   outer loop
     vertex  2.233987e-01  5.020432e+01  5.600010e+00
     vertex  3.172879e-01  5.024510e+01  5.600010e+00
     vertex  2.696467e-01  5.022631e+01  5.600010e+00
   endloop
 endfacet
 facet normal  0.000000e+00  0.000000e+00  1.000000e+00
   outer loop
     vertex -9.746698e-02  4.988345e+01  5.600010e+00
     vertex -1.194616e-01  4.983720e+01  5.600010e+00
     vertex -1.658663e-01  4.969099e+01  5.600010e+00
   endloop
 endfacet
 facet normal  0.000000e+00  0.000000e+00  1.000000e+00
   outer loop
     vertex  1.787594e-01  5.017922e+01  5.600010e+00
     vertex  5.684481e-01  5.028840e+01  5.600010e+00
     vertex  4.158558e-01  5.027272e+01  5.600010e+00
   endloop
 endfacet
 facet normal  0.000000e+00  0.000000e+00  1.000000e+00
   outer loop
     vertex  1.787594e-01  5.017922e+01  5.600010e+00
     vertex -1.658663e-01  4.969099e+01  5.600010e+00
     vertex -1.815532e-01  4.953840e+01  5.600010e+00
   endloop
 endfacet
 facet normal  0.000000e+00  0.000000e+00  1.000000e+00
   outer loop
     vertex  1.787594e-01  5.017922e+01  5.600010e+00
     vertex -9.746698e-02  4.988345e+01  5.600010e+00
     vertex -1.658663e-01  4.969099e+01  5.600010e+00
   endloop
 endfacet
 facet normal  0.000000e+00  0.000000e+00  1.000000e+00
   outer loop
     vertex  1.787594e-01  5.017922e+01  5.600010e+00
     vertex  4.158558e-01  5.027272e+01  5.600010e+00
     vertex  2.233987e-01  5.020432e+01  5.600010e+00
   endloop
 endfacet
 facet normal -0.000000e+00  0.000000e+00  1.000000e+00
   outer loop
     vertex  1.787594e-01  5.017922e+01  5.600010e+00
     vertex -1.815532e-01  4.953840e+01  5.600010e+00
     vertex  5.684481e-01  5.028840e+01  5.600010e+00
   endloop
 endfacet
 facet normal  0.000000e+00  0.000000e+00  1.000000e+00
   outer loop
     vertex -4.428040e-02  4.997091e+01  5.600010e+00
     vertex -7.236758e-02  4.992809e+01  5.600010e+00
     vertex -9.746698e-02  4.988345e+01  5.600010e+00
   endloop
 endfacet
 facet normal  0.000000e+00  0.000000e+00  1.000000e+00
   outer loop
     vertex  9.513130e-02  5.012019e+01  5.600010e+00
     vertex  1.787594e-01  5.017922e+01  5.600010e+00
     vertex  1.359371e-01  5.015113e+01  5.600010e+00
   endloop
 endfacet
 facet normal  0.000000e+00  0.000000e+00  1.000000e+00
   outer loop
     vertex -1.333640e-02  5.001172e+01  5.600010e+00
     vertex -4.428040e-02  4.997091e+01  5.600010e+00
     vertex -9.746698e-02  4.988345e+01  5.600010e+00
   endloop
 endfacet
 facet normal -0.000000e+00  0.000000e+00  1.000000e+00
   outer loop
     vertex  5.653233e-02  5.008653e+01  5.600010e+00
     vertex -9.746698e-02  4.988345e+01  5.600010e+00
     vertex  1.787594e-01  5.017922e+01  5.600010e+00
   endloop
 endfacet
 facet normal  0.000000e+00  0.000000e+00  1.000000e+00
   outer loop
     vertex  5.653233e-02  5.008653e+01  5.600010e+00
     vertex -1.333640e-02  5.001172e+01  5.600010e+00
     vertex -9.746698e-02  4.988345e+01  5.600010e+00
   endloop
 endfacet
 facet normal  0.000000e+00  0.000000e+00  1.000000e+00
   outer loop
     vertex  5.653233e-02  5.008653e+01  5.600010e+00
     vertex  1.787594e-01  5.017922e+01  5.600010e+00
     vertex  9.513130e-02  5.012019e+01  5.600010e+00
   endloop
 endfacet
 facet normal  0.000000e+00  0.000000e+00  1.000000e+00
   outer loop
     vertex  5.653233e-02  5.008653e+01  5.600010e+00
     vertex  2.032016e-02  5.005032e+01  5.600010e+00
     vertex -1.333640e-02  5.001172e+01  5.600010e+00
   endloop
 endfacet
 facet normal -0.000000e+00  0.000000e+00  1.000000e+00
   outer loop
     vertex  1.690297e+01  9.884227e+00  5.600010e+00
     vertex  3.599000e+01  4.970000e+00  5.600010e+00
     vertex  5.162453e+01  9.884227e+00  5.600010e+00
   endloop
 endfacet
 facet normal  0.000000e+00  0.000000e+00  1.000000e+00
   outer loop
     vertex  6.874949e+01 -1.876035e-01  5.600010e+00
     vertex  3.599000e+01  2.090000e+00  5.600010e+00
     vertex  5.684481e-01 -1.876035e-01  5.600010e+00
   endloop
 endfacet
 facet normal -0.000000e+00  0.000000e+00  1.000000e+00
   outer loop
     vertex  5.684481e-01  5.028840e+01  5.600010e+00
     vertex  4.668212e+00  4.889191e+01  5.600010e+00
     vertex  6.874949e+01  5.028840e+01  5.600010e+00
   endloop
 endfacet
 facet normal -0.000000e+00  0.000000e+00  1.000000e+00
   outer loop
     vertex  4.668212e+00  4.889191e+01  5.600010e+00
     vertex  1.690297e+01  4.149958e+01  5.600010e+00
     vertex  6.874949e+01  5.028840e+01  5.600010e+00
   endloop
 endfacet
 facet normal  0.000000e+00  0.000000e+00  1.000000e+00
   outer loop
     vertex  1.690297e+01  4.149958e+01  5.600010e+00
     vertex  5.162453e+01  4.149958e+01  5.600010e+00
     vertex  6.874949e+01  5.028840e+01  5.600010e+00
   endloop
 endfacet
 facet normal  0.000000e+00  1.000000e+00  0.000000e+00
   outer loop
     vertex -1.059995e-01  3.170910e+01  4.100008e+00
     vertex  4.668212e+00  3.170910e+01  5.600010e+00
     vertex  4.668212e+00  3.170910e+01  4.100008e+00
   endloop
 endfacet
 facet normal  0.000000e+00  1.000000e+00 -0.000000e+00
   outer loop
     vertex -1.059995e-01  3.170910e+01  4.100008e+00
     vertex -1.815532e-01  3.170910e+01  5.600010e+00
     vertex  4.668212e+00  3.170910e+01  5.600010e+00
   endloop
 endfacet
 facet normal  0.000000e+00  1.000000e+00  0.000000e+00
   outer loop
     vertex -1.815532e-01  3.170910e+01  1.500003e+00
     vertex -1.059995e-01  3.170910e+01  4.100008e+00
     vertex -1.059995e-01  3.170910e+01  1.500003e+00
   endloop
 endfacet
 facet normal  0.000000e+00  1.000000e+00  0.000000e+00
   outer loop
     vertex -1.815532e-01  3.170910e+01  5.600010e+00
     vertex -1.059995e-01  3.170910e+01  4.100008e+00
     vertex -1.815532e-01  3.170910e+01  1.500003e+00
   endloop
 endfacet
 facet normal -0.000000e+00  0.000000e+00  1.000000e+00
   outer loop
     vertex -1.815532e-01  4.889191e+01  1.500003e+00
     vertex -1.059995e-01  3.170910e+01  1.500003e+00
     vertex -1.059995e-01  4.889191e+01  1.500003e+00
   endloop
 endfacet
 facet normal  0.000000e+00  0.000000e+00  1.000000e+00
   outer loop
     vertex -1.815532e-01  4.889191e+01  1.500003e+00
     vertex -1.815532e-01  3.170910e+01  1.500003e+00
     vertex -1.059995e-01  3.170910e+01  1.500003e+00
   endloop
 endfacet
 facet normal  0.000000e+00 -1.000000e+00  0.000000e+00
   outer loop
     vertex -1.059995e-01  4.889191e+01  1.500003e+00
     vertex -1.059995e-01  4.889191e+01  4.100008e+00
     vertex -1.815532e-01  4.889191e+01  1.500003e+00
   endloop
 endfacet
 facet normal -0.000000e+00 -1.000000e+00  0.000000e+00
   outer loop
     vertex  4.668212e+00  4.889191e+01  5.600010e+00
     vertex -1.815532e-01  4.889191e+01  5.600010e+00
     vertex -1.059995e-01  4.889191e+01  4.100008e+00
   endloop
 endfacet
 facet normal  0.000000e+00 -1.000000e+00  0.000000e+00
   outer loop
     vertex  4.668212e+00  4.889191e+01  4.100008e+00
     vertex  4.668212e+00  4.889191e+01  5.600010e+00
     vertex -1.059995e-01  4.889191e+01  4.100008e+00
   endloop
 endfacet
 facet normal  0.000000e+00 -1.000000e+00  0.000000e+00
   outer loop
     vertex -1.815532e-01  4.889191e+01  1.500003e+00
     vertex -1.059995e-01  4.889191e+01  4.100008e+00
     vertex -1.815532e-01  4.889191e+01  5.600010e+00
   endloop
 endfacet
 facet normal  0.000000e+00  0.000000e+00 -1.000000e+00
   outer loop
     vertex  6.915100e+01  3.455006e+00  4.100008e+00
     vertex  6.945314e+01  3.455006e+00  4.100008e+00
     vertex  6.945314e+01 -5.500127e-02  4.100008e+00
   endloop
 endfacet
 facet normal  0.000000e+00  0.000000e+00 -1.000000e+00
   outer loop
     vertex  6.588900e+01  4.007412e+00  4.100008e+00
     vertex  6.915100e+01  4.007412e+00  4.100008e+00
     vertex  6.915100e+01  3.455006e+00  4.100008e+00
   endloop
 endfacet
 facet normal  0.000000e+00  0.000000e+00 -1.000000e+00
   outer loop
     vertex  6.588900e+01  4.007412e+00  4.100008e+00
     vertex  6.915100e+01  3.455006e+00  4.100008e+00
     vertex  6.945314e+01 -5.500127e-02  4.100008e+00
   endloop
 endfacet
 facet normal  0.000000e+00  0.000000e+00 -1.000000e+00
   outer loop
     vertex  5.195000e+01  2.090000e+00  4.100008e+00
     vertex  6.588900e+01  4.007412e+00  4.100008e+00
     vertex  6.945314e+01 -5.500127e-02  4.100008e+00
   endloop
 endfacet
 facet normal  0.000000e+00  0.000000e+00 -1.000000e+00
   outer loop
     vertex  5.195000e+01  4.970000e+00  4.100008e+00
     vertex  6.588900e+01  4.007412e+00  4.100008e+00
     vertex  5.195000e+01  2.090000e+00  4.100008e+00
   endloop
 endfacet
 facet normal  0.000000e+00  0.000000e+00 -1.000000e+00
   outer loop
     vertex  5.162453e+01  9.884227e+00  4.100008e+00
     vertex  6.588900e+01  4.007412e+00  4.100008e+00
     vertex  5.195000e+01  4.970000e+00  4.100008e+00
   endloop
 endfacet
 facet normal  0.000000e+00  0.000000e+00 -1.000000e+00
   outer loop
     vertex  3.599000e+01  2.090000e+00  4.100008e+00
     vertex  5.195000e+01  2.090000e+00  4.100008e+00
     vertex  6.945314e+01 -5.500127e-02  4.100008e+00
   endloop
 endfacet
 facet normal  0.000000e+00  0.000000e+00 -1.000000e+00
   outer loop
     vertex  3.599000e+01  4.970000e+00  4.100008e+00
     vertex  5.162453e+01  9.884227e+00  4.100008e+00
     vertex  5.195000e+01  4.970000e+00  4.100008e+00
   endloop
 endfacet
 facet normal  0.000000e+00  0.000000e+00 -1.000000e+00
   outer loop
     vertex  6.588900e+01  4.619700e+01  4.100008e+00
     vertex  6.915100e+01  4.669099e+01  4.100008e+00
     vertex  6.915100e+01  4.619700e+01  4.100008e+00
   endloop
 endfacet
 facet normal  0.000000e+00 -0.000000e+00 -1.000000e+00
   outer loop
     vertex  6.588900e+01  4.619700e+01  4.100008e+00
     vertex  6.588900e+01  4.007412e+00  4.100008e+00
     vertex  5.162453e+01  9.884227e+00  4.100008e+00
   endloop
 endfacet
 facet normal  0.000000e+00 -0.000000e+00 -1.000000e+00
   outer loop
     vertex  6.938283e+01  5.020100e+01  4.100008e+00
     vertex  6.938283e+01  4.669099e+01  4.100008e+00
     vertex  6.915100e+01  4.669099e+01  4.100008e+00
   endloop
 endfacet
 facet normal  0.000000e+00  0.000000e+00 -1.000000e+00
   outer loop
     vertex  6.915100e+01  5.020100e+01  4.100008e+00
     vertex  6.938283e+01  5.020100e+01  4.100008e+00
     vertex  6.915100e+01  4.669099e+01  4.100008e+00
   endloop
 endfacet
 facet normal  0.000000e+00 -0.000000e+00 -1.000000e+00
   outer loop
     vertex  6.915100e+01  5.020100e+01  4.100008e+00
     vertex  6.915100e+01  4.669099e+01  4.100008e+00
     vertex  6.588900e+01  4.619700e+01  4.100008e+00
   endloop
 endfacet
 facet normal  0.000000e+00 -0.000000e+00 -1.000000e+00
   outer loop
     vertex  6.915100e+01  5.020200e+01  4.100008e+00
     vertex  6.915100e+01  5.020100e+01  4.100008e+00
     vertex  6.588900e+01  4.619700e+01  4.100008e+00
   endloop
 endfacet
 facet normal  0.000000e+00  0.000000e+00 -1.000000e+00
   outer loop
     vertex  5.162453e+01  4.149958e+01  4.100008e+00
     vertex  6.588900e+01  4.619700e+01  4.100008e+00
     vertex  5.162453e+01  9.884227e+00  4.100008e+00
   endloop
 endfacet
 facet normal  0.000000e+00  0.000000e+00 -1.000000e+00
   outer loop
     vertex  5.162453e+01  4.149958e+01  4.100008e+00
     vertex  6.915100e+01  5.020200e+01  4.100008e+00
     vertex  6.588900e+01  4.619700e+01  4.100008e+00
   endloop
 endfacet
 facet normal  0.000000e+00  0.000000e+00 -1.000000e+00
   outer loop
     vertex  1.690297e+01  9.884227e+00  4.100008e+00
     vertex  3.599000e+01  4.970000e+00  4.100008e+00
     vertex  3.599000e+01  2.090000e+00  4.100008e+00
   endloop
 endfacet
 facet normal  0.000000e+00  0.000000e+00 -1.000000e+00
   outer loop
     vertex -1.059995e-01 -5.500127e-02  4.100008e+00
     vertex  1.690297e+01  9.884227e+00  4.100008e+00
     vertex  3.599000e+01  2.090000e+00  4.100008e+00
   endloop
 endfacet
 facet normal  0.000000e+00  0.000000e+00 -1.000000e+00
   outer loop
     vertex  4.668212e+00  3.170910e+01  4.100008e+00
     vertex  1.690297e+01  4.149958e+01  4.100008e+00
     vertex  1.690297e+01  9.884227e+00  4.100008e+00
   endloop
 endfacet
 facet normal  0.000000e+00  0.000000e+00 -1.000000e+00
   outer loop
     vertex -1.059995e-01  3.170910e+01  4.100008e+00
     vertex  4.668212e+00  3.170910e+01  4.100008e+00
     vertex  1.690297e+01  9.884227e+00  4.100008e+00
   endloop
 endfacet
 facet normal  0.000000e+00  0.000000e+00 -1.000000e+00
   outer loop
     vertex -1.059995e-01  3.170910e+01  4.100008e+00
     vertex  1.690297e+01  9.884227e+00  4.100008e+00
     vertex -1.059995e-01 -5.500127e-02  4.100008e+00
   endloop
 endfacet
 facet normal  0.000000e+00  0.000000e+00 -1.000000e+00
   outer loop
     vertex  4.668212e+00  4.889191e+01  4.100008e+00
     vertex  1.690297e+01  4.149958e+01  4.100008e+00
     vertex  4.668212e+00  3.170910e+01  4.100008e+00
   endloop
 endfacet
 facet normal  0.000000e+00  0.000000e+00 -1.000000e+00
   outer loop
     vertex -1.059995e-01  5.020200e+01  4.100008e+00
     vertex  4.668212e+00  4.889191e+01  4.100008e+00
     vertex -1.059995e-01  4.889191e+01  4.100008e+00
   endloop
 endfacet
 facet normal  0.000000e+00  0.000000e+00 -1.000000e+00
   outer loop
     vertex -1.059995e-01  5.020200e+01  4.100008e+00
     vertex  6.915100e+01  5.020200e+01  4.100008e+00
     vertex  4.668212e+00  4.889191e+01  4.100008e+00
   endloop
 endfacet
 facet normal  0.000000e+00  0.000000e+00 -1.000000e+00
   outer loop
     vertex  4.668212e+00  4.889191e+01  4.100008e+00
     vertex  6.915100e+01  5.020200e+01  4.100008e+00
     vertex  1.690297e+01  4.149958e+01  4.100008e+00
   endloop
 endfacet
 facet normal  0.000000e+00  0.000000e+00 -1.000000e+00
   outer loop
     vertex  1.690297e+01  4.149958e+01  4.100008e+00
     vertex  6.915100e+01  5.020200e+01  4.100008e+00
     vertex  5.162453e+01  4.149958e+01  4.100008e+00
   endloop
 endfacet
 facet normal  0.000000e+00  0.000000e+00 -1.000000e+00
   outer loop
     vertex  6.945314e+01 -5.500127e-02  4.100008e+00
     vertex -1.059995e-01 -5.500127e-02  4.100008e+00
     vertex  3.599000e+01  2.090000e+00  4.100008e+00
   endloop
 endfacet
 facet normal  0.000000e+00  0.000000e+00 -1.000000e+00
   outer loop
     vertex  1.690297e+01  9.884227e+00  4.100008e+00
     vertex  5.162453e+01  9.884227e+00  4.100008e+00
     vertex  3.599000e+01  4.970000e+00  4.100008e+00
   endloop
 endfacet
 facet normal  0.000000e+00  0.000000e+00  1.000000e+00
   outer loop
     vertex  7.019264e+01  4.619700e+01  1.000003e+00
     vertex  6.915100e+01  4.007412e+00  1.000003e+00
     vertex  7.019264e+01  4.007412e+00  1.000003e+00
   endloop
 endfacet
 facet normal -0.000000e+00  0.000000e+00  1.000000e+00
   outer loop
     vertex  6.915100e+01  4.619700e+01  1.000003e+00
     vertex  6.915100e+01  4.007412e+00  1.000003e+00
     vertex  7.019264e+01  4.619700e+01  1.000003e+00
   endloop
 endfacet
 facet normal  1.000000e+00  0.000000e+00  0.000000e+00
   outer loop
     vertex  6.588900e+01  4.619700e+01  5.600010e+00
     vertex  6.588900e+01  4.007412e+00  5.600010e+00
     vertex  6.588900e+01  4.007412e+00  4.100008e+00
   endloop
 endfacet
 facet normal  1.000000e+00  0.000000e+00 -0.000000e+00
   outer loop
     vertex  6.588900e+01  4.619700e+01  4.100008e+00
     vertex  6.588900e+01  4.619700e+01  5.600010e+00
     vertex  6.588900e+01  4.007412e+00  4.100008e+00
   endloop
 endfacet
 facet normal -1.000000e+00  0.000000e+00  0.000000e+00
   outer loop
     vertex  4.668212e+00  3.170910e+01  4.100008e+00
     vertex  4.668212e+00  4.889191e+01  5.600010e+00
     vertex  4.668212e+00  4.889191e+01  4.100008e+00
   endloop
 endfacet
 facet normal -1.000000e+00  0.000000e+00  0.000000e+00
   outer loop
     vertex  4.668212e+00  3.170910e+01  4.100008e+00
     vertex  4.668212e+00  3.170910e+01  5.600010e+00
     vertex  4.668212e+00  4.889191e+01  5.600010e+00
   endloop
 endfacet
 facet normal  1.000000e+00  0.000000e+00  0.000000e+00
   outer loop
     vertex  3.599000e+01  4.970000e+00  4.100008e+00
     vertex  3.599000e+01  2.090000e+00  5.600010e+00
     vertex  3.599000e+01  2.090000e+00  4.100008e+00
   endloop
 endfacet
 facet normal  1.000000e+00  0.000000e+00 -0.000000e+00
   outer loop
     vertex  3.599000e+01  4.970000e+00  4.100008e+00
     vertex  3.599000e+01  4.970000e+00  5.600010e+00
     vertex  3.599000e+01  2.090000e+00  5.600010e+00
   endloop
 endfacet
 facet normal  0.000000e+00  1.000000e+00  0.000000e+00
   outer loop
     vertex  3.599000e+01  2.090000e+00  4.100008e+00
     vertex  5.195000e+01  2.090000e+00  5.600010e+00
     vertex  5.195000e+01  2.090000e+00  4.100008e+00
   endloop
 endfacet
 facet normal  0.000000e+00  1.000000e+00  0.000000e+00
   outer loop
     vertex  3.599000e+01  2.090000e+00  4.100008e+00
     vertex  3.599000e+01  2.090000e+00  5.600010e+00
     vertex  5.195000e+01  2.090000e+00  5.600010e+00
   endloop
 endfacet
 facet normal  0.000000e+00 -1.000000e+00  0.000000e+00
   outer loop
     vertex  5.195000e+01  4.970000e+00  4.100008e+00
     vertex  3.599000e+01  4.970000e+00  5.600010e+00
     vertex  3.599000e+01  4.970000e+00  4.100008e+00
   endloop
 endfacet
 facet normal  0.000000e+00 -1.000000e+00  0.000000e+00
   outer loop
     vertex  5.195000e+01  4.970000e+00  4.100008e+00
     vertex  5.195000e+01  4.970000e+00  5.600010e+00
     vertex  3.599000e+01  4.970000e+00  5.600010e+00
   endloop
 endfacet
 facet normal -1.000000e+00  0.000000e+00  0.000000e+00
   outer loop
     vertex  5.195000e+01  2.090000e+00  4.100008e+00
     vertex  5.195000e+01  4.970000e+00  5.600010e+00
     vertex  5.195000e+01  4.970000e+00  4.100008e+00
   endloop
 endfacet
 facet normal -1.000000e+00  0.000000e+00  0.000000e+00
   outer loop
     vertex  5.195000e+01  2.090000e+00  4.100008e+00
     vertex  5.195000e+01  2.090000e+00  5.600010e+00
     vertex  5.195000e+01  4.970000e+00  5.600010e+00
   endloop
 endfacet
 facet normal  1.000000e+00  0.000000e+00  0.000000e+00
   outer loop
     vertex  1.690297e+01  4.149958e+01  4.100008e+00
     vertex  1.690297e+01  9.884227e+00  5.600010e+00
     vertex  1.690297e+01  9.884227e+00  4.100008e+00
   endloop
 endfacet
 facet normal  1.000000e+00  0.000000e+00 -0.000000e+00
   outer loop
     vertex  1.690297e+01  4.149958e+01  4.100008e+00
     vertex  1.690297e+01  4.149958e+01  5.600010e+00
     vertex  1.690297e+01  9.884227e+00  5.600010e+00
   endloop
 endfacet
 facet normal  0.000000e+00  1.000000e+00  0.000000e+00
   outer loop
     vertex  1.690297e+01  9.884227e+00  4.100008e+00
     vertex  5.162453e+01  9.884227e+00  5.600010e+00
     vertex  5.162453e+01  9.884227e+00  4.100008e+00
   endloop
 endfacet
 facet normal  0.000000e+00  1.000000e+00  0.000000e+00
   outer loop
     vertex  1.690297e+01  9.884227e+00  4.100008e+00
     vertex  1.690297e+01  9.884227e+00  5.600010e+00
     vertex  5.162453e+01  9.884227e+00  5.600010e+00
   endloop
 endfacet
 facet normal  0.000000e+00 -1.000000e+00  0.000000e+00
   outer loop
     vertex  5.162453e+01  4.149958e+01  4.100008e+00
     vertex  1.690297e+01  4.149958e+01  5.600010e+00
     vertex  1.690297e+01  4.149958e+01  4.100008e+00
   endloop
 endfacet
 facet normal  0.000000e+00 -1.000000e+00  0.000000e+00
   outer loop
     vertex  5.162453e+01  4.149958e+01  4.100008e+00
     vertex  5.162453e+01  4.149958e+01  5.600010e+00
     vertex  1.690297e+01  4.149958e+01  5.600010e+00
   endloop
 endfacet
 facet normal -1.000000e+00  0.000000e+00  0.000000e+00
   outer loop
     vertex  5.162453e+01  9.884227e+00  4.100008e+00
     vertex  5.162453e+01  4.149958e+01  5.600010e+00
     vertex  5.162453e+01  4.149958e+01  4.100008e+00
   endloop
 endfacet
 facet normal -1.000000e+00  0.000000e+00  0.000000e+00
   outer loop
     vertex  5.162453e+01  9.884227e+00  4.100008e+00
     vertex  5.162453e+01  9.884227e+00  5.600010e+00
     vertex  5.162453e+01  4.149958e+01  5.600010e+00
   endloop
 endfacet
endsolid
